OG	Median OG length (bp)	Proportion contexts near scaffold edge	Number of genomes with OG	Number of instances	Context variability score	Context variability score - complete contexts	Context entropy score	Context entropy score - complete contexts	Number of distinct neighbor OGs	Number of distinct OGs from complete contexts	Avg. number of distinct neighbor OGs	Avg. number of distinct neighbor OGs from complete contexts	description 	cog
OG0004431	424.5	1	2	2	1	NA	0.69	NA	2	0	2	2	Aminoglycoside-2''-adenylyltransferase	J
OG0004753	201	0	2	2	1	1	0.69	0.69	2	2	2	2	#N/A	#N/A
OG0005120	201	1	1	1	1	NA	0.69	NA	2	0	2	2	#N/A	#N/A
OG0005349	321	1	1	1	1	NA	0.69	NA	2	0	2	2	Putative membrane protein	S
OG0005351	159	1	1	1	1	NA	0.69	NA	2	0	2	2	NUDIX domain	F
OG0005352	195	1	1	1	1	NA	0.69	NA	2	0	2	2	-	-
OG0005353	180	1	1	1	1	NA	0.69	NA	2	0	2	2	CHAP domain	M
OG0005358	132	1	1	1	1	NA	0.69	NA	2	0	2	2	#N/A	#N/A
OG0005359	240	1	1	1	1	NA	0.69	NA	2	0	2	2	Trp repressor protein	S
OG0005360	246	1	1	1	1	NA	0.69	NA	2	0	2	2	purine ribonucleoside salvage	F
OG0005361	120	1	1	1	1	NA	0.69	NA	2	0	2	2	Protein of unknown function (DUF3219)	S
OG0005364	78	1	1	1	1	NA	0.69	NA	2	0	2	2	#N/A	#N/A
OG0005365	228	1	1	1	1	NA	0.69	NA	2	0	2	2	malate quinone oxidoreductase	S
OG0005367	87	1	1	1	1	NA	0.69	NA	2	0	2	2	#N/A	#N/A
OG0005372	96	1	1	1	1	NA	0.69	NA	2	0	2	2	#N/A	#N/A
OG0005373	156	1	1	1	1	NA	0.69	NA	2	0	2	2	#N/A	#N/A
OG0005376	405	1	1	1	1	NA	0.69	NA	2	0	2	2	-	-
OG0005383	420	1	1	1	1	NA	0.69	NA	2	0	2	2	OsmC-like protein	O
OG0005384	189	1	1	1	1	NA	0.69	NA	2	0	2	2	#N/A	#N/A
OG0005387	318	1	1	1	1	NA	0.69	NA	2	0	2	2	#N/A	#N/A
OG0005388	333	1	1	1	1	NA	0.69	NA	2	0	2	2	Cytochrome c oxidase caa3 assembly factor (Caa3_CtaG)	S
OG0005390	234	1	1	1	1	NA	0.69	NA	2	0	2	2	Nucleoside 2-deoxyribosyltransferase	S
OG0005391	288	1	1	1	1	NA	0.69	NA	2	0	2	2	Transcriptional regulator CtsR	K
OG0005392	78	1	1	1	1	NA	0.69	NA	2	0	2	2	#N/A	#N/A
OG0005393	279	1	1	1	1	NA	0.69	NA	2	0	2	2	-	-
OG0005394	339	1	1	1	1	NA	0.69	NA	2	0	2	2	#N/A	#N/A
OG0005399	198	1	1	1	1	NA	0.69	NA	2	0	2	2	this subunit has chaperone activity. The binding of ATP and its subsequent hydrolysis by HslU are essential for unfolding of protein substrates subsequently hydrolyzed by HslV. HslU recognizes the N-terminal part of its protein substrates and unfolds these before they are guided to HslV for hydrolysis	O
OG0005400	168	1	1	1	1	NA	0.69	NA	2	0	2	2	#N/A	#N/A
OG0005401	453	1	1	1	1	NA	0.69	NA	2	0	2	2	#N/A	#N/A
OG0005402	387	1	1	1	1	NA	0.69	NA	2	0	2	2	#N/A	#N/A
OG0005403	324	1	1	1	1	NA	0.69	NA	2	0	2	2	-	-
OG0005404	393	1	1	1	1	NA	0.69	NA	2	0	2	2	-	-
OG0005405	174	1	1	1	1	NA	0.69	NA	2	0	2	2	glutaryl-CoA dehydrogenase activity	I
OG0005406	120	1	1	1	1	NA	0.69	NA	2	0	2	2	#N/A	#N/A
OG0005407	126	1	1	1	1	NA	0.69	NA	2	0	2	2	"Catalyzes the conversion of (8S)-3',8-cyclo-7,8- dihydroguanosine 5'-triphosphate to cyclic pyranopterin monophosphate (cPMP)"	H
OG0005408	192	1	1	1	1	NA	0.69	NA	2	0	2	2	Peptidase family U32 C-terminal domain	O
OG0005409	297	1	1	1	1	NA	0.69	NA	2	0	2	2	Sodium:neurotransmitter symporter family	S
OG0005410	69	1	1	1	1	NA	0.69	NA	2	0	2	2	#N/A	#N/A
OG0005412	168	1	1	1	1	NA	0.69	NA	2	0	2	2	#N/A	#N/A
OG0005413	183	1	1	1	1	NA	0.69	NA	2	0	2	2	#N/A	#N/A
OG0005417	75	1	1	1	1	NA	0.69	NA	2	0	2	2	#N/A	#N/A
OG0005418	93	1	1	1	1	NA	0.69	NA	2	0	2	2	#N/A	#N/A
OG0005419	225	1	1	1	1	NA	0.69	NA	2	0	2	2	Major Facilitator Superfamily	P
OG0005426	156	1	1	1	1	NA	0.69	NA	2	0	2	2	Beta-lactamase enzyme family	V
OG0005428	159	1	1	1	1	NA	0.69	NA	2	0	2	2	#N/A	#N/A
OG0005429	288	1	1	1	1	NA	0.69	NA	2	0	2	2	TRSP domain C terminus to PRTase_2	F
OG0005430	264	1	1	1	1	NA	0.69	NA	2	0	2	2	"first, biotin carboxylase catalyzes the carboxylation of the carrier protein and then the transcarboxylase transfers the carboxyl group to form malonyl-CoA"	I
OG0005431	105	1	1	1	1	NA	0.69	NA	2	0	2	2	#N/A	#N/A
OG0005434	93	1	1	1	1	NA	0.69	NA	2	0	2	2	#N/A	#N/A
OG0005440	207	1	1	1	1	NA	0.69	NA	2	0	2	2	Protein of unknown function (DUF2768)	S
OG0005442	240	1	1	1	1	NA	0.69	NA	2	0	2	2	"Binds 16S rRNA, required for the assembly of 30S particles and may also be responsible for determining the conformation of the 16S rRNA at the A site"	J
OG0005443	420	1	1	1	1	NA	0.69	NA	2	0	2	2	Sodium:neurotransmitter symporter family	S
OG0005444	60	1	1	1	1	NA	0.69	NA	2	0	2	2	#N/A	#N/A
OG0005501	159	1	1	1	1	NA	0.69	NA	2	0	2	2	Thiol disulfide interchange protein	O
OG0005502	216	1	1	1	1	NA	0.69	NA	2	0	2	2	Cytochrome c	C
OG0005504	237	1	1	1	1	NA	0.69	NA	2	0	2	2	#N/A	#N/A
OG0005505	483	1	1	1	1	NA	0.69	NA	2	0	2	2	Domain of unknown function (DUF4785)	S
OG0005510	672	1	1	1	1	NA	0.69	NA	2	0	2	2	transposase activity	L
OG0005511	135	1	1	1	1	NA	0.69	NA	2	0	2	2	#N/A	#N/A
OG0005515	87	1	1	1	1	NA	0.69	NA	2	0	2	2	#N/A	#N/A
OG0005516	381	1	1	1	1	NA	0.69	NA	2	0	2	2	The transhydrogenation between NADH and NADP is coupled to respiration and ATP hydrolysis and functions as a proton pump across the membrane	C
OG0005543	228	1	1	1	1	NA	0.69	NA	2	0	2	2	Plasmid protein of unknown function (Plasmid_RAQPRD)	S
OG0005544	234	1	1	1	1	NA	0.69	NA	2	0	2	2	-	-
OG0005552	180	1	1	1	1	NA	0.69	NA	2	0	2	2	#N/A	#N/A
OG0005553	234	1	1	1	1	NA	0.69	NA	2	0	2	2	Predicted integral membrane protein (DUF2282)	S
OG0005556	228	1	1	1	1	NA	0.69	NA	2	0	2	2	Sulfite exporter TauE/SafE	S
OG0005561	297	1	1	1	1	NA	0.69	NA	2	0	2	2	Probably plays a role in a hydrogenase nickel cofactor insertion step	S
OG0005562	558	1	1	1	1	NA	0.69	NA	2	0	2	2	"CobW/HypB/UreG, nucleotide-binding domain"	KO
OG0005671	354	1	1	1	1	NA	0.69	NA	2	0	2	2	#N/A	#N/A
OG0005856	261	1	1	1	1	NA	0.69	NA	2	0	2	2	#N/A	#N/A
OG0005861	411	1	1	1	1	NA	0.69	NA	2	0	2	2	#N/A	#N/A
OG0005867	396	1	1	1	1	NA	0.69	NA	2	0	2	2	#N/A	#N/A
OG0005992	150	1	1	1	1	NA	0.69	NA	2	0	2	2	#N/A	#N/A
OG0007503	150	1	1	1	1	NA	0.69	NA	2	0	2	2	#N/A	#N/A
OG0007504	330	1	1	1	1	NA	0.69	NA	2	0	2	2	#N/A	#N/A
OG0007512	561	1	1	1	1	NA	0.69	NA	2	0	2	2	#N/A	#N/A
OG0007533	174	1	1	1	1	NA	0.69	NA	2	0	2	2	#N/A	#N/A
OG0007745	348	1	1	1	1	NA	0.69	NA	2	0	2	2	-	-
OG0004723	231	1	1	2	0.83	NA	1.05	NA	3	0	2.5	2.5	#N/A	#N/A
OG0005018	84	1	1	1	1	NA	1.1	NA	3	0	3	3	#N/A	#N/A
OG0005350	117	1	1	1	1	NA	1.1	NA	3	0	3	3	#N/A	#N/A
OG0005357	60	1	1	1	1	NA	1.1	NA	3	0	3	3	#N/A	#N/A
OG0005368	81	1	1	1	1	NA	1.1	NA	3	0	3	3	#N/A	#N/A
OG0005377	144	1	1	1	1	NA	1.1	NA	3	0	3	3	#N/A	#N/A
OG0005389	99	1	1	1	1	NA	1.1	NA	3	0	3	3	#N/A	#N/A
OG0005416	120	1	1	1	1	NA	1.1	NA	3	0	3	3	#N/A	#N/A
OG0005427	168	1	1	1	1	NA	1.1	NA	3	0	3	3	#N/A	#N/A
OG0005435	420	1	1	1	1	NA	1.1	NA	3	0	3	3	Belongs to the UPF0348 family	S
OG0005439	285	1	1	1	1	NA	1.1	NA	3	0	3	3	-	-
OG0005441	225	1	1	1	1	NA	1.1	NA	3	0	3	3	Glycerol-3-phosphate dehydrogenase	I
OG0005862	375	1	1	1	1	NA	1.1	NA	3	0	3	3	#N/A	#N/A
OG0005863	417	1	1	1	1	NA	1.1	NA	3	0	3	3	#N/A	#N/A
OG0007434	1383	0	1	1	1	1	1.1	1.1	3	3	3	3	#N/A	#N/A
OG0007497	135	1	1	1	1	NA	1.1	NA	3	0	3	3	#N/A	#N/A
OG0007498	216	1	1	1	1	NA	1.1	NA	3	0	3	3	#N/A	#N/A
OG0004475	367.5	1	2	2	0.62	NA	1.33	NA	4	0	2.5	2.5	#N/A	#N/A
OG0005184	219	1	1	1	1	NA	1.39	NA	4	0	4	4	#N/A	#N/A
OG0005362	216	1	1	1	1	NA	1.39	NA	4	0	4	4	#N/A	#N/A
OG0005363	150	1	1	1	1	NA	1.39	NA	4	0	4	4	#N/A	#N/A
OG0005414	324	1	1	1	1	NA	1.39	NA	4	0	4	4	#N/A	#N/A
OG0005420	183	1	1	1	1	NA	1.39	NA	4	0	4	4	#N/A	#N/A
OG0005421	213	1	1	1	1	NA	1.39	NA	4	0	4	4	#N/A	#N/A
OG0005951	201	0	1	1	1	1	1.39	1.39	4	4	4	4	#N/A	#N/A
OG0007496	150	1	1	1	1	NA	1.39	NA	4	0	4	4	#N/A	#N/A
OG0007744	411	1	1	1	1	NA	1.39	NA	4	0	4	4	Transposase	Q
OG0007746	129	1	1	1	1	NA	1.39	NA	4	0	4	4	#N/A	#N/A
OG0007747	288	1	1	1	1	NA	1.39	NA	4	0	4	4	"DEAD-box RNA helicase possibly involved in RNA degradation. Unwinds dsRNA in both 5'- and 3'-directions, has RNA- dependent ATPase activity"	JKL
OG0007748	246	1	1	1	1	NA	1.39	NA	4	0	4	4	#N/A	#N/A
OG0007749	186	1	1	1	1	NA	1.39	NA	4	0	4	4	#N/A	#N/A
OG0004893	117	1	1	1	1	NA	1.61	NA	5	0	5	5	#N/A	#N/A
OG0005185	219	1	1	1	1	NA	1.61	NA	5	0	5	5	#N/A	#N/A
OG0007021	252	0	1	1	1	1	1.61	1.61	5	5	5	5	#N/A	#N/A
OG0007175	159	1	1	1	1	NA	1.61	NA	5	0	5	5	#N/A	#N/A
OG0007532	195	1	1	1	1	NA	1.61	NA	5	0	5	5	#N/A	#N/A
OG0007743	102	1	1	1	1	NA	1.61	NA	5	0	5	5	#N/A	#N/A
OG0007750	174	1	1	1	1	NA	1.61	NA	5	0	5	5	#N/A	#N/A
OG0008141	165	1	1	1	1	NA	1.61	NA	5	0	5	5	#N/A	#N/A
OG0003974	159	1	1	3	0.45	NA	1.67	NA	6	0	2.67	2.67	#N/A	#N/A
OG0005015	522	1	1	1	1	NA	1.79	NA	6	0	6	6	#N/A	#N/A
OG0005016	168	1	1	1	1	NA	1.79	NA	6	0	6	6	#N/A	#N/A
OG0005017	354	1	1	1	1	NA	1.79	NA	6	0	6	6	MazG nucleotide pyrophosphohydrolase domain protein	S
OG0007019	177	0	1	1	1	1	1.79	1.79	6	6	6	6	#N/A	#N/A
OG0007020	186	0	1	1	1	1	1.79	1.79	6	6	6	6	#N/A	#N/A
OG0008103	270	1	1	1	1	NA	1.79	NA	6	0	6	6	#N/A	#N/A
OG0005014	339	1	1	1	1	NA	1.95	NA	7	0	7	7	Bacterial mobilisation protein (MobC)	S
OG0005215	135	0	1	1	1	1	1.95	1.95	7	7	7	7	#N/A	#N/A
OG0005599	735	0	1	1	1	1	1.95	1.95	7	7	7	7	#N/A	#N/A
OG0005616	603	0	1	1	1	1	1.95	1.95	7	7	7	7	#N/A	#N/A
OG0005939	264	1	1	1	1	NA	1.95	NA	7	0	7	7	#N/A	#N/A
OG0007465	6888	0	1	1	1	1	1.95	1.95	7	7	7	7	#N/A	#N/A
OG0007510	177	1	1	1	1	NA	1.95	NA	7	0	7	7	#N/A	#N/A
OG0007764	93	1	1	1	1	NA	1.95	NA	7	0	7	7	#N/A	#N/A
OG0005172	1215	1	1	1	1	NA	2.08	NA	8	0	8	8	#N/A	#N/A
OG0005173	159	1	1	1	1	NA	2.08	NA	8	0	8	8	#N/A	#N/A
OG0005425	498	1	1	1	1	NA	2.08	NA	8	0	8	8	#N/A	#N/A
OG0005438	462	1	1	1	1	NA	2.08	NA	8	0	8	8	#N/A	#N/A
OG0007176	6756	1	1	1	1	NA	2.08	NA	8	0	8	8	#N/A	#N/A
OG0007438	1617	0	1	1	1	1	2.08	2.08	8	8	8	8	#N/A	#N/A
OG0007737	1380	1	1	1	1	NA	2.08	NA	8	0	8	8	#N/A	#N/A
OG0007741	627	1	1	1	1	NA	2.08	NA	8	0	8	8	Caulimovirus viroplasmin	L
OG0007742	96	1	1	1	1	NA	2.08	NA	8	0	8	8	#N/A	#N/A
OG0007921	105	1	1	1	1	NA	2.08	NA	8	0	8	8	#N/A	#N/A
OG0008039	210	1	1	1	1	NA	2.08	NA	8	0	8	8	#N/A	#N/A
OG0008109	165	1	1	1	1	NA	2.08	NA	8	0	8	8	#N/A	#N/A
OG0004388	198	0	2	2	0.78	0.78	2.14	2.14	9	9	7	7	#N/A	#N/A
OG0004079	930	1	1	3	0.37	NA	2.16	NA	9	0	3.33	3.33	#N/A	#N/A
OG0005006	96	1	1	1	1	NA	2.2	NA	9	0	9	9	#N/A	#N/A
OG0005122	372	1	1	1	1	NA	2.2	NA	9	0	9	9	#N/A	#N/A
OG0005183	7620	1	1	1	1	NA	2.2	NA	9	0	9	9	#N/A	#N/A
OG0005356	264	1	1	1	1	NA	2.2	NA	9	0	9	9	#N/A	#N/A
OG0005424	186	1	1	1	1	NA	2.2	NA	9	0	9	9	#N/A	#N/A
OG0006011	105	1	1	1	1	NA	2.2	NA	9	0	9	9	#N/A	#N/A
OG0006956	1560	1	1	1	1	NA	2.2	NA	9	0	9	9	#N/A	#N/A
OG0007173	315	0	1	1	1	1	2.2	2.2	9	9	9	9	#N/A	#N/A
OG0007303	189	0	1	1	1	1	2.2	2.2	9	9	9	9	#N/A	#N/A
OG0007363	465	0	1	1	1	1	2.2	2.2	9	9	9	9	#N/A	#N/A
OG0007369	576	0	1	1	1	1	2.2	2.2	9	9	9	9	#N/A	#N/A
OG0007370	465	0	1	1	1	1	2.2	2.2	9	9	9	9	#N/A	#N/A
OG0007441	996	0	1	1	1	1	2.2	2.2	9	9	9	9	#N/A	#N/A
OG0007501	480	1	1	1	1	NA	2.2	NA	9	0	9	9	#N/A	#N/A
OG0007502	423	1	1	1	1	NA	2.2	NA	9	0	9	9	#N/A	#N/A
OG0007521	81	1	1	1	1	NA	2.2	NA	9	0	9	9	#N/A	#N/A
OG0007523	717	1	1	1	1	NA	2.2	NA	9	0	9	9	#N/A	#N/A
OG0007524	270	1	1	1	1	NA	2.2	NA	9	0	9	9	#N/A	#N/A
OG0007739	78	1	1	1	1	NA	2.2	NA	9	0	9	9	#N/A	#N/A
OG0007988	342	1	1	1	1	NA	2.2	NA	9	0	9	9	#N/A	#N/A
OG0007989	600	1	1	1	1	NA	2.2	NA	9	0	9	9	#N/A	#N/A
OG0007990	882	1	1	1	1	NA	2.2	NA	9	0	9	9	Protein conserved in bacteria	S
OG0008037	1152	1	1	1	1	NA	2.2	NA	9	0	9	9	#N/A	#N/A
OG0008038	399	1	1	1	1	NA	2.2	NA	9	0	9	9	#N/A	#N/A
OG0008159	651	0	1	1	1	1	2.2	2.2	9	9	9	9	#N/A	#N/A
OG0008160	132	0	1	1	1	1	2.2	2.2	9	9	9	9	#N/A	#N/A
OG0008161	831	0	1	1	1	1	2.2	2.2	9	9	9	9	#N/A	#N/A
OG0008230	111	1	1	1	1	NA	2.2	NA	9	0	9	9	#N/A	#N/A
OG0003804	648	1	3	3	0.5	NA	2.21	NA	10	0	5	5	This enzyme is an effector of chloramphenicol resistance in bacteria	V
OG0003243	2082	0	6	6	0.74	0.74	2.25	2.25	11	11	8.17	8.17	Phage tail protein	S
OG0005007	471	1	1	1	1	NA	2.3	NA	10	0	10	10	EcoEI R protein C-terminal	L
OG0005029	63	1	1	1	1	NA	2.3	NA	10	0	10	10	#N/A	#N/A
OG0005034	246	0	1	1	1	1	2.3	2.3	10	10	10	10	#N/A	#N/A
OG0005103	264	1	1	1	1	NA	2.3	NA	10	0	10	10	#N/A	#N/A
OG0005140	636	1	1	1	1	NA	2.3	NA	10	0	10	10	-	-
OG0005209	687	1	1	1	1	NA	2.3	NA	10	0	10	10	#N/A	#N/A
OG0005848	183	1	1	1	1	NA	2.3	NA	10	0	10	10	#N/A	#N/A
OG0005849	600	1	1	1	1	NA	2.3	NA	10	0	10	10	#N/A	#N/A
OG0005850	402	1	1	1	1	NA	2.3	NA	10	0	10	10	#N/A	#N/A
OG0005851	1458	1	1	1	1	NA	2.3	NA	10	0	10	10	DNA primase small subunit	L
OG0005852	231	1	1	1	1	NA	2.3	NA	10	0	10	10	#N/A	#N/A
OG0005853	231	1	1	1	1	NA	2.3	NA	10	0	10	10	#N/A	#N/A
OG0005993	930	0	1	1	1	1	2.3	2.3	10	10	10	10	#N/A	#N/A
OG0005995	441	1	1	1	1	NA	2.3	NA	10	0	10	10	#N/A	#N/A
OG0005996	162	1	1	1	1	NA	2.3	NA	10	0	10	10	#N/A	#N/A
OG0006852	1134	1	1	1	1	NA	2.3	NA	10	0	10	10	T5orf172	P
OG0007114	726	0	1	1	1	1	2.3	2.3	10	10	10	10	#N/A	#N/A
OG0007129	351	0	1	1	1	1	2.3	2.3	10	10	10	10	#N/A	#N/A
OG0007174	4857	1	1	1	1	NA	2.3	NA	10	0	10	10	#N/A	#N/A
OG0007236	5247	0	1	1	1	1	2.3	2.3	10	10	10	10	#N/A	#N/A
OG0007433	26898	0	1	1	1	1	2.3	2.3	10	10	10	10	#N/A	#N/A
OG0007499	102	1	1	1	1	NA	2.3	NA	10	0	10	10	#N/A	#N/A
OG0007500	351	1	1	1	1	NA	2.3	NA	10	0	10	10	Fic/DOC family	D
OG0007520	861	1	1	1	1	NA	2.3	NA	10	0	10	10	#N/A	#N/A
OG0007525	207	1	1	1	1	NA	2.3	NA	10	0	10	10	#N/A	#N/A
OG0007530	144	1	1	1	1	NA	2.3	NA	10	0	10	10	#N/A	#N/A
OG0007536	186	1	1	1	1	NA	2.3	NA	10	0	10	10	#N/A	#N/A
OG0007544	225	1	1	1	1	NA	2.3	NA	10	0	10	10	#N/A	#N/A
OG0007651	102	1	1	1	1	NA	2.3	NA	10	0	10	10	#N/A	#N/A
OG0007713	192	0	1	1	1	1	2.3	2.3	10	10	10	10	#N/A	#N/A
OG0007724	252	0	1	1	1	1	2.3	2.3	10	10	10	10	#N/A	#N/A
OG0007730	255	1	1	1	1	NA	2.3	NA	10	0	10	10	#N/A	#N/A
OG0007740	132	1	1	1	1	NA	2.3	NA	10	0	10	10	#N/A	#N/A
OG0007771	258	1	1	1	1	NA	2.3	NA	10	0	10	10	#N/A	#N/A
OG0007800	231	1	1	1	1	NA	2.3	NA	10	0	10	10	#N/A	#N/A
OG0007987	201	1	1	1	1	NA	2.3	NA	10	0	10	10	#N/A	#N/A
OG0008093	189	1	1	1	1	NA	2.3	NA	10	0	10	10	#N/A	#N/A
OG0008156	498	0	1	1	1	1	2.3	2.3	10	10	10	10	#N/A	#N/A
OG0008162	228	0	1	1	1	1	2.3	2.3	10	10	10	10	#N/A	#N/A
OG0004722	865.5	1	1	2	0.95	NA	2.38	NA	11	0	10.5	10.5	#N/A	#N/A
OG0004014	183	1	1	3	0.97	NA	2.39	NA	11	0	10.67	10.67	#N/A	#N/A
OG0004891	489	1	1	1	1	NA	2.4	NA	11	0	11	11	#N/A	#N/A
OG0004915	189	0	1	1	1	1	2.4	2.4	11	11	11	11	#N/A	#N/A
OG0005188	138	1	1	1	1	NA	2.4	NA	11	0	11	11	#N/A	#N/A
OG0005216	525	0	1	1	1	1	2.4	2.4	11	11	11	11	#N/A	#N/A
OG0005269	93	1	1	1	1	NA	2.4	NA	11	0	11	11	#N/A	#N/A
OG0005432	243	1	1	1	1	NA	2.4	NA	11	0	11	11	reductase	IQ
OG0005821	105	1	1	1	1	NA	2.4	NA	11	0	11	11	#N/A	#N/A
OG0005937	111	0	1	1	1	1	2.4	2.4	11	11	11	11	#N/A	#N/A
OG0006809	477	0	1	1	1	1	2.4	2.4	11	11	11	11	#N/A	#N/A
OG0006810	969	0	1	1	1	1	2.4	2.4	11	11	11	11	#N/A	#N/A
OG0006880	387	1	1	1	1	NA	2.4	NA	11	0	11	11	Is required not only for elongation of protein synthesis but also for the initiation of all mRNA translation through initiator tRNA(fMet) aminoacylation	J
OG0006881	273	1	1	1	1	NA	2.4	NA	11	0	11	11	Is required not only for elongation of protein synthesis but also for the initiation of all mRNA translation through initiator tRNA(fMet) aminoacylation	J
OG0006978	105	0	1	1	1	1	2.4	2.4	11	11	11	11	#N/A	#N/A
OG0006999	156	0	1	1	1	1	2.4	2.4	11	11	11	11	#N/A	#N/A
OG0007068	393	1	1	1	1	NA	2.4	NA	11	0	11	11	chorismate mutase	E
OG0007304	1359	0	1	1	1	1	2.4	2.4	11	11	11	11	-	-
OG0007361	333	0	1	1	1	1	2.4	2.4	11	11	11	11	#N/A	#N/A
OG0007367	297	1	1	1	1	NA	2.4	NA	11	0	11	11	#N/A	#N/A
OG0007371	6357	0	1	1	1	1	2.4	2.4	11	11	11	11	#N/A	#N/A
OG0007372	90	0	1	1	1	1	2.4	2.4	11	11	11	11	#N/A	#N/A
OG0007466	243	0	1	1	1	1	2.4	2.4	11	11	11	11	#N/A	#N/A
OG0007467	468	0	1	1	1	1	2.4	2.4	11	11	11	11	#N/A	#N/A
OG0007658	126	0	1	1	1	1	2.4	2.4	11	11	11	11	#N/A	#N/A
OG0007738	342	1	1	1	1	NA	2.4	NA	11	0	11	11	#N/A	#N/A
OG0007795	555	1	1	1	1	NA	2.4	NA	11	0	11	11	#N/A	#N/A
OG0007796	258	1	1	1	1	NA	2.4	NA	11	0	11	11	#N/A	#N/A
OG0007799	141	1	1	1	1	NA	2.4	NA	11	0	11	11	#N/A	#N/A
OG0007930	141	1	1	1	1	NA	2.4	NA	11	0	11	11	#N/A	#N/A
OG0008033	324	1	1	1	1	NA	2.4	NA	11	0	11	11	#N/A	#N/A
OG0008034	264	1	1	1	1	NA	2.4	NA	11	0	11	11	#N/A	#N/A
OG0008036	2031	1	1	1	1	NA	2.4	NA	11	0	11	11	#N/A	#N/A
OG0008057	294	1	1	1	1	NA	2.4	NA	11	0	11	11	Zeta toxin	S
OG0008061	141	1	1	1	1	NA	2.4	NA	11	0	11	11	#N/A	#N/A
OG0008070	156	0	1	1	1	1	2.4	2.4	11	11	11	11	#N/A	#N/A
OG0008110	270	1	1	1	1	NA	2.4	NA	11	0	11	11	#N/A	#N/A
OG0008157	288	0	1	1	1	1	2.4	2.4	11	11	11	11	#N/A	#N/A
OG0008158	456	0	1	1	1	1	2.4	2.4	11	11	11	11	#N/A	#N/A
OG0008163	951	0	1	1	1	1	2.4	2.4	11	11	11	11	#N/A	#N/A
OG0008212	411	0	1	1	1	1	2.4	2.4	11	11	11	11	#N/A	#N/A
OG0004729	234	1	1	2	0.54	NA	2.46	NA	12	0	6.5	6.5	#N/A	#N/A
OG0004803	669	1	2	2	0.92	NA	2.46	NA	12	0	11	11	#N/A	#N/A
OG0004147	417	0	2	2	1	1	2.48	2.48	12	12	12	12	#N/A	#N/A
OG0004892	609	1	1	1	1	NA	2.48	NA	12	0	12	12	-	-
OG0004978	171	0	1	1	1	1	2.48	2.48	12	12	12	12	#N/A	#N/A
OG0004995	537	0	1	1	1	1	2.48	2.48	12	12	12	12	#N/A	#N/A
OG0005217	198	0	1	1	1	1	2.48	2.48	12	12	12	12	#N/A	#N/A
OG0005337	489	0	1	1	1	1	2.48	2.48	12	12	12	12	#N/A	#N/A
OG0005338	357	0	1	1	1	1	2.48	2.48	12	12	12	12	#N/A	#N/A
OG0005445	156	1	1	1	1	NA	2.48	NA	12	0	12	12	#N/A	#N/A
OG0005446	666	1	1	1	1	NA	2.48	NA	12	0	12	12	DUF218 domain	S
OG0005452	171	0	1	1	1	1	2.48	2.48	12	12	12	12	#N/A	#N/A
OG0005670	387	0	1	1	1	1	2.48	2.48	12	12	12	12	#N/A	#N/A
OG0006105	237	0	1	1	1	1	2.48	2.48	12	12	12	12	Glycosyl hydrolases family 25	M
OG0006807	540	0	1	1	1	1	2.48	2.48	12	12	12	12	#N/A	#N/A
OG0006851	1959	1	1	1	1	NA	2.48	NA	12	0	12	12	DEAD-like helicases superfamily	KL
OG0006882	96	0	1	1	1	1	2.48	2.48	12	12	12	12	#N/A	#N/A
OG0006948	93	0	1	1	1	1	2.48	2.48	12	12	12	12	#N/A	#N/A
OG0007008	102	0	1	1	1	1	2.48	2.48	12	12	12	12	#N/A	#N/A
OG0007195	105	0	1	1	1	1	2.48	2.48	12	12	12	12	#N/A	#N/A
OG0007258	1680	0	1	1	1	1	2.48	2.48	12	12	12	12	viral genome integration into host DNA	L
OG0007259	2343	0	1	1	1	1	2.48	2.48	12	12	12	12	-	-
OG0007260	1074	0	1	1	1	1	2.48	2.48	12	12	12	12	Belongs to the 'phage' integrase family	L
OG0007314	189	0	1	1	1	1	2.48	2.48	12	12	12	12	#N/A	#N/A
OG0007535	315	1	1	1	1	NA	2.48	NA	12	0	12	12	-	-
OG0007693	1767	0	1	1	1	1	2.48	2.48	12	12	12	12	#N/A	#N/A
OG0007695	306	0	1	1	1	1	2.48	2.48	12	12	12	12	#N/A	#N/A
OG0007700	192	0	1	1	1	1	2.48	2.48	12	12	12	12	alpha/beta hydrolase fold	S
OG0007706	123	0	1	1	1	1	2.48	2.48	12	12	12	12	#N/A	#N/A
OG0007763	450	1	1	1	1	NA	2.48	NA	12	0	12	12	#N/A	#N/A
OG0007922	105	1	1	1	1	NA	2.48	NA	12	0	12	12	#N/A	#N/A
OG0007996	366	1	1	1	1	NA	2.48	NA	12	0	12	12	reverse transcriptase	L
OG0007997	240	1	1	1	1	NA	2.48	NA	12	0	12	12	reverse transcriptase	L
OG0008027	429	0	1	1	1	1	2.48	2.48	12	12	12	12	Transcriptional regulator	K
OG0008117	312	1	1	1	1	NA	2.48	NA	12	0	12	12	#N/A	#N/A
OG0008164	294	0	1	1	1	1	2.48	2.48	12	12	12	12	#N/A	#N/A
OG0008245	138	0	1	1	1	1	2.48	2.48	12	12	12	12	#N/A	#N/A
OG0003624	625.5	0	4	4	0.59	0.59	2.51	2.51	14	14	8.25	8.25	Glyoxalase-like domain	E
OG0004646	5991	0	1	2	0.77	0.77	2.51	2.51	13	13	10	10	#N/A	#N/A
OG0004802	765	1	2	2	0.88	NA	2.53	NA	13	0	11.5	11.5	#N/A	#N/A
OG0003399	168	0	5	5	0.92	0.92	2.54	2.54	13	13	12	12	-	-
OG0004142	315	0	2	2	0.96	0.96	2.55	2.55	13	13	12.5	12.5	#N/A	#N/A
OG0004584	102	0	2	2	0.96	0.96	2.55	2.55	13	13	12.5	12.5	#N/A	#N/A
OG0004141	393	0	2	2	1	1	2.56	2.56	13	13	13	13	#N/A	#N/A
OG0004887	150	0	1	1	1	1	2.56	2.56	13	13	13	13	#N/A	#N/A
OG0004916	93	0	1	1	1	1	2.56	2.56	13	13	13	13	#N/A	#N/A
OG0004989	132	0	1	1	1	1	2.56	2.56	13	13	13	13	#N/A	#N/A
OG0005013	174	1	1	1	1	NA	2.56	NA	13	0	13	13	#N/A	#N/A
OG0005033	204	0	1	1	1	1	2.56	2.56	13	13	13	13	NmrA-like family	GM
OG0005170	306	1	1	1	1	NA	2.56	NA	13	0	13	13	#N/A	#N/A
OG0005171	3321	1	1	1	1	NA	2.56	NA	13	0	13	13	#N/A	#N/A
OG0005235	249	0	1	1	1	1	2.56	2.56	13	13	13	13	#N/A	#N/A
OG0005239	210	0	1	1	1	1	2.56	2.56	13	13	13	13	Mannitol-1-phosphate 5-dehydrogenase	E
OG0005328	168	0	1	1	1	1	2.56	2.56	13	13	13	13	#N/A	#N/A
OG0005603	108	0	1	1	1	1	2.56	2.56	13	13	13	13	#N/A	#N/A
OG0005662	243	0	1	1	1	1	2.56	2.56	13	13	13	13	#N/A	#N/A
OG0005667	171	0	1	1	1	1	2.56	2.56	13	13	13	13	#N/A	#N/A
OG0005668	216	0	1	1	1	1	2.56	2.56	13	13	13	13	#N/A	#N/A
OG0005718	135	0	1	1	1	1	2.56	2.56	13	13	13	13	#N/A	#N/A
OG0005768	222	1	1	1	1	NA	2.56	NA	13	0	13	13	Carbon starvation protein	T
OG0005806	105	0	1	1	1	1	2.56	2.56	13	13	13	13	#N/A	#N/A
OG0005814	4572	0	1	1	1	1	2.56	2.56	13	13	13	13	#N/A	#N/A
OG0005841	195	1	1	1	1	NA	2.56	NA	13	0	13	13	#N/A	#N/A
OG0005985	156	0	1	1	1	1	2.56	2.56	13	13	13	13	#N/A	#N/A
OG0005994	165	1	1	1	1	NA	2.56	NA	13	0	13	13	#N/A	#N/A
OG0006859	7278	0	1	1	1	1	2.56	2.56	13	13	13	13	#N/A	#N/A
OG0007038	123	0	1	1	1	1	2.56	2.56	13	13	13	13	#N/A	#N/A
OG0007069	468	1	1	1	1	NA	2.56	NA	13	0	13	13	#N/A	#N/A
OG0007226	291	0	1	1	1	1	2.56	2.56	13	13	13	13	#N/A	#N/A
OG0007251	423	0	1	1	1	1	2.56	2.56	13	13	13	13	"redox protein, regulator of disulfide bond formation"	O
OG0007257	585	0	1	1	1	1	2.56	2.56	13	13	13	13	#N/A	#N/A
OG0007290	285	0	1	1	1	1	2.56	2.56	13	13	13	13	#N/A	#N/A
OG0007417	102	0	1	1	1	1	2.56	2.56	13	13	13	13	#N/A	#N/A
OG0007446	417	0	1	1	1	1	2.56	2.56	13	13	13	13	#N/A	#N/A
OG0007507	93	1	1	1	1	NA	2.56	NA	13	0	13	13	#N/A	#N/A
OG0007526	501	1	1	1	1	NA	2.56	NA	13	0	13	13	#N/A	#N/A
OG0007531	633	1	1	1	1	NA	2.56	NA	13	0	13	13	ABC transporter transmembrane region	V
OG0007537	105	1	1	1	1	NA	2.56	NA	13	0	13	13	#N/A	#N/A
OG0007539	372	1	1	1	1	NA	2.56	NA	13	0	13	13	#N/A	#N/A
OG0007543	651	1	1	1	1	NA	2.56	NA	13	0	13	13	-	-
OG0007599	234	0	1	1	1	1	2.56	2.56	13	13	13	13	monodehydroascorbate reductase (NADH) activity	J
OG0007643	588	0	1	1	1	1	2.56	2.56	13	13	13	13	#N/A	#N/A
OG0007694	1149	0	1	1	1	1	2.56	2.56	13	13	13	13	HNH nucleases	L
OG0007707	105	0	1	1	1	1	2.56	2.56	13	13	13	13	#N/A	#N/A
OG0007797	249	1	1	1	1	NA	2.56	NA	13	0	13	13	#N/A	#N/A
OG0007882	1068	0	1	1	1	1	2.56	2.56	13	13	13	13	coenzyme F420-1:gamma-L-glutamate ligase activity	C
OG0007884	189	0	1	1	1	1	2.56	2.56	13	13	13	13	#N/A	#N/A
OG0007953	96	1	1	1	1	NA	2.56	NA	13	0	13	13	#N/A	#N/A
OG0007956	219	1	1	1	1	NA	2.56	NA	13	0	13	13	#N/A	#N/A
OG0007995	270	1	1	1	1	NA	2.56	NA	13	0	13	13	reverse transcriptase	L
OG0008065	768	0	1	1	1	1	2.56	2.56	13	13	13	13	#N/A	#N/A
OG0008067	189	0	1	1	1	1	2.56	2.56	13	13	13	13	#N/A	#N/A
OG0008106	339	1	1	1	1	NA	2.56	NA	13	0	13	13	#N/A	#N/A
OG0008165	603	0	1	1	1	1	2.56	2.56	13	13	13	13	#N/A	#N/A
OG0008168	363	0	1	1	1	1	2.56	2.56	13	13	13	13	#N/A	#N/A
OG0008170	126	0	1	1	1	1	2.56	2.56	13	13	13	13	#N/A	#N/A
OG0004733	171	0.5	2	2	0.68	0.68	2.58	2.64	14	14	9.5	9.5	histone deacetylase	BQ
OG0004362	210	0	2	2	0.82	0.82	2.59	2.59	14	14	11.5	11.5	#N/A	#N/A
OG0004100	447	0	1	3	0.91	0.91	2.6	2.6	14	14	12.67	12.67	#N/A	#N/A
OG0004748	243	0	2	2	0.93	0.93	2.62	2.62	14	14	13	13	#N/A	#N/A
OG0004214	5904	0	2	2	0.96	0.96	2.63	2.63	14	14	13.5	13.5	#N/A	#N/A
OG0004789	876	0	2	2	1	1	2.64	2.64	14	14	14	14	#N/A	#N/A
OG0004888	147	0	1	1	1	1	2.64	2.64	14	14	14	14	#N/A	#N/A
OG0004928	537	0	1	1	1	1	2.64	2.64	14	14	14	14	-	-
OG0004930	297	0	1	1	1	1	2.64	2.64	14	14	14	14	"Acts as a processive, ATP-dependent zinc metallopeptidase for both cytoplasmic and membrane proteins. Plays a role in the quality control of integral membrane proteins"	O
OG0004960	192	0	1	1	1	1	2.64	2.64	14	14	14	14	#N/A	#N/A
OG0004977	192	0	1	1	1	1	2.64	2.64	14	14	14	14	#N/A	#N/A
OG0005036	147	1	1	1	1	NA	2.64	NA	14	0	14	14	#N/A	#N/A
OG0005037	525	1	1	1	1	NA	2.64	NA	14	0	14	14	Putative bacteriophage terminase small subunit	S
OG0005038	231	1	1	1	1	NA	2.64	NA	14	0	14	14	-	-
OG0005186	273	1	1	1	1	NA	2.64	NA	14	0	14	14	#N/A	#N/A
OG0005197	471	0	1	1	1	1	2.64	2.64	14	14	14	14	#N/A	#N/A
OG0005233	189	0	1	1	1	1	2.64	2.64	14	14	14	14	#N/A	#N/A
OG0005271	1101	0	1	1	1	1	2.64	2.64	14	14	14	14	Mannosyl-glycoprotein endo-beta-N-acetylglucosaminidase	NU
OG0005274	9831	0	1	1	1	1	2.64	2.64	14	14	14	14	#N/A	#N/A
OG0005284	354	0	1	1	1	1	2.64	2.64	14	14	14	14	Belongs to the arginase family	E
OG0005304	144	0	1	1	1	1	2.64	2.64	14	14	14	14	#N/A	#N/A
OG0005333	402	0	1	1	1	1	2.64	2.64	14	14	14	14	Membrane	M
OG0005344	171	0	1	1	1	1	2.64	2.64	14	14	14	14	#N/A	#N/A
OG0005378	297	1	1	1	1	NA	2.64	NA	14	0	14	14	#N/A	#N/A
OG0005395	453	1	1	1	1	NA	2.64	NA	14	0	14	14	#N/A	#N/A
OG0005490	945	0	1	1	1	1	2.64	2.64	14	14	14	14	#N/A	#N/A
OG0005491	384	0	1	1	1	1	2.64	2.64	14	14	14	14	#N/A	#N/A
OG0005493	312	0	1	1	1	1	2.64	2.64	14	14	14	14	#N/A	#N/A
OG0005513	114	1	1	1	1	NA	2.64	NA	14	0	14	14	#N/A	#N/A
OG0005571	1323	1	1	1	1	NA	2.64	NA	14	0	14	14	#N/A	#N/A
OG0005604	117	0	1	1	1	1	2.64	2.64	14	14	14	14	#N/A	#N/A
OG0005605	120	0	1	1	1	1	2.64	2.64	14	14	14	14	#N/A	#N/A
OG0005672	99	0	1	1	1	1	2.64	2.64	14	14	14	14	#N/A	#N/A
OG0005812	180	0	1	1	1	1	2.64	2.64	14	14	14	14	#N/A	#N/A
OG0005846	180	1	1	1	1	NA	2.64	NA	14	0	14	14	#N/A	#N/A
OG0005942	504	1	1	1	1	NA	2.64	NA	14	0	14	14	OsmC-like protein	O
OG0006010	93	1	1	1	1	NA	2.64	NA	14	0	14	14	#N/A	#N/A
OG0006256	321	0	1	1	1	1	2.64	2.64	14	14	14	14	"COG0179 2-keto-4-pentenoate hydratase 2-oxohepta-3-ene-1,7-dioic acid hydratase (catechol pathway)"	Q
OG0006678	168	0	1	1	1	1	2.64	2.64	14	14	14	14	Catalyzes the conversion of glucosamine-6-phosphate to glucosamine-1-phosphate	G
OG0006829	444	0	1	1	1	1	2.64	2.64	14	14	14	14	Cadmium resistance transporter	P
OG0006840	249	0	1	1	1	1	2.64	2.64	14	14	14	14	#N/A	#N/A
OG0006885	93	0	1	1	1	1	2.64	2.64	14	14	14	14	#N/A	#N/A
OG0006894	153	0	1	1	1	1	2.64	2.64	14	14	14	14	#N/A	#N/A
OG0006924	312	0	1	1	1	1	2.64	2.64	14	14	14	14	#N/A	#N/A
OG0006979	93	0	1	1	1	1	2.64	2.64	14	14	14	14	#N/A	#N/A
OG0007013	213	0	1	1	1	1	2.64	2.64	14	14	14	14	#N/A	#N/A
OG0007107	135	0	1	1	1	1	2.64	2.64	14	14	14	14	#N/A	#N/A
OG0007130	372	0	1	1	1	1	2.64	2.64	14	14	14	14	Bacterial PH domain	S
OG0007184	318	1	1	1	1	NA	2.64	NA	14	0	14	14	-	-
OG0007185	249	1	1	1	1	NA	2.64	NA	14	0	14	14	Antitoxin component of a toxin-antitoxin (TA) module	D
OG0007192	279	0	1	1	1	1	2.64	2.64	14	14	14	14	#N/A	#N/A
OG0007215	195	0	1	1	1	1	2.64	2.64	14	14	14	14	#N/A	#N/A
OG0007235	5133	0	1	1	1	1	2.64	2.64	14	14	14	14	#N/A	#N/A
OG0007242	96	0	1	1	1	1	2.64	2.64	14	14	14	14	#N/A	#N/A
OG0007256	936	0	1	1	1	1	2.64	2.64	14	14	14	14	#N/A	#N/A
OG0007265	267	0	1	1	1	1	2.64	2.64	14	14	14	14	#N/A	#N/A
OG0007341	396	0	1	1	1	1	2.64	2.64	14	14	14	14	#N/A	#N/A
OG0007418	93	0	1	1	1	1	2.64	2.64	14	14	14	14	#N/A	#N/A
OG0007422	423	0	1	1	1	1	2.64	2.64	14	14	14	14	#N/A	#N/A
OG0007439	507	0	1	1	1	1	2.64	2.64	14	14	14	14	#N/A	#N/A
OG0007442	3891	0	1	1	1	1	2.64	2.64	14	14	14	14	#N/A	#N/A
OG0007452	141	0	1	1	1	1	2.64	2.64	14	14	14	14	#N/A	#N/A
OG0007460	351	0	1	1	1	1	2.64	2.64	14	14	14	14	#N/A	#N/A
OG0007478	186	0	1	1	1	1	2.64	2.64	14	14	14	14	#N/A	#N/A
OG0007529	381	1	1	1	1	NA	2.64	NA	14	0	14	14	#N/A	#N/A
OG0007540	303	1	1	1	1	NA	2.64	NA	14	0	14	14	peroxiredoxin activity	S
OG0007541	444	1	1	1	1	NA	2.64	NA	14	0	14	14	PFAM Polyketide cyclase dehydrase and lipid transport	I
OG0007542	519	1	1	1	1	NA	2.64	NA	14	0	14	14	"Catalyzes 2 different reactions between oxygene and the acireductone 1,2-dihydroxy-3-keto-5-methylthiopentene (DHK-MTPene) depending upon the metal bound in the active site. Fe-containing acireductone dioxygenase (Fe-ARD) produces formate and 2-keto-4- methylthiobutyrate (KMTB), the alpha-ketoacid precursor of methionine in the methionine recycle pathway. Ni-containing acireductone dioxygenase (Ni-ARD) produces methylthiopropionate, carbon monoxide and formate, and does not lie on the methionine recycle pathway"	S
OG0007548	264	0	1	1	1	1	2.64	2.64	14	14	14	14	#N/A	#N/A
OG0007617	93	0	1	1	1	1	2.64	2.64	14	14	14	14	#N/A	#N/A
OG0007657	861	1	1	1	1	NA	2.64	NA	14	0	14	14	#N/A	#N/A
OG0007689	222	1	1	1	1	NA	2.64	NA	14	0	14	14	#N/A	#N/A
OG0007690	144	1	1	1	1	NA	2.64	NA	14	0	14	14	#N/A	#N/A
OG0007691	174	1	1	1	1	NA	2.64	NA	14	0	14	14	#N/A	#N/A
OG0007692	90	0	1	1	1	1	2.64	2.64	14	14	14	14	#N/A	#N/A
OG0007698	477	0	1	1	1	1	2.64	2.64	14	14	14	14	#N/A	#N/A
OG0007699	1008	0	1	1	1	1	2.64	2.64	14	14	14	14	Belongs to the PdxA family	H
OG0007711	861	0	1	1	1	1	2.64	2.64	14	14	14	14	#N/A	#N/A
OG0007723	111	0	1	1	1	1	2.64	2.64	14	14	14	14	#N/A	#N/A
OG0007765	288	0	1	1	1	1	2.64	2.64	14	14	14	14	Bacteriocin class IId cyclical uberolysin-like	S
OG0007806	1083	0	1	1	1	1	2.64	2.64	14	14	14	14	DNA helicase	L
OG0007839	111	0	1	1	1	1	2.64	2.64	14	14	14	14	#N/A	#N/A
OG0007876	261	0	1	1	1	1	2.64	2.64	14	14	14	14	#N/A	#N/A
OG0007881	1446	0	1	1	1	1	2.64	2.64	14	14	14	14	#N/A	#N/A
OG0007920	117	0	1	1	1	1	2.64	2.64	14	14	14	14	#N/A	#N/A
OG0007943	138	0	1	1	1	1	2.64	2.64	14	14	14	14	PFAM SpoVT AbrB	T
OG0008084	126	0	1	1	1	1	2.64	2.64	14	14	14	14	#N/A	#N/A
OG0008085	120	0	1	1	1	1	2.64	2.64	14	14	14	14	#N/A	#N/A
OG0008087	168	1	1	1	1	NA	2.64	NA	14	0	14	14	#N/A	#N/A
OG0008088	606	1	1	1	1	NA	2.64	NA	14	0	14	14	"L-proline 3-hydroxylase, C-terminal"	O
OG0008144	810	0	1	1	1	1	2.64	2.64	14	14	14	14	#N/A	#N/A
OG0008150	264	0	1	1	1	1	2.64	2.64	14	14	14	14	"Bifunctional serine threonine kinase and phosphorylase involved in the regulation of the pyruvate, phosphate dikinase (PPDK) by catalyzing its phosphorylation dephosphorylation"	S
OG0008166	351	0	1	1	1	1	2.64	2.64	14	14	14	14	#N/A	#N/A
OG0008167	444	0	1	1	1	1	2.64	2.64	14	14	14	14	#N/A	#N/A
OG0008169	621	0	1	1	1	1	2.64	2.64	14	14	14	14	#N/A	#N/A
OG0008171	972	0	1	1	1	1	2.64	2.64	14	14	14	14	#N/A	#N/A
OG0008215	624	0	1	1	1	1	2.64	2.64	14	14	14	14	#N/A	#N/A
OG0003953	696	0.67	3	3	0.71	0.71	2.65	2.77	16	16	11.33	11.33	#N/A	#N/A
OG0004202	216	0	2	2	0.83	0.83	2.66	2.66	15	15	12.5	12.5	#N/A	#N/A
OG0004090	258	0.33	3	3	0.84	0.84	2.67	2.69	15	15	12.67	12.67	#N/A	#N/A
OG0002795	198	0.1	10	10	0.76	0.76	2.68	2.69	17	17	13	13	-	-
OG0004143	678	0	2	2	0.9	0.9	2.68	2.68	15	15	13.5	13.5	#N/A	#N/A
OG0004144	312	0	2	2	0.93	0.93	2.69	2.69	15	15	14	14	#N/A	#N/A
OG0004311	966	0	1	2	0.97	0.97	2.7	2.7	15	15	14.5	14.5	#N/A	#N/A
OG0004312	318	0	1	2	0.97	0.97	2.7	2.7	15	15	14.5	14.5	#N/A	#N/A
OG0004333	2959.5	1	2	2	0.69	NA	2.71	NA	16	0	11	11	#N/A	#N/A
OG0004375	106.5	1	2	2	0.5	NA	2.71	NA	15	0	7.5	7.5	#N/A	#N/A
OG0004834	6210	0	1	1	1	1	2.71	2.71	15	15	15	15	#N/A	#N/A
OG0004868	789	0	1	1	1	1	2.71	2.71	15	15	15	15	#N/A	#N/A
OG0004899	204	0	1	1	1	1	2.71	2.71	15	15	15	15	"to gi 22127301 ref NP_670724.1 Yersinia pestis KIM , percent identity"	EG
OG0004920	135	0	1	1	1	1	2.71	2.71	15	15	15	15	#N/A	#N/A
OG0004942	174	0	1	1	1	1	2.71	2.71	15	15	15	15	#N/A	#N/A
OG0004952	549	0	1	1	1	1	2.71	2.71	15	15	15	15	#N/A	#N/A
OG0005012	186	1	1	1	1	NA	2.71	NA	15	0	15	15	-	-
OG0005020	360	1	1	1	1	NA	2.71	NA	15	0	15	15	#N/A	#N/A
OG0005025	189	0	1	1	1	1	2.71	2.71	15	15	15	15	Lantibiotic alpha	S
OG0005031	183	0	1	1	1	1	2.71	2.71	15	15	15	15	#N/A	#N/A
OG0005082	105	1	1	1	1	NA	2.71	NA	15	0	15	15	#N/A	#N/A
OG0005142	180	1	1	1	1	NA	2.71	NA	15	0	15	15	#N/A	#N/A
OG0005167	132	0	1	1	1	1	2.71	2.71	15	15	15	15	#N/A	#N/A
OG0005169	705	1	1	1	1	NA	2.71	NA	15	0	15	15	#N/A	#N/A
OG0005187	651	1	1	1	1	NA	2.71	NA	15	0	15	15	#N/A	#N/A
OG0005212	522	0	1	1	1	1	2.71	2.71	15	15	15	15	#N/A	#N/A
OG0005234	2439	0	1	1	1	1	2.71	2.71	15	15	15	15	#N/A	#N/A
OG0005253	525	0	1	1	1	1	2.71	2.71	15	15	15	15	AI-2E family transporter	S
OG0005270	264	0	1	1	1	1	2.71	2.71	15	15	15	15	#N/A	#N/A
OG0005299	474	0	1	1	1	1	2.71	2.71	15	15	15	15	Belongs to the pyruvate kinase family	F
OG0005332	483	0	1	1	1	1	2.71	2.71	15	15	15	15	#N/A	#N/A
OG0005347	1143	0	1	1	1	1	2.71	2.71	15	15	15	15	HNH endonuclease	V
OG0005354	279	1	1	1	1	NA	2.71	NA	15	0	15	15	#N/A	#N/A
OG0005382	159	1	1	1	1	NA	2.71	NA	15	0	15	15	#N/A	#N/A
OG0005487	411	0	1	1	1	1	2.71	2.71	15	15	15	15	#N/A	#N/A
OG0005488	2097	0	1	1	1	1	2.71	2.71	15	15	15	15	#N/A	#N/A
OG0005489	1380	0	1	1	1	1	2.71	2.71	15	15	15	15	#N/A	#N/A
OG0005492	531	0	1	1	1	1	2.71	2.71	15	15	15	15	#N/A	#N/A
OG0005494	795	0	1	1	1	1	2.71	2.71	15	15	15	15	#N/A	#N/A
OG0005495	1266	0	1	1	1	1	2.71	2.71	15	15	15	15	Polysaccharide pyruvyl transferase	S
OG0005518	114	0	1	1	1	1	2.71	2.71	15	15	15	15	#N/A	#N/A
OG0005570	423	1	1	1	1	NA	2.71	NA	15	0	15	15	Putative ATP-dependent DNA helicase recG C-terminal	K
OG0005592	1680	0	1	1	1	1	2.71	2.71	15	15	15	15	"D-lactate dehydrogenase, membrane binding"	C
OG0005598	93	0	1	1	1	1	2.71	2.71	15	15	15	15	#N/A	#N/A
OG0005615	180	0	1	1	1	1	2.71	2.71	15	15	15	15	#N/A	#N/A
OG0005617	246	0	1	1	1	1	2.71	2.71	15	15	15	15	#N/A	#N/A
OG0005696	237	0	1	1	1	1	2.71	2.71	15	15	15	15	#N/A	#N/A
OG0005719	4683	0	1	1	1	1	2.71	2.71	15	15	15	15	#N/A	#N/A
OG0005813	438	0	1	1	1	1	2.71	2.71	15	15	15	15	#N/A	#N/A
OG0005842	177	1	1	1	1	NA	2.71	NA	15	0	15	15	#N/A	#N/A
OG0005847	171	1	1	1	1	NA	2.71	NA	15	0	15	15	#N/A	#N/A
OG0005868	96	0	1	1	1	1	2.71	2.71	15	15	15	15	#N/A	#N/A
OG0005869	177	0	1	1	1	1	2.71	2.71	15	15	15	15	#N/A	#N/A
OG0005872	105	0	1	1	1	1	2.71	2.71	15	15	15	15	#N/A	#N/A
OG0006045	267	0	1	1	1	1	2.71	2.71	15	15	15	15	#N/A	#N/A
OG0006118	702	0	1	1	1	1	2.71	2.71	15	15	15	15	YibE F-like protein	S
OG0006120	159	0	1	1	1	1	2.71	2.71	15	15	15	15	"DNA polymerase III is a complex, multichain enzyme responsible for most of the replicative synthesis in bacteria. This DNA polymerase also exhibits 3' to 5' exonuclease activity"	L
OG0006254	285	0	1	1	1	1	2.71	2.71	15	15	15	15	Belongs to the GPI family	G
OG0006773	198	0	1	1	1	1	2.71	2.71	15	15	15	15	Belongs to the nlpA lipoprotein family	P
OG0006854	111	0	1	1	1	1	2.71	2.71	15	15	15	15	#N/A	#N/A
OG0006886	291	0	1	1	1	1	2.71	2.71	15	15	15	15	#N/A	#N/A
OG0006889	243	0	1	1	1	1	2.71	2.71	15	15	15	15	#N/A	#N/A
OG0006891	942	0	1	1	1	1	2.71	2.71	15	15	15	15	-	-
OG0006893	966	0	1	1	1	1	2.71	2.71	15	15	15	15	NgoFVII restriction endonuclease	S
OG0006960	735	0	1	1	1	1	2.71	2.71	15	15	15	15	#N/A	#N/A
OG0006998	420	0	1	1	1	1	2.71	2.71	15	15	15	15	CRISPR-associated protein (Cas_Csm6)	S
OG0007009	111	0	1	1	1	1	2.71	2.71	15	15	15	15	#N/A	#N/A
OG0007034	90	0	1	1	1	1	2.71	2.71	15	15	15	15	#N/A	#N/A
OG0007035	96	0	1	1	1	1	2.71	2.71	15	15	15	15	#N/A	#N/A
OG0007067	90	1	1	1	1	NA	2.71	NA	15	0	15	15	#N/A	#N/A
OG0007070	264	1	1	1	1	NA	2.71	NA	15	0	15	15	#N/A	#N/A
OG0007071	267	1	1	1	1	NA	2.71	NA	15	0	15	15	#N/A	#N/A
OG0007072	258	1	1	1	1	NA	2.71	NA	15	0	15	15	#N/A	#N/A
OG0007087	1224	0	1	1	1	1	2.71	2.71	15	15	15	15	#N/A	#N/A
OG0007097	315	0	1	1	1	1	2.71	2.71	15	15	15	15	#N/A	#N/A
OG0007116	168	0	1	1	1	1	2.71	2.71	15	15	15	15	#N/A	#N/A
OG0007193	2487	0	1	1	1	1	2.71	2.71	15	15	15	15	#N/A	#N/A
OG0007194	2592	0	1	1	1	1	2.71	2.71	15	15	15	15	#N/A	#N/A
OG0007205	105	0	1	1	1	1	2.71	2.71	15	15	15	15	#N/A	#N/A
OG0007208	231	0	1	1	1	1	2.71	2.71	15	15	15	15	#N/A	#N/A
OG0007212	723	0	1	1	1	1	2.71	2.71	15	15	15	15	"Psort location Cytoplasmic, score"	S
OG0007252	1071	0	1	1	1	1	2.71	2.71	15	15	15	15	"nucleotide phosphatase activity, acting on free nucleotides"	F
OG0007315	636	0	1	1	1	1	2.71	2.71	15	15	15	15	#N/A	#N/A
OG0007322	93	0	1	1	1	1	2.71	2.71	15	15	15	15	#N/A	#N/A
OG0007327	1206	0	1	1	1	1	2.71	2.71	15	15	15	15	Restriction endonuclease	V
OG0007329	96	0	1	1	1	1	2.71	2.71	15	15	15	15	#N/A	#N/A
OG0007443	2595	0	1	1	1	1	2.71	2.71	15	15	15	15	#N/A	#N/A
OG0007476	7539	0	1	1	1	1	2.71	2.71	15	15	15	15	#N/A	#N/A
OG0007477	216	0	1	1	1	1	2.71	2.71	15	15	15	15	#N/A	#N/A
OG0007479	210	0	1	1	1	1	2.71	2.71	15	15	15	15	#N/A	#N/A
OG0007506	108	1	1	1	1	NA	2.71	NA	15	0	15	15	#N/A	#N/A
OG0007549	195	0	1	1	1	1	2.71	2.71	15	15	15	15	Pyridine nucleotide-disulphide oxidoreductase	P
OG0007669	261	0	1	1	1	1	2.71	2.71	15	15	15	15	23S rRNA (guanine(2445)-N(2))-methyltransferase activity	L
OG0007676	153	0	1	1	1	1	2.71	2.71	15	15	15	15	#N/A	#N/A
OG0007712	849	0	1	1	1	1	2.71	2.71	15	15	15	15	#N/A	#N/A
OG0007714	333	0	1	1	1	1	2.71	2.71	15	15	15	15	mannose-6-phosphate isomerase	G
OG0007727	1452	0	1	1	1	1	2.71	2.71	15	15	15	15	#N/A	#N/A
OG0007731	186	1	1	1	1	NA	2.71	NA	15	0	15	15	COG1179 Dinucleotide-utilizing enzymes involved in molybdopterin and thiamine biosynthesis family 1	H
OG0007808	102	0	1	1	1	1	2.71	2.71	15	15	15	15	#N/A	#N/A
OG0007836	1593	0	1	1	1	1	2.71	2.71	15	15	15	15	-	-
OG0007875	2148	0	1	1	1	1	2.71	2.71	15	15	15	15	AAA domain	S
OG0007954	162	1	1	1	1	NA	2.71	NA	15	0	15	15	#N/A	#N/A
OG0008001	336	1	1	1	1	NA	2.71	NA	15	0	15	15	NAD dependent epimerase/dehydratase family	GM
OG0008003	171	0	1	1	1	1	2.71	2.71	15	15	15	15	#N/A	#N/A
OG0008006	747	0	1	1	1	1	2.71	2.71	15	15	15	15	#N/A	#N/A
OG0008044	798	0	1	1	1	1	2.71	2.71	15	15	15	15	#N/A	#N/A
OG0008105	192	0	1	1	1	1	2.71	2.71	15	15	15	15	#N/A	#N/A
OG0008130	144	0	1	1	1	1	2.71	2.71	15	15	15	15	#N/A	#N/A
OG0008135	171	0	1	1	1	1	2.71	2.71	15	15	15	15	#N/A	#N/A
OG0008145	852	0	1	1	1	1	2.71	2.71	15	15	15	15	-	-
OG0008176	687	0	1	1	1	1	2.71	2.71	15	15	15	15	#N/A	#N/A
OG0008224	786	1	1	1	1	NA	2.71	NA	15	0	15	15	"racemase activity, acting on amino acids and derivatives"	M
OG0003422	477	1	5	5	0.27	NA	2.72	NA	18	0	4.8	4.8	Firmicute plasmid replication protein (RepL)	K
OG0001410	576	0.22	76	76	0.27	0.29	2.73	2.74	44	40	11.66	11.66	"Catalyzes the isomerization between 2-isopropylmalate and 3-isopropylmalate, via the formation of 2-isopropylmaleate"	E
OG0003106	894	0.14	7	7	0.85	0.85	2.73	2.74	17	17	14.43	14.43	"Transfers an acetyl group from acetyl-CoA to L- homoserine, forming acetyl-L-homoserine"	E
OG0004241	456	0	2	2	0.84	0.84	2.73	2.73	16	16	13.5	13.5	#N/A	#N/A
OG0000928	1290	0.25	77	77	0.35	0.35	2.74	2.77	36	36	12.52	12.52	Glutamate-1-semialdehyde aminotransferase	H
OG0001362	480	0.26	77	77	0.29	0.3	2.74	2.78	44	43	12.75	12.75	"7,8-dihydro-6-hydroxymethylpterin-pyrophosphokinase (HPPK)"	H
OG0003766	522	0	3	3	0.94	0.94	2.75	2.75	16	16	15	15	#N/A	#N/A
OG0004089	108	0.67	3	3	0.94	0.94	2.75	2.77	16	16	15	15	#N/A	#N/A
OG0003775	630	0	3	3	0.71	0.71	2.76	2.76	17	17	12	12	deacetylase	S
OG0004788	357	0	2	2	0.97	0.97	2.76	2.76	16	16	15.5	15.5	#N/A	#N/A
OG0003638	172.5	0	4	4	1	1	2.77	2.77	16	16	16	16	#N/A	#N/A
OG0004268	204	0	2	2	0.71	0.71	2.77	2.77	17	17	12	12	#N/A	#N/A
OG0004851	126	0	1	1	1	1	2.77	2.77	16	16	16	16	#N/A	#N/A
OG0004853	330	0	1	1	1	1	2.77	2.77	16	16	16	16	#N/A	#N/A
OG0004865	90	0	1	1	1	1	2.77	2.77	16	16	16	16	#N/A	#N/A
OG0004872	375	0	1	1	1	1	2.77	2.77	16	16	16	16	#N/A	#N/A
OG0004895	621	0	1	1	1	1	2.77	2.77	16	16	16	16	-	-
OG0004906	432	0	1	1	1	1	2.77	2.77	16	16	16	16	#N/A	#N/A
OG0004929	114	0	1	1	1	1	2.77	2.77	16	16	16	16	#N/A	#N/A
OG0004955	141	0	1	1	1	1	2.77	2.77	16	16	16	16	#N/A	#N/A
OG0004956	189	0	1	1	1	1	2.77	2.77	16	16	16	16	#N/A	#N/A
OG0004959	477	0	1	1	1	1	2.77	2.77	16	16	16	16	#N/A	#N/A
OG0004973	1404	0	1	1	1	1	2.77	2.77	16	16	16	16	Dipeptidase	E
OG0005024	210	0	1	1	1	1	2.77	2.77	16	16	16	16	#N/A	#N/A
OG0005032	1722	0	1	1	1	1	2.77	2.77	16	16	16	16	#N/A	#N/A
OG0005039	537	1	1	1	1	NA	2.77	NA	16	0	16	16	peptidase activity	S
OG0005107	93	0	1	1	1	1	2.77	2.77	16	16	16	16	#N/A	#N/A
OG0005113	153	0	1	1	1	1	2.77	2.77	16	16	16	16	#N/A	#N/A
OG0005139	1092	1	1	1	1	NA	2.77	NA	16	0	16	16	#N/A	#N/A
OG0005141	402	1	1	1	1	NA	2.77	NA	16	0	16	16	#N/A	#N/A
OG0005143	768	1	1	1	1	NA	2.77	NA	16	0	16	16	#N/A	#N/A
OG0005144	270	1	1	1	1	NA	2.77	NA	16	0	16	16	#N/A	#N/A
OG0005168	1911	1	1	1	1	NA	2.77	NA	16	0	16	16	#N/A	#N/A
OG0005176	153	0	1	1	1	1	2.77	2.77	16	16	16	16	#N/A	#N/A
OG0005201	252	0	1	1	1	1	2.77	2.77	16	16	16	16	#N/A	#N/A
OG0005202	339	0	1	1	1	1	2.77	2.77	16	16	16	16	#N/A	#N/A
OG0005211	333	1	1	1	1	NA	2.77	NA	16	0	16	16	#N/A	#N/A
OG0005213	1314	0	1	1	1	1	2.77	2.77	16	16	16	16	-	-
OG0005214	909	0	1	1	1	1	2.77	2.77	16	16	16	16	#N/A	#N/A
OG0005261	198	0	1	1	1	1	2.77	2.77	16	16	16	16	Methyltransferase small domain	S
OG0005263	570	0	1	1	1	1	2.77	2.77	16	16	16	16	EVE domain	S
OG0005275	195	0	1	1	1	1	2.77	2.77	16	16	16	16	#N/A	#N/A
OG0005277	315	0	1	1	1	1	2.77	2.77	16	16	16	16	Belongs to the Glu Leu Phe Val dehydrogenases family	E
OG0005283	330	0	1	1	1	1	2.77	2.77	16	16	16	16	#N/A	#N/A
OG0005288	93	0	1	1	1	1	2.77	2.77	16	16	16	16	#N/A	#N/A
OG0005340	138	0	1	1	1	1	2.77	2.77	16	16	16	16	#N/A	#N/A
OG0005346	147	0	1	1	1	1	2.77	2.77	16	16	16	16	#N/A	#N/A
OG0005379	459	1	1	1	1	NA	2.77	NA	16	0	16	16	#N/A	#N/A
OG0005396	696	1	1	1	1	NA	2.77	NA	16	0	16	16	#N/A	#N/A
OG0005397	723	1	1	1	1	NA	2.77	NA	16	0	16	16	#N/A	#N/A
OG0005449	195	0	1	1	1	1	2.77	2.77	16	16	16	16	#N/A	#N/A
OG0005517	342	0	1	1	1	1	2.77	2.77	16	16	16	16	#N/A	#N/A
OG0005519	93	0	1	1	1	1	2.77	2.77	16	16	16	16	#N/A	#N/A
OG0005520	162	0	1	1	1	1	2.77	2.77	16	16	16	16	#N/A	#N/A
OG0005527	195	1	1	1	1	NA	2.77	NA	16	0	16	16	Radical SAM superfamily	L
OG0005536	105	0	1	1	1	1	2.77	2.77	16	16	16	16	#N/A	#N/A
OG0005569	960	1	1	1	1	NA	2.77	NA	16	0	16	16	#N/A	#N/A
OG0005588	210	0	1	1	1	1	2.77	2.77	16	16	16	16	#N/A	#N/A
OG0005602	126	0	1	1	1	1	2.77	2.77	16	16	16	16	#N/A	#N/A
OG0005607	918	0	1	1	1	1	2.77	2.77	16	16	16	16	#N/A	#N/A
OG0005733	684	0	1	1	1	1	2.77	2.77	16	16	16	16	-	-
OG0005734	381	0	1	1	1	1	2.77	2.77	16	16	16	16	Peptidase M16 inactive domain	S
OG0005765	114	0	1	1	1	1	2.77	2.77	16	16	16	16	#N/A	#N/A
OG0005808	96	0	1	1	1	1	2.77	2.77	16	16	16	16	#N/A	#N/A
OG0005822	162	1	1	1	1	NA	2.77	NA	16	0	16	16	#N/A	#N/A
OG0005871	591	0	1	1	1	1	2.77	2.77	16	16	16	16	#N/A	#N/A
OG0005877	165	1	1	1	1	NA	2.77	NA	16	0	16	16	#N/A	#N/A
OG0005898	150	0	1	1	1	1	2.77	2.77	16	16	16	16	#N/A	#N/A
OG0005949	837	0	1	1	1	1	2.77	2.77	16	16	16	16	Metallo-beta-lactamase superfamily	S
OG0005957	105	0	1	1	1	1	2.77	2.77	16	16	16	16	#N/A	#N/A
OG0006009	105	1	1	1	1	NA	2.77	NA	16	0	16	16	#N/A	#N/A
OG0006121	264	0	1	1	1	1	2.77	2.77	16	16	16	16	#N/A	#N/A
OG0006253	252	0	1	1	1	1	2.77	2.77	16	16	16	16	Belongs to the argininosuccinate synthase family. Type 1 subfamily	E
OG0006257	141	0	1	1	1	1	2.77	2.77	16	16	16	16	#N/A	#N/A
OG0006395	282	0	1	1	1	1	2.77	2.77	16	16	16	16	Topoisomerase IV is essential for chromosome segregation. It relaxes supercoiled DNA. Performs the decatenation events required during the replication of a circular DNA molecule	L
OG0006774	447	0	1	1	1	1	2.77	2.77	16	16	16	16	PTS system sugar-specific permease component	S
OG0006803	312	0	1	1	1	1	2.77	2.77	16	16	16	16	#N/A	#N/A
OG0006808	6150	0	1	1	1	1	2.77	2.77	16	16	16	16	#N/A	#N/A
OG0006867	135	0	1	1	1	1	2.77	2.77	16	16	16	16	#N/A	#N/A
OG0006892	684	0	1	1	1	1	2.77	2.77	16	16	16	16	-	-
OG0006910	102	0	1	1	1	1	2.77	2.77	16	16	16	16	#N/A	#N/A
OG0006922	114	0	1	1	1	1	2.77	2.77	16	16	16	16	#N/A	#N/A
OG0006958	1461	0	1	1	1	1	2.77	2.77	16	16	16	16	DNA synthesis involved in DNA repair	L
OG0006959	876	0	1	1	1	1	2.77	2.77	16	16	16	16	HNH endonuclease	V
OG0007036	294	0	1	1	1	1	2.77	2.77	16	16	16	16	-	-
OG0007037	327	0	1	1	1	1	2.77	2.77	16	16	16	16	nuclear chromosome segregation	D
OG0007073	264	1	1	1	1	NA	2.77	NA	16	0	16	16	#N/A	#N/A
OG0007099	171	0	1	1	1	1	2.77	2.77	16	16	16	16	#N/A	#N/A
OG0007104	1671	0	1	1	1	1	2.77	2.77	16	16	16	16	"transferase activity, transferring glycosyl groups"	M
OG0007121	987	0	1	1	1	1	2.77	2.77	16	16	16	16	#N/A	#N/A
OG0007128	333	0	1	1	1	1	2.77	2.77	16	16	16	16	#N/A	#N/A
OG0007153	105	1	1	1	1	NA	2.77	NA	16	0	16	16	#N/A	#N/A
OG0007154	1530	0	1	1	1	1	2.77	2.77	16	16	16	16	#N/A	#N/A
OG0007170	453	0	1	1	1	1	2.77	2.77	16	16	16	16	#N/A	#N/A
OG0007206	147	0	1	1	1	1	2.77	2.77	16	16	16	16	#N/A	#N/A
OG0007213	1014	0	1	1	1	1	2.77	2.77	16	16	16	16	"Psort location Cytoplasmic, score"	K
OG0007219	1023	1	1	1	1	NA	2.77	NA	16	0	16	16	#N/A	#N/A
OG0007249	561	0	1	1	1	1	2.77	2.77	16	16	16	16	mRNA catabolic process	S
OG0007253	114	0	1	1	1	1	2.77	2.77	16	16	16	16	#N/A	#N/A
OG0007254	90	0	1	1	1	1	2.77	2.77	16	16	16	16	#N/A	#N/A
OG0007274	123	0	1	1	1	1	2.77	2.77	16	16	16	16	#N/A	#N/A
OG0007300	846	0	1	1	1	1	2.77	2.77	16	16	16	16	#N/A	#N/A
OG0007316	480	0	1	1	1	1	2.77	2.77	16	16	16	16	#N/A	#N/A
OG0007328	681	0	1	1	1	1	2.77	2.77	16	16	16	16	#N/A	#N/A
OG0007354	111	1	1	1	1	NA	2.77	NA	16	0	16	16	#N/A	#N/A
OG0007357	213	0	1	1	1	1	2.77	2.77	16	16	16	16	#N/A	#N/A
OG0007362	7881	0	1	1	1	1	2.77	2.77	16	16	16	16	#N/A	#N/A
OG0007373	162	0	1	1	1	1	2.77	2.77	16	16	16	16	#N/A	#N/A
OG0007382	246	0	1	1	1	1	2.77	2.77	16	16	16	16	#N/A	#N/A
OG0007405	219	0	1	1	1	1	2.77	2.77	16	16	16	16	#N/A	#N/A
OG0007412	183	0	1	1	1	1	2.77	2.77	16	16	16	16	#N/A	#N/A
OG0007415	102	0	1	1	1	1	2.77	2.77	16	16	16	16	#N/A	#N/A
OG0007428	303	0	1	1	1	1	2.77	2.77	16	16	16	16	#N/A	#N/A
OG0007464	2487	0	1	1	1	1	2.77	2.77	16	16	16	16	#N/A	#N/A
OG0007468	1200	0	1	1	1	1	2.77	2.77	16	16	16	16	#N/A	#N/A
OG0007469	792	0	1	1	1	1	2.77	2.77	16	16	16	16	#N/A	#N/A
OG0007475	234	0	1	1	1	1	2.77	2.77	16	16	16	16	#N/A	#N/A
OG0007480	114	0	1	1	1	1	2.77	2.77	16	16	16	16	#N/A	#N/A
OG0007491	627	0	1	1	1	1	2.77	2.77	16	16	16	16	#N/A	#N/A
OG0007508	1317	0	1	1	1	1	2.77	2.77	16	16	16	16	#N/A	#N/A
OG0007519	195	1	1	1	1	NA	2.77	NA	16	0	16	16	#N/A	#N/A
OG0007527	150	0	1	1	1	1	2.77	2.77	16	16	16	16	#N/A	#N/A
OG0007545	720	0	1	1	1	1	2.77	2.77	16	16	16	16	Haloacid dehalogenase-like hydrolase	M
OG0007563	135	0	1	1	1	1	2.77	2.77	16	16	16	16	#N/A	#N/A
OG0007564	258	0	1	1	1	1	2.77	2.77	16	16	16	16	#N/A	#N/A
OG0007585	120	0	1	1	1	1	2.77	2.77	16	16	16	16	#N/A	#N/A
OG0007595	240	0	1	1	1	1	2.77	2.77	16	16	16	16	#N/A	#N/A
OG0007603	270	0	1	1	1	1	2.77	2.77	16	16	16	16	May catalyze the ATP-dependent phosphorylation of lipids other than diacylglycerol (DAG)	F
OG0007618	315	0	1	1	1	1	2.77	2.77	16	16	16	16	glutamate synthase	C
OG0007619	285	0	1	1	1	1	2.77	2.77	16	16	16	16	COG0493 NADPH-dependent glutamate synthase beta chain and related oxidoreductases	E
OG0007631	102	0	1	1	1	1	2.77	2.77	16	16	16	16	#N/A	#N/A
OG0007636	435	0	1	1	1	1	2.77	2.77	16	16	16	16	#N/A	#N/A
OG0007638	153	0	1	1	1	1	2.77	2.77	16	16	16	16	#N/A	#N/A
OG0007667	129	0	1	1	1	1	2.77	2.77	16	16	16	16	#N/A	#N/A
OG0007668	1416	0	1	1	1	1	2.77	2.77	16	16	16	16	-	-
OG0007703	258	0	1	1	1	1	2.77	2.77	16	16	16	16	#N/A	#N/A
OG0007704	138	0	1	1	1	1	2.77	2.77	16	16	16	16	#N/A	#N/A
OG0007710	1296	0	1	1	1	1	2.77	2.77	16	16	16	16	hmm pf00078	L
OG0007728	381	1	1	1	1	NA	2.77	NA	16	0	16	16	#N/A	#N/A
OG0007773	123	0	1	1	1	1	2.77	2.77	16	16	16	16	#N/A	#N/A
OG0007778	213	0	1	1	1	1	2.77	2.77	16	16	16	16	#N/A	#N/A
OG0007802	564	0	1	1	1	1	2.77	2.77	16	16	16	16	#N/A	#N/A
OG0007826	621	0	1	1	1	1	2.77	2.77	16	16	16	16	#N/A	#N/A
OG0007829	105	0	1	1	1	1	2.77	2.77	16	16	16	16	#N/A	#N/A
OG0007864	111	0	1	1	1	1	2.77	2.77	16	16	16	16	#N/A	#N/A
OG0007890	165	0	1	1	1	1	2.77	2.77	16	16	16	16	#N/A	#N/A
OG0007899	222	0	1	1	1	1	2.77	2.77	16	16	16	16	#N/A	#N/A
OG0007914	123	1	1	1	1	NA	2.77	NA	16	0	16	16	#N/A	#N/A
OG0007942	204	0	1	1	1	1	2.77	2.77	16	16	16	16	#N/A	#N/A
OG0007991	114	0	1	1	1	1	2.77	2.77	16	16	16	16	#N/A	#N/A
OG0008007	1230	0	1	1	1	1	2.77	2.77	16	16	16	16	endonuclease activity	V
OG0008028	189	0	1	1	1	1	2.77	2.77	16	16	16	16	#N/A	#N/A
OG0008047	120	0	1	1	1	1	2.77	2.77	16	16	16	16	#N/A	#N/A
OG0008092	189	1	1	1	1	NA	2.77	NA	16	0	16	16	#N/A	#N/A
OG0008108	138	1	1	1	1	NA	2.77	NA	16	0	16	16	#N/A	#N/A
OG0008146	441	0	1	1	1	1	2.77	2.77	16	16	16	16	#N/A	#N/A
OG0008147	525	0	1	1	1	1	2.77	2.77	16	16	16	16	#N/A	#N/A
OG0008172	357	0	1	1	1	1	2.77	2.77	16	16	16	16	#N/A	#N/A
OG0008174	513	0	1	1	1	1	2.77	2.77	16	16	16	16	#N/A	#N/A
OG0008175	1341	0	1	1	1	1	2.77	2.77	16	16	16	16	#N/A	#N/A
OG0008177	765	0	1	1	1	1	2.77	2.77	16	16	16	16	#N/A	#N/A
OG0008178	381	0	1	1	1	1	2.77	2.77	16	16	16	16	#N/A	#N/A
OG0008179	624	0	1	1	1	1	2.77	2.77	16	16	16	16	#N/A	#N/A
OG0008185	105	0	1	1	1	1	2.77	2.77	16	16	16	16	#N/A	#N/A
OG0008232	2097	0	1	1	1	1	2.77	2.77	16	16	16	16	AlwI restriction endonuclease	L
OG0008235	90	0	1	1	1	1	2.77	2.77	16	16	16	16	#N/A	#N/A
OG0008239	135	0	1	1	1	1	2.77	2.77	16	16	16	16	#N/A	#N/A
OG0000929	951	0.25	77	77	0.22	0.22	2.78	2.86	50	50	11.13	11.13	Belongs to the D-isomer specific 2-hydroxyacid dehydrogenase family	EH
OG0001123	297	0.05	77	77	0.33	0.33	2.78	2.79	38	38	12.35	12.35	Belongs to the HesB IscA family	S
OG0001363	366	0.26	77	77	0.32	0.32	2.78	2.82	42	41	13.29	13.29	"Catalyzes the conversion of 7,8-dihydroneopterin to 6- hydroxymethyl-7,8-dihydropterin"	H
OG0004696	201	0.5	2	2	0.76	0.81	2.78	2.77	17	16	13	13	-	-
OG0000628	456	0.24	77	78	0.26	0.26	2.79	2.86	43	43	11.32	11.32	Redoxin	O
OG0001364	804	0.26	77	77	0.32	0.33	2.79	2.82	43	42	13.79	13.79	"Catalyzes the condensation of para-aminobenzoate (pABA) with 6-hydroxymethyl-7,8-dihydropterin diphosphate (DHPt-PP) to form 7,8-dihydropteroate (H2Pte), the immediate precursor of folate derivatives"	H
OG0003112	207	0.29	7	7	0.71	0.9	2.79	2.68	19	15	13.57	13.57	-	-
OG0003245	375	0	6	6	0.62	0.62	2.79	2.79	20	20	12.33	12.33	-	-
OG0003280	945	0	6	6	0.8	0.8	2.79	2.79	18	18	14.33	14.33	-	-
OG0003549	1987.5	0	4	4	0.87	0.87	2.79	2.79	17	17	14.75	14.75	#N/A	#N/A
OG0004361	225	0	2	2	0.82	0.82	2.79	2.79	17	17	14	14	#N/A	#N/A
OG0004701	1533	0	2	2	0.82	0.82	2.79	2.79	17	17	14	14	Hydantoinase B/oxoprolinase	EQ
OG0001124	462	0.06	77	77	0.31	0.33	2.8	2.8	40	38	12.56	12.56	Acyl-ACP thioesterase	S
OG0003237	522	0	6	6	0.94	0.94	2.8	2.8	17	17	16	16	-	-
OG0003238	873	0	6	6	0.94	0.94	2.8	2.8	17	17	16	16	-	-
OG0003239	792	0	6	6	0.94	0.94	2.8	2.8	17	17	16	16	-	-
OG0003240	558	0	6	6	0.93	0.93	2.8	2.8	17	17	15.83	15.83	-	-
OG0003241	474	0	6	6	0.94	0.94	2.8	2.8	17	17	16	16	-	-
OG0003242	1017	0	6	6	0.94	0.94	2.8	2.8	17	17	16	16	"Phage integrase, N-terminal SAM-like domain"	L
OG0003400	513	0	5	5	0.91	0.91	2.8	2.8	17	17	15.4	15.4	-	-
OG0000767	882	0.27	77	78	0.37	0.39	2.81	2.82	39	37	14.47	14.47	Redox regulated molecular chaperone. Protects both thermally unfolding and oxidatively damaged proteins from irreversible aggregation. Plays an important role in the bacterial defense system toward oxidative stress	O
OG0004254	90	0	2	2	0.91	0.91	2.81	2.81	17	17	15.5	15.5	#N/A	#N/A
OG0004832	163.5	1	1	2	0.53	NA	2.81	NA	17	0	9	9	#N/A	#N/A
OG0000476	1371	0.23	76	79	0.31	0.34	2.82	2.82	45	41	13.75	13.75	"Catalyzes the isomerization between 2-isopropylmalate and 3-isopropylmalate, via the formation of 2-isopropylmaleate"	E
OG0000697	555	0.04	77	78	0.44	0.46	2.82	2.82	33	32	14.68	14.68	Responsible for the release of ribosomes from messenger RNA at the termination of protein biosynthesis. May increase the efficiency of translation by recycling ribosomes from one round of translation to another	J
OG0001122	609	0.05	77	77	0.31	0.31	2.82	2.82	41	41	12.58	12.58	"Catalyzes the transfer of an acyl group from acyl- phosphate (acyl-PO(4)) to glycerol-3-phosphate (G3P) to form lysophosphatidic acid (LPA). This enzyme utilizes acyl-phosphate as fatty acyl donor, but not acyl-CoA or acyl-ACP"	I
OG0004737	304.5	0	2	2	0.94	0.94	2.82	2.82	17	17	16	16	#N/A	#N/A
OG0004738	414	0	2	2	0.94	0.94	2.82	2.82	17	17	16	16	Domain in cystathionine beta-synthase and other proteins.	T
OG0004831	132	0	2	2	0.97	0.97	2.82	2.82	17	17	16.5	16.5	#N/A	#N/A
OG0001151	723	0.04	77	77	0.45	0.46	2.83	2.83	34	33	15.16	15.16	Catalyzes the reversible phosphorylation of UMP to UDP	F
OG0003236	666	0	6	6	0.9	0.9	2.83	2.83	18	18	16.17	16.17	-	-
OG0003398	258	0	5	5	1	1	2.83	2.83	17	17	17	17	-	-
OG0003762	309	0	3	3	1	1	2.83	2.83	17	17	17	17	#N/A	#N/A
OG0003778	870	0	3	3	0.85	0.85	2.83	2.83	18	18	15.33	15.33	#N/A	#N/A
OG0004246	132	0	2	2	1	1	2.83	2.83	17	17	17	17	#N/A	#N/A
OG0004322	1476	0.5	2	2	0.5	0.53	2.83	2.77	17	16	8.5	8.5	GTP binding	S
OG0004334	861	1	2	2	0.64	NA	2.83	NA	18	0	11.5	11.5	#N/A	#N/A
OG0004691	111	0	1	2	1	1	2.83	2.83	17	17	17	17	#N/A	#N/A
OG0004791	327	0	2	2	1	1	2.83	2.83	17	17	17	17	#N/A	#N/A
OG0004835	126	0	1	1	1	1	2.83	2.83	17	17	17	17	#N/A	#N/A
OG0004844	2724	0	1	1	1	1	2.83	2.83	17	17	17	17	domain protein	M
OG0004877	384	1	1	1	1	NA	2.83	NA	17	0	17	17	#N/A	#N/A
OG0004890	303	1	1	1	1	NA	2.83	NA	17	0	17	17	-	-
OG0004897	531	0	1	1	1	1	2.83	2.83	17	17	17	17	Prephenate dehydratase	E
OG0004900	108	0	1	1	1	1	2.83	2.83	17	17	17	17	#N/A	#N/A
OG0004909	135	0	1	1	1	1	2.83	2.83	17	17	17	17	#N/A	#N/A
OG0004921	201	0	1	1	1	1	2.83	2.83	17	17	17	17	Domain of unknown function (DUF3173)	S
OG0004936	561	0	1	1	1	1	2.83	2.83	17	17	17	17	#N/A	#N/A
OG0004937	2868	0	1	1	1	1	2.83	2.83	17	17	17	17	Nacht domain	T
OG0004941	252	0	1	1	1	1	2.83	2.83	17	17	17	17	#N/A	#N/A
OG0004943	225	1	1	1	1	NA	2.83	NA	17	0	17	17	#N/A	#N/A
OG0004953	2901	0	1	1	1	1	2.83	2.83	17	17	17	17	#N/A	#N/A
OG0004954	105	0	1	1	1	1	2.83	2.83	17	17	17	17	#N/A	#N/A
OG0004976	102	0	1	1	1	1	2.83	2.83	17	17	17	17	#N/A	#N/A
OG0004984	219	0	1	1	1	1	2.83	2.83	17	17	17	17	#N/A	#N/A
OG0004996	6288	0	1	1	1	1	2.83	2.83	17	17	17	17	#N/A	#N/A
OG0005023	2214	0	1	1	1	1	2.83	2.83	17	17	17	17	Subtilase family	O
OG0005040	1182	1	1	1	1	NA	2.83	NA	17	0	17	17	T=7 icosahedral viral capsid	S
OG0005041	264	1	1	1	1	NA	2.83	NA	17	0	17	17	-	-
OG0005111	252	0	1	1	1	1	2.83	2.83	17	17	17	17	#N/A	#N/A
OG0005112	186	0	1	1	1	1	2.83	2.83	17	17	17	17	#N/A	#N/A
OG0005119	417	0	1	1	1	1	2.83	2.83	17	17	17	17	#N/A	#N/A
OG0005124	159	0	1	1	1	1	2.83	2.83	17	17	17	17	#N/A	#N/A
OG0005145	207	1	1	1	1	NA	2.83	NA	17	0	17	17	PFAM AIG2 family protein	S
OG0005146	168	1	1	1	1	NA	2.83	NA	17	0	17	17	#N/A	#N/A
OG0005210	327	1	1	1	1	NA	2.83	NA	17	0	17	17	#N/A	#N/A
OG0005287	315	0	1	1	1	1	2.83	2.83	17	17	17	17	Allows the formation of correctly charged Asn-tRNA(Asn) or Gln-tRNA(Gln) through the transamidation of misacylated Asp- tRNA(Asn) or Glu-tRNA(Gln) in organisms which lack either or both of asparaginyl-tRNA or glutaminyl-tRNA synthetases. The reaction takes place in the presence of glutamine and ATP through an activated phospho-Asp-tRNA(Asn) or phospho-Glu-tRNA(Gln)	J
OG0005289	213	0	1	1	1	1	2.83	2.83	17	17	17	17	#N/A	#N/A
OG0005335	105	0	1	1	1	1	2.83	2.83	17	17	17	17	#N/A	#N/A
OG0005336	180	0	1	1	1	1	2.83	2.83	17	17	17	17	#N/A	#N/A
OG0005348	228	1	1	1	1	NA	2.83	NA	17	0	17	17	#N/A	#N/A
OG0005355	189	1	1	1	1	NA	2.83	NA	17	0	17	17	#N/A	#N/A
OG0005461	339	0	1	1	1	1	2.83	2.83	17	17	17	17	"Glycosyl hydrolase family 20, catalytic domain"	G
OG0005462	156	0	1	1	1	1	2.83	2.83	17	17	17	17	#N/A	#N/A
OG0005470	252	0	1	1	1	1	2.83	2.83	17	17	17	17	#N/A	#N/A
OG0005473	168	0	1	1	1	1	2.83	2.83	17	17	17	17	#N/A	#N/A
OG0005474	789	0	1	1	1	1	2.83	2.83	17	17	17	17	#N/A	#N/A
OG0005483	714	0	1	1	1	1	2.83	2.83	17	17	17	17	#N/A	#N/A
OG0005486	162	0	1	1	1	1	2.83	2.83	17	17	17	17	#N/A	#N/A
OG0005521	276	0	1	1	1	1	2.83	2.83	17	17	17	17	#N/A	#N/A
OG0005522	156	0	1	1	1	1	2.83	2.83	17	17	17	17	#N/A	#N/A
OG0005530	450	0	1	1	1	1	2.83	2.83	17	17	17	17	#N/A	#N/A
OG0005534	144	0	1	1	1	1	2.83	2.83	17	17	17	17	#N/A	#N/A
OG0005537	114	0	1	1	1	1	2.83	2.83	17	17	17	17	#N/A	#N/A
OG0005573	225	0	1	1	1	1	2.83	2.83	17	17	17	17	#N/A	#N/A
OG0005577	90	0	1	1	1	1	2.83	2.83	17	17	17	17	#N/A	#N/A
OG0005579	345	0	1	1	1	1	2.83	2.83	17	17	17	17	Nucleoside recognition domain protein	S
OG0005595	720	0	1	1	1	1	2.83	2.83	17	17	17	17	#N/A	#N/A
OG0005608	99	0	1	1	1	1	2.83	2.83	17	17	17	17	#N/A	#N/A
OG0005661	153	0	1	1	1	1	2.83	2.83	17	17	17	17	#N/A	#N/A
OG0005678	120	0	1	1	1	1	2.83	2.83	17	17	17	17	#N/A	#N/A
OG0005679	585	0	1	1	1	1	2.83	2.83	17	17	17	17	#N/A	#N/A
OG0005681	213	0	1	1	1	1	2.83	2.83	17	17	17	17	Catalyzes the synthesis of the hydroxymethylpyrimidine phosphate (HMP-P) moiety of thiamine from aminoimidazole ribotide (AIR) in a radical S-adenosyl-L-methionine (SAM)-dependent reaction	H
OG0005691	105	0	1	1	1	1	2.83	2.83	17	17	17	17	#N/A	#N/A
OG0005699	165	0	1	1	1	1	2.83	2.83	17	17	17	17	#N/A	#N/A
OG0005745	363	0	1	1	1	1	2.83	2.83	17	17	17	17	#N/A	#N/A
OG0005767	165	0	1	1	1	1	2.83	2.83	17	17	17	17	#N/A	#N/A
OG0005785	228	0	1	1	1	1	2.83	2.83	17	17	17	17	#N/A	#N/A
OG0005809	108	0	1	1	1	1	2.83	2.83	17	17	17	17	#N/A	#N/A
OG0005811	105	0	1	1	1	1	2.83	2.83	17	17	17	17	#N/A	#N/A
OG0005823	228	1	1	1	1	NA	2.83	NA	17	0	17	17	#N/A	#N/A
OG0005845	240	1	1	1	1	NA	2.83	NA	17	0	17	17	#N/A	#N/A
OG0005874	96	1	1	1	1	NA	2.83	NA	17	0	17	17	#N/A	#N/A
OG0005943	351	1	1	1	1	NA	2.83	NA	17	0	17	17	-	-
OG0005950	99	0	1	1	1	1	2.83	2.83	17	17	17	17	#N/A	#N/A
OG0005955	882	0	1	1	1	1	2.83	2.83	17	17	17	17	Transport permease protein	V
OG0005956	321	0	1	1	1	1	2.83	2.83	17	17	17	17	Involved in unsaturated fatty acids biosynthesis. Catalyzes the dehydration of short chain beta-hydroxyacyl-ACPs and long chain saturated and unsaturated beta-hydroxyacyl-ACPs	I
OG0006122	162	0	1	1	1	1	2.83	2.83	17	17	17	17	#N/A	#N/A
OG0006394	105	0	1	1	1	1	2.83	2.83	17	17	17	17	#N/A	#N/A
OG0006743	138	0	1	1	1	1	2.83	2.83	17	17	17	17	#N/A	#N/A
OG0006758	447	0	1	1	1	1	2.83	2.83	17	17	17	17	Sodium/hydrogen exchanger family	P
OG0006759	177	0	1	1	1	1	2.83	2.83	17	17	17	17	#N/A	#N/A
OG0006767	243	0	1	1	1	1	2.83	2.83	17	17	17	17	Belongs to the D-glutamate cyclase family	S
OG0006768	96	0	1	1	1	1	2.83	2.83	17	17	17	17	#N/A	#N/A
OG0006802	171	0	1	1	1	1	2.83	2.83	17	17	17	17	#N/A	#N/A
OG0006820	114	0	1	1	1	1	2.83	2.83	17	17	17	17	#N/A	#N/A
OG0006888	297	0	1	1	1	1	2.83	2.83	17	17	17	17	#N/A	#N/A
OG0006890	2040	0	1	1	1	1	2.83	2.83	17	17	17	17	-	-
OG0006897	174	0	1	1	1	1	2.83	2.83	17	17	17	17	#N/A	#N/A
OG0006898	159	0	1	1	1	1	2.83	2.83	17	17	17	17	#N/A	#N/A
OG0006906	138	0	1	1	1	1	2.83	2.83	17	17	17	17	#N/A	#N/A
OG0006907	165	0	1	1	1	1	2.83	2.83	17	17	17	17	#N/A	#N/A
OG0006929	156	0	1	1	1	1	2.83	2.83	17	17	17	17	#N/A	#N/A
OG0006957	1194	0	1	1	1	1	2.83	2.83	17	17	17	17	#N/A	#N/A
OG0007007	249	0	1	1	1	1	2.83	2.83	17	17	17	17	#N/A	#N/A
OG0007014	96	0	1	1	1	1	2.83	2.83	17	17	17	17	#N/A	#N/A
OG0007041	453	0	1	1	1	1	2.83	2.83	17	17	17	17	Beta-galactosidase	G
OG0007090	324	0	1	1	1	1	2.83	2.83	17	17	17	17	#N/A	#N/A
OG0007091	291	0	1	1	1	1	2.83	2.83	17	17	17	17	#N/A	#N/A
OG0007137	273	0	1	1	1	1	2.83	2.83	17	17	17	17	#N/A	#N/A
OG0007138	795	0	1	1	1	1	2.83	2.83	17	17	17	17	#N/A	#N/A
OG0007142	1191	0	1	1	1	1	2.83	2.83	17	17	17	17	AIPR protein	S
OG0007155	801	0	1	1	1	1	2.83	2.83	17	17	17	17	Transport permease protein	V
OG0007171	1299	0	1	1	1	1	2.83	2.83	17	17	17	17	#N/A	#N/A
OG0007190	456	0	1	1	1	1	2.83	2.83	17	17	17	17	#N/A	#N/A
OG0007191	549	0	1	1	1	1	2.83	2.83	17	17	17	17	#N/A	#N/A
OG0007210	141	0	1	1	1	1	2.83	2.83	17	17	17	17	#N/A	#N/A
OG0007228	174	0	1	1	1	1	2.83	2.83	17	17	17	17	#N/A	#N/A
OG0007246	600	0	1	1	1	1	2.83	2.83	17	17	17	17	Nitrate reductase delta subunit	C
OG0007250	567	0	1	1	1	1	2.83	2.83	17	17	17	17	#N/A	#N/A
OG0007261	108	0	1	1	1	1	2.83	2.83	17	17	17	17	#N/A	#N/A
OG0007266	189	0	1	1	1	1	2.83	2.83	17	17	17	17	#N/A	#N/A
OG0007270	102	0	1	1	1	1	2.83	2.83	17	17	17	17	#N/A	#N/A
OG0007273	207	0	1	1	1	1	2.83	2.83	17	17	17	17	#N/A	#N/A
OG0007297	147	0	1	1	1	1	2.83	2.83	17	17	17	17	#N/A	#N/A
OG0007325	714	0	1	1	1	1	2.83	2.83	17	17	17	17	#N/A	#N/A
OG0007326	801	0	1	1	1	1	2.83	2.83	17	17	17	17	#N/A	#N/A
OG0007333	297	0	1	1	1	1	2.83	2.83	17	17	17	17	#N/A	#N/A
OG0007334	351	0	1	1	1	1	2.83	2.83	17	17	17	17	#N/A	#N/A
OG0007339	459	0	1	1	1	1	2.83	2.83	17	17	17	17	#N/A	#N/A
OG0007342	585	0	1	1	1	1	2.83	2.83	17	17	17	17	#N/A	#N/A
OG0007364	342	0	1	1	1	1	2.83	2.83	17	17	17	17	Catalyzes the dehydration of D-mannonate	G
OG0007365	1215	0	1	1	1	1	2.83	2.83	17	17	17	17	#N/A	#N/A
OG0007366	90	0	1	1	1	1	2.83	2.83	17	17	17	17	#N/A	#N/A
OG0007368	174	0	1	1	1	1	2.83	2.83	17	17	17	17	#N/A	#N/A
OG0007398	144	0	1	1	1	1	2.83	2.83	17	17	17	17	#N/A	#N/A
OG0007413	309	0	1	1	1	1	2.83	2.83	17	17	17	17	#N/A	#N/A
OG0007435	288	0	1	1	1	1	2.83	2.83	17	17	17	17	#N/A	#N/A
OG0007454	642	0	1	1	1	1	2.83	2.83	17	17	17	17	#N/A	#N/A
OG0007458	8253	0	1	1	1	1	2.83	2.83	17	17	17	17	#N/A	#N/A
OG0007461	8226	0	1	1	1	1	2.83	2.83	17	17	17	17	#N/A	#N/A
OG0007462	5304	0	1	1	1	1	2.83	2.83	17	17	17	17	#N/A	#N/A
OG0007463	168	0	1	1	1	1	2.83	2.83	17	17	17	17	#N/A	#N/A
OG0007473	135	0	1	1	1	1	2.83	2.83	17	17	17	17	#N/A	#N/A
OG0007484	105	0	1	1	1	1	2.83	2.83	17	17	17	17	#N/A	#N/A
OG0007485	282	0	1	1	1	1	2.83	2.83	17	17	17	17	Belongs to the DNA polymerase type-Y family	L
OG0007487	141	0	1	1	1	1	2.83	2.83	17	17	17	17	#N/A	#N/A
OG0007489	555	0	1	1	1	1	2.83	2.83	17	17	17	17	#N/A	#N/A
OG0007528	189	1	1	1	1	NA	2.83	NA	17	0	17	17	#N/A	#N/A
OG0007547	222	0	1	1	1	1	2.83	2.83	17	17	17	17	#N/A	#N/A
OG0007562	126	0	1	1	1	1	2.83	2.83	17	17	17	17	#N/A	#N/A
OG0007640	105	0	1	1	1	1	2.83	2.83	17	17	17	17	#N/A	#N/A
OG0007642	4899	0	1	1	1	1	2.83	2.83	17	17	17	17	#N/A	#N/A
OG0007678	138	0	1	1	1	1	2.83	2.83	17	17	17	17	#N/A	#N/A
OG0007680	330	0	1	1	1	1	2.83	2.83	17	17	17	17	Belongs to the universal ribosomal protein uS2 family	J
OG0007696	105	0	1	1	1	1	2.83	2.83	17	17	17	17	#N/A	#N/A
OG0007701	96	0	1	1	1	1	2.83	2.83	17	17	17	17	#N/A	#N/A
OG0007702	108	0	1	1	1	1	2.83	2.83	17	17	17	17	#N/A	#N/A
OG0007715	150	0	1	1	1	1	2.83	2.83	17	17	17	17	#N/A	#N/A
OG0007729	156	1	1	1	1	NA	2.83	NA	17	0	17	17	#N/A	#N/A
OG0007732	1452	1	1	1	1	NA	2.83	NA	17	0	17	17	#N/A	#N/A
OG0007733	144	1	1	1	1	NA	2.83	NA	17	0	17	17	#N/A	#N/A
OG0007734	186	1	1	1	1	NA	2.83	NA	17	0	17	17	#N/A	#N/A
OG0007736	225	1	1	1	1	NA	2.83	NA	17	0	17	17	Catalyzes the condensation of iminoaspartate with dihydroxyacetone phosphate to form quinolinate	H
OG0007777	189	0	1	1	1	1	2.83	2.83	17	17	17	17	#N/A	#N/A
OG0007779	156	0	1	1	1	1	2.83	2.83	17	17	17	17	#N/A	#N/A
OG0007798	237	1	1	1	1	NA	2.83	NA	17	0	17	17	#N/A	#N/A
OG0007821	705	0	1	1	1	1	2.83	2.83	17	17	17	17	-	-
OG0007845	468	0	1	1	1	1	2.83	2.83	17	17	17	17	"COG1853 Conserved protein domain typically associated with flavoprotein oxygenases, DIM6 NTAB family"	S
OG0007853	612	0	1	1	1	1	2.83	2.83	17	17	17	17	"Cupin 2, conserved barrel domain protein"	G
OG0007857	144	0	1	1	1	1	2.83	2.83	17	17	17	17	#N/A	#N/A
OG0007896	201	0	1	1	1	1	2.83	2.83	17	17	17	17	#N/A	#N/A
OG0007909	237	0	1	1	1	1	2.83	2.83	17	17	17	17	#N/A	#N/A
OG0007927	234	0	1	1	1	1	2.83	2.83	17	17	17	17	#N/A	#N/A
OG0007928	183	0	1	1	1	1	2.83	2.83	17	17	17	17	#N/A	#N/A
OG0007929	381	1	1	1	1	NA	2.83	NA	17	0	17	17	#N/A	#N/A
OG0007950	228	0	1	1	1	1	2.83	2.83	17	17	17	17	#N/A	#N/A
OG0007955	180	1	1	1	1	NA	2.83	NA	17	0	17	17	#N/A	#N/A
OG0007977	1416	0	1	1	1	1	2.83	2.83	17	17	17	17	-	-
OG0007998	2319	0	1	1	1	1	2.83	2.83	17	17	17	17	#N/A	#N/A
OG0008002	3225	0	1	1	1	1	2.83	2.83	17	17	17	17	SIR2-like domain	S
OG0008011	183	0	1	1	1	1	2.83	2.83	17	17	17	17	Catalyzes the phosphorylation of the 3'-hydroxyl group of dephosphocoenzyme A to form coenzyme A	F
OG0008035	96	0	1	1	1	1	2.83	2.83	17	17	17	17	#N/A	#N/A
OG0008040	114	0	1	1	1	1	2.83	2.83	17	17	17	17	#N/A	#N/A
OG0008066	7344	0	1	1	1	1	2.83	2.83	17	17	17	17	#N/A	#N/A
OG0008069	216	0	1	1	1	1	2.83	2.83	17	17	17	17	#N/A	#N/A
OG0008073	105	0	1	1	1	1	2.83	2.83	17	17	17	17	#N/A	#N/A
OG0008083	147	0	1	1	1	1	2.83	2.83	17	17	17	17	#N/A	#N/A
OG0008091	162	1	1	1	1	NA	2.83	NA	17	0	17	17	#N/A	#N/A
OG0008098	582	0	1	1	1	1	2.83	2.83	17	17	17	17	#N/A	#N/A
OG0008100	105	0	1	1	1	1	2.83	2.83	17	17	17	17	#N/A	#N/A
OG0008138	216	0	1	1	1	1	2.83	2.83	17	17	17	17	#N/A	#N/A
OG0008149	351	0	1	1	1	1	2.83	2.83	17	17	17	17	"BCCT, betaine/carnitine/choline family transporter"	M
OG0008173	933	0	1	1	1	1	2.83	2.83	17	17	17	17	#N/A	#N/A
OG0008180	1002	0	1	1	1	1	2.83	2.83	17	17	17	17	#N/A	#N/A
OG0008182	666	0	1	1	1	1	2.83	2.83	17	17	17	17	#N/A	#N/A
OG0008184	141	0	1	1	1	1	2.83	2.83	17	17	17	17	Glutamine amidotransferase class-I	F
OG0008190	192	0	1	1	1	1	2.83	2.83	17	17	17	17	#N/A	#N/A
OG0008194	156	0	1	1	1	1	2.83	2.83	17	17	17	17	#N/A	#N/A
OG0008244	135	0	1	1	1	1	2.83	2.83	17	17	17	17	#N/A	#N/A
OG0000456	933	0.26	77	80	0.33	0.35	2.84	2.86	44	42	14.49	14.49	Belongs to the cysteine synthase cystathionine beta- synthase family	E
OG0003620	108	1	2	4	0.29	NA	2.84	NA	19	0	5.5	5.5	#N/A	#N/A
OG0003809	414	0.33	3	3	0.69	0.73	2.84	2.78	18	17	12.33	12.33	#N/A	#N/A
OG0004108	456	0	2	2	0.78	0.78	2.84	2.84	18	18	14	14	#N/A	#N/A
OG0004675	303	0.5	1	2	0.81	0.81	2.84	2.89	18	18	14.5	14.5	#N/A	#N/A
OG0004700	1342.5	0	2	2	0.81	0.81	2.84	2.84	18	18	14.5	14.5	"Permease for cytosine/purines, uracil, thiamine, allantoin"	F
OG0000627	1095	0.24	77	78	0.38	0.39	2.85	2.88	37	36	13.9	13.9	Fusaric acid resistance protein family	S
OG0003244	8124	0	6	6	0.63	0.63	2.85	2.85	21	21	13.33	13.33	Phage minor structural protein	S
OG0003268	1449	0	6	6	0.72	0.72	2.85	2.85	19	19	13.67	13.67	O-antigen polysaccharide polymerase Wzy	S
OG0004053	318	0.33	3	3	0.81	0.81	2.85	2.87	18	18	14.67	14.67	#N/A	#N/A
OG0004054	267	0	3	3	0.91	0.91	2.85	2.85	18	18	16.33	16.33	#N/A	#N/A
OG0004296	442.5	0	2	2	0.83	0.83	2.85	2.85	18	18	15	15	Topoisomerase IV is essential for chromosome segregation. It relaxes supercoiled DNA. Performs the decatenation events required during the replication of a circular DNA molecule	L
OG0004387	297	0	2	2	0.83	0.83	2.85	2.85	18	18	15	15	#N/A	#N/A
OG0003235	435	0	6	6	0.94	0.94	2.86	2.86	18	18	17	17	-	-
OG0004477	489	0	2	2	0.89	0.89	2.86	2.86	18	18	16	16	DinB superfamily	S
OG0003269	1542	0.17	6	6	0.77	0.81	2.87	2.83	19	18	14.67	14.67	Polysaccharide biosynthesis protein	S
OG0004297	451.5	0.5	2	2	0.53	0.56	2.87	2.83	18	17	9.5	9.5	One of the essential components for the initiation of protein synthesis. Protects formylmethionyl-tRNA from spontaneous hydrolysis and promotes its binding to the 30S ribosomal subunits. Also involved in the hydrolysis of GTP during the formation of the 70S ribosomal complex	J
OG0004349	408	0	2	2	0.92	0.92	2.87	2.87	18	18	16.5	16.5	Protein of unknown function (DUF2000)	S
OG0004457	294	0	2	2	0.94	0.94	2.87	2.87	18	18	17	17	Likely ribonuclease with RNase H fold.	K
OG0004801	537	1	2	2	0.94	NA	2.87	NA	18	0	17	17	#N/A	#N/A
OG0000566	1488	0.25	77	77	0.25	0.26	2.88	2.93	49	48	12.34	12.34	Belongs to the class-II aminoacyl-tRNA synthetase family	J
OG0000974	1761	0	77	77	0.29	0.29	2.88	2.88	49	49	13.99	13.99	Belongs to the pyruvate kinase family	F
OG0004163	108	0	2	2	0.97	0.97	2.88	2.88	18	18	17.5	17.5	#N/A	#N/A
OG0004757	682.5	0.5	2	2	0.97	0.97	2.88	2.89	18	18	17.5	17.5	Zn peptidase	E
OG0004793	1872	0	2	2	0.97	0.97	2.88	2.88	18	18	17.5	17.5	Belongs to the ClpA ClpB family	O
OG0000887	327	0.23	77	77	0.35	0.35	2.89	2.92	43	43	15.22	15.22	Belongs to the anti-sigma-factor antagonist family	T
OG0000973	969	0	77	77	0.29	0.29	2.89	2.89	50	50	14.6	14.6	"Catalyzes the phosphorylation of D-fructose 6-phosphate to fructose 1,6-bisphosphate by ATP, the first committing step of glycolysis"	F
OG0004537	178.5	1	1	2	0.66	NA	2.89	NA	19	0	12.5	12.5	#N/A	#N/A
OG0004674	387	0.5	1	2	0.79	0.79	2.89	2.94	19	19	15	15	#N/A	#N/A
OG0004717	481.5	0.5	1	2	0.5	0.64	2.89	2.64	18	14	9	9	#N/A	#N/A
OG0004764	481.5	1	2	2	0.61	NA	2.89	NA	19	0	11.5	11.5	#N/A	#N/A
OG0004794	468	0	2	2	1	1	2.89	2.89	18	18	18	18	#N/A	#N/A
OG0004836	105	0	1	1	1	1	2.89	2.89	18	18	18	18	#N/A	#N/A
OG0004852	1527	0	1	1	1	1	2.89	2.89	18	18	18	18	catalyzes the hydrolysis of a monocarboxylic acid amid to form a monocarboxylate and ammonia	J
OG0004860	198	1	1	1	1	NA	2.89	NA	18	0	18	18	#N/A	#N/A
OG0004861	96	0	1	1	1	1	2.89	2.89	18	18	18	18	#N/A	#N/A
OG0004879	105	0	1	1	1	1	2.89	2.89	18	18	18	18	#N/A	#N/A
OG0004889	102	0	1	1	1	1	2.89	2.89	18	18	18	18	DinB family	S
OG0004894	279	0	1	1	1	1	2.89	2.89	18	18	18	18	#N/A	#N/A
OG0004896	303	0	1	1	1	1	2.89	2.89	18	18	18	18	"(4S)-4-hydroxy-5-phosphonooxypentane-2,3-dione isomerase activity"	S
OG0004957	171	0	1	1	1	1	2.89	2.89	18	18	18	18	#N/A	#N/A
OG0004963	249	0	1	1	1	1	2.89	2.89	18	18	18	18	#N/A	#N/A
OG0004972	93	0	1	1	1	1	2.89	2.89	18	18	18	18	#N/A	#N/A
OG0004986	111	0	1	1	1	1	2.89	2.89	18	18	18	18	#N/A	#N/A
OG0004991	183	0	1	1	1	1	2.89	2.89	18	18	18	18	#N/A	#N/A
OG0005001	237	0	1	1	1	1	2.89	2.89	18	18	18	18	#N/A	#N/A
OG0005042	315	1	1	1	1	NA	2.89	NA	18	0	18	18	-	-
OG0005104	195	0	1	1	1	1	2.89	2.89	18	18	18	18	#N/A	#N/A
OG0005147	807	1	1	1	1	NA	2.89	NA	18	0	18	18	#N/A	#N/A
OG0005193	162	0	1	1	1	1	2.89	2.89	18	18	18	18	#N/A	#N/A
OG0005219	315	0	1	1	1	1	2.89	2.89	18	18	18	18	Single-stranded-DNA-specific exonuclease recj	L
OG0005240	141	0	1	1	1	1	2.89	2.89	18	18	18	18	#N/A	#N/A
OG0005278	159	0	1	1	1	1	2.89	2.89	18	18	18	18	Protein of unknown function (DUF2871)	S
OG0005301	180	0	1	1	1	1	2.89	2.89	18	18	18	18	Catalyzes the attachment of L-aspartate to tRNA(Asp) in a two-step reaction L-aspartate is first activated by ATP to form Asp-AMP and then transferred to the acceptor end of tRNA(Asp)	J
OG0005317	381	0	1	1	1	1	2.89	2.89	18	18	18	18	Catalyzes the thiamine diphosphate-dependent decarboxylation of 2-oxoglutarate and the subsequent addition of the resulting succinic semialdehyde-thiamine pyrophosphate anion to isochorismate to yield 2-succinyl-5-enolpyruvyl-6-hydroxy-3- cyclohexene-1-carboxylate (SEPHCHC)	H
OG0005329	288	0	1	1	1	1	2.89	2.89	18	18	18	18	#N/A	#N/A
OG0005341	117	0	1	1	1	1	2.89	2.89	18	18	18	18	#N/A	#N/A
OG0005448	174	0	1	1	1	1	2.89	2.89	18	18	18	18	"Catalyzes the reversible reaction in which hydroxymethyl group from 5,10-methylenetetrahydrofolate is transferred onto alpha-ketoisovalerate to form ketopantoate"	H
OG0005450	261	0	1	1	1	1	2.89	2.89	18	18	18	18	-	-
OG0005482	249	0	1	1	1	1	2.89	2.89	18	18	18	18	#N/A	#N/A
OG0005572	129	0	1	1	1	1	2.89	2.89	18	18	18	18	#N/A	#N/A
OG0005575	126	0	1	1	1	1	2.89	2.89	18	18	18	18	#N/A	#N/A
OG0005586	357	0	1	1	1	1	2.89	2.89	18	18	18	18	#N/A	#N/A
OG0005587	192	0	1	1	1	1	2.89	2.89	18	18	18	18	#N/A	#N/A
OG0005606	267	0	1	1	1	1	2.89	2.89	18	18	18	18	Converts the aldose L-fucose into the corresponding ketose L-fuculose	G
OG0005689	267	0	1	1	1	1	2.89	2.89	18	18	18	18	#N/A	#N/A
OG0005690	132	0	1	1	1	1	2.89	2.89	18	18	18	18	#N/A	#N/A
OG0005692	105	0	1	1	1	1	2.89	2.89	18	18	18	18	#N/A	#N/A
OG0005693	267	0	1	1	1	1	2.89	2.89	18	18	18	18	#N/A	#N/A
OG0005721	96	0	1	1	1	1	2.89	2.89	18	18	18	18	Sigma factors are initiation factors that promote the attachment of RNA polymerase to specific initiation sites and are then released	K
OG0005757	978	0	1	1	1	1	2.89	2.89	18	18	18	18	#N/A	#N/A
OG0005778	135	0	1	1	1	1	2.89	2.89	18	18	18	18	#N/A	#N/A
OG0005794	339	0	1	1	1	1	2.89	2.89	18	18	18	18	#N/A	#N/A
OG0005840	2001	1	1	1	1	NA	2.89	NA	18	0	18	18	#N/A	#N/A
OG0005858	153	1	1	1	1	NA	2.89	NA	18	0	18	18	#N/A	#N/A
OG0005919	855	0	1	1	1	1	2.89	2.89	18	18	18	18	#N/A	#N/A
OG0005921	249	0	1	1	1	1	2.89	2.89	18	18	18	18	#N/A	#N/A
OG0005933	213	0	1	1	1	1	2.89	2.89	18	18	18	18	Nitroreductase family	C
OG0005945	105	0	1	1	1	1	2.89	2.89	18	18	18	18	#N/A	#N/A
OG0005967	207	0	1	1	1	1	2.89	2.89	18	18	18	18	#N/A	#N/A
OG0005968	246	0	1	1	1	1	2.89	2.89	18	18	18	18	#N/A	#N/A
OG0006034	129	0	1	1	1	1	2.89	2.89	18	18	18	18	#N/A	#N/A
OG0006097	123	0	1	1	1	1	2.89	2.89	18	18	18	18	#N/A	#N/A
OG0006119	114	0	1	1	1	1	2.89	2.89	18	18	18	18	#N/A	#N/A
OG0006135	93	0	1	1	1	1	2.89	2.89	18	18	18	18	#N/A	#N/A
OG0006136	210	0	1	1	1	1	2.89	2.89	18	18	18	18	"7,8-dihydro-6-hydroxymethylpterin-pyrophosphokinase (HPPK)"	H
OG0006137	327	0	1	1	1	1	2.89	2.89	18	18	18	18	Belongs to the class-II aminoacyl-tRNA synthetase family	J
OG0006255	657	0	1	1	1	1	2.89	2.89	18	18	18	18	#N/A	#N/A
OG0006762	174	0	1	1	1	1	2.89	2.89	18	18	18	18	#N/A	#N/A
OG0006775	168	0	1	1	1	1	2.89	2.89	18	18	18	18	#N/A	#N/A
OG0006801	705	0	1	1	1	1	2.89	2.89	18	18	18	18	#N/A	#N/A
OG0006804	144	0	1	1	1	1	2.89	2.89	18	18	18	18	#N/A	#N/A
OG0006847	330	0	1	1	1	1	2.89	2.89	18	18	18	18	#N/A	#N/A
OG0006853	180	0	1	1	1	1	2.89	2.89	18	18	18	18	#N/A	#N/A
OG0006860	105	0	1	1	1	1	2.89	2.89	18	18	18	18	#N/A	#N/A
OG0006868	93	0	1	1	1	1	2.89	2.89	18	18	18	18	#N/A	#N/A
OG0006883	171	0	1	1	1	1	2.89	2.89	18	18	18	18	#N/A	#N/A
OG0006895	111	0	1	1	1	1	2.89	2.89	18	18	18	18	#N/A	#N/A
OG0006933	150	0	1	1	1	1	2.89	2.89	18	18	18	18	#N/A	#N/A
OG0006944	135	0	1	1	1	1	2.89	2.89	18	18	18	18	#N/A	#N/A
OG0006947	570	0	1	1	1	1	2.89	2.89	18	18	18	18	-	-
OG0006977	282	0	1	1	1	1	2.89	2.89	18	18	18	18	#N/A	#N/A
OG0007006	234	0	1	1	1	1	2.89	2.89	18	18	18	18	#N/A	#N/A
OG0007018	1542	0	1	1	1	1	2.89	2.89	18	18	18	18	"Psort location CytoplasmicMembrane, score"	S
OG0007022	102	0	1	1	1	1	2.89	2.89	18	18	18	18	#N/A	#N/A
OG0007040	1044	0	1	1	1	1	2.89	2.89	18	18	18	18	"Glutathione S-transferase, N-terminal domain"	O
OG0007056	489	0	1	1	1	1	2.89	2.89	18	18	18	18	#N/A	#N/A
OG0007062	153	0	1	1	1	1	2.89	2.89	18	18	18	18	#N/A	#N/A
OG0007063	171	0	1	1	1	1	2.89	2.89	18	18	18	18	#N/A	#N/A
OG0007088	243	0	1	1	1	1	2.89	2.89	18	18	18	18	#N/A	#N/A
OG0007089	1374	0	1	1	1	1	2.89	2.89	18	18	18	18	#N/A	#N/A
OG0007119	252	0	1	1	1	1	2.89	2.89	18	18	18	18	#N/A	#N/A
OG0007123	360	0	1	1	1	1	2.89	2.89	18	18	18	18	#N/A	#N/A
OG0007124	432	0	1	1	1	1	2.89	2.89	18	18	18	18	#N/A	#N/A
OG0007125	150	0	1	1	1	1	2.89	2.89	18	18	18	18	Prokaryotic metallothionein	S
OG0007139	243	0	1	1	1	1	2.89	2.89	18	18	18	18	-	-
OG0007141	1683	0	1	1	1	1	2.89	2.89	18	18	18	18	#N/A	#N/A
OG0007143	411	0	1	1	1	1	2.89	2.89	18	18	18	18	#N/A	#N/A
OG0007150	276	0	1	1	1	1	2.89	2.89	18	18	18	18	SpoVT / AbrB like domain	K
OG0007188	585	0	1	1	1	1	2.89	2.89	18	18	18	18	#N/A	#N/A
OG0007189	1110	0	1	1	1	1	2.89	2.89	18	18	18	18	#N/A	#N/A
OG0007204	378	0	1	1	1	1	2.89	2.89	18	18	18	18	SnoaL-like domain	S
OG0007211	411	0	1	1	1	1	2.89	2.89	18	18	18	18	#N/A	#N/A
OG0007220	2184	0	1	1	1	1	2.89	2.89	18	18	18	18	#N/A	#N/A
OG0007224	372	0	1	1	1	1	2.89	2.89	18	18	18	18	#N/A	#N/A
OG0007243	420	0	1	1	1	1	2.89	2.89	18	18	18	18	Hemerythrin HHE cation binding domain	S
OG0007244	303	0	1	1	1	1	2.89	2.89	18	18	18	18	#N/A	#N/A
OG0007245	273	0	1	1	1	1	2.89	2.89	18	18	18	18	-	-
OG0007248	780	0	1	1	1	1	2.89	2.89	18	18	18	18	#N/A	#N/A
OG0007286	111	1	1	1	1	NA	2.89	NA	18	0	18	18	#N/A	#N/A
OG0007310	108	0	1	1	1	1	2.89	2.89	18	18	18	18	#N/A	#N/A
OG0007311	93	0	1	1	1	1	2.89	2.89	18	18	18	18	#N/A	#N/A
OG0007313	315	0	1	1	1	1	2.89	2.89	18	18	18	18	#N/A	#N/A
OG0007330	207	0	1	1	1	1	2.89	2.89	18	18	18	18	#N/A	#N/A
OG0007331	552	0	1	1	1	1	2.89	2.89	18	18	18	18	#N/A	#N/A
OG0007335	783	0	1	1	1	1	2.89	2.89	18	18	18	18	#N/A	#N/A
OG0007337	576	0	1	1	1	1	2.89	2.89	18	18	18	18	#N/A	#N/A
OG0007338	903	0	1	1	1	1	2.89	2.89	18	18	18	18	#N/A	#N/A
OG0007340	771	0	1	1	1	1	2.89	2.89	18	18	18	18	#N/A	#N/A
OG0007353	105	0	1	1	1	1	2.89	2.89	18	18	18	18	#N/A	#N/A
OG0007375	231	0	1	1	1	1	2.89	2.89	18	18	18	18	#N/A	#N/A
OG0007376	270	0	1	1	1	1	2.89	2.89	18	18	18	18	-	-
OG0007378	267	0	1	1	1	1	2.89	2.89	18	18	18	18	#N/A	#N/A
OG0007386	567	0	1	1	1	1	2.89	2.89	18	18	18	18	Catalyzes the attachment of threonine to tRNA(Thr) in a two-step reaction L-threonine is first activated by ATP to form Thr-AMP and then transferred to the acceptor end of tRNA(Thr)	J
OG0007408	285	0	1	1	1	1	2.89	2.89	18	18	18	18	#N/A	#N/A
OG0007411	117	0	1	1	1	1	2.89	2.89	18	18	18	18	#N/A	#N/A
OG0007416	168	0	1	1	1	1	2.89	2.89	18	18	18	18	#N/A	#N/A
OG0007421	14424	0	1	1	1	1	2.89	2.89	18	18	18	18	#N/A	#N/A
OG0007427	495	0	1	1	1	1	2.89	2.89	18	18	18	18	#N/A	#N/A
OG0007432	306	0	1	1	1	1	2.89	2.89	18	18	18	18	#N/A	#N/A
OG0007440	7629	0	1	1	1	1	2.89	2.89	18	18	18	18	#N/A	#N/A
OG0007455	1743	0	1	1	1	1	2.89	2.89	18	18	18	18	#N/A	#N/A
OG0007474	1467	0	1	1	1	1	2.89	2.89	18	18	18	18	#N/A	#N/A
OG0007486	213	0	1	1	1	1	2.89	2.89	18	18	18	18	#N/A	#N/A
OG0007488	1080	0	1	1	1	1	2.89	2.89	18	18	18	18	#N/A	#N/A
OG0007490	708	0	1	1	1	1	2.89	2.89	18	18	18	18	#N/A	#N/A
OG0007546	174	0	1	1	1	1	2.89	2.89	18	18	18	18	#N/A	#N/A
OG0007558	111	0	1	1	1	1	2.89	2.89	18	18	18	18	#N/A	#N/A
OG0007565	825	0	1	1	1	1	2.89	2.89	18	18	18	18	Pfam:DUF867	S
OG0007574	267	0	1	1	1	1	2.89	2.89	18	18	18	18	"Catalyzes the anaerobic formation of alpha-ketobutyrate and ammonia from threonine in a two-step reaction. The first step involved a dehydration of threonine and a production of enamine intermediates (aminocrotonate), which tautomerizes to its imine form (iminobutyrate). Both intermediates are unstable and short- lived. The second step is the nonenzymatic hydrolysis of the enamine imine intermediates to form 2-ketobutyrate and free ammonia. In the low water environment of the cell, the second step is accelerated by RidA"	E
OG0007628	147	0	1	1	1	1	2.89	2.89	18	18	18	18	#N/A	#N/A
OG0007629	249	0	1	1	1	1	2.89	2.89	18	18	18	18	"hydrolase activity, acting on carbon-nitrogen (but not peptide) bonds"	S
OG0007632	156	0	1	1	1	1	2.89	2.89	18	18	18	18	#N/A	#N/A
OG0007652	162	1	1	1	1	NA	2.89	NA	18	0	18	18	#N/A	#N/A
OG0007664	744	0	1	1	1	1	2.89	2.89	18	18	18	18	ADP-ribosyltransferase exoenzyme	S
OG0007665	852	0	1	1	1	1	2.89	2.89	18	18	18	18	#N/A	#N/A
OG0007681	180	0	1	1	1	1	2.89	2.89	18	18	18	18	#N/A	#N/A
OG0007697	366	0	1	1	1	1	2.89	2.89	18	18	18	18	#N/A	#N/A
OG0007705	96	0	1	1	1	1	2.89	2.89	18	18	18	18	#N/A	#N/A
OG0007725	852	0	1	1	1	1	2.89	2.89	18	18	18	18	#N/A	#N/A
OG0007726	456	0	1	1	1	1	2.89	2.89	18	18	18	18	-	-
OG0007770	123	0	1	1	1	1	2.89	2.89	18	18	18	18	#N/A	#N/A
OG0007810	510	0	1	1	1	1	2.89	2.89	18	18	18	18	Domain of unknown function (DUF4411)	S
OG0007822	900	0	1	1	1	1	2.89	2.89	18	18	18	18	#N/A	#N/A
OG0007831	99	0	1	1	1	1	2.89	2.89	18	18	18	18	#N/A	#N/A
OG0007835	165	0	1	1	1	1	2.89	2.89	18	18	18	18	#N/A	#N/A
OG0007883	111	0	1	1	1	1	2.89	2.89	18	18	18	18	#N/A	#N/A
OG0007923	219	0	1	1	1	1	2.89	2.89	18	18	18	18	#N/A	#N/A
OG0007925	393	0	1	1	1	1	2.89	2.89	18	18	18	18	Activator of Hsp90 ATPase homolog 1-like protein	S
OG0007926	159	0	1	1	1	1	2.89	2.89	18	18	18	18	#N/A	#N/A
OG0007938	642	0	1	1	1	1	2.89	2.89	18	18	18	18	#N/A	#N/A
OG0007951	759	0	1	1	1	1	2.89	2.89	18	18	18	18	#N/A	#N/A
OG0007957	219	1	1	1	1	NA	2.89	NA	18	0	18	18	#N/A	#N/A
OG0007958	405	1	1	1	1	NA	2.89	NA	18	0	18	18	#N/A	#N/A
OG0007976	468	1	1	1	1	NA	2.89	NA	18	0	18	18	#N/A	#N/A
OG0007981	306	0	1	1	1	1	2.89	2.89	18	18	18	18	-	-
OG0007992	147	0	1	1	1	1	2.89	2.89	18	18	18	18	#N/A	#N/A
OG0007999	99	0	1	1	1	1	2.89	2.89	18	18	18	18	#N/A	#N/A
OG0008017	480	0	1	1	1	1	2.89	2.89	18	18	18	18	"Releases the supercoiling and torsional tension of DNA, which is introduced during the DNA replication and transcription, by transiently cleaving and rejoining one strand of the DNA duplex. Introduces a single-strand break via transesterification at a target site in duplex DNA. The scissile phosphodiester is attacked by the catalytic tyrosine of the enzyme, resulting in the formation of a DNA-(5'-phosphotyrosyl)-enzyme intermediate and the expulsion of a 3'-OH DNA strand. The free DNA strand then undergoes passage around the unbroken strand, thus removing DNA supercoils. Finally, in the religation step, the DNA 3'-OH attacks the covalent intermediate to expel the active-site tyrosine and restore the DNA phosphodiester backbone"	L
OG0008041	111	0	1	1	1	1	2.89	2.89	18	18	18	18	#N/A	#N/A
OG0008042	1317	0	1	1	1	1	2.89	2.89	18	18	18	18	#N/A	#N/A
OG0008043	93	0	1	1	1	1	2.89	2.89	18	18	18	18	#N/A	#N/A
OG0008054	366	0	1	1	1	1	2.89	2.89	18	18	18	18	methyltransferase	Q
OG0008077	168	0	1	1	1	1	2.89	2.89	18	18	18	18	#N/A	#N/A
OG0008078	969	0	1	1	1	1	2.89	2.89	18	18	18	18	COG1743 Adenine-specific DNA methylase containing a Zn-ribbon	L
OG0008082	597	0	1	1	1	1	2.89	2.89	18	18	18	18	#N/A	#N/A
OG0008089	192	1	1	1	1	NA	2.89	NA	18	0	18	18	#N/A	#N/A
OG0008126	126	0	1	1	1	1	2.89	2.89	18	18	18	18	#N/A	#N/A
OG0008140	165	0	1	1	1	1	2.89	2.89	18	18	18	18	#N/A	#N/A
OG0008152	1680	0	1	1	1	1	2.89	2.89	18	18	18	18	AIPR protein	S
OG0008181	612	0	1	1	1	1	2.89	2.89	18	18	18	18	#N/A	#N/A
OG0008183	819	0	1	1	1	1	2.89	2.89	18	18	18	18	#N/A	#N/A
OG0008187	150	0	1	1	1	1	2.89	2.89	18	18	18	18	#N/A	#N/A
OG0008188	222	0	1	1	1	1	2.89	2.89	18	18	18	18	#N/A	#N/A
OG0008211	90	0	1	1	1	1	2.89	2.89	18	18	18	18	#N/A	#N/A
OG0008214	195	0	1	1	1	1	2.89	2.89	18	18	18	18	#N/A	#N/A
OG0008219	669	0	1	1	1	1	2.89	2.89	18	18	18	18	#N/A	#N/A
OG0008233	186	0	1	1	1	1	2.89	2.89	18	18	18	18	#N/A	#N/A
OG0008243	165	0	1	1	1	1	2.89	2.89	18	18	18	18	#N/A	#N/A
OG0008254	207	0	1	1	1	1	2.89	2.89	18	18	18	18	#N/A	#N/A
OG0000457	2101.5	0.26	77	80	0.39	0.4	2.9	2.93	40	39	15.71	15.71	"Acts as a processive, ATP-dependent zinc metallopeptidase for both cytoplasmic and membrane proteins. Plays a role in the quality control of integral membrane proteins"	O
OG0000891	1005	0.23	77	77	0.31	0.34	2.9	2.9	47	43	14.51	14.51	"Involved in the biosynthesis of branched-chain amino acids (BCAA). Catalyzes an alkyl-migration followed by a ketol- acid reduction of (S)-2-acetolactate (S2AL) to yield (R)-2,3- dihydroxy-isovalerate. In the isomerase reaction, S2AL is rearranged via a Mg-dependent methyl migration to produce 3- hydroxy-3-methyl-2-ketobutyrate (HMKB). In the reductase reaction, this 2-ketoacid undergoes a metal-dependent reduction by NADPH to yield (R)-2,3-dihydroxy-isovalerate"	H
OG0000930	453	0.25	77	77	0.2	0.2	2.9	2.94	57	56	11.29	11.29	Belongs to the Fur family	K
OG0000975	1119	0	77	77	0.3	0.3	2.9	2.9	49	49	14.51	14.51	Belongs to the citrate synthase family	C
OG0001152	879	0.04	77	77	0.44	0.47	2.9	2.9	36	34	16	16	Associates with the EF-Tu.GDP complex and induces the exchange of GDP to GTP. It remains bound to the aminoacyl-tRNA.EF- Tu.GTP complex up to the GTP hydrolysis stage on the ribosome	J
OG0001361	888	0.26	77	77	0.17	0.17	2.9	2.95	64	63	10.97	10.97	"Catalyzes the formation of pyridoxal 5'-phosphate from ribose 5-phosphate (RBP), glyceraldehyde 3-phosphate (G3P) and ammonia. The ammonia is provided by the PdxT subunit. Can also use ribulose 5-phosphate and dihydroxyacetone phosphate as substrates, resulting from enzyme-catalyzed isomerization of RBP and G3P, respectively"	H
OG0003539	207	0	4	4	0.92	0.92	2.9	2.9	19	19	17.5	17.5	-	-
OG0003642	154.5	0	4	4	0.72	0.72	2.9	2.9	20	20	14.5	14.5	#N/A	#N/A
OG0003748	220.5	1	2	4	0.4	NA	2.9	NA	20	0	8	8	Phosphotransfer between the C1 and C5 carbon atoms of pentose	G
OG0003996	321	0	3	3	0.89	0.89	2.9	2.9	19	19	17	17	-	-
OG0003997	522	0	3	3	0.89	0.89	2.9	2.9	19	19	17	17	-	-
OG0004180	318	1	2	2	0.82	NA	2.9	NA	19	0	15.5	15.5	"Cag pathogenicity island, type IV secretory system"	S
OG0004181	975	1	2	2	0.82	NA	2.9	NA	19	0	15.5	15.5	#N/A	#N/A
OG0004287	499.5	0	2	2	0.84	0.84	2.9	2.9	19	19	16	16	#N/A	#N/A
OG0004620	354	1	1	2	0.84	NA	2.9	NA	19	0	16	16	#N/A	#N/A
OG0000338	1269	0.22	77	82	0.23	0.27	2.91	2.88	52	44	11.99	11.99	"Catalyzes the anaerobic formation of alpha-ketobutyrate and ammonia from threonine in a two-step reaction. The first step involved a dehydration of threonine and a production of enamine intermediates (aminocrotonate), which tautomerizes to its imine form (iminobutyrate). Both intermediates are unstable and short- lived. The second step is the nonenzymatic hydrolysis of the enamine imine intermediates to form 2-ketobutyrate and free ammonia. In the low water environment of the cell, the second step is accelerated by RidA"	E
OG0000972	945	0.01	77	77	0.3	0.3	2.91	2.92	50	50	15.22	15.22	"Component of the acetyl coenzyme A carboxylase (ACC) complex. First, biotin carboxylase catalyzes the carboxylation of biotin on its carrier protein (BCCP) and then the CO(2) group is transferred by the carboxyltransferase to acetyl-CoA to form malonyl-CoA"	I
OG0003234	552	0	6	6	0.87	0.87	2.91	2.91	20	20	17.33	17.33	-	-
OG0004382	189	0	2	2	0.89	0.89	2.91	2.91	19	19	17	17	#N/A	#N/A
OG0004478	1113	0	2	2	0.87	0.87	2.91	2.91	19	19	16.5	16.5	Cupin domain	Q
OG0004619	111	1	1	2	0.87	NA	2.91	NA	19	0	16.5	16.5	#N/A	#N/A
OG0004742	309	0	2	2	0.87	0.87	2.91	2.91	19	19	16.5	16.5	#N/A	#N/A
OG0000406	360	0.25	77	80	0.39	0.4	2.92	2.94	41	40	15.93	15.93	Toxic component of a toxin-antitoxin (TA) module	L
OG0000696	765	0.03	77	78	0.46	0.46	2.92	2.92	35	35	16.05	16.05	Catalyzes the condensation of isopentenyl diphosphate (IPP) with allylic pyrophosphates generating different type of terpenoids	H
OG0000766	564	0.27	77	78	0.17	0.18	2.92	2.96	66	64	11.23	11.23	Catalyzes the hydrolysis of glutamine to glutamate and ammonia as part of the biosynthesis of pyridoxal 5'-phosphate. The resulting ammonia molecule is channeled to the active site of PdxS	F
OG0000886	1002	0.23	77	77	0.36	0.36	2.92	2.96	44	44	15.77	15.77	Serine phosphatase RsbU regulator of sigma subunit	KT
OG0001409	171	0.24	75	76	0.39	0.4	2.92	2.95	41	40	16.04	16.04	Antitoxin component of a type II toxin-antitoxin (TA) system. Labile antitoxin that binds to cognate MazF toxin and counteracts its endoribonuclease activity	S
OG0001668	237	0.03	63	64	0.4	0.43	2.92	2.91	38	36	15.3	15.3	Uncharacterized protein conserved in bacteria (DUF2198)	S
OG0004094	888	0.67	3	3	0.49	0.79	2.92	2.56	21	13	10.33	10.33	#N/A	#N/A
OG0004616	429	0	2	2	0.92	0.92	2.92	2.92	19	19	17.5	17.5	-	-
OG0004661	447	0	2	2	0.92	0.92	2.92	2.92	19	19	17.5	17.5	-	-
OG0000854	684	0.25	77	77	0.26	0.31	2.93	2.88	49	42	12.97	12.97	Hemolysin III	S
OG0000888	480	0.23	77	77	0.31	0.31	2.93	2.97	49	49	15.27	15.27	"Negative regulator of sigma-B activity. Phosphorylates and inactivates its specific antagonist protein, RsbV. Upon phosphorylation of RsbV, RsbW is released and binds to sigma-B, thereby blocking its ability to form an RNA polymerase holoenzyme (E-sigma-B)"	T
OG0000892	474	0.23	77	77	0.29	0.31	2.93	2.94	51	47	14.75	14.75	Acetolactate synthase small	E
OG0000982	924	0	77	77	0.5	0.5	2.93	2.93	34	34	17.12	17.12	Primosomal protein DnaI	L
OG0001406	462	0.25	76	76	0.28	0.34	2.93	2.89	44	37	12.49	12.49	Multidrug resistance efflux pump SepA	U
OG0003226	186	0	6	6	0.63	0.63	2.93	2.93	23	23	14.5	14.5	YonK protein	S
OG0003777	849	0	3	3	0.71	0.71	2.93	2.93	21	21	15	15	DNA-binding protein	K
OG0003924	984	0	3	3	0.95	0.95	2.93	2.93	19	19	18	18	Domain of unknown function (DUF4872)	S
OG0003991	951	0	3	3	0.95	0.95	2.93	2.93	19	19	18	18	DNA/RNA non-specific endonuclease	S
OG0004168	514.5	0	2	2	0.95	0.95	2.93	2.93	19	19	18	18	Belongs to the SUA5 family	J
OG0000768	540	0.27	77	78	0.38	0.41	2.94	2.94	43	40	16.29	16.29	Belongs to the purine pyrimidine phosphoribosyltransferase family	F
OG0000976	1269	0	77	77	0.33	0.33	2.94	2.94	47	47	15.7	15.7	Isocitrate dehydrogenase NADP	C
OG0003113	222	0	7	7	0.72	0.72	2.94	2.94	22	22	15.86	15.86	#N/A	#N/A
OG0003562	271.5	0	4	4	0.64	0.64	2.94	2.94	21	21	13.5	13.5	#N/A	#N/A
OG0003633	246	0.25	4	4	0.7	0.74	2.94	2.93	21	20	14.75	14.75	#N/A	#N/A
OG0003768	135	0	3	3	1	1	2.94	2.94	19	19	19	19	#N/A	#N/A
OG0003789	1599	0.33	3	3	0.75	0.75	2.94	3	21	21	15.67	15.67	siderophore	Q
OG0003919	681	0.33	3	3	0.65	0.69	2.94	2.89	19	18	12.33	12.33	#N/A	#N/A
OG0004093	465	0.33	3	3	1	1	2.94	2.94	19	19	19	19	#N/A	#N/A
OG0004193	393	0.5	2	2	0.75	0.75	2.94	3	20	20	15	15	"Type III restriction enzyme, res subunit"	L
OG0004253	135	0	2	2	1	1	2.94	2.94	19	19	19	19	#N/A	#N/A
OG0004331	159	0.5	2	2	0.5	0.56	2.94	2.83	19	17	9.5	9.5	#N/A	#N/A
OG0004553	315	0	2	2	0.78	0.78	2.94	2.94	20	20	15.5	15.5	Catalyzes the condensation reaction of fatty acid synthesis by the addition to an acyl acceptor of two carbons from malonyl-ACP	I
OG0004599	201	0.5	2	2	0.78	0.82	2.94	2.94	20	19	15.5	15.5	#N/A	#N/A
OG0004714	142.5	0	2	2	1	1	2.94	2.94	19	19	19	19	#N/A	#N/A
OG0004790	2157	0	2	2	0.97	0.97	2.94	2.94	19	19	18.5	18.5	#N/A	#N/A
OG0004795	159	0	2	2	1	1	2.94	2.94	19	19	19	19	#N/A	#N/A
OG0004796	132	0	2	2	1	1	2.94	2.94	19	19	19	19	#N/A	#N/A
OG0004797	777	0	2	2	0.97	0.97	2.94	2.94	19	19	18.5	18.5	#N/A	#N/A
OG0004833	807	0	1	1	1	1	2.94	2.94	19	19	19	19	#N/A	#N/A
OG0004854	216	0	1	1	1	1	2.94	2.94	19	19	19	19	#N/A	#N/A
OG0004855	699	0	1	1	1	1	2.94	2.94	19	19	19	19	#N/A	#N/A
OG0004857	735	0	1	1	1	1	2.94	2.94	19	19	19	19	#N/A	#N/A
OG0004858	1203	0	1	1	1	1	2.94	2.94	19	19	19	19	#N/A	#N/A
OG0004874	561	0	1	1	1	1	2.94	2.94	19	19	19	19	-	-
OG0004886	183	0	1	1	1	1	2.94	2.94	19	19	19	19	#N/A	#N/A
OG0004898	1242	0	1	1	1	1	2.94	2.94	19	19	19	19	"von Willebrand factor, type A"	S
OG0004901	174	0	1	1	1	1	2.94	2.94	19	19	19	19	#N/A	#N/A
OG0004907	252	0	1	1	1	1	2.94	2.94	19	19	19	19	#N/A	#N/A
OG0004908	162	0	1	1	1	1	2.94	2.94	19	19	19	19	#N/A	#N/A
OG0004919	450	0	1	1	1	1	2.94	2.94	19	19	19	19	#N/A	#N/A
OG0004932	120	0	1	1	1	1	2.94	2.94	19	19	19	19	#N/A	#N/A
OG0004933	153	0	1	1	1	1	2.94	2.94	19	19	19	19	"conserved protein, contains S4-like domain"	S
OG0004940	1407	0	1	1	1	1	2.94	2.94	19	19	19	19	-	-
OG0004947	1215	0	1	1	1	1	2.94	2.94	19	19	19	19	#N/A	#N/A
OG0004958	129	0	1	1	1	1	2.94	2.94	19	19	19	19	#N/A	#N/A
OG0004961	189	0	1	1	1	1	2.94	2.94	19	19	19	19	#N/A	#N/A
OG0004962	330	0	1	1	1	1	2.94	2.94	19	19	19	19	#N/A	#N/A
OG0004971	132	0	1	1	1	1	2.94	2.94	19	19	19	19	#N/A	#N/A
OG0004979	429	0	1	1	1	1	2.94	2.94	19	19	19	19	#N/A	#N/A
OG0005009	225	0	1	1	1	1	2.94	2.94	19	19	19	19	#N/A	#N/A
OG0005010	168	0	1	1	1	1	2.94	2.94	19	19	19	19	Membrane	S
OG0005022	585	0	1	1	1	1	2.94	2.94	19	19	19	19	#N/A	#N/A
OG0005026	141	0	1	1	1	1	2.94	2.94	19	19	19	19	#N/A	#N/A
OG0005043	339	1	1	1	1	NA	2.94	NA	19	0	19	19	-	-
OG0005044	366	1	1	1	1	NA	2.94	NA	19	0	19	19	-	-
OG0005105	507	0	1	1	1	1	2.94	2.94	19	19	19	19	#N/A	#N/A
OG0005106	129	1	1	1	1	NA	2.94	NA	19	0	19	19	#N/A	#N/A
OG0005118	273	0	1	1	1	1	2.94	2.94	19	19	19	19	#N/A	#N/A
OG0005123	303	0	1	1	1	1	2.94	2.94	19	19	19	19	#N/A	#N/A
OG0005148	342	1	1	1	1	NA	2.94	NA	19	0	19	19	#N/A	#N/A
OG0005166	294	0	1	1	1	1	2.94	2.94	19	19	19	19	#N/A	#N/A
OG0005175	207	0	1	1	1	1	2.94	2.94	19	19	19	19	#N/A	#N/A
OG0005181	141	0	1	1	1	1	2.94	2.94	19	19	19	19	#N/A	#N/A
OG0005189	138	1	1	1	1	NA	2.94	NA	19	0	19	19	#N/A	#N/A
OG0005190	168	0	1	1	1	1	2.94	2.94	19	19	19	19	#N/A	#N/A
OG0005195	204	0	1	1	1	1	2.94	2.94	19	19	19	19	#N/A	#N/A
OG0005196	216	0	1	1	1	1	2.94	2.94	19	19	19	19	#N/A	#N/A
OG0005208	210	0	1	1	1	1	2.94	2.94	19	19	19	19	#N/A	#N/A
OG0005223	114	0	1	1	1	1	2.94	2.94	19	19	19	19	#N/A	#N/A
OG0005224	120	0	1	1	1	1	2.94	2.94	19	19	19	19	#N/A	#N/A
OG0005229	396	0	1	1	1	1	2.94	2.94	19	19	19	19	#N/A	#N/A
OG0005249	399	0	1	1	1	1	2.94	2.94	19	19	19	19	Catalyzes the formation of acetyl phosphate from acetate and ATP. Can also catalyze the reverse reaction	F
OG0005252	228	0	1	1	1	1	2.94	2.94	19	19	19	19	#N/A	#N/A
OG0005279	228	0	1	1	1	1	2.94	2.94	19	19	19	19	#N/A	#N/A
OG0005285	222	0	1	1	1	1	2.94	2.94	19	19	19	19	#N/A	#N/A
OG0005295	300	0	1	1	1	1	2.94	2.94	19	19	19	19	choline kinase involved in LPS biosynthesis	M
OG0005297	321	0	1	1	1	1	2.94	2.94	19	19	19	19	Catalyzes the attachment of tyrosine to tRNA(Tyr) in a two-step reaction tyrosine is first activated by ATP to form Tyr- AMP and then transferred to the acceptor end of tRNA(Tyr)	J
OG0005300	201	0	1	1	1	1	2.94	2.94	19	19	19	19	Negatively regulates transcription of bacterial ribonucleotide reductase nrd genes and operons by binding to NrdR- boxes	K
OG0005302	555	0	1	1	1	1	2.94	2.94	19	19	19	19	DEAD-box RNA helicase. May work in conjunction with the cold shock proteins to ensure proper initiation of transcription at low and optimal temperatures	JKL
OG0005303	396	0	1	1	1	1	2.94	2.94	19	19	19	19	GTPase that plays an essential role in the late steps of ribosome biogenesis	S
OG0005309	273	0	1	1	1	1	2.94	2.94	19	19	19	19	#N/A	#N/A
OG0005323	111	0	1	1	1	1	2.94	2.94	19	19	19	19	#N/A	#N/A
OG0005331	240	0	1	1	1	1	2.94	2.94	19	19	19	19	#N/A	#N/A
OG0005334	141	0	1	1	1	1	2.94	2.94	19	19	19	19	#N/A	#N/A
OG0005339	147	0	1	1	1	1	2.94	2.94	19	19	19	19	#N/A	#N/A
OG0005342	126	0	1	1	1	1	2.94	2.94	19	19	19	19	#N/A	#N/A
OG0005366	207	0	1	1	1	1	2.94	2.94	19	19	19	19	#N/A	#N/A
OG0005380	597	1	1	1	1	NA	2.94	NA	19	0	19	19	#N/A	#N/A
OG0005381	531	1	1	1	1	NA	2.94	NA	19	0	19	19	#N/A	#N/A
OG0005468	123	0	1	1	1	1	2.94	2.94	19	19	19	19	#N/A	#N/A
OG0005481	159	0	1	1	1	1	2.94	2.94	19	19	19	19	#N/A	#N/A
OG0005514	195	0	1	1	1	1	2.94	2.94	19	19	19	19	#N/A	#N/A
OG0005576	168	0	1	1	1	1	2.94	2.94	19	19	19	19	#N/A	#N/A
OG0005582	183	0	1	1	1	1	2.94	2.94	19	19	19	19	#N/A	#N/A
OG0005663	360	0	1	1	1	1	2.94	2.94	19	19	19	19	#N/A	#N/A
OG0005664	138	0	1	1	1	1	2.94	2.94	19	19	19	19	#N/A	#N/A
OG0005665	267	0	1	1	1	1	2.94	2.94	19	19	19	19	#N/A	#N/A
OG0005717	954	0	1	1	1	1	2.94	2.94	19	19	19	19	#N/A	#N/A
OG0005722	180	0	1	1	1	1	2.94	2.94	19	19	19	19	#N/A	#N/A
OG0005736	189	0	1	1	1	1	2.94	2.94	19	19	19	19	#N/A	#N/A
OG0005758	96	0	1	1	1	1	2.94	2.94	19	19	19	19	#N/A	#N/A
OG0005775	186	0	1	1	1	1	2.94	2.94	19	19	19	19	#N/A	#N/A
OG0005776	495	0	1	1	1	1	2.94	2.94	19	19	19	19	Catalyzes the oxidation of glucose 6-phosphate to 6- phosphogluconolactone	G
OG0005777	633	0	1	1	1	1	2.94	2.94	19	19	19	19	Catalyzes the oxidation of glucose 6-phosphate to 6- phosphogluconolactone	G
OG0005788	282	0	1	1	1	1	2.94	2.94	19	19	19	19	#N/A	#N/A
OG0005793	438	0	1	1	1	1	2.94	2.94	19	19	19	19	-	-
OG0005795	330	0	1	1	1	1	2.94	2.94	19	19	19	19	-	-
OG0005817	90	0	1	1	1	1	2.94	2.94	19	19	19	19	#N/A	#N/A
OG0005818	447	0	1	1	1	1	2.94	2.94	19	19	19	19	Belongs to the D-isomer specific 2-hydroxyacid dehydrogenase family	CH
OG0005838	381	0	1	1	1	1	2.94	2.94	19	19	19	19	#N/A	#N/A
OG0005870	2496	0	1	1	1	1	2.94	2.94	19	19	19	19	HELICc2	L
OG0005876	1275	0	1	1	1	1	2.94	2.94	19	19	19	19	#N/A	#N/A
OG0005920	486	0	1	1	1	1	2.94	2.94	19	19	19	19	#N/A	#N/A
OG0005966	159	0	1	1	1	1	2.94	2.94	19	19	19	19	#N/A	#N/A
OG0005997	102	0	1	1	1	1	2.94	2.94	19	19	19	19	#N/A	#N/A
OG0006012	1584	1	1	1	1	NA	2.94	NA	19	0	19	19	#N/A	#N/A
OG0006014	162	0	1	1	1	1	2.94	2.94	19	19	19	19	#N/A	#N/A
OG0006046	174	0	1	1	1	1	2.94	2.94	19	19	19	19	#N/A	#N/A
OG0006047	252	0	1	1	1	1	2.94	2.94	19	19	19	19	SIR2-like domain	S
OG0006100	180	0	1	1	1	1	2.94	2.94	19	19	19	19	#N/A	#N/A
OG0006117	258	0	1	1	1	1	2.94	2.94	19	19	19	19	#N/A	#N/A
OG0006123	90	0	1	1	1	1	2.94	2.94	19	19	19	19	#N/A	#N/A
OG0006134	240	0	1	1	1	1	2.94	2.94	19	19	19	19	"Catalyzes the condensation of para-aminobenzoate (pABA) with 6-hydroxymethyl-7,8-dihydropterin diphosphate (DHPt-PP) to form 7,8-dihydropteroate (H2Pte), the immediate precursor of folate derivatives"	H
OG0006190	192	0	1	1	1	1	2.94	2.94	19	19	19	19	#N/A	#N/A
OG0006592	294	0	1	1	1	1	2.94	2.94	19	19	19	19	#N/A	#N/A
OG0006679	189	0	1	1	1	1	2.94	2.94	19	19	19	19	#N/A	#N/A
OG0006792	405	0	1	1	1	1	2.94	2.94	19	19	19	19	Xylose isomerase-like TIM barrel	G
OG0006828	279	0	1	1	1	1	2.94	2.94	19	19	19	19	#N/A	#N/A
OG0006837	177	0	1	1	1	1	2.94	2.94	19	19	19	19	#N/A	#N/A
OG0006856	306	0	1	1	1	1	2.94	2.94	19	19	19	19	#N/A	#N/A
OG0006857	141	0	1	1	1	1	2.94	2.94	19	19	19	19	#N/A	#N/A
OG0006865	96	0	1	1	1	1	2.94	2.94	19	19	19	19	#N/A	#N/A
OG0006884	210	0	1	1	1	1	2.94	2.94	19	19	19	19	#N/A	#N/A
OG0006903	126	0	1	1	1	1	2.94	2.94	19	19	19	19	#N/A	#N/A
OG0006904	168	0	1	1	1	1	2.94	2.94	19	19	19	19	#N/A	#N/A
OG0006941	294	0	1	1	1	1	2.94	2.94	19	19	19	19	#N/A	#N/A
OG0006942	252	0	1	1	1	1	2.94	2.94	19	19	19	19	#N/A	#N/A
OG0006955	195	0	1	1	1	1	2.94	2.94	19	19	19	19	#N/A	#N/A
OG0006961	126	0	1	1	1	1	2.94	2.94	19	19	19	19	#N/A	#N/A
OG0006966	183	0	1	1	1	1	2.94	2.94	19	19	19	19	#N/A	#N/A
OG0006995	249	0	1	1	1	1	2.94	2.94	19	19	19	19	#N/A	#N/A
OG0006996	405	0	1	1	1	1	2.94	2.94	19	19	19	19	#N/A	#N/A
OG0006997	93	0	1	1	1	1	2.94	2.94	19	19	19	19	#N/A	#N/A
OG0007001	165	0	1	1	1	1	2.94	2.94	19	19	19	19	#N/A	#N/A
OG0007004	567	0	1	1	1	1	2.94	2.94	19	19	19	19	#N/A	#N/A
OG0007005	366	0	1	1	1	1	2.94	2.94	19	19	19	19	#N/A	#N/A
OG0007010	402	0	1	1	1	1	2.94	2.94	19	19	19	19	#N/A	#N/A
OG0007017	765	0	1	1	1	1	2.94	2.94	19	19	19	19	ABC-type transport system involved in multi-copper enzyme maturation permease component	S
OG0007031	276	0	1	1	1	1	2.94	2.94	19	19	19	19	aminopeptidase	G
OG0007033	153	0	1	1	1	1	2.94	2.94	19	19	19	19	#N/A	#N/A
OG0007039	108	0	1	1	1	1	2.94	2.94	19	19	19	19	#N/A	#N/A
OG0007049	744	0	1	1	1	1	2.94	2.94	19	19	19	19	Nitroreductase family	C
OG0007057	132	0	1	1	1	1	2.94	2.94	19	19	19	19	#N/A	#N/A
OG0007064	144	0	1	1	1	1	2.94	2.94	19	19	19	19	#N/A	#N/A
OG0007076	213	0	1	1	1	1	2.94	2.94	19	19	19	19	#N/A	#N/A
OG0007077	1851	0	1	1	1	1	2.94	2.94	19	19	19	19	Rib/alpha-like repeat	D
OG0007078	477	0	1	1	1	1	2.94	2.94	19	19	19	19	#N/A	#N/A
OG0007079	1140	0	1	1	1	1	2.94	2.94	19	19	19	19	#N/A	#N/A
OG0007081	249	0	1	1	1	1	2.94	2.94	19	19	19	19	#N/A	#N/A
OG0007082	240	0	1	1	1	1	2.94	2.94	19	19	19	19	#N/A	#N/A
OG0007083	246	0	1	1	1	1	2.94	2.94	19	19	19	19	#N/A	#N/A
OG0007086	177	0	1	1	1	1	2.94	2.94	19	19	19	19	#N/A	#N/A
OG0007093	222	0	1	1	1	1	2.94	2.94	19	19	19	19	#N/A	#N/A
OG0007096	837	0	1	1	1	1	2.94	2.94	19	19	19	19	#N/A	#N/A
OG0007098	177	0	1	1	1	1	2.94	2.94	19	19	19	19	#N/A	#N/A
OG0007103	1365	0	1	1	1	1	2.94	2.94	19	19	19	19	#N/A	#N/A
OG0007112	390	0	1	1	1	1	2.94	2.94	19	19	19	19	#N/A	#N/A
OG0007117	204	0	1	1	1	1	2.94	2.94	19	19	19	19	#N/A	#N/A
OG0007122	1119	0	1	1	1	1	2.94	2.94	19	19	19	19	#N/A	#N/A
OG0007126	633	0	1	1	1	1	2.94	2.94	19	19	19	19	-	-
OG0007127	324	0	1	1	1	1	2.94	2.94	19	19	19	19	-	-
OG0007131	528	0	1	1	1	1	2.94	2.94	19	19	19	19	#N/A	#N/A
OG0007140	894	0	1	1	1	1	2.94	2.94	19	19	19	19	#N/A	#N/A
OG0007160	492	0	1	1	1	1	2.94	2.94	19	19	19	19	#N/A	#N/A
OG0007166	93	1	1	1	1	NA	2.94	NA	19	0	19	19	#N/A	#N/A
OG0007207	1008	0	1	1	1	1	2.94	2.94	19	19	19	19	"Psort location Cytoplasmic, score 8.87"	V
OG0007209	531	0	1	1	1	1	2.94	2.94	19	19	19	19	#N/A	#N/A
OG0007218	177	0	1	1	1	1	2.94	2.94	19	19	19	19	#N/A	#N/A
OG0007225	147	0	1	1	1	1	2.94	2.94	19	19	19	19	#N/A	#N/A
OG0007238	459	0	1	1	1	1	2.94	2.94	19	19	19	19	#N/A	#N/A
OG0007271	105	0	1	1	1	1	2.94	2.94	19	19	19	19	#N/A	#N/A
OG0007280	165	0	1	1	1	1	2.94	2.94	19	19	19	19	#N/A	#N/A
OG0007288	174	0	1	1	1	1	2.94	2.94	19	19	19	19	#N/A	#N/A
OG0007289	120	0	1	1	1	1	2.94	2.94	19	19	19	19	#N/A	#N/A
OG0007299	1326	0	1	1	1	1	2.94	2.94	19	19	19	19	#N/A	#N/A
OG0007312	390	0	1	1	1	1	2.94	2.94	19	19	19	19	#N/A	#N/A
OG0007317	264	0	1	1	1	1	2.94	2.94	19	19	19	19	#N/A	#N/A
OG0007318	117	0	1	1	1	1	2.94	2.94	19	19	19	19	#N/A	#N/A
OG0007319	189	0	1	1	1	1	2.94	2.94	19	19	19	19	#N/A	#N/A
OG0007321	366	0	1	1	1	1	2.94	2.94	19	19	19	19	#N/A	#N/A
OG0007323	285	0	1	1	1	1	2.94	2.94	19	19	19	19	#N/A	#N/A
OG0007332	1119	0	1	1	1	1	2.94	2.94	19	19	19	19	#N/A	#N/A
OG0007336	1221	0	1	1	1	1	2.94	2.94	19	19	19	19	#N/A	#N/A
OG0007380	372	0	1	1	1	1	2.94	2.94	19	19	19	19	4Fe-4S single cluster domain	C
OG0007383	399	0	1	1	1	1	2.94	2.94	19	19	19	19	#N/A	#N/A
OG0007396	90	0	1	1	1	1	2.94	2.94	19	19	19	19	#N/A	#N/A
OG0007399	948	0	1	1	1	1	2.94	2.94	19	19	19	19	ferredoxin-NADP+ reductase activity	C
OG0007414	222	0	1	1	1	1	2.94	2.94	19	19	19	19	#N/A	#N/A
OG0007444	546	0	1	1	1	1	2.94	2.94	19	19	19	19	#N/A	#N/A
OG0007453	405	0	1	1	1	1	2.94	2.94	19	19	19	19	#N/A	#N/A
OG0007457	888	0	1	1	1	1	2.94	2.94	19	19	19	19	#N/A	#N/A
OG0007472	282	0	1	1	1	1	2.94	2.94	19	19	19	19	#N/A	#N/A
OG0007516	150	0	1	1	1	1	2.94	2.94	19	19	19	19	#N/A	#N/A
OG0007567	237	0	1	1	1	1	2.94	2.94	19	19	19	19	#N/A	#N/A
OG0007568	162	0	1	1	1	1	2.94	2.94	19	19	19	19	"Catalyzes the rearrangement of 1-deoxy-D-xylulose 5- phosphate (DXP) to produce the thiazole phosphate moiety of thiamine. Sulfur is provided by the thiocarboxylate moiety of the carrier protein ThiS. In vitro, sulfur can be provided by H(2)S"	H
OG0007570	171	0	1	1	1	1	2.94	2.94	19	19	19	19	#N/A	#N/A
OG0007580	219	0	1	1	1	1	2.94	2.94	19	19	19	19	Carbon-nitrogen hydrolase	S
OG0007598	150	0	1	1	1	1	2.94	2.94	19	19	19	19	#N/A	#N/A
OG0007624	327	0	1	1	1	1	2.94	2.94	19	19	19	19	Proton-conducting membrane transporter	CP
OG0007630	99	0	1	1	1	1	2.94	2.94	19	19	19	19	#N/A	#N/A
OG0007644	135	0	1	1	1	1	2.94	2.94	19	19	19	19	#N/A	#N/A
OG0007653	1161	0	1	1	1	1	2.94	2.94	19	19	19	19	#N/A	#N/A
OG0007674	96	0	1	1	1	1	2.94	2.94	19	19	19	19	#N/A	#N/A
OG0007708	1296	0	1	1	1	1	2.94	2.94	19	19	19	19	hmm pf00078	L
OG0007755	174	0	1	1	1	1	2.94	2.94	19	19	19	19	#N/A	#N/A
OG0007758	492	0	1	1	1	1	2.94	2.94	19	19	19	19	#N/A	#N/A
OG0007772	153	0	1	1	1	1	2.94	2.94	19	19	19	19	#N/A	#N/A
OG0007811	210	0	1	1	1	1	2.94	2.94	19	19	19	19	#N/A	#N/A
OG0007813	129	0	1	1	1	1	2.94	2.94	19	19	19	19	#N/A	#N/A
OG0007820	2730	0	1	1	1	1	2.94	2.94	19	19	19	19	"Psort location Cytoplasmic, score 8.87"	L
OG0007830	108	0	1	1	1	1	2.94	2.94	19	19	19	19	#N/A	#N/A
OG0007851	348	0	1	1	1	1	2.94	2.94	19	19	19	19	-	-
OG0007852	1227	0	1	1	1	1	2.94	2.94	19	19	19	19	SnoaL-like polyketide cyclase	S
OG0007862	108	0	1	1	1	1	2.94	2.94	19	19	19	19	#N/A	#N/A
OG0007895	276	0	1	1	1	1	2.94	2.94	19	19	19	19	Nudix hydrolase	F
OG0007913	138	0	1	1	1	1	2.94	2.94	19	19	19	19	#N/A	#N/A
OG0007933	591	0	1	1	1	1	2.94	2.94	19	19	19	19	#N/A	#N/A
OG0007941	132	0	1	1	1	1	2.94	2.94	19	19	19	19	#N/A	#N/A
OG0007980	282	0	1	1	1	1	2.94	2.94	19	19	19	19	#N/A	#N/A
OG0007994	135	0	1	1	1	1	2.94	2.94	19	19	19	19	#N/A	#N/A
OG0008000	135	0	1	1	1	1	2.94	2.94	19	19	19	19	#N/A	#N/A
OG0008012	447	0	1	1	1	1	2.94	2.94	19	19	19	19	Glutamate-1-semialdehyde aminotransferase	H
OG0008023	408	0	1	1	1	1	2.94	2.94	19	19	19	19	#N/A	#N/A
OG0008029	108	0	1	1	1	1	2.94	2.94	19	19	19	19	#N/A	#N/A
OG0008062	189	0	1	1	1	1	2.94	2.94	19	19	19	19	#N/A	#N/A
OG0008074	102	0	1	1	1	1	2.94	2.94	19	19	19	19	#N/A	#N/A
OG0008079	165	0	1	1	1	1	2.94	2.94	19	19	19	19	#N/A	#N/A
OG0008090	189	1	1	1	1	NA	2.94	NA	19	0	19	19	#N/A	#N/A
OG0008099	699	0	1	1	1	1	2.94	2.94	19	19	19	19	#N/A	#N/A
OG0008111	126	0	1	1	1	1	2.94	2.94	19	19	19	19	#N/A	#N/A
OG0008137	198	0	1	1	1	1	2.94	2.94	19	19	19	19	#N/A	#N/A
OG0008139	177	0	1	1	1	1	2.94	2.94	19	19	19	19	#N/A	#N/A
OG0008148	3888	0	1	1	1	1	2.94	2.94	19	19	19	19	#N/A	#N/A
OG0008151	156	0	1	1	1	1	2.94	2.94	19	19	19	19	#N/A	#N/A
OG0008189	117	0	1	1	1	1	2.94	2.94	19	19	19	19	#N/A	#N/A
OG0008193	195	0	1	1	1	1	2.94	2.94	19	19	19	19	component II	EH
OG0008195	564	0	1	1	1	1	2.94	2.94	19	19	19	19	Protein of unknown function (DUF1211)	S
OG0008196	807	0	1	1	1	1	2.94	2.94	19	19	19	19	#N/A	#N/A
OG0008201	126	0	1	1	1	1	2.94	2.94	19	19	19	19	#N/A	#N/A
OG0008210	132	0	1	1	1	1	2.94	2.94	19	19	19	19	#N/A	#N/A
OG0008220	492	0	1	1	1	1	2.94	2.94	19	19	19	19	#N/A	#N/A
OG0008226	579	0	1	1	1	1	2.94	2.94	19	19	19	19	Amino acid synthesis	S
OG0008227	129	0	1	1	1	1	2.94	2.94	19	19	19	19	#N/A	#N/A
OG0008234	144	0	1	1	1	1	2.94	2.94	19	19	19	19	#N/A	#N/A
OG0008242	105	0	1	1	1	1	2.94	2.94	19	19	19	19	#N/A	#N/A
OG0000889	771	0.23	77	77	0.28	0.28	2.95	3	54	54	15.22	15.22	Sigma factors are initiation factors that promote the attachment of RNA polymerase to specific initiation sites and are then released	K
OG0001150	783	0.03	77	77	0.5	0.5	2.95	2.95	34	34	16.84	16.84	Belongs to the CDS family	I
OG0001456	567	0.04	76	76	0.42	0.43	2.95	2.95	39	38	16.42	16.42	Required for dimerization of active 70S ribosomes into 100S ribosomes in stationary phase	J
OG0002301	996	0.05	22	22	0.44	0.45	2.95	2.95	35	34	15.27	15.27	-	-
OG0003765	201	0.33	3	3	0.85	0.89	2.95	2.93	20	19	17	17	#N/A	#N/A
OG0003788	360	0.33	3	3	0.63	0.74	2.95	2.85	21	18	13.33	13.33	PFAM helix-turn-helix domain protein	K
OG0004129	178.5	0	2	2	0.57	0.57	2.95	2.95	20	20	11.5	11.5	#N/A	#N/A
OG0004178	682.5	1	2	2	0.82	NA	2.95	NA	20	0	16.5	16.5	#N/A	#N/A
OG0004179	408	1	2	2	0.82	NA	2.95	NA	20	0	16.5	16.5	#N/A	#N/A
OG0004621	582	0.5	1	2	0.82	0.87	2.95	2.94	20	19	16.5	16.5	#N/A	#N/A
OG0004754	952.5	0.5	2	2	0.82	0.82	2.95	3	20	20	16.5	16.5	"Bacterial fructose-1,6-bisphosphatase, glpX-encoded"	G
OG0000978	2631	0	77	77	0.33	0.33	2.96	2.96	47	47	15.45	15.45	"In addition to polymerase activity, this DNA polymerase exhibits 5'-3' exonuclease activity"	L
OG0001829	153	0.02	49	50	0.37	0.37	2.96	2.96	42	42	15.36	15.36	-	-
OG0002374	1131	0	19	19	0.86	0.86	2.96	2.96	21	21	18.16	18.16	Catalyzes the NADP-dependent rearrangement and reduction of 1-deoxy-D-xylulose-5-phosphate (DXP) to 2-C-methyl-D-erythritol 4-phosphate (MEP)	I
OG0002949	564	0.12	8	8	0.74	0.78	2.96	2.94	22	21	16.38	16.38	-	-
OG0003042	429	0	3	7	0.91	0.91	2.96	2.96	20	20	18.14	18.14	#N/A	#N/A
OG0003736	111	0	4	4	0.77	0.77	2.96	2.96	21	21	16.25	16.25	#N/A	#N/A
OG0003741	498	0.25	4	4	0.68	0.68	2.96	2.96	21	21	14.25	14.25	#N/A	#N/A
OG0004350	394.5	0	2	2	0.85	0.85	2.96	2.96	20	20	17	17	Aminotransferase class-V	E
OG0004397	336	0	2	2	0.88	0.88	2.96	2.96	20	20	17.5	17.5	Belongs to the UPF0145 family	S
OG0004711	184.5	0	2	2	0.88	0.88	2.96	2.96	20	20	17.5	17.5	#N/A	#N/A
OG0004828	462	0	2	2	0.88	0.88	2.96	2.96	20	20	17.5	17.5	#N/A	#N/A
OG0000496	873	0.01	77	79	0.32	0.33	2.97	2.97	47	46	15.23	15.23	"Involved in base excision repair of DNA damaged by oxidation or by mutagenic agents. Acts as DNA glycosylase that recognizes and removes damaged bases. Has a preference for oxidized purines, such as 7,8-dihydro-8-oxoguanine (8-oxoG). Has AP (apurinic apyrimidinic) lyase activity and introduces nicks in the DNA strand. Cleaves the DNA backbone by beta-delta elimination to generate a single-strand break at the site of the removed base with both 3'- and 5'-phosphates"	L
OG0000853	1188	0.25	77	77	0.28	0.32	2.97	2.91	50	43	13.79	13.79	Uridylyltransferase	G
OG0001153	789	0.04	77	77	0.43	0.46	2.97	2.96	39	37	16.88	16.88	Belongs to the universal ribosomal protein uS2 family	J
OG0001771	576	0.02	54	56	0.25	0.25	2.97	2.97	51	50	12.54	12.54	SNARE associated Golgi protein	S
OG0003325	565.5	0	4	6	0.76	0.76	2.97	2.97	22	22	16.67	16.67	#N/A	#N/A
OG0003776	822	0	3	3	0.7	0.7	2.97	2.97	22	22	15.33	15.33	Provides the (R)-glutamate required for cell wall biosynthesis	M
OG0004106	798	0	2	2	0.93	0.93	2.97	2.97	20	20	18.5	18.5	#N/A	#N/A
OG0004169	1120.5	0	2	2	0.93	0.93	2.97	2.97	20	20	18.5	18.5	Major facilitator Superfamily	EGP
OG0004428	375	0	2	2	0.9	0.9	2.97	2.97	20	20	18	18	Belongs to the sodium solute symporter (SSF) (TC 2.A.21) family	E
OG0004712	990	0	2	2	0.93	0.93	2.97	2.97	20	20	18.5	18.5	#N/A	#N/A
OG0000578	234	0.55	77	78	0.21	0.24	2.98	3.08	56	49	11.68	11.68	S4 domain	S
OG0000613	1044	0.23	76	78	0.21	0.23	2.98	3.01	65	60	13.88	13.88	Catalyzes the oxidation of 3-carboxy-2-hydroxy-4- methylpentanoate (3-isopropylmalate) to 3-carboxy-4-methyl-2- oxopentanoate. The product decarboxylates to 4-methyl-2 oxopentanoate	CE
OG0000977	711	0	77	77	0.32	0.32	2.98	2.98	49	49	15.88	15.88	Alkaline phosphatase synthesis transcriptional regulatory protein	T
OG0000979	621	0	77	77	0.39	0.39	2.98	2.98	42	42	16.31	16.31	Catalyzes the phosphorylation of the 3'-hydroxyl group of dephosphocoenzyme A to form coenzyme A	F
OG0001001	519	0.01	77	77	0.34	0.34	2.98	2.98	49	48	16.47	16.47	"Catalyzes a salvage reaction resulting in the formation of AMP, that is energically less costly than de novo synthesis"	F
OG0003691	1365	0	4	4	0.77	0.77	2.98	2.98	21	21	16.25	16.25	Alpha-L-fucosidase	G
OG0003724	232.5	0.25	4	4	0.63	0.66	2.98	2.98	23	22	14.5	14.5	#N/A	#N/A
OG0003786	312	0	3	3	0.83	0.83	2.98	2.98	21	21	17.33	17.33	#N/A	#N/A
OG0003787	339	0	3	3	0.83	0.83	2.98	2.98	21	21	17.33	17.33	#N/A	#N/A
OG0004212	640.5	0.5	2	2	0.53	0.75	2.98	2.64	20	14	10.5	10.5	-	-
OG0004376	327	0.5	2	2	0.95	1	2.98	2.94	20	19	19	19	Inositol monophosphatase	G
OG0004587	1422	0	2	2	0.69	0.69	2.98	2.98	21	21	14.5	14.5	FAD dependent oxidoreductase	C
OG0004625	795	0	2	2	0.95	0.95	2.98	2.98	20	20	19	19	-	-
OG0004660	102	0.5	2	2	0.95	1	2.98	2.94	20	19	19	19	#N/A	#N/A
OG0004759	186	0.5	2	2	0.53	0.55	2.98	2.94	20	19	10.5	10.5	#N/A	#N/A
OG0000495	1698	0	77	79	0.35	0.35	2.99	2.99	47	47	16.22	16.22	Histidine kinase	T
OG0000981	471	0	77	77	0.43	0.43	2.99	2.99	41	41	17.47	17.47	Negatively regulates transcription of bacterial ribonucleotide reductase nrd genes and operons by binding to NrdR- boxes	K
OG0001149	1287	0.04	77	77	0.49	0.49	2.99	3	37	37	18.01	18.01	zinc metalloprotease	M
OG0003228	885	0	6	6	0.84	0.84	2.99	2.99	22	22	18.5	18.5	-	-
OG0003347	468	0	5	5	0.99	0.99	2.99	2.99	20	20	19.8	19.8	SWIM zinc finger	S
OG0004192	429	0.5	2	2	0.74	0.78	2.99	3	21	20	15.5	15.5	Adenine specific DNA methylase Mod	L
OG0004272	132	0	2	2	0.97	0.97	2.99	2.99	20	20	19.5	19.5	#N/A	#N/A
OG0004303	123	0	2	2	0.79	0.79	2.99	2.99	21	21	16.5	16.5	#N/A	#N/A
OG0004369	144	0	2	2	0.97	0.97	2.99	2.99	20	20	19.5	19.5	#N/A	#N/A
OG0000407	1536	0.23	76	80	0.19	0.21	3	3.02	72	67	13.97	13.97	Catalyzes the condensation of the acetyl group of acetyl-CoA with 3-methyl-2-oxobutanoate (2-oxoisovalerate) to form 3-carboxy-3-hydroxy-4-methylpentanoate (2-isopropylmalate)	E
OG0000852	510	0.25	77	77	0.3	0.35	3	2.94	48	41	14.45	14.45	membrane-bound metal-dependent	S
OG0000980	1026	0	77	77	0.39	0.39	3	3	45	45	17.42	17.42	Belongs to the glyceraldehyde-3-phosphate dehydrogenase family	G
OG0001517	642	0.01	74	74	0.33	0.33	3	3	49	49	16.22	16.22	HD containing hydrolase-like enzyme	S
OG0001544	456	0.23	73	73	0.31	0.31	3	3.01	51	50	15.63	15.63	Belongs to the SprT family	S
OG0001615	633	0.03	68	69	0.24	0.26	3	2.97	60	54	14.28	14.28	"Part of the acuABC operon, which is possibly involved in the breakdown of acetoin and butanediol. Acts as an acetyltransferase inactivating acetyl-CoA synthetase AcsA via acetylation at a Lys residue"	K
OG0002948	718.5	0.12	8	8	0.73	0.84	3	2.93	23	20	16.88	16.88	-	-
OG0003109	225	0	7	7	1	1	3	3	20	20	20	20	-	-
OG0003225	330	0	6	6	0.61	0.61	3	3	25	25	15.33	15.33	Bacterial DNA-binding protein	L
OG0003550	792	0	4	4	0.85	0.85	3	3	21	21	17.75	17.75	"phosphotransferase system, EIIB"	G
OG0003558	201	0	4	4	1	1	3	3	20	20	20	20	#N/A	#N/A
OG0003635	171	0	4	4	1	1	3	3	20	20	20	20	#N/A	#N/A
OG0003767	1086	0.33	3	3	0.83	0.83	3	3.03	21	21	17.33	17.33	nuclear chromosome segregation	D
OG0004068	213	0	3	3	0.86	0.86	3	3	21	21	18	18	-	-
OG0004702	126	0	2	2	0.81	0.81	3	3	21	21	17	17	#N/A	#N/A
OG0004732	297	0	2	2	0.83	0.83	3	3	21	21	17.5	17.5	"Involved in the biosynthesis of branched-chain amino acids (BCAA). Catalyzes an alkyl-migration followed by a ketol- acid reduction of (S)-2-acetolactate (S2AL) to yield (R)-2,3- dihydroxy-isovalerate. In the isomerase reaction, S2AL is rearranged via a Mg-dependent methyl migration to produce 3- hydroxy-3-methyl-2-ketobutyrate (HMKB). In the reductase reaction, this 2-ketoacid undergoes a metal-dependent reduction by NADPH to yield (R)-2,3-dihydroxy-isovalerate"	H
OG0004842	198	0	1	1	1	1	3	3	20	20	20	20	#N/A	#N/A
OG0004846	228	0	1	1	1	1	3	3	20	20	20	20	#N/A	#N/A
OG0004850	1209	0	1	1	1	1	3	3	20	20	20	20	#N/A	#N/A
OG0004856	1227	0	1	1	1	1	3	3	20	20	20	20	Aminotransferase class-III	E
OG0004859	720	1	1	1	1	NA	3	NA	20	0	20	20	Enoyl-(Acyl carrier protein) reductase	IQ
OG0004902	471	0	1	1	1	1	3	3	20	20	20	20	#N/A	#N/A
OG0004917	453	0	1	1	1	1	3	3	20	20	20	20	#N/A	#N/A
OG0004918	807	0	1	1	1	1	3	3	20	20	20	20	#N/A	#N/A
OG0004922	396	0	1	1	1	1	3	3	20	20	20	20	TcpE family	S
OG0004924	129	0	1	1	1	1	3	3	20	20	20	20	#N/A	#N/A
OG0004926	291	0	1	1	1	1	3	3	20	20	20	20	-	-
OG0004934	126	0	1	1	1	1	3	3	20	20	20	20	#N/A	#N/A
OG0004939	342	0	1	1	1	1	3	3	20	20	20	20	#N/A	#N/A
OG0004946	273	0	1	1	1	1	3	3	20	20	20	20	#N/A	#N/A
OG0004948	453	0	1	1	1	1	3	3	20	20	20	20	#N/A	#N/A
OG0004949	831	0	1	1	1	1	3	3	20	20	20	20	-	-
OG0004975	342	0	1	1	1	1	3	3	20	20	20	20	hydrolase activity	E
OG0004980	171	0	1	1	1	1	3	3	20	20	20	20	#N/A	#N/A
OG0004994	114	0	1	1	1	1	3	3	20	20	20	20	#N/A	#N/A
OG0005005	159	0	1	1	1	1	3	3	20	20	20	20	#N/A	#N/A
OG0005008	648	0	1	1	1	1	3	3	20	20	20	20	#N/A	#N/A
OG0005011	549	0	1	1	1	1	3	3	20	20	20	20	-	-
OG0005030	465	0	1	1	1	1	3	3	20	20	20	20	Aminoacyl-tRNA editing domain	S
OG0005035	444	0	1	1	1	1	3	3	20	20	20	20	#N/A	#N/A
OG0005095	108	0	1	1	1	1	3	3	20	20	20	20	#N/A	#N/A
OG0005096	819	1	1	1	1	NA	3	NA	20	0	20	20	#N/A	#N/A
OG0005114	159	0	1	1	1	1	3	3	20	20	20	20	#N/A	#N/A
OG0005194	153	0	1	1	1	1	3	3	20	20	20	20	#N/A	#N/A
OG0005198	96	0	1	1	1	1	3	3	20	20	20	20	#N/A	#N/A
OG0005207	228	1	1	1	1	NA	3	NA	20	0	20	20	#N/A	#N/A
OG0005237	258	0	1	1	1	1	3	3	20	20	20	20	#N/A	#N/A
OG0005247	441	0	1	1	1	1	3	3	20	20	20	20	#N/A	#N/A
OG0005250	156	0	1	1	1	1	3	3	20	20	20	20	#N/A	#N/A
OG0005262	261	0	1	1	1	1	3	3	20	20	20	20	"Uncharacterised 5xTM membrane BCR, YitT family COG1284"	S
OG0005273	93	0	1	1	1	1	3	3	20	20	20	20	#N/A	#N/A
OG0005296	246	0	1	1	1	1	3	3	20	20	20	20	Belongs to the UPF0354 family	S
OG0005305	117	0	1	1	1	1	3	3	20	20	20	20	#N/A	#N/A
OG0005311	780	0	1	1	1	1	3	3	20	20	20	20	RNA-binding protein homologous to eukaryotic snRNP	K
OG0005370	114	0	1	1	1	1	3	3	20	20	20	20	#N/A	#N/A
OG0005433	1305	0	1	1	1	1	3	3	20	20	20	20	-	-
OG0005467	213	0	1	1	1	1	3	3	20	20	20	20	#N/A	#N/A
OG0005484	876	0	1	1	1	1	3	3	20	20	20	20	-	-
OG0005485	1791	0	1	1	1	1	3	3	20	20	20	20	#N/A	#N/A
OG0005528	696	0	1	1	1	1	3	3	20	20	20	20	#N/A	#N/A
OG0005532	150	0	1	1	1	1	3	3	20	20	20	20	#N/A	#N/A
OG0005535	237	0	1	1	1	1	3	3	20	20	20	20	#N/A	#N/A
OG0005574	291	0	1	1	1	1	3	3	20	20	20	20	"Addiction module toxin, RelE StbE family"	DJ
OG0005578	135	0	1	1	1	1	3	3	20	20	20	20	#N/A	#N/A
OG0005589	387	0	1	1	1	1	3	3	20	20	20	20	-	-
OG0005597	114	0	1	1	1	1	3	3	20	20	20	20	#N/A	#N/A
OG0005669	141	0	1	1	1	1	3	3	20	20	20	20	#N/A	#N/A
OG0005673	177	0	1	1	1	1	3	3	20	20	20	20	#N/A	#N/A
OG0005674	612	0	1	1	1	1	3	3	20	20	20	20	DNA restriction-modification system	L
OG0005682	153	0	1	1	1	1	3	3	20	20	20	20	#N/A	#N/A
OG0005695	417	0	1	1	1	1	3	3	20	20	20	20	SnoaL-like polyketide cyclase	S
OG0005711	186	0	1	1	1	1	3	3	20	20	20	20	#N/A	#N/A
OG0005737	90	0	1	1	1	1	3	3	20	20	20	20	#N/A	#N/A
OG0005756	501	0	1	1	1	1	3	3	20	20	20	20	Required for morphogenesis under gluconeogenic growth conditions	S
OG0005766	843	0	1	1	1	1	3	3	20	20	20	20	#N/A	#N/A
OG0005786	129	0	1	1	1	1	3	3	20	20	20	20	#N/A	#N/A
OG0005787	603	0	1	1	1	1	3	3	20	20	20	20	#N/A	#N/A
OG0005804	90	0	1	1	1	1	3	3	20	20	20	20	#N/A	#N/A
OG0005807	180	0	1	1	1	1	3	3	20	20	20	20	-	-
OG0005810	381	0	1	1	1	1	3	3	20	20	20	20	#N/A	#N/A
OG0005820	165	0	1	1	1	1	3	3	20	20	20	20	#N/A	#N/A
OG0005839	990	1	1	1	1	NA	3	NA	20	0	20	20	#N/A	#N/A
OG0005854	141	0	1	1	1	1	3	3	20	20	20	20	#N/A	#N/A
OG0005873	486	0	1	1	1	1	3	3	20	20	20	20	-	-
OG0005899	288	0	1	1	1	1	3	3	20	20	20	20	Catalyzes the conversion of 3-deoxy-D-arabino- heptulosonate 7-phosphate (DAHP) to dehydroquinate (DHQ)	E
OG0005904	384	0	1	1	1	1	3	3	20	20	20	20	#N/A	#N/A
OG0005936	174	0	1	1	1	1	3	3	20	20	20	20	#N/A	#N/A
OG0005946	216	0	1	1	1	1	3	3	20	20	20	20	#N/A	#N/A
OG0005947	201	0	1	1	1	1	3	3	20	20	20	20	#N/A	#N/A
OG0005954	186	0	1	1	1	1	3	3	20	20	20	20	#N/A	#N/A
OG0005965	105	0	1	1	1	1	3	3	20	20	20	20	#N/A	#N/A
OG0005986	135	0	1	1	1	1	3	3	20	20	20	20	#N/A	#N/A
OG0006001	132	0	1	1	1	1	3	3	20	20	20	20	Belongs to the MIP aquaporin (TC 1.A.8) family	G
OG0006008	2091	0	1	1	1	1	3	3	20	20	20	20	#N/A	#N/A
OG0006015	567	0	1	1	1	1	3	3	20	20	20	20	#N/A	#N/A
OG0006016	360	0	1	1	1	1	3	3	20	20	20	20	#N/A	#N/A
OG0006033	201	0	1	1	1	1	3	3	20	20	20	20	Belongs to the UPF0176 family	S
OG0006073	96	0	1	1	1	1	3	3	20	20	20	20	#N/A	#N/A
OG0006089	141	0	1	1	1	1	3	3	20	20	20	20	#N/A	#N/A
OG0006102	162	0	1	1	1	1	3	3	20	20	20	20	#N/A	#N/A
OG0006163	273	0	1	1	1	1	3	3	20	20	20	20	Arginase family	E
OG0006188	165	0	1	1	1	1	3	3	20	20	20	20	Part of the FecBCDE citrate-dependent iron (III) transport system	HP
OG0006189	306	0	1	1	1	1	3	3	20	20	20	20	Dihydroxyacetone kinase	G
OG0006279	93	0	1	1	1	1	3	3	20	20	20	20	#N/A	#N/A
OG0006358	129	0	1	1	1	1	3	3	20	20	20	20	#N/A	#N/A
OG0006607	318	0	1	1	1	1	3	3	20	20	20	20	Proline dehydrogenase	E
OG0006637	282	0	1	1	1	1	3	3	20	20	20	20	#N/A	#N/A
OG0006677	177	0	1	1	1	1	3	3	20	20	20	20	"Catalyzes the first step in hexosamine metabolism, converting fructose-6P into glucosamine-6P using glutamine as a nitrogen source"	M
OG0006680	273	0	1	1	1	1	3	3	20	20	20	20	Uridylyltransferase	G
OG0006681	324	0	1	1	1	1	3	3	20	20	20	20	Uridylyltransferase	G
OG0006750	207	0	1	1	1	1	3	3	20	20	20	20	#N/A	#N/A
OG0006760	456	0	1	1	1	1	3	3	20	20	20	20	Catalyzes the synthesis of the hydroxymethylpyrimidine phosphate (HMP-P) moiety of thiamine from aminoimidazole ribotide (AIR) in a radical S-adenosyl-L-methionine (SAM)-dependent reaction	H
OG0006761	348	0	1	1	1	1	3	3	20	20	20	20	Catalyzes the synthesis of the hydroxymethylpyrimidine phosphate (HMP-P) moiety of thiamine from aminoimidazole ribotide (AIR) in a radical S-adenosyl-L-methionine (SAM)-dependent reaction	H
OG0006764	255	0	1	1	1	1	3	3	20	20	20	20	Hydroxymethylglutaryl-coenzyme A reductase	I
OG0006772	120	0	1	1	1	1	3	3	20	20	20	20	#N/A	#N/A
OG0006791	396	0	1	1	1	1	3	3	20	20	20	20	"Involved in the biosynthesis of a nickel-pincer cofactor ((SCS)Ni(II) pincer complex). Binds Ni(2 ), and functions in nickel delivery to pyridinium-3,5-bisthiocarboxylic acid mononucleotide (P2TMN), to form the mature cofactor. Is thus probably required for the activation of nickel-pincer cofactor- dependent enzymes"	S
OG0006793	387	0	1	1	1	1	3	3	20	20	20	20	Xylose isomerase-like TIM barrel	G
OG0006800	186	0	1	1	1	1	3	3	20	20	20	20	#N/A	#N/A
OG0006805	297	0	1	1	1	1	3	3	20	20	20	20	"Permease for cytosine/purines, uracil, thiamine, allantoin"	F
OG0006815	129	0	1	1	1	1	3	3	20	20	20	20	#N/A	#N/A
OG0006822	318	0	1	1	1	1	3	3	20	20	20	20	#N/A	#N/A
OG0006844	153	0	1	1	1	1	3	3	20	20	20	20	#N/A	#N/A
OG0006848	465	0	1	1	1	1	3	3	20	20	20	20	#N/A	#N/A
OG0006855	171	0	1	1	1	1	3	3	20	20	20	20	#N/A	#N/A
OG0006887	123	0	1	1	1	1	3	3	20	20	20	20	#N/A	#N/A
OG0006896	603	0	1	1	1	1	3	3	20	20	20	20	Membrane	S
OG0006905	327	0	1	1	1	1	3	3	20	20	20	20	#N/A	#N/A
OG0006936	105	1	1	1	1	NA	3	NA	20	0	20	20	#N/A	#N/A
OG0006940	258	0	1	1	1	1	3	3	20	20	20	20	-	-
OG0006943	1122	0	1	1	1	1	3	3	20	20	20	20	#N/A	#N/A
OG0006950	201	0	1	1	1	1	3	3	20	20	20	20	#N/A	#N/A
OG0006963	132	0	1	1	1	1	3	3	20	20	20	20	#N/A	#N/A
OG0006964	231	0	1	1	1	1	3	3	20	20	20	20	#N/A	#N/A
OG0006980	171	0	1	1	1	1	3	3	20	20	20	20	#N/A	#N/A
OG0006982	111	0	1	1	1	1	3	3	20	20	20	20	#N/A	#N/A
OG0007003	270	0	1	1	1	1	3	3	20	20	20	20	#N/A	#N/A
OG0007016	240	0	1	1	1	1	3	3	20	20	20	20	Phospholipase_D-nuclease N-terminal	S
OG0007024	264	0	1	1	1	1	3	3	20	20	20	20	#N/A	#N/A
OG0007027	192	0	1	1	1	1	3	3	20	20	20	20	#N/A	#N/A
OG0007030	111	0	1	1	1	1	3	3	20	20	20	20	#N/A	#N/A
OG0007042	129	0	1	1	1	1	3	3	20	20	20	20	#N/A	#N/A
OG0007048	183	0	1	1	1	1	3	3	20	20	20	20	#N/A	#N/A
OG0007058	150	0	1	1	1	1	3	3	20	20	20	20	#N/A	#N/A
OG0007061	126	0	1	1	1	1	3	3	20	20	20	20	#N/A	#N/A
OG0007084	243	0	1	1	1	1	3	3	20	20	20	20	#N/A	#N/A
OG0007085	99	0	1	1	1	1	3	3	20	20	20	20	#N/A	#N/A
OG0007092	378	0	1	1	1	1	3	3	20	20	20	20	#N/A	#N/A
OG0007094	192	0	1	1	1	1	3	3	20	20	20	20	#N/A	#N/A
OG0007095	207	0	1	1	1	1	3	3	20	20	20	20	#N/A	#N/A
OG0007100	144	0	1	1	1	1	3	3	20	20	20	20	#N/A	#N/A
OG0007101	450	0	1	1	1	1	3	3	20	20	20	20	#N/A	#N/A
OG0007105	456	0	1	1	1	1	3	3	20	20	20	20	Acyltransferase family	EI
OG0007106	1674	0	1	1	1	1	3	3	20	20	20	20	#N/A	#N/A
OG0007110	798	0	1	1	1	1	3	3	20	20	20	20	#N/A	#N/A
OG0007113	1500	0	1	1	1	1	3	3	20	20	20	20	#N/A	#N/A
OG0007115	147	0	1	1	1	1	3	3	20	20	20	20	#N/A	#N/A
OG0007118	804	0	1	1	1	1	3	3	20	20	20	20	#N/A	#N/A
OG0007132	1590	0	1	1	1	1	3	3	20	20	20	20	#N/A	#N/A
OG0007136	381	0	1	1	1	1	3	3	20	20	20	20	-	-
OG0007149	837	0	1	1	1	1	3	3	20	20	20	20	-	-
OG0007161	1668	0	1	1	1	1	3	3	20	20	20	20	#N/A	#N/A
OG0007165	237	0	1	1	1	1	3	3	20	20	20	20	#N/A	#N/A
OG0007177	252	0	1	1	1	1	3	3	20	20	20	20	#N/A	#N/A
OG0007183	90	1	1	1	1	NA	3	NA	20	0	20	20	#N/A	#N/A
OG0007217	111	0	1	1	1	1	3	3	20	20	20	20	#N/A	#N/A
OG0007222	174	0	1	1	1	1	3	3	20	20	20	20	#N/A	#N/A
OG0007229	132	0	1	1	1	1	3	3	20	20	20	20	#N/A	#N/A
OG0007234	528	0	1	1	1	1	3	3	20	20	20	20	-	-
OG0007237	138	0	1	1	1	1	3	3	20	20	20	20	#N/A	#N/A
OG0007239	492	0	1	1	1	1	3	3	20	20	20	20	#N/A	#N/A
OG0007247	1860	0	1	1	1	1	3	3	20	20	20	20	Reverse transcriptase (RNA-dependent DNA polymerase)	S
OG0007278	507	0	1	1	1	1	3	3	20	20	20	20	#N/A	#N/A
OG0007309	828	0	1	1	1	1	3	3	20	20	20	20	#N/A	#N/A
OG0007343	417	0	1	1	1	1	3	3	20	20	20	20	#N/A	#N/A
OG0007344	327	0	1	1	1	1	3	3	20	20	20	20	#N/A	#N/A
OG0007374	129	0	1	1	1	1	3	3	20	20	20	20	#N/A	#N/A
OG0007409	990	0	1	1	1	1	3	3	20	20	20	20	40-residue YVTN family beta-propeller	S
OG0007423	327	0	1	1	1	1	3	3	20	20	20	20	#N/A	#N/A
OG0007425	1911	0	1	1	1	1	3	3	20	20	20	20	Catalyzes the attachment of threonine to tRNA(Thr) in a two-step reaction L-threonine is first activated by ATP to form Thr-AMP and then transferred to the acceptor end of tRNA(Thr)	J
OG0007429	441	0	1	1	1	1	3	3	20	20	20	20	#N/A	#N/A
OG0007437	46716	0	1	1	1	1	3	3	20	20	20	20	#N/A	#N/A
OG0007448	396	0	1	1	1	1	3	3	20	20	20	20	#N/A	#N/A
OG0007451	546	0	1	1	1	1	3	3	20	20	20	20	#N/A	#N/A
OG0007517	522	0	1	1	1	1	3	3	20	20	20	20	#N/A	#N/A
OG0007518	453	1	1	1	1	NA	3	NA	20	0	20	20	#N/A	#N/A
OG0007557	315	0	1	1	1	1	3	3	20	20	20	20	-	-
OG0007561	186	0	1	1	1	1	3	3	20	20	20	20	Histidine biosynthesis bifunctional protein hisIE	E
OG0007566	207	0	1	1	1	1	3	3	20	20	20	20	#N/A	#N/A
OG0007575	174	0	1	1	1	1	3	3	20	20	20	20	Catalyzes the oxidation of 3-carboxy-2-hydroxy-4- methylpentanoate (3-isopropylmalate) to 3-carboxy-4-methyl-2- oxopentanoate. The product decarboxylates to 4-methyl-2 oxopentanoate	CE
OG0007587	246	0	1	1	1	1	3	3	20	20	20	20	Alpha-amylase domain	G
OG0007589	129	0	1	1	1	1	3	3	20	20	20	20	#N/A	#N/A
OG0007639	369	0	1	1	1	1	3	3	20	20	20	20	#N/A	#N/A
OG0007646	93	0	1	1	1	1	3	3	20	20	20	20	#N/A	#N/A
OG0007650	1401	1	1	1	1	NA	3	NA	20	0	20	20	RES domain	S
OG0007654	237	0	1	1	1	1	3	3	20	20	20	20	#N/A	#N/A
OG0007663	117	0	1	1	1	1	3	3	20	20	20	20	#N/A	#N/A
OG0007666	198	0	1	1	1	1	3	3	20	20	20	20	#N/A	#N/A
OG0007675	183	0	1	1	1	1	3	3	20	20	20	20	#N/A	#N/A
OG0007718	207	0	1	1	1	1	3	3	20	20	20	20	#N/A	#N/A
OG0007735	423	0	1	1	1	1	3	3	20	20	20	20	#N/A	#N/A
OG0007774	279	0	1	1	1	1	3	3	20	20	20	20	#N/A	#N/A
OG0007776	897	0	1	1	1	1	3	3	20	20	20	20	Aldose 1-epimerase	G
OG0007804	330	0	1	1	1	1	3	3	20	20	20	20	Protein tyrosine kinase	KLT
OG0007805	1119	0	1	1	1	1	3	3	20	20	20	20	Reverse transcriptase (RNA-dependent DNA polymerase)	L
OG0007807	90	0	1	1	1	1	3	3	20	20	20	20	#N/A	#N/A
OG0007823	1566	0	1	1	1	1	3	3	20	20	20	20	FAD binding domain	CH
OG0007834	99	0	1	1	1	1	3	3	20	20	20	20	#N/A	#N/A
OG0007846	1410	0	1	1	1	1	3	3	20	20	20	20	"Psort location CytoplasmicMembrane, score"	P
OG0007847	954	0	1	1	1	1	3	3	20	20	20	20	lactoylglutathione lyase activity	E
OG0007858	114	0	1	1	1	1	3	3	20	20	20	20	#N/A	#N/A
OG0007863	162	0	1	1	1	1	3	3	20	20	20	20	#N/A	#N/A
OG0007865	636	0	1	1	1	1	3	3	20	20	20	20	#N/A	#N/A
OG0007867	261	0	1	1	1	1	3	3	20	20	20	20	#N/A	#N/A
OG0007870	1200	0	1	1	1	1	3	3	20	20	20	20	S-adenosylmethionine synthetase (AdoMet synthetase)	E
OG0007871	999	0	1	1	1	1	3	3	20	20	20	20	#N/A	#N/A
OG0007877	102	0	1	1	1	1	3	3	20	20	20	20	#N/A	#N/A
OG0007878	240	0	1	1	1	1	3	3	20	20	20	20	CAAX protease self-immunity	S
OG0007879	798	0	1	1	1	1	3	3	20	20	20	20	#N/A	#N/A
OG0007880	90	0	1	1	1	1	3	3	20	20	20	20	#N/A	#N/A
OG0007897	138	0	1	1	1	1	3	3	20	20	20	20	RloB-like protein	S
OG0007907	456	0	1	1	1	1	3	3	20	20	20	20	#N/A	#N/A
OG0007932	693	0	1	1	1	1	3	3	20	20	20	20	#N/A	#N/A
OG0007935	645	0	1	1	1	1	3	3	20	20	20	20	#N/A	#N/A
OG0007936	171	0	1	1	1	1	3	3	20	20	20	20	#N/A	#N/A
OG0007937	174	0	1	1	1	1	3	3	20	20	20	20	#N/A	#N/A
OG0007940	360	0	1	1	1	1	3	3	20	20	20	20	#N/A	#N/A
OG0007978	510	0	1	1	1	1	3	3	20	20	20	20	#N/A	#N/A
OG0007979	1335	0	1	1	1	1	3	3	20	20	20	20	#N/A	#N/A
OG0007993	165	0	1	1	1	1	3	3	20	20	20	20	#N/A	#N/A
OG0008004	336	0	1	1	1	1	3	3	20	20	20	20	#N/A	#N/A
OG0008005	420	0	1	1	1	1	3	3	20	20	20	20	Belongs to the TPP enzyme family	C
OG0008014	222	0	1	1	1	1	3	3	20	20	20	20	Transcriptional regulator	K
OG0008024	144	0	1	1	1	1	3	3	20	20	20	20	COG1278 Cold shock proteins	K
OG0008025	96	0	1	1	1	1	3	3	20	20	20	20	#N/A	#N/A
OG0008026	291	0	1	1	1	1	3	3	20	20	20	20	#N/A	#N/A
OG0008075	144	0	1	1	1	1	3	3	20	20	20	20	#N/A	#N/A
OG0008076	225	0	1	1	1	1	3	3	20	20	20	20	#N/A	#N/A
OG0008080	1092	0	1	1	1	1	3	3	20	20	20	20	#N/A	#N/A
OG0008081	1035	0	1	1	1	1	3	3	20	20	20	20	#N/A	#N/A
OG0008094	165	0	1	1	1	1	3	3	20	20	20	20	#N/A	#N/A
OG0008104	132	0	1	1	1	1	3	3	20	20	20	20	#N/A	#N/A
OG0008114	105	1	1	1	1	NA	3	NA	20	0	20	20	#N/A	#N/A
OG0008134	150	0	1	1	1	1	3	3	20	20	20	20	#N/A	#N/A
OG0008136	108	0	1	1	1	1	3	3	20	20	20	20	#N/A	#N/A
OG0008143	102	0	1	1	1	1	3	3	20	20	20	20	#N/A	#N/A
OG0008186	198	0	1	1	1	1	3	3	20	20	20	20	#N/A	#N/A
OG0008202	417	0	1	1	1	1	3	3	20	20	20	20	#N/A	#N/A
OG0008217	120	0	1	1	1	1	3	3	20	20	20	20	#N/A	#N/A
OG0008221	708	0	1	1	1	1	3	3	20	20	20	20	#N/A	#N/A
OG0008223	99	0	1	1	1	1	3	3	20	20	20	20	#N/A	#N/A
OG0008228	117	0	1	1	1	1	3	3	20	20	20	20	#N/A	#N/A
OG0008240	132	0	1	1	1	1	3	3	20	20	20	20	#N/A	#N/A
OG0000560	423	0.03	77	79	0.49	0.49	3.01	3.01	36	36	17.8	17.8	Forms part of the ribosomal stalk which helps the ribosome interact with GTP-bound translation factors	J
OG0000769	1290	0.26	77	78	0.38	0.41	3.01	3	46	43	17.44	17.44	"Ligates lysine onto the cytidine present at position 34 of the AUA codon-specific tRNA(Ile) that contains the anticodon CAU, in an ATP-dependent manner. Cytidine is converted to lysidine, thus changing the amino acid specificity of the tRNA from methionine to isoleucine"	D
OG0000956	309	0.03	77	77	0.41	0.41	3.01	3.01	44	44	17.95	17.95	Thioredoxin	CO
OG0001377	318	0.23	77	77	0.18	0.2	3.01	3.01	63	57	11.23	11.23	"Binds to DNA and alters its conformation. May be involved in regulation of gene expression, nucleoid organization and DNA protection"	S
OG0001405	261	0.25	76	76	0.31	0.36	3.01	2.95	48	41	14.66	14.66	-	-
OG0001464	264	0.04	76	76	0.51	0.51	3.01	3.01	35	35	17.95	17.95	COG1188 Ribosome-associated heat shock protein implicated in the recycling of the 50S subunit (S4 paralog)	J
OG0003554	394.5	0	4	4	0.83	0.83	3.01	3.01	22	22	18.25	18.25	#N/A	#N/A
OG0003555	186	0	4	4	0.81	0.81	3.01	3.01	22	22	17.75	17.75	#N/A	#N/A
OG0003682	189	0.25	4	4	0.6	0.63	3.01	3.02	24	23	14.5	14.5	#N/A	#N/A
OG0003739	549	0.5	4	4	0.63	0.66	3.01	3.04	23	22	14.5	14.5	Protein of unknown function (DUF4256)	S
OG0003773	564	0	3	3	0.9	0.9	3.01	3.01	21	21	19	19	#N/A	#N/A
OG0003802	192	0	3	3	0.77	0.77	3.01	3.01	22	22	17	17	#N/A	#N/A
OG0004666	240	0	2	2	0.88	0.88	3.01	3.01	21	21	18.5	18.5	#N/A	#N/A
OG0004699	468	0.5	2	2	0.86	0.86	3.01	3.04	21	21	18	18	-	-
OG0004715	114	0	2	2	0.86	0.86	3.01	3.01	21	21	18	18	#N/A	#N/A
OG0000494	867	0.03	77	79	0.31	0.31	3.02	3.03	52	52	15.96	15.96	Component of the acetyl coenzyme A carboxylase (ACC) complex. Biotin carboxylase (BC) catalyzes the carboxylation of biotin on its carrier protein (BCCP) and then the CO(2) group is transferred by the transcarboxylase to acetyl-CoA to form malonyl- CoA	I
OG0000765	462	0.27	77	78	0.19	0.2	3.02	3.05	69	67	13.26	13.26	Transcriptional regulator CtsR	K
OG0000988	588	0	77	77	0.46	0.46	3.02	3.02	40	40	18.31	18.31	Necessary for normal cell division and for the maintenance of normal septation	D
OG0001154	774	0.04	77	77	0.4	0.41	3.02	3.02	43	42	17.35	17.35	DNA-binding protein that represses the expression of many genes that are induced as cells make the transition from rapid exponential growth to stationary phase. It is a GTP-binding protein that senses the intracellular GTP concentration as an indicator of nutritional limitations. At low GTP concentration it no longer binds GTP and stop to act as a transcriptional repressor	K
OG0001256	390	0.04	77	77	0.22	0.22	3.02	3.02	59	58	12.95	12.95	UPF0344 protein	S
OG0001300	999	0.03	77	77	0.34	0.34	3.02	3.02	48	48	16.19	16.19	Peptide chain release factor 2 directs the termination of translation in response to the peptide chain termination codons UGA and UAA	J
OG0003232	441	0	6	6	0.95	0.95	3.02	3.02	21	21	20	20	-	-
OG0003233	1002	0	6	6	0.95	0.95	3.02	3.02	21	21	20	20	-	-
OG0004476	948	0	2	2	0.9	0.9	3.02	3.02	21	21	19	19	Fumarylacetoacetate (FAA) hydrolase family	Q
OG0004515	219	0	2	2	0.93	0.93	3.02	3.02	21	21	19.5	19.5	#N/A	#N/A
OG0004516	363	0	2	2	0.93	0.93	3.02	3.02	21	21	19.5	19.5	#N/A	#N/A
OG0004615	655.5	0	2	2	0.9	0.9	3.02	3.02	21	21	19	19	-	-
OG0000565	552	0.28	77	79	0.19	0.2	3.03	3.04	71	66	13.32	13.32	UvrB/uvrC motif	S
OG0000646	1383	0	77	78	0.44	0.44	3.03	3.03	41	41	18	18	membrane attachment protein	L
OG0000758	180	0.03	77	78	0.5	0.5	3.03	3.03	37	37	18.41	18.41	Essential subunit of the Sec protein translocation channel SecYEG. Clamps together the 2 halves of SecY. May contact the channel plug during translocation	U
OG0001310	537	0.04	77	77	0.2	0.2	3.03	3.04	71	70	14.35	14.35	5'-3'-deoxyribonucleotidase	S
OG0002351	1173	0.05	20	20	0.62	0.62	3.03	3.03	29	29	18.1	18.1	Esterase-like activity of phytase	S
OG0003442	690	0	5	5	0.77	0.77	3.03	3.03	23	23	17.6	17.6	Protein of unknown function (DUF1275)	S
OG0003711	129	1	3	4	0.35	NA	3.03	NA	23	0	8	8	#N/A	#N/A
OG0003750	192	0	2	4	0.95	0.95	3.03	3.03	21	21	20	20	#N/A	#N/A
OG0004205	1005	0	2	2	0.95	0.95	3.03	3.03	21	21	20	20	BadF/BadG/BcrA/BcrD ATPase family	G
OG0004238	387	0	2	2	0.7	0.7	3.03	3.03	22	22	15.5	15.5	#N/A	#N/A
OG0004343	360	0.5	2	2	0.73	0.8	3.03	3	22	20	16	16	-	-
OG0004408	96	0	2	2	0.75	0.75	3.03	3.03	22	22	16.5	16.5	#N/A	#N/A
OG0004536	264	0.5	1	2	0.68	0.83	3.03	2.89	22	18	15	15	#N/A	#N/A
OG0004787	697.5	0.5	2	2	0.95	1.05	3.03	2.94	21	19	20	20	#N/A	#N/A
OG0004800	225	1	2	2	0.95	NA	3.03	NA	21	0	20	20	#N/A	#N/A
OG0000552	1056	0.03	77	79	0.2	0.2	3.04	3.04	71	71	14.22	14.22	Belongs to the class-II pyridoxal-phosphate-dependent aminotransferase family. Histidinol-phosphate aminotransferase subfamily	E
OG0000743	672	0.05	77	78	0.33	0.34	3.04	3.02	51	49	16.87	16.87	Competence protein	S
OG0000855	1065	0.26	77	77	0.26	0.3	3.04	2.97	52	45	13.34	13.34	Binds and transfers iron-sulfur (Fe-S) clusters to target apoproteins. Can hydrolyze ATP	D
OG0000957	864	0.03	77	77	0.38	0.38	3.04	3.04	48	48	18.23	18.23	Belongs to the UPF0354 family	S
OG0000990	825	0	77	77	0.41	0.41	3.04	3.04	45	45	18.44	18.44	"COG0755 ABC-type transport system involved in cytochrome c biogenesis, permease component"	O
OG0001463	399	0.09	76	76	0.43	0.43	3.04	3.05	43	43	18.37	18.37	"RNA binding protein, contains ribosomal protein S1 domain"	J
OG0002611	259.5	0	14	14	0.61	0.61	3.04	3.04	27	27	16.36	16.36	#N/A	#N/A
OG0004096	225	1	2	3	0.48	NA	3.04	NA	23	0	11	11	#N/A	#N/A
OG0004225	886.5	1	2	2	0.5	NA	3.04	NA	21	0	10.5	10.5	#N/A	#N/A
OG0004270	186	0	2	2	0.82	0.82	3.04	3.04	22	22	18	18	#N/A	#N/A
OG0004330	1056	0.5	2	2	0.5	0.53	3.04	3	21	20	10.5	10.5	"Catalyzes the cleavage of L-kynurenine (L-Kyn) and L-3- hydroxykynurenine (L-3OHKyn) into anthranilic acid (AA) and 3- hydroxyanthranilic acid (3-OHAA), respectively"	E
OG0004339	135	0.5	2	2	0.77	0.77	3.04	3.09	22	22	17	17	#N/A	#N/A
OG0004372	148.5	0	2	2	0.98	0.98	3.04	3.04	21	21	20.5	20.5	#N/A	#N/A
OG0004391	135	0	2	2	0.98	0.98	3.04	3.04	21	21	20.5	20.5	#N/A	#N/A
OG0004614	111	0	2	2	1	1	3.04	3.04	21	21	21	21	#N/A	#N/A
OG0004690	555	0	1	2	1	1	3.04	3.04	21	21	21	21	Belongs to the ATCase OTCase family	F
OG0004727	562.5	1	2	2	0.82	NA	3.04	NA	22	0	18	18	#N/A	#N/A
OG0004740	349.5	1	2	2	0.64	NA	3.04	NA	22	0	14	14	#N/A	#N/A
OG0004777	180	0	1	2	1	1	3.04	3.04	21	21	21	21	#N/A	#N/A
OG0004840	93	0	1	1	1	1	3.04	3.04	21	21	21	21	#N/A	#N/A
OG0004862	105	0	1	1	1	1	3.04	3.04	21	21	21	21	#N/A	#N/A
OG0004867	96	0	1	1	1	1	3.04	3.04	21	21	21	21	#N/A	#N/A
OG0004870	291	0	1	1	1	1	3.04	3.04	21	21	21	21	Pyridoxal-phosphate dependent enzyme	E
OG0004873	228	0	1	1	1	1	3.04	3.04	21	21	21	21	#N/A	#N/A
OG0004912	408	0	1	1	1	1	3.04	3.04	21	21	21	21	#N/A	#N/A
OG0004923	630	0	1	1	1	1	3.04	3.04	21	21	21	21	-	-
OG0004925	762	0	1	1	1	1	3.04	3.04	21	21	21	21	Abortive infection C-terminus	S
OG0004935	201	0	1	1	1	1	3.04	3.04	21	21	21	21	#N/A	#N/A
OG0004944	342	0	1	1	1	1	3.04	3.04	21	21	21	21	Restriction endonuclease EcoRV	L
OG0004945	471	0	1	1	1	1	3.04	3.04	21	21	21	21	Restriction endonuclease EcoRV	L
OG0004950	954	0	1	1	1	1	3.04	3.04	21	21	21	21	Calcineurin-like phosphoesterase	S
OG0004982	132	0	1	1	1	1	3.04	3.04	21	21	21	21	#N/A	#N/A
OG0004992	165	0	1	1	1	1	3.04	3.04	21	21	21	21	#N/A	#N/A
OG0004997	354	0	1	1	1	1	3.04	3.04	21	21	21	21	#N/A	#N/A
OG0005028	111	0	1	1	1	1	3.04	3.04	21	21	21	21	#N/A	#N/A
OG0005165	882	0	1	1	1	1	3.04	3.04	21	21	21	21	#N/A	#N/A
OG0005192	168	0	1	1	1	1	3.04	3.04	21	21	21	21	#N/A	#N/A
OG0005228	612	0	1	1	1	1	3.04	3.04	21	21	21	21	#N/A	#N/A
OG0005236	144	0	1	1	1	1	3.04	3.04	21	21	21	21	#N/A	#N/A
OG0005254	303	0	1	1	1	1	3.04	3.04	21	21	21	21	Glutamine synthetase	E
OG0005260	141	0	1	1	1	1	3.04	3.04	21	21	21	21	Cell wall formation	M
OG0005267	240	0	1	1	1	1	3.04	3.04	21	21	21	21	Peptidase C26	S
OG0005298	261	0	1	1	1	1	3.04	3.04	21	21	21	21	N-6 DNA Methylase	L
OG0005310	93	0	1	1	1	1	3.04	3.04	21	21	21	21	#N/A	#N/A
OG0005312	216	0	1	1	1	1	3.04	3.04	21	21	21	21	"conserved protein, contains S4-like domain"	S
OG0005324	294	0	1	1	1	1	3.04	3.04	21	21	21	21	transferase	M
OG0005325	231	0	1	1	1	1	3.04	3.04	21	21	21	21	#N/A	#N/A
OG0005326	243	0	1	1	1	1	3.04	3.04	21	21	21	21	COG0463 Glycosyltransferases involved in cell wall biogenesis	M
OG0005345	108	0	1	1	1	1	3.04	3.04	21	21	21	21	#N/A	#N/A
OG0005455	105	0	1	1	1	1	3.04	3.04	21	21	21	21	#N/A	#N/A
OG0005466	132	0	1	1	1	1	3.04	3.04	21	21	21	21	#N/A	#N/A
OG0005469	105	0	1	1	1	1	3.04	3.04	21	21	21	21	#N/A	#N/A
OG0005523	117	0	1	1	1	1	3.04	3.04	21	21	21	21	#N/A	#N/A
OG0005531	126	0	1	1	1	1	3.04	3.04	21	21	21	21	#N/A	#N/A
OG0005581	390	0	1	1	1	1	3.04	3.04	21	21	21	21	#N/A	#N/A
OG0005593	387	0	1	1	1	1	3.04	3.04	21	21	21	21	-	-
OG0005600	159	0	1	1	1	1	3.04	3.04	21	21	21	21	#N/A	#N/A
OG0005601	273	0	1	1	1	1	3.04	3.04	21	21	21	21	#N/A	#N/A
OG0005609	324	0	1	1	1	1	3.04	3.04	21	21	21	21	#N/A	#N/A
OG0005666	96	0	1	1	1	1	3.04	3.04	21	21	21	21	#N/A	#N/A
OG0005676	339	0	1	1	1	1	3.04	3.04	21	21	21	21	#N/A	#N/A
OG0005683	99	0	1	1	1	1	3.04	3.04	21	21	21	21	#N/A	#N/A
OG0005688	159	0	1	1	1	1	3.04	3.04	21	21	21	21	Protein of unknown function (DUF456)	S
OG0005694	1311	0	1	1	1	1	3.04	3.04	21	21	21	21	Major Facilitator Superfamily	G
OG0005735	867	0	1	1	1	1	3.04	3.04	21	21	21	21	#N/A	#N/A
OG0005783	351	0	1	1	1	1	3.04	3.04	21	21	21	21	#N/A	#N/A
OG0005784	135	0	1	1	1	1	3.04	3.04	21	21	21	21	#N/A	#N/A
OG0005790	213	0	1	1	1	1	3.04	3.04	21	21	21	21	#N/A	#N/A
OG0005792	705	0	1	1	1	1	3.04	3.04	21	21	21	21	-	-
OG0005802	297	0	1	1	1	1	3.04	3.04	21	21	21	21	VRR_NUC	L
OG0005803	318	0	1	1	1	1	3.04	3.04	21	21	21	21	-	-
OG0005844	231	1	1	1	1	NA	3.04	NA	21	0	21	21	#N/A	#N/A
OG0005857	186	0	1	1	1	1	3.04	3.04	21	21	21	21	#N/A	#N/A
OG0005864	165	0	1	1	1	1	3.04	3.04	21	21	21	21	#N/A	#N/A
OG0005878	90	0	1	1	1	1	3.04	3.04	21	21	21	21	#N/A	#N/A
OG0005900	153	0	1	1	1	1	3.04	3.04	21	21	21	21	#N/A	#N/A
OG0005901	312	0	1	1	1	1	3.04	3.04	21	21	21	21	#N/A	#N/A
OG0005902	129	0	1	1	1	1	3.04	3.04	21	21	21	21	#N/A	#N/A
OG0005903	159	0	1	1	1	1	3.04	3.04	21	21	21	21	#N/A	#N/A
OG0005934	192	0	1	1	1	1	3.04	3.04	21	21	21	21	#N/A	#N/A
OG0005938	129	0	1	1	1	1	3.04	3.04	21	21	21	21	#N/A	#N/A
OG0005941	126	1	1	1	1	NA	3.04	NA	21	0	21	21	#N/A	#N/A
OG0005948	153	0	1	1	1	1	3.04	3.04	21	21	21	21	#N/A	#N/A
OG0005962	573	0	1	1	1	1	3.04	3.04	21	21	21	21	#N/A	#N/A
OG0005964	117	0	1	1	1	1	3.04	3.04	21	21	21	21	#N/A	#N/A
OG0005981	177	0	1	1	1	1	3.04	3.04	21	21	21	21	#N/A	#N/A
OG0006003	150	0	1	1	1	1	3.04	3.04	21	21	21	21	#N/A	#N/A
OG0006004	174	0	1	1	1	1	3.04	3.04	21	21	21	21	#N/A	#N/A
OG0006007	1308	0	1	1	1	1	3.04	3.04	21	21	21	21	"Elongator protein 3, MiaB family, Radical SAM"	C
OG0006013	2781	1	1	1	1	NA	3.04	NA	21	0	21	21	#N/A	#N/A
OG0006044	147	0	1	1	1	1	3.04	3.04	21	21	21	21	#N/A	#N/A
OG0006095	318	0	1	1	1	1	3.04	3.04	21	21	21	21	Catalyzes the transfer of a methyl group from 5- methyltetrahydrofolate to homocysteine resulting in methionine formation	E
OG0006096	159	0	1	1	1	1	3.04	3.04	21	21	21	21	#N/A	#N/A
OG0006101	129	0	1	1	1	1	3.04	3.04	21	21	21	21	#N/A	#N/A
OG0006103	231	0	1	1	1	1	3.04	3.04	21	21	21	21	"D-isomer specific 2-hydroxyacid dehydrogenase, catalytic domain"	CH
OG0006104	300	0	1	1	1	1	3.04	3.04	21	21	21	21	Membrane transport protein	S
OG0006114	213	0	1	1	1	1	3.04	3.04	21	21	21	21	Belongs to the metallo-dependent hydrolases superfamily. DHOase family. Class I DHOase subfamily	F
OG0006115	150	0	1	1	1	1	3.04	3.04	21	21	21	21	allantoinase activity. It is involved in the biological process described with allantoin catabolic process	F
OG0006131	201	0	1	1	1	1	3.04	3.04	21	21	21	21	#N/A	#N/A
OG0006133	132	0	1	1	1	1	3.04	3.04	21	21	21	21	#N/A	#N/A
OG0006162	240	0	1	1	1	1	3.04	3.04	21	21	21	21	#N/A	#N/A
OG0006165	237	0	1	1	1	1	3.04	3.04	21	21	21	21	Heavy-metal-associated domain	P
OG0006179	219	0	1	1	1	1	3.04	3.04	21	21	21	21	phosphomevalonate kinase	I
OG0006180	144	0	1	1	1	1	3.04	3.04	21	21	21	21	#N/A	#N/A
OG0006216	141	0	1	1	1	1	3.04	3.04	21	21	21	21	#N/A	#N/A
OG0006217	144	0	1	1	1	1	3.04	3.04	21	21	21	21	#N/A	#N/A
OG0006218	198	0	1	1	1	1	3.04	3.04	21	21	21	21	"damaged site, the DNA wraps around one UvrB monomer. DNA wrap is dependent on ATP binding by UvrB and probably causes local melting of the DNA helix, facilitating insertion of UvrB beta-hairpin between the DNA strands. Then UvrB probes one DNA strand for the presence of a lesion. If a lesion is found the UvrA subunits dissociate and the UvrB-DNA preincision complex is formed. This complex is subsequently bound by UvrC and the second UvrB is released. If no lesion is found, the DNA wraps around the other UvrB subunit that will check the other stand for damage"	L
OG0006392	132	0	1	1	1	1	3.04	3.04	21	21	21	21	#N/A	#N/A
OG0006393	393	0	1	1	1	1	3.04	3.04	21	21	21	21	"Transketolase, thiamine diphosphate binding domain"	G
OG0006434	204	0	1	1	1	1	3.04	3.04	21	21	21	21	Ribosomal protein S1	J
OG0006605	246	0	1	1	1	1	3.04	3.04	21	21	21	21	DNA repair exonuclease	L
OG0006606	312	0	1	1	1	1	3.04	3.04	21	21	21	21	Proline dehydrogenase	E
OG0006654	348	0	1	1	1	1	3.04	3.04	21	21	21	21	Catalyzes the interconversion of L-alanine and D- alanine. May also act on other amino acids	E
OG0006676	255	0	1	1	1	1	3.04	3.04	21	21	21	21	"ABC transporter, ATP-binding protein"	P
OG0006751	264	0	1	1	1	1	3.04	3.04	21	21	21	21	#N/A	#N/A
OG0006765	294	0	1	1	1	1	3.04	3.04	21	21	21	21	Belongs to the HMG-CoA reductase family	C
OG0006766	213	0	1	1	1	1	3.04	3.04	21	21	21	21	#N/A	#N/A
OG0006786	240	0	1	1	1	1	3.04	3.04	21	21	21	21	#N/A	#N/A
OG0006794	171	0	1	1	1	1	3.04	3.04	21	21	21	21	#N/A	#N/A
OG0006795	99	0	1	1	1	1	3.04	3.04	21	21	21	21	#N/A	#N/A
OG0006797	207	0	1	1	1	1	3.04	3.04	21	21	21	21	regulation of methylation-dependent chromatin silencing	O
OG0006821	303	0	1	1	1	1	3.04	3.04	21	21	21	21	#N/A	#N/A
OG0006831	315	0	1	1	1	1	3.04	3.04	21	21	21	21	#N/A	#N/A
OG0006858	252	0	1	1	1	1	3.04	3.04	21	21	21	21	#N/A	#N/A
OG0006863	1230	0	1	1	1	1	3.04	3.04	21	21	21	21	-	-
OG0006923	123	0	1	1	1	1	3.04	3.04	21	21	21	21	#N/A	#N/A
OG0006925	129	0	1	1	1	1	3.04	3.04	21	21	21	21	#N/A	#N/A
OG0006926	984	0	1	1	1	1	3.04	3.04	21	21	21	21	#N/A	#N/A
OG0006927	222	0	1	1	1	1	3.04	3.04	21	21	21	21	#N/A	#N/A
OG0006928	621	0	1	1	1	1	3.04	3.04	21	21	21	21	#N/A	#N/A
OG0006934	501	0	1	1	1	1	3.04	3.04	21	21	21	21	#N/A	#N/A
OG0006935	351	0	1	1	1	1	3.04	3.04	21	21	21	21	"PemK-like, MazF-like toxin of type II toxin-antitoxin system"	T
OG0006954	189	0	1	1	1	1	3.04	3.04	21	21	21	21	#N/A	#N/A
OG0006994	123	0	1	1	1	1	3.04	3.04	21	21	21	21	#N/A	#N/A
OG0007002	321	0	1	1	1	1	3.04	3.04	21	21	21	21	#N/A	#N/A
OG0007011	150	0	1	1	1	1	3.04	3.04	21	21	21	21	#N/A	#N/A
OG0007015	510	0	1	1	1	1	3.04	3.04	21	21	21	21	Transcriptional regulator	K
OG0007025	150	0	1	1	1	1	3.04	3.04	21	21	21	21	#N/A	#N/A
OG0007026	102	0	1	1	1	1	3.04	3.04	21	21	21	21	#N/A	#N/A
OG0007028	138	0	1	1	1	1	3.04	3.04	21	21	21	21	#N/A	#N/A
OG0007029	192	0	1	1	1	1	3.04	3.04	21	21	21	21	#N/A	#N/A
OG0007032	105	0	1	1	1	1	3.04	3.04	21	21	21	21	#N/A	#N/A
OG0007044	126	0	1	1	1	1	3.04	3.04	21	21	21	21	#N/A	#N/A
OG0007045	195	0	1	1	1	1	3.04	3.04	21	21	21	21	#N/A	#N/A
OG0007046	570	0	1	1	1	1	3.04	3.04	21	21	21	21	"Couples transcription and DNA repair by recognizing RNA polymerase (RNAP) stalled at DNA lesions. Mediates ATP-dependent release of RNAP and its truncated transcript from the DNA, and recruitment of nucleotide excision repair machinery to the damaged site"	L
OG0007050	255	0	1	1	1	1	3.04	3.04	21	21	21	21	#N/A	#N/A
OG0007051	132	0	1	1	1	1	3.04	3.04	21	21	21	21	#N/A	#N/A
OG0007052	270	0	1	1	1	1	3.04	3.04	21	21	21	21	#N/A	#N/A
OG0007053	207	0	1	1	1	1	3.04	3.04	21	21	21	21	#N/A	#N/A
OG0007055	360	0	1	1	1	1	3.04	3.04	21	21	21	21	-	-
OG0007059	318	0	1	1	1	1	3.04	3.04	21	21	21	21	-	-
OG0007060	186	0	1	1	1	1	3.04	3.04	21	21	21	21	#N/A	#N/A
OG0007120	213	0	1	1	1	1	3.04	3.04	21	21	21	21	#N/A	#N/A
OG0007133	177	0	1	1	1	1	3.04	3.04	21	21	21	21	#N/A	#N/A
OG0007135	783	0	1	1	1	1	3.04	3.04	21	21	21	21	#N/A	#N/A
OG0007151	270	0	1	1	1	1	3.04	3.04	21	21	21	21	#N/A	#N/A
OG0007152	522	0	1	1	1	1	3.04	3.04	21	21	21	21	#N/A	#N/A
OG0007157	138	0	1	1	1	1	3.04	3.04	21	21	21	21	Peptidase S24-like	U
OG0007159	258	0	1	1	1	1	3.04	3.04	21	21	21	21	#N/A	#N/A
OG0007162	177	0	1	1	1	1	3.04	3.04	21	21	21	21	#N/A	#N/A
OG0007178	300	0	1	1	1	1	3.04	3.04	21	21	21	21	#N/A	#N/A
OG0007201	801	0	1	1	1	1	3.04	3.04	21	21	21	21	#N/A	#N/A
OG0007203	189	0	1	1	1	1	3.04	3.04	21	21	21	21	-	-
OG0007214	687	0	1	1	1	1	3.04	3.04	21	21	21	21	-	-
OG0007223	117	0	1	1	1	1	3.04	3.04	21	21	21	21	#N/A	#N/A
OG0007233	618	0	1	1	1	1	3.04	3.04	21	21	21	21	#N/A	#N/A
OG0007255	180	0	1	1	1	1	3.04	3.04	21	21	21	21	#N/A	#N/A
OG0007267	144	0	1	1	1	1	3.04	3.04	21	21	21	21	#N/A	#N/A
OG0007279	1071	0	1	1	1	1	3.04	3.04	21	21	21	21	#N/A	#N/A
OG0007348	522	0	1	1	1	1	3.04	3.04	21	21	21	21	#N/A	#N/A
OG0007349	216	0	1	1	1	1	3.04	3.04	21	21	21	21	#N/A	#N/A
OG0007350	774	0	1	1	1	1	3.04	3.04	21	21	21	21	Thiamine biosynthesis protein ThiF	H
OG0007351	99	0	1	1	1	1	3.04	3.04	21	21	21	21	#N/A	#N/A
OG0007359	102	0	1	1	1	1	3.04	3.04	21	21	21	21	#N/A	#N/A
OG0007397	495	0	1	1	1	1	3.04	3.04	21	21	21	21	#N/A	#N/A
OG0007400	1344	0	1	1	1	1	3.04	3.04	21	21	21	21	#N/A	#N/A
OG0007401	1092	0	1	1	1	1	3.04	3.04	21	21	21	21	#N/A	#N/A
OG0007404	366	0	1	1	1	1	3.04	3.04	21	21	21	21	Primase C terminal 1 (PriCT-1)	K
OG0007407	114	0	1	1	1	1	3.04	3.04	21	21	21	21	#N/A	#N/A
OG0007426	555	0	1	1	1	1	3.04	3.04	21	21	21	21	#N/A	#N/A
OG0007436	885	0	1	1	1	1	3.04	3.04	21	21	21	21	#N/A	#N/A
OG0007447	2061	0	1	1	1	1	3.04	3.04	21	21	21	21	#N/A	#N/A
OG0007450	633	0	1	1	1	1	3.04	3.04	21	21	21	21	#N/A	#N/A
OG0007456	41991	0	1	1	1	1	3.04	3.04	21	21	21	21	#N/A	#N/A
OG0007482	159	0	1	1	1	1	3.04	3.04	21	21	21	21	#N/A	#N/A
OG0007550	108	0	1	1	1	1	3.04	3.04	21	21	21	21	#N/A	#N/A
OG0007551	186	0	1	1	1	1	3.04	3.04	21	21	21	21	#N/A	#N/A
OG0007553	303	0	1	1	1	1	3.04	3.04	21	21	21	21	"Malic enzyme, N-terminal domain"	C
OG0007554	129	0	1	1	1	1	3.04	3.04	21	21	21	21	#N/A	#N/A
OG0007555	294	0	1	1	1	1	3.04	3.04	21	21	21	21	"Malic enzyme, N-terminal domain"	C
OG0007556	606	0	1	1	1	1	3.04	3.04	21	21	21	21	2-hydroxycarboxylate transporter family	U
OG0007572	387	0	1	1	1	1	3.04	3.04	21	21	21	21	Membrane transport protein	S
OG0007576	279	0	1	1	1	1	3.04	3.04	21	21	21	21	"Thiamine pyrophosphate enzyme, central domain"	EH
OG0007577	324	0	1	1	1	1	3.04	3.04	21	21	21	21	acetolactate synthase	H
OG0007579	330	0	1	1	1	1	3.04	3.04	21	21	21	21	Sulphur transport	S
OG0007581	225	0	1	1	1	1	3.04	3.04	21	21	21	21	#N/A	#N/A
OG0007586	144	0	1	1	1	1	3.04	3.04	21	21	21	21	#N/A	#N/A
OG0007596	405	0	1	1	1	1	3.04	3.04	21	21	21	21	#N/A	#N/A
OG0007602	186	0	1	1	1	1	3.04	3.04	21	21	21	21	#N/A	#N/A
OG0007605	141	0	1	1	1	1	3.04	3.04	21	21	21	21	#N/A	#N/A
OG0007609	243	0	1	1	1	1	3.04	3.04	21	21	21	21	Belongs to the BI1 family	S
OG0007623	243	0	1	1	1	1	3.04	3.04	21	21	21	21	#N/A	#N/A
OG0007625	144	0	1	1	1	1	3.04	3.04	21	21	21	21	#N/A	#N/A
OG0007660	120	0	1	1	1	1	3.04	3.04	21	21	21	21	#N/A	#N/A
OG0007662	504	0	1	1	1	1	3.04	3.04	21	21	21	21	#N/A	#N/A
OG0007670	132	0	1	1	1	1	3.04	3.04	21	21	21	21	#N/A	#N/A
OG0007671	264	0	1	1	1	1	3.04	3.04	21	21	21	21	#N/A	#N/A
OG0007672	111	0	1	1	1	1	3.04	3.04	21	21	21	21	#N/A	#N/A
OG0007677	153	0	1	1	1	1	3.04	3.04	21	21	21	21	#N/A	#N/A
OG0007679	108	0	1	1	1	1	3.04	3.04	21	21	21	21	#N/A	#N/A
OG0007762	993	0	1	1	1	1	3.04	3.04	21	21	21	21	#N/A	#N/A
OG0007768	366	0	1	1	1	1	3.04	3.04	21	21	21	21	#N/A	#N/A
OG0007775	192	0	1	1	1	1	3.04	3.04	21	21	21	21	#N/A	#N/A
OG0007803	294	0	1	1	1	1	3.04	3.04	21	21	21	21	Protein tyrosine kinase	KLT
OG0007838	93	0	1	1	1	1	3.04	3.04	21	21	21	21	#N/A	#N/A
OG0007859	129	0	1	1	1	1	3.04	3.04	21	21	21	21	#N/A	#N/A
OG0007866	825	0	1	1	1	1	3.04	3.04	21	21	21	21	#N/A	#N/A
OG0007868	963	0	1	1	1	1	3.04	3.04	21	21	21	21	#N/A	#N/A
OG0007869	1089	0	1	1	1	1	3.04	3.04	21	21	21	21	Myo-inositol-1-phosphate synthase	I
OG0007872	975	0	1	1	1	1	3.04	3.04	21	21	21	21	#N/A	#N/A
OG0007885	504	0	1	1	1	1	3.04	3.04	21	21	21	21	Prephenate dehydratase	E
OG0007891	90	0	1	1	1	1	3.04	3.04	21	21	21	21	#N/A	#N/A
OG0007892	117	0	1	1	1	1	3.04	3.04	21	21	21	21	#N/A	#N/A
OG0007893	168	0	1	1	1	1	3.04	3.04	21	21	21	21	#N/A	#N/A
OG0007900	105	0	1	1	1	1	3.04	3.04	21	21	21	21	#N/A	#N/A
OG0007915	369	0	1	1	1	1	3.04	3.04	21	21	21	21	#N/A	#N/A
OG0007924	168	0	1	1	1	1	3.04	3.04	21	21	21	21	#N/A	#N/A
OG0007934	1479	0	1	1	1	1	3.04	3.04	21	21	21	21	#N/A	#N/A
OG0007945	321	0	1	1	1	1	3.04	3.04	21	21	21	21	#N/A	#N/A
OG0007946	114	0	1	1	1	1	3.04	3.04	21	21	21	21	#N/A	#N/A
OG0007986	75	1	1	1	1	NA	3.04	NA	21	0	21	21	#N/A	#N/A
OG0008015	126	0	1	1	1	1	3.04	3.04	21	21	21	21	#N/A	#N/A
OG0008019	180	0	1	1	1	1	3.04	3.04	21	21	21	21	#N/A	#N/A
OG0008051	603	0	1	1	1	1	3.04	3.04	21	21	21	21	#N/A	#N/A
OG0008063	480	0	1	1	1	1	3.04	3.04	21	21	21	21	#N/A	#N/A
OG0008068	159	0	1	1	1	1	3.04	3.04	21	21	21	21	#N/A	#N/A
OG0008101	774	0	1	1	1	1	3.04	3.04	21	21	21	21	#N/A	#N/A
OG0008102	762	0	1	1	1	1	3.04	3.04	21	21	21	21	#N/A	#N/A
OG0008107	621	0	1	1	1	1	3.04	3.04	21	21	21	21	#N/A	#N/A
OG0008112	132	0	1	1	1	1	3.04	3.04	21	21	21	21	#N/A	#N/A
OG0008119	102	0	1	1	1	1	3.04	3.04	21	21	21	21	#N/A	#N/A
OG0008129	186	0	1	1	1	1	3.04	3.04	21	21	21	21	#N/A	#N/A
OG0008131	330	0	1	1	1	1	3.04	3.04	21	21	21	21	#N/A	#N/A
OG0008133	861	0	1	1	1	1	3.04	3.04	21	21	21	21	-	-
OG0008191	129	0	1	1	1	1	3.04	3.04	21	21	21	21	#N/A	#N/A
OG0008199	252	0	1	1	1	1	3.04	3.04	21	21	21	21	#N/A	#N/A
OG0008213	705	0	1	1	1	1	3.04	3.04	21	21	21	21	NhaP-type Na H and K H antiporters	P
OG0008216	216	0	1	1	1	1	3.04	3.04	21	21	21	21	#N/A	#N/A
OG0008222	90	0	1	1	1	1	3.04	3.04	21	21	21	21	#N/A	#N/A
OG0008229	180	0	1	1	1	1	3.04	3.04	21	21	21	21	#N/A	#N/A
OG0000561	549	0.03	77	79	0.49	0.49	3.05	3.05	37	37	18.19	18.19	"Participates in transcription elongation, termination and antitermination"	K
OG0000562	579	0.03	77	79	0.48	0.48	3.05	3.04	39	39	18.66	18.66	Belongs to the sigma-70 factor family	K
OG0000732	906	0.04	77	78	0.22	0.22	3.05	3.05	61	60	13.23	13.23	"COG0179 2-keto-4-pentenoate hydratase 2-oxohepta-3-ene-1,7-dioic acid hydratase (catechol pathway)"	Q
OG0000756	609	0.03	77	78	0.48	0.48	3.05	3.05	40	40	19.15	19.15	Methyltransferase small domain	J
OG0000759	525	0.03	77	78	0.48	0.48	3.05	3.05	39	39	18.69	18.69	RNA-binding protein containing a PIN domain	S
OG0000890	2151	0.23	77	77	0.3	0.31	3.05	3.08	55	54	16.49	16.49	accessory protein	K
OG0000955	1077	0.04	77	77	0.37	0.37	3.05	3.05	50	50	18.32	18.32	aminopeptidase	G
OG0000985	357	0	77	77	0.52	0.52	3.05	3.05	37	37	19.21	19.21	Binds directly to 23S ribosomal RNA and is necessary for the in vitro assembly process of the 50S ribosomal subunit. It is not involved in the protein synthesizing functions of that subunit	J
OG0001365	396	0.04	77	77	0.42	0.42	3.05	3.05	44	44	18.4	18.4	Cell-division initiation protein	D
OG0002124	630	0.03	31	31	0.52	0.54	3.05	3.04	34	33	17.81	17.81	Participates in the control of copper homeostasis	P
OG0003227	1185	0	6	6	0.65	0.65	3.05	3.05	26	26	16.83	16.83	-	-
OG0003686	138	0	4	4	0.9	0.9	3.05	3.05	22	22	19.75	19.75	-	-
OG0003938	198	0	3	3	0.72	0.72	3.05	3.05	23	23	16.67	16.67	#N/A	#N/A
OG0004091	510	0.33	2	3	0.79	0.83	3.05	3.04	22	21	17.33	17.33	#N/A	#N/A
OG0004444	865.5	0	2	2	0.86	0.86	3.05	3.05	22	22	19	19	#N/A	#N/A
OG0000419	1494	0	77	80	0.51	0.51	3.06	3.06	38	38	19.4	19.4	permease	E
OG0000420	924	0.01	77	80	0.49	0.5	3.06	3.06	39	38	19.12	19.12	-	-
OG0000647	612	0.01	77	78	0.51	0.52	3.06	3.05	38	37	19.21	19.21	DNA mismatch repair protein MutT	S
OG0000927	543	0.25	77	77	0.37	0.39	3.06	3.07	47	44	17.26	17.26	Belongs to the UPF0374 family	J
OG0000953	792	0.03	77	77	0.29	0.29	3.06	3.07	59	59	17.39	17.39	choline kinase involved in LPS biosynthesis	M
OG0000958	600	0.01	77	77	0.37	0.37	3.06	3.06	50	50	18.47	18.47	Belongs to the phenylalanyl-tRNA synthetase beta subunit family. Type 1 subfamily	J
OG0000984	201	0	77	77	0.52	0.52	3.06	3.06	37	37	19.23	19.23	Belongs to the bacterial ribosomal protein bL35 family	J
OG0001093	333	0.04	77	77	0.37	0.38	3.06	3.06	48	46	17.64	17.64	-	-
OG0001299	1983	0.01	77	77	0.34	0.34	3.06	3.06	51	51	17.22	17.22	"damaged site, the DNA wraps around one UvrB monomer. DNA wrap is dependent on ATP binding by UvrB and probably causes local melting of the DNA helix, facilitating insertion of UvrB beta-hairpin between the DNA strands. Then UvrB probes one DNA strand for the presence of a lesion. If a lesion is found the UvrA subunits dissociate and the UvrB-DNA preincision complex is formed. This complex is subsequently bound by UvrC and the second UvrB is released. If no lesion is found, the DNA wraps around the other UvrB subunit that will check the other stand for damage"	L
OG0001515	717	0.01	74	74	0.28	0.28	3.06	3.06	60	60	17.05	17.05	transcriptional	K
OG0003648	258	0	4	4	0.56	0.56	3.06	3.06	25	25	14	14	#N/A	#N/A
OG0003753	102	0	3	3	0.61	0.61	3.06	3.06	24	24	14.67	14.67	#N/A	#N/A
OG0003772	588	0	3	3	0.91	0.91	3.06	3.06	22	22	20	20	#N/A	#N/A
OG0004056	711	0	2	3	0.75	0.75	3.06	3.06	23	23	17.33	17.33	#N/A	#N/A
OG0004069	228	0	3	3	0.88	0.88	3.06	3.06	22	22	19.33	19.33	#N/A	#N/A
OG0004409	1005	0	2	2	0.89	0.89	3.06	3.06	22	22	19.5	19.5	#N/A	#N/A
OG0004441	564	0.5	2	2	0.89	0.93	3.06	3.04	22	21	19.5	19.5	#N/A	#N/A
OG0004583	249	0.5	2	2	0.55	0.6	3.06	3	22	20	12	12	#N/A	#N/A
OG0004728	603	0.5	2	2	0.89	0.93	3.06	3.04	22	21	19.5	19.5	#N/A	#N/A
OG0000579	1116	0.55	77	78	0.2	0.26	3.07	3.12	63	49	12.67	12.67	"it is required for DNA replication and normal SOS inducibility. RecF binds preferentially to single-stranded, linear DNA. It also seems to bind ATP"	L
OG0000757	696	0.03	77	78	0.47	0.47	3.07	3.06	39	39	18.49	18.49	"Binds directly to 23S rRNA. The L1 stalk is quite mobile in the ribosome, and is involved in E site tRNA release"	J
OG0000959	1092	0.01	77	77	0.25	0.25	3.07	3.06	63	62	15.69	15.69	chorismate mutase	E
OG0000983	573	0	77	77	0.51	0.51	3.07	3.07	38	38	19.35	19.35	"IF-3 binds to the 30S ribosomal subunit and shifts the equilibrum between 70S ribosomes and their 50S and 30S subunits in favor of the free subunits, thus enhancing the availability of 30S subunits on which protein synthesis initiation begins"	J
OG0000986	1311	0	77	77	0.47	0.47	3.07	3.07	42	42	19.6	19.6	Involved in protein export. Acts as a chaperone by maintaining the newly synthesized protein in an open conformation. Functions as a peptidyl-prolyl cis-trans isomerase	D
OG0001125	2706	0.06	77	77	0.23	0.23	3.07	3.07	66	65	15.17	15.17	Catalyzes the isomerization of citrate to isocitrate via cis-aconitate	C
OG0001376	597	0.23	77	77	0.19	0.21	3.07	3.06	63	57	11.99	11.99	May play a role in DNA repair. It seems to be involved in an RecBC-independent recombinational process of DNA repair. It may act with RecF and RecO	L
OG0001508	318	0.04	74	74	0.34	0.34	3.07	3.07	53	53	18.11	18.11	Small secreted protein	S
OG0003231	1380	0	6	6	0.95	0.95	3.07	3.07	22	22	21	21	-	-
OG0003556	960	0	4	4	0.77	0.77	3.07	3.07	24	24	18.5	18.5	cell killing	M
OG0003769	231	0	3	3	0.95	0.95	3.07	3.07	22	22	21	21	#N/A	#N/A
OG0003770	237	0	3	3	0.95	0.95	3.07	3.07	22	22	21	21	#N/A	#N/A
OG0003998	411	0	3	3	0.84	0.84	3.07	3.07	23	23	19.33	19.33	-	-
OG0004057	195	0	3	3	0.8	0.8	3.07	3.07	23	23	18.33	18.33	#N/A	#N/A
OG0004167	1081.5	0	2	2	0.91	0.91	3.07	3.07	22	22	20	20	Catalyzes the condensation of the acetyl group of acetyl-CoA with 3-methyl-2-oxobutanoate (2-oxoisovalerate) to form 3-carboxy-3-hydroxy-4-methylpentanoate (2-isopropylmalate)	E
OG0000989	1341	0	77	77	0.44	0.44	3.08	3.08	44	44	19.19	19.19	Catalyzes the NADPH-dependent reduction of glutamyl- tRNA(Glu) to glutamate 1-semialdehyde (GSA)	H
OG0001078	273	0.01	77	77	0.38	0.38	3.08	3.08	50	50	19.17	19.17	"Histone-like DNA-binding protein which is capable of wrapping DNA to stabilize it, and thus to prevent its denaturation under extreme environmental conditions"	L
OG0001552	1158	0.04	68	72	0.24	0.26	3.08	3.03	61	56	14.5	14.5	"COG0123 Deacetylases, including yeast histone deacetylase and acetoin utilization protein"	BQ
OG0002873	360	0.11	9	9	0.56	0.62	3.08	3.03	29	26	16.11	16.11	-	-
OG0003430	405	0	5	5	0.96	0.96	3.08	3.08	22	22	21.2	21.2	#N/A	#N/A
OG0003783	93	0	3	3	0.69	0.69	3.08	3.08	24	24	16.67	16.67	#N/A	#N/A
OG0004107	235.5	0	2	2	0.76	0.76	3.08	3.08	23	23	17.5	17.5	-	-
OG0004139	405	0	2	2	0.76	0.76	3.08	3.08	23	23	17.5	17.5	Domain of unknown function (DUF5082)	S
OG0004188	460.5	0	2	2	0.98	0.98	3.08	3.08	22	22	21.5	21.5	Belongs to the aspartokinase family	E
OG0004191	264	0.5	2	2	0.52	0.55	3.08	3.04	22	21	11.5	11.5	#N/A	#N/A
OG0004194	207	0.5	2	2	0.72	0.72	3.08	3.14	23	23	16.5	16.5	Belongs to the Dps family	P
OG0004195	297	0.5	2	2	0.72	0.72	3.08	3.14	23	23	16.5	16.5	Belongs to the Dps family	P
OG0004233	870	0.5	2	2	0.65	0.83	3.08	2.89	23	18	15	15	-	-
OG0004292	189	0.5	2	2	0.67	0.97	3.08	2.77	23	16	15.5	15.5	"Part of the acuABC operon, which is possibly involved in the breakdown of acetoin and butanediol. Acts as an acetyltransferase inactivating acetyl-CoA synthetase AcsA via acetylation at a Lys residue"	K
OG0004364	513	0	2	2	0.7	0.7	3.08	3.08	23	23	16	16	-	-
OG0004433	849	0	2	2	0.76	0.76	3.08	3.08	23	23	17.5	17.5	#N/A	#N/A
OG0004468	187.5	0	2	2	0.95	0.95	3.08	3.08	22	22	21	21	#N/A	#N/A
OG0004524	403.5	0	2	2	0.78	0.78	3.08	3.08	23	23	18	18	"Catalyzes the transfer of a lysyl group from L-lysyl- tRNA(Lys) to membrane-bound phosphatidylglycerol (PG), which produces lysylphosphatidylglycerol (LPG), a major component of the bacterial membrane with a positive net charge. LPG synthesis contributes to bacterial virulence as it is involved in the resistance mechanism against cationic antimicrobial peptides (CAMP) produces by the host's immune system (defensins, cathelicidins) and by the competing microorganisms"	S
OG0004538	214.5	0	2	2	0.7	0.7	3.08	3.08	23	23	16	16	#N/A	#N/A
OG0004592	1966.5	0	2	2	0.65	0.65	3.08	3.08	23	23	15	15	Domain of unknown function (DUF1998)	S
OG0004698	346.5	0	2	2	0.61	0.61	3.08	3.08	23	23	14	14	#N/A	#N/A
OG0004799	276	1	2	2	0.95	NA	3.08	NA	22	0	21	21	#N/A	#N/A
OG0004825	126	0	1	2	0.98	0.98	3.08	3.08	22	22	21.5	21.5	#N/A	#N/A
OG0000679	2001	0.06	77	78	0.16	0.16	3.09	3.1	87	87	13.51	13.51	Topoisomerase IV is essential for chromosome segregation. It relaxes supercoiled DNA. Performs the decatenation events required during the replication of a circular DNA molecule	L
OG0001255	825	0.04	77	77	0.22	0.22	3.09	3.09	63	62	13.7	13.7	hydrolases of the HAD superfamily	S
OG0001360	369	0.01	77	77	0.46	0.46	3.09	3.09	42	42	19.25	19.25	Forms part of the ribosomal stalk which helps the ribosome interact with GTP-bound translation factors. Is thus essential for accurate translation	J
OG0003272	289.5	0.17	6	6	0.61	0.64	3.09	3.08	25	24	15.33	15.33	#N/A	#N/A
OG0003541	132	0	4	4	0.82	0.82	3.09	3.09	24	24	19.75	19.75	#N/A	#N/A
OG0003889	183	0	3	3	0.78	0.78	3.09	3.09	24	24	18.67	18.67	#N/A	#N/A
OG0004071	162	0.33	3	3	0.65	0.65	3.09	3.13	24	24	15.67	15.67	#N/A	#N/A
OG0004076	657	0	3	3	0.86	0.86	3.09	3.09	23	23	19.67	19.67	Aldolase/RraA	H
OG0004077	864	0	3	3	0.87	0.87	3.09	3.09	23	23	20	20	Domain of unknown function (DUF1932)	I
OG0004227	145.5	0	1	2	0.83	0.83	3.09	3.09	23	23	19	19	#N/A	#N/A
OG0004259	1027.5	0	2	2	0.59	0.59	3.09	3.09	23	23	13.5	13.5	methyltransferase activity	Q
OG0004378	108	0	2	2	0.85	0.85	3.09	3.09	23	23	19.5	19.5	#N/A	#N/A
OG0004396	129	0	2	2	1	1	3.09	3.09	22	22	22	22	#N/A	#N/A
OG0004527	201	0	1	2	1	1	3.09	3.09	22	22	22	22	#N/A	#N/A
OG0004557	447	0	2	2	0.83	0.83	3.09	3.09	23	23	19	19	overlaps another CDS with the same product name	S
OG0004659	606	0	2	2	0.85	0.85	3.09	3.09	23	23	19.5	19.5	"Psort location Cytoplasmic, score"	K
OG0004662	904.5	0	2	2	0.8	0.8	3.09	3.09	23	23	18.5	18.5	#N/A	#N/A
OG0004688	891	0.5	1	2	1	1	3.09	3.09	22	22	22	22	ThiF family	H
OG0004689	354	0.5	1	2	1	1	3.09	3.09	22	22	22	22	Belongs to the ATCase OTCase family	F
OG0004725	439.5	1	2	2	0.83	NA	3.09	NA	23	0	19	19	#N/A	#N/A
OG0004726	468	1	2	2	0.83	NA	3.09	NA	23	0	19	19	#N/A	#N/A
OG0004792	3993	0	2	2	1	1	3.09	3.09	22	22	22	22	#N/A	#N/A
OG0004848	144	0	1	1	1	1	3.09	3.09	22	22	22	22	#N/A	#N/A
OG0004849	96	0	1	1	1	1	3.09	3.09	22	22	22	22	#N/A	#N/A
OG0004871	108	0	1	1	1	1	3.09	3.09	22	22	22	22	#N/A	#N/A
OG0004876	528	0	1	1	1	1	3.09	3.09	22	22	22	22	#N/A	#N/A
OG0004911	138	0	1	1	1	1	3.09	3.09	22	22	22	22	#N/A	#N/A
OG0004914	189	0	1	1	1	1	3.09	3.09	22	22	22	22	#N/A	#N/A
OG0004927	774	0	1	1	1	1	3.09	3.09	22	22	22	22	-	-
OG0004951	393	0	1	1	1	1	3.09	3.09	22	22	22	22	Scavenger mRNA decapping enzyme C-term binding	FG
OG0004983	249	0	1	1	1	1	3.09	3.09	22	22	22	22	Isochorismatase family	Q
OG0004990	168	0	1	1	1	1	3.09	3.09	22	22	22	22	#N/A	#N/A
OG0004999	768	0	1	1	1	1	3.09	3.09	22	22	22	22	#N/A	#N/A
OG0005021	585	0	1	1	1	1	3.09	3.09	22	22	22	22	#N/A	#N/A
OG0005090	318	0	1	1	1	1	3.09	3.09	22	22	22	22	"Psort location Cytoplasmic, score 8.87"	S
OG0005091	207	0	1	1	1	1	3.09	3.09	22	22	22	22	"Psort location Cytoplasmic, score 8.87"	S
OG0005097	222	0	1	1	1	1	3.09	3.09	22	22	22	22	#N/A	#N/A
OG0005098	846	0	1	1	1	1	3.09	3.09	22	22	22	22	#N/A	#N/A
OG0005099	996	0	1	1	1	1	3.09	3.09	22	22	22	22	#N/A	#N/A
OG0005125	177	0	1	1	1	1	3.09	3.09	22	22	22	22	#N/A	#N/A
OG0005149	795	1	1	1	1	NA	3.09	NA	22	0	22	22	#N/A	#N/A
OG0005160	384	0	1	1	1	1	3.09	3.09	22	22	22	22	#N/A	#N/A
OG0005162	420	0	1	1	1	1	3.09	3.09	22	22	22	22	#N/A	#N/A
OG0005163	309	0	1	1	1	1	3.09	3.09	22	22	22	22	#N/A	#N/A
OG0005164	336	0	1	1	1	1	3.09	3.09	22	22	22	22	#N/A	#N/A
OG0005178	396	0	1	1	1	1	3.09	3.09	22	22	22	22	#N/A	#N/A
OG0005199	108	0	1	1	1	1	3.09	3.09	22	22	22	22	#N/A	#N/A
OG0005200	90	0	1	1	1	1	3.09	3.09	22	22	22	22	#N/A	#N/A
OG0005205	105	0	1	1	1	1	3.09	3.09	22	22	22	22	#N/A	#N/A
OG0005220	288	0	1	1	1	1	3.09	3.09	22	22	22	22	#N/A	#N/A
OG0005221	144	0	1	1	1	1	3.09	3.09	22	22	22	22	#N/A	#N/A
OG0005248	1461	0	1	1	1	1	3.09	3.09	22	22	22	22	#N/A	#N/A
OG0005255	342	0	1	1	1	1	3.09	3.09	22	22	22	22	Catalyzes quinol oxidation with the concomitant reduction of oxygen to water. Subunit II transfers the electrons from a quinol to the binuclear center of the catalytic subunit I	C
OG0005268	519	0	1	1	1	1	3.09	3.09	22	22	22	22	LlaJI restriction endonuclease	S
OG0005272	153	0	1	1	1	1	3.09	3.09	22	22	22	22	#N/A	#N/A
OG0005286	117	0	1	1	1	1	3.09	3.09	22	22	22	22	#N/A	#N/A
OG0005308	327	0	1	1	1	1	3.09	3.09	22	22	22	22	"Catalyzes the transfer of a dimethylallyl group onto the adenine at position 37 in tRNAs that read codons beginning with uridine, leading to the formation of N6-(dimethylallyl)adenosine (i(6)A)"	J
OG0005314	138	0	1	1	1	1	3.09	3.09	22	22	22	22	#N/A	#N/A
OG0005322	129	0	1	1	1	1	3.09	3.09	22	22	22	22	#N/A	#N/A
OG0005330	396	0	1	1	1	1	3.09	3.09	22	22	22	22	ATPase that binds to both the 70S ribosome and the 50S ribosomal subunit in a nucleotide-independent manner	J
OG0005447	498	0	1	1	1	1	3.09	3.09	22	22	22	22	#N/A	#N/A
OG0005453	312	0	1	1	1	1	3.09	3.09	22	22	22	22	#N/A	#N/A
OG0005454	171	0	1	1	1	1	3.09	3.09	22	22	22	22	#N/A	#N/A
OG0005457	108	0	1	1	1	1	3.09	3.09	22	22	22	22	#N/A	#N/A
OG0005464	156	0	1	1	1	1	3.09	3.09	22	22	22	22	NAD binding	CH
OG0005580	240	0	1	1	1	1	3.09	3.09	22	22	22	22	"CRISPR-associated RAMP protein, Csm4 family"	L
OG0005591	303	0	1	1	1	1	3.09	3.09	22	22	22	22	#N/A	#N/A
OG0005594	1032	0	1	1	1	1	3.09	3.09	22	22	22	22	-	-
OG0005610	1389	0	1	1	1	1	3.09	3.09	22	22	22	22	#N/A	#N/A
OG0005611	555	0	1	1	1	1	3.09	3.09	22	22	22	22	#N/A	#N/A
OG0005614	108	0	1	1	1	1	3.09	3.09	22	22	22	22	#N/A	#N/A
OG0005619	342	0	1	1	1	1	3.09	3.09	22	22	22	22	#N/A	#N/A
OG0005660	291	0	1	1	1	1	3.09	3.09	22	22	22	22	#N/A	#N/A
OG0005675	1896	0	1	1	1	1	3.09	3.09	22	22	22	22	N-6 DNA Methylase	V
OG0005677	195	0	1	1	1	1	3.09	3.09	22	22	22	22	"Zn-dependent alcohol dehydrogenases, class III"	C
OG0005680	96	0	1	1	1	1	3.09	3.09	22	22	22	22	#N/A	#N/A
OG0005789	771	0	1	1	1	1	3.09	3.09	22	22	22	22	#N/A	#N/A
OG0005791	351	0	1	1	1	1	3.09	3.09	22	22	22	22	#N/A	#N/A
OG0005805	837	0	1	1	1	1	3.09	3.09	22	22	22	22	Viral (Superfamily 1) RNA helicase	L
OG0005815	282	0	1	1	1	1	3.09	3.09	22	22	22	22	#N/A	#N/A
OG0005816	207	0	1	1	1	1	3.09	3.09	22	22	22	22	-	-
OG0005819	189	0	1	1	1	1	3.09	3.09	22	22	22	22	#N/A	#N/A
OG0005837	171	0	1	1	1	1	3.09	3.09	22	22	22	22	#N/A	#N/A
OG0005879	1185	0	1	1	1	1	3.09	3.09	22	22	22	22	#N/A	#N/A
OG0005926	180	0	1	1	1	1	3.09	3.09	22	22	22	22	#N/A	#N/A
OG0005935	399	0	1	1	1	1	3.09	3.09	22	22	22	22	Ion transport protein	S
OG0005963	243	0	1	1	1	1	3.09	3.09	22	22	22	22	#N/A	#N/A
OG0005984	1332	0	1	1	1	1	3.09	3.09	22	22	22	22	Sodium:neurotransmitter symporter family	S
OG0005990	507	0	1	1	1	1	3.09	3.09	22	22	22	22	#N/A	#N/A
OG0005991	1014	0	1	1	1	1	3.09	3.09	22	22	22	22	#N/A	#N/A
OG0006000	678	0	1	1	1	1	3.09	3.09	22	22	22	22	#N/A	#N/A
OG0006002	813	0	1	1	1	1	3.09	3.09	22	22	22	22	#N/A	#N/A
OG0006005	738	0	1	1	1	1	3.09	3.09	22	22	22	22	#N/A	#N/A
OG0006006	714	0	1	1	1	1	3.09	3.09	22	22	22	22	#N/A	#N/A
OG0006017	165	0	1	1	1	1	3.09	3.09	22	22	22	22	#N/A	#N/A
OG0006018	267	0	1	1	1	1	3.09	3.09	22	22	22	22	#N/A	#N/A
OG0006030	141	0	1	1	1	1	3.09	3.09	22	22	22	22	#N/A	#N/A
OG0006032	192	0	1	1	1	1	3.09	3.09	22	22	22	22	ethanolamine utilization protein	E
OG0006038	204	0	1	1	1	1	3.09	3.09	22	22	22	22	#N/A	#N/A
OG0006039	198	0	1	1	1	1	3.09	3.09	22	22	22	22	#N/A	#N/A
OG0006043	153	0	1	1	1	1	3.09	3.09	22	22	22	22	Citrate transporter	EG
OG0006074	342	0	1	1	1	1	3.09	3.09	22	22	22	22	#N/A	#N/A
OG0006116	243	0	1	1	1	1	3.09	3.09	22	22	22	22	Malate/L-lactate dehydrogenase	C
OG0006164	366	0	1	1	1	1	3.09	3.09	22	22	22	22	#N/A	#N/A
OG0006166	168	0	1	1	1	1	3.09	3.09	22	22	22	22	#N/A	#N/A
OG0006181	222	0	1	1	1	1	3.09	3.09	22	22	22	22	Trehalose utilisation	G
OG0006191	462	0	1	1	1	1	3.09	3.09	22	22	22	22	"ABC transporter, ATP-binding protein"	V
OG0006219	186	0	1	1	1	1	3.09	3.09	22	22	22	22	"Catalyzes the ATP- as well as the pyrophosphate- dependent phosphorylation of a specific serine residue in HPr, a phosphocarrier protein of the phosphoenolpyruvate-dependent sugar phosphotransferase system (PTS). HprK P also catalyzes the pyrophosphate-producing, inorganic phosphate-dependent dephosphorylation (phosphorolysis) of seryl-phosphorylated HPr (P- Ser-HPr). The two antagonistic activities of HprK P are regulated by several intracellular metabolites, which change their concentration in response to the absence or presence of rapidly metabolisable carbon sources (glucose, fructose, etc.) in the growth medium. Also phosphorylates dephosphorylates the HPr-like catabolite repression protein crh on a specific serine residue. Therefore, by controlling the phosphorylation state of HPr and crh, HPrK P is a sensor enzyme that plays a major role in the regulation of carbon metabolism and sugar transport it mediates carbon catabolite repression (CCR), and regulates PTS-catalyzed carbohydrate uptake and inducer exclusion"	T
OG0006251	240	0	1	1	1	1	3.09	3.09	22	22	22	22	#N/A	#N/A
OG0006252	390	0	1	1	1	1	3.09	3.09	22	22	22	22	Mnh complex is a Na( ) H( ) antiporter involved in Na( ) excretion	CP
OG0006294	237	0	1	1	1	1	3.09	3.09	22	22	22	22	"Catalyzes a 2-step reaction, involving the ATP-dependent carboxylation of the covalently attached biotin in the first step and the transfer of the carboxyl group to pyruvate in the second"	C
OG0006396	105	0	1	1	1	1	3.09	3.09	22	22	22	22	#N/A	#N/A
OG0006397	177	0	1	1	1	1	3.09	3.09	22	22	22	22	Has an important function as a repair enzyme for proteins that have been inactivated by oxidation. Catalyzes the reversible oxidation-reduction of methionine sulfoxide in proteins to methionine	O
OG0006413	210	0	1	1	1	1	3.09	3.09	22	22	22	22	Catalyzes the condensation of (S)-aspartate-beta- semialdehyde (S)-ASA and pyruvate to 4-hydroxy- tetrahydrodipicolinate (HTPA)	E
OG0006636	504	0	1	1	1	1	3.09	3.09	22	22	22	22	sex pheromone	S
OG0006652	228	0	1	1	1	1	3.09	3.09	22	22	22	22	Modulates transcription in response to changes in cellular NADH NAD( ) redox state	K
OG0006653	225	0	1	1	1	1	3.09	3.09	22	22	22	22	"Required for the formation of a threonylcarbamoyl group on adenosine at position 37 (t(6)A37) in tRNAs that read codons beginning with adenine. Is involved in the transfer of the threonylcarbamoyl moiety of threonylcarbamoyl-AMP (TC-AMP) to the N6 group of A37, together with TsaE and TsaB. TsaD likely plays a direct catalytic role in this reaction"	J
OG0006720	423	0	1	1	1	1	3.09	3.09	22	22	22	22	Belongs to the metallo-dependent hydrolases superfamily. HutI family	Q
OG0006721	309	0	1	1	1	1	3.09	3.09	22	22	22	22	Imidazolone-5-propionate hydrolase	Q
OG0006723	162	0	1	1	1	1	3.09	3.09	22	22	22	22	Catalyzes the conversion of urocanate to 4-imidazolone- 5-propionate	E
OG0006724	303	0	1	1	1	1	3.09	3.09	22	22	22	22	Catalyzes the conversion of N-formimidoyl-L-glutamate to L-glutamate and formamide	E
OG0006742	189	0	1	1	1	1	3.09	3.09	22	22	22	22	#N/A	#N/A
OG0006752	156	0	1	1	1	1	3.09	3.09	22	22	22	22	COG1363 Cellulase M and related proteins	G
OG0006763	147	0	1	1	1	1	3.09	3.09	22	22	22	22	#N/A	#N/A
OG0006787	132	0	1	1	1	1	3.09	3.09	22	22	22	22	#N/A	#N/A
OG0006790	273	0	1	1	1	1	3.09	3.09	22	22	22	22	Domain of unknown function (DUF2088)	S
OG0006798	114	0	1	1	1	1	3.09	3.09	22	22	22	22	#N/A	#N/A
OG0006799	357	0	1	1	1	1	3.09	3.09	22	22	22	22	#N/A	#N/A
OG0006806	123	0	1	1	1	1	3.09	3.09	22	22	22	22	#N/A	#N/A
OG0006811	702	0	1	1	1	1	3.09	3.09	22	22	22	22	Protein of unknown function (DUF3800)	L
OG0006812	441	0	1	1	1	1	3.09	3.09	22	22	22	22	-	-
OG0006813	882	0	1	1	1	1	3.09	3.09	22	22	22	22	-	-
OG0006827	603	0	1	1	1	1	3.09	3.09	22	22	22	22	-	-
OG0006836	105	0	1	1	1	1	3.09	3.09	22	22	22	22	#N/A	#N/A
OG0006839	99	0	1	1	1	1	3.09	3.09	22	22	22	22	#N/A	#N/A
OG0006842	294	0	1	1	1	1	3.09	3.09	22	22	22	22	#N/A	#N/A
OG0006845	156	0	1	1	1	1	3.09	3.09	22	22	22	22	#N/A	#N/A
OG0006846	1542	0	1	1	1	1	3.09	3.09	22	22	22	22	Tetratricopeptide repeat	S
OG0006864	174	0	1	1	1	1	3.09	3.09	22	22	22	22	#N/A	#N/A
OG0006866	612	0	1	1	1	1	3.09	3.09	22	22	22	22	Protease prsW family	S
OG0006872	120	0	1	1	1	1	3.09	3.09	22	22	22	22	#N/A	#N/A
OG0006876	417	0	1	1	1	1	3.09	3.09	22	22	22	22	Recombinase	S
OG0006877	498	0	1	1	1	1	3.09	3.09	22	22	22	22	"COG1961 Site-specific recombinases, DNA invertase Pin homologs"	L
OG0006908	192	0	1	1	1	1	3.09	3.09	22	22	22	22	-	-
OG0006909	186	0	1	1	1	1	3.09	3.09	22	22	22	22	#N/A	#N/A
OG0006937	90	0	1	1	1	1	3.09	3.09	22	22	22	22	#N/A	#N/A
OG0006938	384	0	1	1	1	1	3.09	3.09	22	22	22	22	#N/A	#N/A
OG0006939	90	0	1	1	1	1	3.09	3.09	22	22	22	22	#N/A	#N/A
OG0006992	312	0	1	1	1	1	3.09	3.09	22	22	22	22	membrane transporter protein	S
OG0006993	960	0	1	1	1	1	3.09	3.09	22	22	22	22	Sulfatase-modifying factor enzyme 1	S
OG0007000	195	0	1	1	1	1	3.09	3.09	22	22	22	22	#N/A	#N/A
OG0007065	180	0	1	1	1	1	3.09	3.09	22	22	22	22	COG0457 FOG TPR repeat	G
OG0007066	354	0	1	1	1	1	3.09	3.09	22	22	22	22	Glycerol-3-phosphate dehydrogenase	I
OG0007102	1191	0	1	1	1	1	3.09	3.09	22	22	22	22	#N/A	#N/A
OG0007108	402	0	1	1	1	1	3.09	3.09	22	22	22	22	#N/A	#N/A
OG0007109	213	0	1	1	1	1	3.09	3.09	22	22	22	22	#N/A	#N/A
OG0007148	171	0	1	1	1	1	3.09	3.09	22	22	22	22	#N/A	#N/A
OG0007156	1566	0	1	1	1	1	3.09	3.09	22	22	22	22	-	-
OG0007163	1470	0	1	1	1	1	3.09	3.09	22	22	22	22	#N/A	#N/A
OG0007164	1098	0	1	1	1	1	3.09	3.09	22	22	22	22	#N/A	#N/A
OG0007167	174	0	1	1	1	1	3.09	3.09	22	22	22	22	#N/A	#N/A
OG0007168	603	0	1	1	1	1	3.09	3.09	22	22	22	22	#N/A	#N/A
OG0007179	450	0	1	1	1	1	3.09	3.09	22	22	22	22	#N/A	#N/A
OG0007180	837	0	1	1	1	1	3.09	3.09	22	22	22	22	#N/A	#N/A
OG0007187	99	0	1	1	1	1	3.09	3.09	22	22	22	22	#N/A	#N/A
OG0007196	162	0	1	1	1	1	3.09	3.09	22	22	22	22	#N/A	#N/A
OG0007202	222	0	1	1	1	1	3.09	3.09	22	22	22	22	#N/A	#N/A
OG0007221	369	0	1	1	1	1	3.09	3.09	22	22	22	22	Exonuclease	L
OG0007230	939	0	1	1	1	1	3.09	3.09	22	22	22	22	-	-
OG0007232	90	0	1	1	1	1	3.09	3.09	22	22	22	22	#N/A	#N/A
OG0007275	1173	0	1	1	1	1	3.09	3.09	22	22	22	22	Cupin	G
OG0007276	1296	0	1	1	1	1	3.09	3.09	22	22	22	22	Permease family	F
OG0007287	111	0	1	1	1	1	3.09	3.09	22	22	22	22	#N/A	#N/A
OG0007291	159	0	1	1	1	1	3.09	3.09	22	22	22	22	#N/A	#N/A
OG0007298	174	0	1	1	1	1	3.09	3.09	22	22	22	22	#N/A	#N/A
OG0007301	117	0	1	1	1	1	3.09	3.09	22	22	22	22	#N/A	#N/A
OG0007305	102	0	1	1	1	1	3.09	3.09	22	22	22	22	#N/A	#N/A
OG0007345	387	0	1	1	1	1	3.09	3.09	22	22	22	22	#N/A	#N/A
OG0007347	216	0	1	1	1	1	3.09	3.09	22	22	22	22	#N/A	#N/A
OG0007358	333	0	1	1	1	1	3.09	3.09	22	22	22	22	#N/A	#N/A
OG0007381	213	0	1	1	1	1	3.09	3.09	22	22	22	22	#N/A	#N/A
OG0007385	225	0	1	1	1	1	3.09	3.09	22	22	22	22	#N/A	#N/A
OG0007403	171	0	1	1	1	1	3.09	3.09	22	22	22	22	#N/A	#N/A
OG0007430	5565	0	1	1	1	1	3.09	3.09	22	22	22	22	#N/A	#N/A
OG0007445	522	0	1	1	1	1	3.09	3.09	22	22	22	22	#N/A	#N/A
OG0007449	528	0	1	1	1	1	3.09	3.09	22	22	22	22	#N/A	#N/A
OG0007459	231	0	1	1	1	1	3.09	3.09	22	22	22	22	#N/A	#N/A
OG0007483	174	0	1	1	1	1	3.09	3.09	22	22	22	22	#N/A	#N/A
OG0007552	93	0	1	1	1	1	3.09	3.09	22	22	22	22	#N/A	#N/A
OG0007559	195	0	1	1	1	1	3.09	3.09	22	22	22	22	COG0079 Histidinol-phosphate aromatic aminotransferase and cobyric acid decarboxylase	E
OG0007560	150	0	1	1	1	1	3.09	3.09	22	22	22	22	#N/A	#N/A
OG0007569	159	0	1	1	1	1	3.09	3.09	22	22	22	22	#N/A	#N/A
OG0007573	165	0	1	1	1	1	3.09	3.09	22	22	22	22	#N/A	#N/A
OG0007578	165	0	1	1	1	1	3.09	3.09	22	22	22	22	#N/A	#N/A
OG0007582	177	0	1	1	1	1	3.09	3.09	22	22	22	22	Iron-storage protein	P
OG0007588	354	0	1	1	1	1	3.09	3.09	22	22	22	22	aldo keto reductase	C
OG0007597	222	0	1	1	1	1	3.09	3.09	22	22	22	22	#N/A	#N/A
OG0007613	168	0	1	1	1	1	3.09	3.09	22	22	22	22	#N/A	#N/A
OG0007620	228	0	1	1	1	1	3.09	3.09	22	22	22	22	Belongs to the nlpA lipoprotein family	P
OG0007622	204	0	1	1	1	1	3.09	3.09	22	22	22	22	Belongs to the UPF0753 family	P
OG0007626	129	0	1	1	1	1	3.09	3.09	22	22	22	22	#N/A	#N/A
OG0007633	279	0	1	1	1	1	3.09	3.09	22	22	22	22	acetyltransferase	K
OG0007634	420	0	1	1	1	1	3.09	3.09	22	22	22	22	inositol 2-dehydrogenase activity	S
OG0007635	459	0	1	1	1	1	3.09	3.09	22	22	22	22	inositol 2-dehydrogenase activity	S
OG0007637	585	0	1	1	1	1	3.09	3.09	22	22	22	22	Prevents misfolding and promotes the refolding and proper assembly of unfolded polypeptides generated under stress conditions	O
OG0007641	117	0	1	1	1	1	3.09	3.09	22	22	22	22	#N/A	#N/A
OG0007661	111	0	1	1	1	1	3.09	3.09	22	22	22	22	#N/A	#N/A
OG0007684	156	0	1	1	1	1	3.09	3.09	22	22	22	22	#N/A	#N/A
OG0007767	363	0	1	1	1	1	3.09	3.09	22	22	22	22	#N/A	#N/A
OG0007769	207	0	1	1	1	1	3.09	3.09	22	22	22	22	#N/A	#N/A
OG0007848	1182	0	1	1	1	1	3.09	3.09	22	22	22	22	COG1960 Acyl-CoA dehydrogenases	I
OG0007861	93	0	1	1	1	1	3.09	3.09	22	22	22	22	#N/A	#N/A
OG0007873	741	0	1	1	1	1	3.09	3.09	22	22	22	22	Nucleotidase that shows phosphatase activity on nucleoside 5'-monophosphates	S
OG0007874	912	0	1	1	1	1	3.09	3.09	22	22	22	22	-	-
OG0007886	303	0	1	1	1	1	3.09	3.09	22	22	22	22	"Part of the bacABCDEF operon responsible for the biosynthesis of the nonribosomally synthesized dipeptide antibiotic bacilysin, composed of L-alanine and L-anticapsin. Bacilysin is an irreversible inactivator of the glutaminase domain of glucosamine synthetase. BacB catalyzes the allylic isomerization of the"	S
OG0007894	117	0	1	1	1	1	3.09	3.09	22	22	22	22	#N/A	#N/A
OG0007908	162	0	1	1	1	1	3.09	3.09	22	22	22	22	#N/A	#N/A
OG0007918	270	1	1	1	1	NA	3.09	NA	22	0	22	22	#N/A	#N/A
OG0007919	759	1	1	1	1	NA	3.09	NA	22	0	22	22	#N/A	#N/A
OG0007931	2148	0	1	1	1	1	3.09	3.09	22	22	22	22	#N/A	#N/A
OG0007939	459	0	1	1	1	1	3.09	3.09	22	22	22	22	COG3385 FOG Transposase and inactivated derivatives	L
OG0007944	480	0	1	1	1	1	3.09	3.09	22	22	22	22	#N/A	#N/A
OG0007948	174	0	1	1	1	1	3.09	3.09	22	22	22	22	Catalyzes the phosphorylation of the hydroxyl group of 4-methyl-5-beta-hydroxyethylthiazole (THZ)	H
OG0007952	255	0	1	1	1	1	3.09	3.09	22	22	22	22	#N/A	#N/A
OG0008013	303	0	1	1	1	1	3.09	3.09	22	22	22	22	"An essential GTPase that binds both GDP and GTP, with rapid nucleotide exchange. Plays a role in 16S rRNA processing and 30S ribosomal subunit biogenesis and possibly also in cell cycle regulation and energy metabolism"	S
OG0008018	102	0	1	1	1	1	3.09	3.09	22	22	22	22	#N/A	#N/A
OG0008046	111	0	1	1	1	1	3.09	3.09	22	22	22	22	#N/A	#N/A
OG0008052	162	0	1	1	1	1	3.09	3.09	22	22	22	22	#N/A	#N/A
OG0008056	780	0	1	1	1	1	3.09	3.09	22	22	22	22	#N/A	#N/A
OG0008058	303	0	1	1	1	1	3.09	3.09	22	22	22	22	#N/A	#N/A
OG0008059	138	0	1	1	1	1	3.09	3.09	22	22	22	22	#N/A	#N/A
OG0008060	132	0	1	1	1	1	3.09	3.09	22	22	22	22	#N/A	#N/A
OG0008064	99	0	1	1	1	1	3.09	3.09	22	22	22	22	#N/A	#N/A
OG0008072	180	0	1	1	1	1	3.09	3.09	22	22	22	22	#N/A	#N/A
OG0008086	231	1	1	1	1	NA	3.09	NA	22	0	22	22	#N/A	#N/A
OG0008116	108	0	1	1	1	1	3.09	3.09	22	22	22	22	#N/A	#N/A
OG0008142	162	0	1	1	1	1	3.09	3.09	22	22	22	22	Ketosteroid isomerase-related protein	S
OG0008153	192	0	1	1	1	1	3.09	3.09	22	22	22	22	#N/A	#N/A
OG0008200	99	0	1	1	1	1	3.09	3.09	22	22	22	22	#N/A	#N/A
OG0008207	636	0	1	1	1	1	3.09	3.09	22	22	22	22	#N/A	#N/A
OG0008218	747	0	1	1	1	1	3.09	3.09	22	22	22	22	#N/A	#N/A
OG0008225	411	0	1	1	1	1	3.09	3.09	22	22	22	22	#N/A	#N/A
OG0008236	186	0	1	1	1	1	3.09	3.09	22	22	22	22	#N/A	#N/A
OG0000373	1287	0.04	77	81	0.29	0.29	3.1	3.09	58	57	16.78	16.78	"Peptidase, M16"	S
OG0000455	399	0.04	77	80	0.43	0.44	3.1	3.09	43	42	18.52	18.52	Involved in correct processing of both the 5' and 3' ends of 23S rRNA precursor. Processes 30S rRNA precursor transcript even in absence of ribonuclease 3 (Rnc)	J
OG0000551	2532	0.05	77	79	0.33	0.34	3.1	3.09	52	50	17.18	17.18	"Part of the Sec protein translocase complex. Interacts with the SecYEG preprotein conducting channel. Has a central role in coupling the hydrolysis of ATP to the transfer of proteins into and across the cell membrane, serving as an ATP-driven molecular motor driving the stepwise translocation of polypeptide chains across the membrane"	U
OG0000776	330	0.24	77	78	0.29	0.35	3.1	3.06	56	46	16.21	16.21	Cyclic-di-AMP receptor	S
OG0000952	1410	0.03	77	77	0.3	0.3	3.1	3.11	60	60	17.75	17.75	Dipeptidase	E
OG0000954	645	0.04	77	77	0.31	0.31	3.1	3.1	58	58	18.14	18.14	Catalyzes the formation of N(7)-methylguanine at position 46 (m7G46) in tRNA	J
OG0000987	1263	0	77	77	0.47	0.47	3.1	3.1	42	42	19.86	19.86	ATP-dependent specificity component of the Clp protease. It directs the protease to specific substrates. Can perform chaperone functions in the absence of ClpP	O
OG0001087	318	0.01	77	77	0.43	0.43	3.1	3.1	46	46	19.96	19.96	MazG nucleotide pyrophosphohydrolase	S
OG0001089	1203	0.01	77	77	0.38	0.38	3.1	3.1	51	51	19.27	19.27	"Catalyzes the addition and repair of the essential 3'- terminal CCA sequence in tRNAs without using a nucleic acid template. Adds these three nucleotides in the order of C, C, and A to the tRNA nucleotide-73, using CTP and ATP as substrates and producing inorganic pyrophosphate"	J
OG0001121	2403	0.06	77	77	0.26	0.26	3.1	3.11	58	58	14.86	14.86	Topoisomerase IV is essential for chromosome segregation. It relaxes supercoiled DNA. Performs the decatenation events required during the replication of a circular DNA molecule	L
OG0001437	603	0.01	76	76	0.45	0.45	3.1	3.11	45	45	20.09	20.09	Protein of unknown function (DUF1405)	S
OG0002372	969	0.05	19	19	0.54	0.54	3.1	3.1	34	34	18.37	18.37	Catalyzes the conversion of 1-hydroxy-2-methyl-2-(E)- butenyl 4-diphosphate (HMBPP) into a mixture of isopentenyl diphosphate (IPP) and dimethylallyl diphosphate (DMAPP). Acts in the terminal step of the DOXP MEP pathway for isoprenoid precursor biosynthesis	IM
OG0002781	297	0	7	11	0.67	0.67	3.1	3.1	25	25	16.64	16.64	-	-
OG0002796	94.5	0.1	10	10	0.63	0.65	3.1	3.09	27	26	17	17	#N/A	#N/A
OG0003942	750	0	3	3	0.67	0.67	3.1	3.1	25	25	16.67	16.67	#N/A	#N/A
OG0004299	163.5	0	2	2	0.89	0.89	3.1	3.1	23	23	20.5	20.5	First step of the lipid cycle reactions in the biosynthesis of the cell wall peptidoglycan	M
OG0004442	378	0.5	2	2	0.87	0.95	3.1	3.04	23	21	20	20	#N/A	#N/A
OG0000353	1707	0.23	77	82	0.16	0.18	3.11	3.1	72	64	11.39	11.39	"DNA polymerase III is a complex, multichain enzyme responsible for most of the replicative synthesis in bacteria. This DNA polymerase also exhibits 3' to 5' exonuclease activity"	L
OG0000415	1323	0.03	77	80	0.27	0.28	3.11	3.09	63	60	16.79	16.79	gas vesicle protein	S
OG0000454	501	0.05	77	80	0.45	0.48	3.11	3.09	42	40	19.01	19.01	"Forms part of the ribosomal stalk, playing a central role in the interaction of the ribosome with GTP-bound translation factors"	J
OG0000477	1770	0.23	77	79	0.27	0.29	3.11	3.13	60	56	16.35	16.35	acetolactate synthase	H
OG0000489	1314	0.03	77	79	0.31	0.31	3.11	3.11	57	56	17.48	17.48	Belongs to the MurCDEF family	M
OG0000490	495	0.01	77	79	0.32	0.32	3.11	3.11	53	53	16.89	16.89	protein containing a divergent version of the methyl-accepting chemotaxis-like domain	S
OG0000612	1149	0.24	77	78	0.37	0.39	3.11	3.13	48	46	17.78	17.78	Catalyzes the interconversion of L-alanine and D- alanine. May also act on other amino acids	E
OG0000764	1008	0.27	77	78	0.21	0.22	3.11	3.14	71	69	14.9	14.9	Catalyzes the specific phosphorylation of arginine residues in proteins	E
OG0000777	618	0.24	77	78	0.29	0.34	3.11	3.08	55	47	16.14	16.14	Phosphorylation of dTMP to form dTDP in both de novo and salvage pathways of dTTP synthesis	F
OG0001028	624	0.01	77	77	0.4	0.4	3.11	3.11	48	48	19.3	19.3	"Participates actively in the response to hyperosmotic and heat shock by preventing the aggregation of stress-denatured proteins, in association with DnaK and GrpE. It is the nucleotide exchange factor for DnaK and may function as a thermosensor. Unfolded proteins bind initially to DnaJ"	O
OG0001074	660	0.03	77	77	0.38	0.39	3.11	3.11	50	49	19	19	Belongs to the cytidylate kinase family. Type 1 subfamily	F
OG0001083	1299	0.01	77	77	0.45	0.45	3.11	3.11	45	45	20.16	20.16	Catalyzes the transfer of the enolpyruvyl moiety of phosphoenolpyruvate (PEP) to the 5-hydroxyl of shikimate-3- phosphate (S3P) to produce enolpyruvyl shikimate-3-phosphate and inorganic phosphate	E
OG0001088	1134	0.01	77	77	0.41	0.41	3.11	3.11	48	48	19.88	19.88	Glycosyl transferase 4-like	M
OG0001090	972	0.03	77	77	0.41	0.41	3.11	3.11	48	48	19.62	19.62	Acts both as a biotin-- acetyl-CoA-carboxylase ligase and a repressor	K
OG0001092	660	0.04	77	77	0.41	0.41	3.11	3.11	46	45	18.64	18.64	"DNA repair enzyme that has both DNA N-glycosylase activity and AP-lyase activity. The DNA N-glycosylase activity releases various damaged pyrimidines from DNA by cleaving the N- glycosidic bond, leaving an AP (apurinic apyrimidinic) site. The AP-lyase activity cleaves the phosphodiester bond 3' to the AP site by a beta-elimination, leaving a 3'-terminal unsaturated sugar and a product with a terminal 5'-phosphate"	L
OG0001367	657	0	77	77	0.46	0.46	3.11	3.11	43	43	19.96	19.96	This is one of the proteins that binds to the 5S RNA in the ribosome where it forms part of the central protuberance	J
OG0001368	966	0	77	77	0.47	0.47	3.11	3.11	42	42	19.92	19.92	Involved in the biosynthesis of the central metabolite phospho-alpha-D-ribosyl-1-pyrophosphate (PRPP) via the transfer of pyrophosphoryl group from ATP to 1-hydroxyl of ribose-5-phosphate (Rib-5-P)	F
OG0002736	162	0.09	11	11	0.53	0.54	3.11	3.11	32	31	16.82	16.82	#N/A	#N/A
OG0002947	2002.5	0.12	8	8	0.7	0.79	3.11	3.06	27	24	18.88	18.88	"transferase activity, transferring glycosyl groups"	M
OG0003045	516	0	7	7	0.66	0.66	3.11	3.11	26	26	17.14	17.14	Phosphatidylethanolamine-binding protein	S
OG0003230	1563	0	6	6	0.89	0.89	3.11	3.11	24	24	21.33	21.33	-	-
OG0003284	180	0.17	6	6	0.81	0.81	3.11	3.12	24	24	19.5	19.5	#N/A	#N/A
OG0003943	1044	0	3	3	0.69	0.69	3.11	3.11	25	25	17.33	17.33	ATP diphosphatase activity	S
OG0003999	483	0	3	3	0.83	0.83	3.11	3.11	24	24	20	20	-	-
OG0004095	684	0.67	3	3	0.59	0.81	3.11	2.89	25	18	14.67	14.67	Belongs to the SAICAR synthetase family	F
OG0004520	442.5	0	2	2	0.91	0.91	3.11	3.11	23	23	21	21	#N/A	#N/A
OG0004521	541.5	0	2	2	0.91	0.91	3.11	3.11	23	23	21	21	Phage tail tube protein	S
OG0004522	387	0	2	2	0.91	0.91	3.11	3.11	23	23	21	21	#N/A	#N/A
OG0004654	514.5	0.5	2	2	0.54	0.78	3.11	2.77	23	16	12.5	12.5	the current gene model (or a revised gene model) may contain a frame shift	L
OG0004786	519	0.5	2	2	0.91	1	3.11	3.04	23	21	21	21	#N/A	#N/A
OG0004798	738	0	2	2	0.91	0.91	3.11	3.11	23	23	21	21	#N/A	#N/A
OG0000432	831	0	77	80	0.28	0.28	3.12	3.12	60	60	16.96	16.96	Protein of unknown function (DUF3388)	S
OG0000443	3657	0.04	77	80	0.2	0.2	3.12	3.12	72	72	14.71	14.71	ATP-dependent helicase nuclease subunit A	L
OG0000568	1536	0	77	79	0.44	0.44	3.12	3.12	44	44	19.48	19.48	COG2244 Membrane protein involved in the export of O-antigen and teichoic acid	S
OG0000926	1047	0.25	77	77	0.36	0.4	3.12	3.11	51	46	18.36	18.36	A G-specific	L
OG0001084	1245	0.01	77	77	0.45	0.45	3.12	3.12	44	44	20	20	COG0457 FOG TPR repeat	G
OG0001085	558	0	77	77	0.44	0.44	3.12	3.12	46	46	20.1	20.1	UPF0302 domain	S
OG0002791	249	0.82	1	11	0.54	0.64	3.12	3.14	27	23	14.64	14.64	#N/A	#N/A
OG0003246	411	0	5	6	0.52	0.52	3.12	3.12	28	28	14.5	14.5	-	-
OG0003323	325.5	0.33	3	6	0.62	0.65	3.12	3.16	26	25	16.17	16.17	#N/A	#N/A
OG0003480	693	0	5	5	0.87	0.87	3.12	3.12	24	24	20.8	20.8	Is involved in L-lactate degradation and allows cells to grow with lactate as the sole carbon source	S
OG0003561	204	0	4	4	0.67	0.67	3.12	3.12	26	26	17.5	17.5	#N/A	#N/A
OG0004045	318	0	2	3	0.42	0.42	3.12	3.12	24	24	10	10	COG NOG14600 non supervised orthologous group	S
OG0004148	637.5	0	2	2	0.93	0.93	3.12	3.12	23	23	21.5	21.5	#N/A	#N/A
OG0004211	166.5	0.5	2	2	0.52	1	3.12	2.48	23	12	12	12	#N/A	#N/A
OG0004239	199.5	0.5	2	2	0.67	0.84	3.12	2.94	24	19	16	16	#N/A	#N/A
OG0004367	160.5	0	2	2	0.93	0.93	3.12	3.12	23	23	21.5	21.5	#N/A	#N/A
OG0004425	8293.5	0	1	2	0.67	0.67	3.12	3.12	24	24	16	16	synthase	Q
OG0004594	1533	0	2	2	0.62	0.62	3.12	3.12	24	24	15	15	#N/A	#N/A
OG0004600	856.5	0	2	2	0.69	0.69	3.12	3.12	24	24	16.5	16.5	DNA binding domain of tn916 integrase	L
OG0004601	204	0	2	2	0.69	0.69	3.12	3.12	24	24	16.5	16.5	Excisionase from transposon Tn916	S
OG0004664	768	0	2	2	0.96	0.96	3.12	3.12	23	23	22	22	peroxiredoxin activity	S
OG0004703	1173	0	2	2	0.77	0.77	3.12	3.12	24	24	18.5	18.5	4Fe-4S single cluster domain	C
OG0004758	486	0.5	2	2	0.52	0.57	3.12	3.04	23	21	12	12	-	-
OG0000385	1272	0.04	77	81	0.31	0.32	3.13	3.13	58	57	18.05	18.05	COG4098 Superfamily II DNA RNA helicase required for DNA uptake (late competence protein)	L
OG0000387	1215	0.27	77	81	0.13	0.14	3.13	3.19	94	91	12.52	12.52	Nucleoside	F
OG0000563	750	0.03	77	79	0.46	0.46	3.13	3.13	42	42	19.25	19.25	Belongs to the class IV-like SAM-binding methyltransferase superfamily. RNA methyltransferase TrmH family	J
OG0000731	309	0.05	77	78	0.21	0.23	3.13	3.12	65	62	13.96	13.96	Iron-sulfur cluster assembly protein	S
OG0000788	813	0.55	77	77	0.22	0.33	3.13	3.11	72	47	15.51	15.51	"Catalyzes the dehydration of the S-form of NAD(P)HX at the expense of ADP, which is converted to AMP. Together with NAD(P)HX epimerase, which catalyzes the epimerization of the S- and R-forms, the enzyme allows the repair of both epimers of NAD(P)HX, a damaged form of NAD(P)H that is a result of enzymatic or heat-dependent hydration"	H
OG0001075	1182	0.03	77	77	0.36	0.37	3.13	3.13	54	53	19.52	19.52	Ribosomal protein S1	J
OG0001077	999	0.03	77	77	0.39	0.39	3.13	3.13	51	51	19.7	19.7	Glycerol-3-phosphate dehydrogenase	I
OG0001082	1068	0.01	77	77	0.47	0.47	3.13	3.13	45	45	20.95	20.95	Catalyzes the conversion of 3-deoxy-D-arabino- heptulosonate 7-phosphate (DAHP) to dehydroquinate (DHQ)	E
OG0001945	135	0	42	42	0.38	0.38	3.13	3.13	50	50	19.14	19.14	#N/A	#N/A
OG0003229	1800	0	6	6	0.85	0.85	3.13	3.13	25	25	21.33	21.33	Terminase-like family	S
OG0003448	345	0.2	5	5	0.79	0.79	3.13	3.15	25	25	19.8	19.8	#N/A	#N/A
OG0004128	222	0	2	2	0.83	0.83	3.13	3.13	24	24	20	20	#N/A	#N/A
OG0004318	673.5	0.5	2	2	0.6	0.76	3.13	2.94	24	19	14.5	14.5	Belongs to the aspartate glutamate racemases family	M
OG0004379	1720.5	0	2	2	0.81	0.81	3.13	3.13	24	24	19.5	19.5	#N/A	#N/A
OG0004575	202.5	0	2	2	0.83	0.83	3.13	3.13	24	24	20	20	Protein of unknown function (DUF969)	S
OG0004595	973.5	0	2	2	0.6	0.6	3.13	3.13	24	24	14.5	14.5	#N/A	#N/A
OG0004651	201	0	1	2	0.98	0.98	3.13	3.13	23	23	22.5	22.5	#N/A	#N/A
OG0000611	354	0.23	77	77	0.39	0.4	3.14	3.16	48	46	18.58	18.58	Transfers the 4'-phosphopantetheine moiety from coenzyme A to a Ser of acyl-carrier-protein	I
OG0000639	849	0.03	77	78	0.22	0.22	3.14	3.14	77	77	17.26	17.26	"Acts on the D-isomers of alanine, leucine, aspartate, glutamate, aminobutyrate, norvaline and asparagine. The enzyme transfers an amino group from a substrate D-amino acid to the pyridoxal phosphate cofactor to form pyridoxamine and an alpha- keto acid in the first half-reaction"	E
OG0000672	627	0.03	77	78	0.28	0.29	3.14	3.14	61	59	16.95	16.95	"Endonuclease that resolves Holliday junction intermediates in genetic recombination. Cleaves mobile four-strand junctions by introducing symmetrical nicks in paired strands. Promotes annealing of linear ssDNA with homologous dsDNA. Required for DNA repair, homologous recombination and chromosome segregation"	L
OG0000689	393	0	77	78	0.29	0.29	3.14	3.14	59	59	17.22	17.22	Helix-turn-helix domain	S
OG0000856	807	0.23	77	77	0.16	0.18	3.14	3.13	63	55	10.06	10.06	"Catalyzes the condensation of 2 ATP molecules into cyclic di-AMP (c-di-AMP), a second messenger used to regulate differing processes in different bacteria"	S
OG0000873	423	0.04	77	77	0.56	0.56	3.14	3.15	39	39	21.75	21.75	low molecular weight	T
OG0000951	417	0.03	77	77	0.32	0.32	3.14	3.14	58	58	18.35	18.35	-	-
OG0001003	453	0.03	77	77	0.26	0.27	3.14	3.13	64	62	16.51	16.51	"rejects L-amino acids rather than detecting D-amino acids in the active site. By recycling D-aminoacyl-tRNA to D-amino acids and free tRNA molecules, this enzyme counteracts the toxicity associated with the formation of D-aminoacyl-tRNA entities in vivo and helps enforce protein L-homochirality"	J
OG0001076	1311	0.03	77	77	0.38	0.38	3.14	3.14	53	53	19.91	19.91	GTPase that plays an essential role in the late steps of ribosome biogenesis	S
OG0001143	579	0.01	77	77	0.31	0.31	3.14	3.13	56	56	17.18	17.18	Belongs to the CDP-alcohol phosphatidyltransferase class-I family	I
OG0001155	543	0.04	77	77	0.36	0.37	3.14	3.14	52	51	18.81	18.81	Protease subunit of a proteasome-like degradation complex believed to be a general protein degrading machinery	O
OG0002429	516	0	18	18	0.45	0.45	3.14	3.14	37	37	16.78	16.78	Thioredoxin	O
OG0002712	132	0.25	12	12	0.55	0.64	3.14	3.11	31	27	17.17	17.17	#N/A	#N/A
OG0003519	321	0.2	3	5	0.78	0.78	3.14	3.13	24	24	18.8	18.8	#N/A	#N/A
OG0004172	258	0	2	2	0.88	0.88	3.14	3.14	24	24	21	21	#N/A	#N/A
OG0004235	126	0.5	1	2	0.5	0.52	3.14	3.09	23	22	11.5	11.5	#N/A	#N/A
OG0004337	1657.5	0.5	2	2	0.5	0.52	3.14	3.09	23	22	11.5	11.5	AI-2E family transporter	S
OG0004373	238.5	0.5	2	2	0.5	0.55	3.14	3.04	23	21	11.5	11.5	Transfers the N-acyl diglyceride group on what will become the N-terminal cysteine of membrane lipoproteins	M
OG0004443	1171.5	0.5	2	2	0.88	0.95	3.14	3.09	24	22	21	21	"COG0790 FOG TPR repeat, SEL1 subfamily"	S
OG0004514	1024.5	0	2	2	0.88	0.88	3.14	3.14	24	24	21	21	Phage major capsid protein E	S
OG0004650	196.5	0	1	2	1	1	3.14	3.14	23	23	23	23	#N/A	#N/A
OG0004695	204	0	2	2	1	1	3.14	3.14	23	23	23	23	#N/A	#N/A
OG0004749	120	0	2	2	1	1	3.14	3.14	23	23	23	23	#N/A	#N/A
OG0004863	195	0	1	1	1	1	3.14	3.14	23	23	23	23	#N/A	#N/A
OG0004866	204	0	1	1	1	1	3.14	3.14	23	23	23	23	#N/A	#N/A
OG0004875	285	0	1	1	1	1	3.14	3.14	23	23	23	23	"Transporter, small conductance mechanosensitive ion channel MscS family protein"	M
OG0004878	150	0	1	1	1	1	3.14	3.14	23	23	23	23	#N/A	#N/A
OG0004993	210	0	1	1	1	1	3.14	3.14	23	23	23	23	nucleotidyltransferase activity	S
OG0004998	2244	0	1	1	1	1	3.14	3.14	23	23	23	23	#N/A	#N/A
OG0005000	516	0	1	1	1	1	3.14	3.14	23	23	23	23	#N/A	#N/A
OG0005045	2370	1	1	1	1	NA	3.14	NA	23	0	23	23	Domain of unknown function (DUF2479)	S
OG0005088	498	0	1	1	1	1	3.14	3.14	23	23	23	23	#N/A	#N/A
OG0005089	795	0	1	1	1	1	3.14	3.14	23	23	23	23	#N/A	#N/A
OG0005092	369	0	1	1	1	1	3.14	3.14	23	23	23	23	#N/A	#N/A
OG0005093	306	0	1	1	1	1	3.14	3.14	23	23	23	23	-	-
OG0005161	591	0	1	1	1	1	3.14	3.14	23	23	23	23	#N/A	#N/A
OG0005206	150	0	1	1	1	1	3.14	3.14	23	23	23	23	#N/A	#N/A
OG0005218	222	0	1	1	1	1	3.14	3.14	23	23	23	23	#N/A	#N/A
OG0005222	231	0	1	1	1	1	3.14	3.14	23	23	23	23	#N/A	#N/A
OG0005238	183	0	1	1	1	1	3.14	3.14	23	23	23	23	Required for maturation of urease via the functional incorporation of the urease nickel metallocenter	O
OG0005256	210	0	1	1	1	1	3.14	3.14	23	23	23	23	#N/A	#N/A
OG0005257	138	0	1	1	1	1	3.14	3.14	23	23	23	23	#N/A	#N/A
OG0005264	315	0	1	1	1	1	3.14	3.14	23	23	23	23	Membrane	M
OG0005265	210	0	1	1	1	1	3.14	3.14	23	23	23	23	#N/A	#N/A
OG0005266	975	0	1	1	1	1	3.14	3.14	23	23	23	23	FtsX-like permease family	V
OG0005290	363	0	1	1	1	1	3.14	3.14	23	23	23	23	#N/A	#N/A
OG0005307	93	0	1	1	1	1	3.14	3.14	23	23	23	23	#N/A	#N/A
OG0005327	108	0	1	1	1	1	3.14	3.14	23	23	23	23	#N/A	#N/A
OG0005343	2442	0	1	1	1	1	3.14	3.14	23	23	23	23	Streptococcal histidine triad protein	S
OG0005437	222	0	1	1	1	1	3.14	3.14	23	23	23	23	#N/A	#N/A
OG0005456	144	0	1	1	1	1	3.14	3.14	23	23	23	23	#N/A	#N/A
OG0005459	189	0	1	1	1	1	3.14	3.14	23	23	23	23	#N/A	#N/A
OG0005479	867	0	1	1	1	1	3.14	3.14	23	23	23	23	#N/A	#N/A
OG0005529	105	0	1	1	1	1	3.14	3.14	23	23	23	23	#N/A	#N/A
OG0005596	177	0	1	1	1	1	3.14	3.14	23	23	23	23	#N/A	#N/A
OG0005613	405	0	1	1	1	1	3.14	3.14	23	23	23	23	Phosphotransferase enzyme family	S
OG0005618	312	0	1	1	1	1	3.14	3.14	23	23	23	23	#N/A	#N/A
OG0005621	339	0	1	1	1	1	3.14	3.14	23	23	23	23	#N/A	#N/A
OG0005720	93	0	1	1	1	1	3.14	3.14	23	23	23	23	#N/A	#N/A
OG0005732	261	0	1	1	1	1	3.14	3.14	23	23	23	23	Belongs to the BCCT transporter (TC 2.A.15) family	M
OG0005741	213	0	1	1	1	1	3.14	3.14	23	23	23	23	#N/A	#N/A
OG0005742	201	0	1	1	1	1	3.14	3.14	23	23	23	23	#N/A	#N/A
OG0005769	435	0	1	1	1	1	3.14	3.14	23	23	23	23	#N/A	#N/A
OG0005770	537	0	1	1	1	1	3.14	3.14	23	23	23	23	#N/A	#N/A
OG0005771	603	0	1	1	1	1	3.14	3.14	23	23	23	23	#N/A	#N/A
OG0005843	168	1	1	1	1	NA	3.14	NA	23	0	23	23	#N/A	#N/A
OG0005880	294	0	1	1	1	1	3.14	3.14	23	23	23	23	#N/A	#N/A
OG0005881	96	0	1	1	1	1	3.14	3.14	23	23	23	23	#N/A	#N/A
OG0005925	759	0	1	1	1	1	3.14	3.14	23	23	23	23	#N/A	#N/A
OG0005927	450	0	1	1	1	1	3.14	3.14	23	23	23	23	#N/A	#N/A
OG0005928	795	0	1	1	1	1	3.14	3.14	23	23	23	23	-	-
OG0005929	114	0	1	1	1	1	3.14	3.14	23	23	23	23	#N/A	#N/A
OG0005987	549	0	1	1	1	1	3.14	3.14	23	23	23	23	#N/A	#N/A
OG0005998	138	0	1	1	1	1	3.14	3.14	23	23	23	23	#N/A	#N/A
OG0005999	96	0	1	1	1	1	3.14	3.14	23	23	23	23	#N/A	#N/A
OG0006031	267	0	1	1	1	1	3.14	3.14	23	23	23	23	"Glutamine synthetase, catalytic domain"	E
OG0006040	951	0	1	1	1	1	3.14	3.14	23	23	23	23	Diaminopropionate ammonia-lyase	E
OG0006041	297	0	1	1	1	1	3.14	3.14	23	23	23	23	Pyridoxal-phosphate dependent enzyme	E
OG0006042	111	0	1	1	1	1	3.14	3.14	23	23	23	23	#N/A	#N/A
OG0006090	141	0	1	1	1	1	3.14	3.14	23	23	23	23	#N/A	#N/A
OG0006098	165	0	1	1	1	1	3.14	3.14	23	23	23	23	#N/A	#N/A
OG0006099	129	0	1	1	1	1	3.14	3.14	23	23	23	23	#N/A	#N/A
OG0006113	186	0	1	1	1	1	3.14	3.14	23	23	23	23	#N/A	#N/A
OG0006132	168	0	1	1	1	1	3.14	3.14	23	23	23	23	#N/A	#N/A
OG0006182	270	0	1	1	1	1	3.14	3.14	23	23	23	23	ABC transporter	P
OG0006183	144	0	1	1	1	1	3.14	3.14	23	23	23	23	#N/A	#N/A
OG0006186	147	0	1	1	1	1	3.14	3.14	23	23	23	23	#N/A	#N/A
OG0006187	252	0	1	1	1	1	3.14	3.14	23	23	23	23	ABC-type Mn2 Zn2 transport	P
OG0006208	189	0	1	1	1	1	3.14	3.14	23	23	23	23	#N/A	#N/A
OG0006258	399	0	1	1	1	1	3.14	3.14	23	23	23	23	Tryptophanyl-tRNA synthetase	J
OG0006274	228	0	1	1	1	1	3.14	3.14	23	23	23	23	Lipoate-protein ligase	H
OG0006280	285	0	1	1	1	1	3.14	3.14	23	23	23	23	Autolysis and methicillin resistant-related protein	V
OG0006361	126	0	1	1	1	1	3.14	3.14	23	23	23	23	Associates with the EF-Tu.GDP complex and induces the exchange of GDP to GTP. It remains bound to the aminoacyl-tRNA.EF- Tu.GTP complex up to the GTP hydrolysis stage on the ribosome	J
OG0006398	180	0	1	1	1	1	3.14	3.14	23	23	23	23	#N/A	#N/A
OG0006430	228	0	1	1	1	1	3.14	3.14	23	23	23	23	"DNA repair enzyme that has both DNA N-glycosylase activity and AP-lyase activity. The DNA N-glycosylase activity releases various damaged pyrimidines from DNA by cleaving the N- glycosidic bond, leaving an AP (apurinic apyrimidinic) site. The AP-lyase activity cleaves the phosphodiester bond 3' to the AP site by a beta-elimination, leaving a 3'-terminal unsaturated sugar and a product with a terminal 5'-phosphate"	L
OG0006431	372	0	1	1	1	1	3.14	3.14	23	23	23	23	Acts both as a biotin-- acetyl-CoA-carboxylase ligase and a repressor	K
OG0006432	333	0	1	1	1	1	3.14	3.14	23	23	23	23	Catalyzes the transfer of the enolpyruvyl moiety of phosphoenolpyruvate (PEP) to the 5-hydroxyl of shikimate-3- phosphate (S3P) to produce enolpyruvyl shikimate-3-phosphate and inorganic phosphate	E
OG0006433	225	0	1	1	1	1	3.14	3.14	23	23	23	23	Belongs to the FPP GGPP synthase family	H
OG0006534	354	0	1	1	1	1	3.14	3.14	23	23	23	23	"In addition to polymerase activity, this DNA polymerase exhibits 5'-3' exonuclease activity"	L
OG0006561	201	0	1	1	1	1	3.14	3.14	23	23	23	23	Formate--tetrahydrofolate ligase	H
OG0006562	99	0	1	1	1	1	3.14	3.14	23	23	23	23	#N/A	#N/A
OG0006609	141	0	1	1	1	1	3.14	3.14	23	23	23	23	#N/A	#N/A
OG0006610	261	0	1	1	1	1	3.14	3.14	23	23	23	23	"Catalyzes the conversion of epoxyqueuosine (oQ) to queuosine (Q), which is a hypermodified base found in the wobble positions of tRNA(Asp), tRNA(Asn), tRNA(His) and tRNA(Tyr)"	C
OG0006634	177	0	1	1	1	1	3.14	3.14	23	23	23	23	Allows the formation of correctly charged Gln-tRNA(Gln) through the transamidation of misacylated Glu-tRNA(Gln) in organisms which lack glutaminyl-tRNA synthetase. The reaction takes place in the presence of glutamine and ATP through an activated gamma-phospho-Glu-tRNA(Gln)	J
OG0006635	198	0	1	1	1	1	3.14	3.14	23	23	23	23	Allows the formation of correctly charged Gln-tRNA(Gln) through the transamidation of misacylated Glu-tRNA(Gln) in organisms which lack glutaminyl-tRNA synthetase. The reaction takes place in the presence of glutamine and ATP through an activated gamma-phospho-Glu-tRNA(Gln)	J
OG0006684	270	0	1	1	1	1	3.14	3.14	23	23	23	23	#N/A	#N/A
OG0006685	372	0	1	1	1	1	3.14	3.14	23	23	23	23	#N/A	#N/A
OG0006686	255	0	1	1	1	1	3.14	3.14	23	23	23	23	#N/A	#N/A
OG0006700	726	0	1	1	1	1	3.14	3.14	23	23	23	23	Belongs to the resistance-nodulation-cell division (RND) (TC 2.A.6) family	V
OG0006707	141	0	1	1	1	1	3.14	3.14	23	23	23	23	#N/A	#N/A
OG0006708	345	0	1	1	1	1	3.14	3.14	23	23	23	23	Acetyltransferase (GNAT) domain	K
OG0006722	168	0	1	1	1	1	3.14	3.14	23	23	23	23	Catalyzes the conversion of urocanate to 4-imidazolone- 5-propionate	E
OG0006741	141	0	1	1	1	1	3.14	3.14	23	23	23	23	Dak2	S
OG0006747	288	0	1	1	1	1	3.14	3.14	23	23	23	23	Belongs to the prokaryotic molybdopterin-containing oxidoreductase family	C
OG0006748	492	0	1	1	1	1	3.14	3.14	23	23	23	23	Belongs to the prokaryotic molybdopterin-containing oxidoreductase family	C
OG0006753	183	0	1	1	1	1	3.14	3.14	23	23	23	23	#N/A	#N/A
OG0006757	243	0	1	1	1	1	3.14	3.14	23	23	23	23	Imidazoleglycerol-phosphate dehydratase	E
OG0006769	165	0	1	1	1	1	3.14	3.14	23	23	23	23	#N/A	#N/A
OG0006770	150	0	1	1	1	1	3.14	3.14	23	23	23	23	#N/A	#N/A
OG0006788	516	0	1	1	1	1	3.14	3.14	23	23	23	23	"Pyruvate phosphate dikinase, PEP/pyruvate binding domain"	H
OG0006796	312	0	1	1	1	1	3.14	3.14	23	23	23	23	Belongs to the TPP enzyme family	GH
OG0006814	204	0	1	1	1	1	3.14	3.14	23	23	23	23	-	-
OG0006838	165	0	1	1	1	1	3.14	3.14	23	23	23	23	#N/A	#N/A
OG0006843	738	0	1	1	1	1	3.14	3.14	23	23	23	23	#N/A	#N/A
OG0006849	135	0	1	1	1	1	3.14	3.14	23	23	23	23	#N/A	#N/A
OG0006850	174	0	1	1	1	1	3.14	3.14	23	23	23	23	#N/A	#N/A
OG0006873	270	0	1	1	1	1	3.14	3.14	23	23	23	23	-	-
OG0006878	249	0	1	1	1	1	3.14	3.14	23	23	23	23	#N/A	#N/A
OG0006931	180	0	1	1	1	1	3.14	3.14	23	23	23	23	Two-component Enterococcus faecalis cytolysin (EFC)	S
OG0006962	138	0	1	1	1	1	3.14	3.14	23	23	23	23	#N/A	#N/A
OG0006965	96	0	1	1	1	1	3.14	3.14	23	23	23	23	#N/A	#N/A
OG0006976	183	0	1	1	1	1	3.14	3.14	23	23	23	23	#N/A	#N/A
OG0006981	852	0	1	1	1	1	3.14	3.14	23	23	23	23	#N/A	#N/A
OG0007012	129	0	1	1	1	1	3.14	3.14	23	23	23	23	#N/A	#N/A
OG0007047	96	0	1	1	1	1	3.14	3.14	23	23	23	23	#N/A	#N/A
OG0007074	345	0	1	1	1	1	3.14	3.14	23	23	23	23	#N/A	#N/A
OG0007075	240	0	1	1	1	1	3.14	3.14	23	23	23	23	#N/A	#N/A
OG0007134	177	0	1	1	1	1	3.14	3.14	23	23	23	23	#N/A	#N/A
OG0007144	327	0	1	1	1	1	3.14	3.14	23	23	23	23	#N/A	#N/A
OG0007158	429	0	1	1	1	1	3.14	3.14	23	23	23	23	#N/A	#N/A
OG0007169	1038	0	1	1	1	1	3.14	3.14	23	23	23	23	#N/A	#N/A
OG0007181	855	1	1	1	1	NA	3.14	NA	23	0	23	23	#N/A	#N/A
OG0007182	543	1	1	1	1	NA	3.14	NA	23	0	23	23	#N/A	#N/A
OG0007186	186	0	1	1	1	1	3.14	3.14	23	23	23	23	#N/A	#N/A
OG0007277	96	0	1	1	1	1	3.14	3.14	23	23	23	23	#N/A	#N/A
OG0007306	483	0	1	1	1	1	3.14	3.14	23	23	23	23	#N/A	#N/A
OG0007352	141	0	1	1	1	1	3.14	3.14	23	23	23	23	#N/A	#N/A
OG0007360	120	0	1	1	1	1	3.14	3.14	23	23	23	23	Lipocalin-like domain	G
OG0007402	246	0	1	1	1	1	3.14	3.14	23	23	23	23	Domain of unknown function (DUF1413)	S
OG0007419	435	0	1	1	1	1	3.14	3.14	23	23	23	23	#N/A	#N/A
OG0007420	141	0	1	1	1	1	3.14	3.14	23	23	23	23	#N/A	#N/A
OG0007431	855	0	1	1	1	1	3.14	3.14	23	23	23	23	#N/A	#N/A
OG0007471	351	0	1	1	1	1	3.14	3.14	23	23	23	23	#N/A	#N/A
OG0007584	120	0	1	1	1	1	3.14	3.14	23	23	23	23	#N/A	#N/A
OG0007600	120	0	1	1	1	1	3.14	3.14	23	23	23	23	#N/A	#N/A
OG0007604	120	0	1	1	1	1	3.14	3.14	23	23	23	23	#N/A	#N/A
OG0007611	195	0	1	1	1	1	3.14	3.14	23	23	23	23	#N/A	#N/A
OG0007614	135	0	1	1	1	1	3.14	3.14	23	23	23	23	#N/A	#N/A
OG0007615	120	0	1	1	1	1	3.14	3.14	23	23	23	23	#N/A	#N/A
OG0007647	222	0	1	1	1	1	3.14	3.14	23	23	23	23	#N/A	#N/A
OG0007648	507	0	1	1	1	1	3.14	3.14	23	23	23	23	#N/A	#N/A
OG0007649	147	0	1	1	1	1	3.14	3.14	23	23	23	23	#N/A	#N/A
OG0007673	99	0	1	1	1	1	3.14	3.14	23	23	23	23	#N/A	#N/A
OG0007716	204	0	1	1	1	1	3.14	3.14	23	23	23	23	#N/A	#N/A
OG0007761	150	0	1	1	1	1	3.14	3.14	23	23	23	23	#N/A	#N/A
OG0007809	105	0	1	1	1	1	3.14	3.14	23	23	23	23	#N/A	#N/A
OG0007814	105	0	1	1	1	1	3.14	3.14	23	23	23	23	#N/A	#N/A
OG0007837	105	1	1	1	1	NA	3.14	NA	23	0	23	23	#N/A	#N/A
OG0007849	1863	0	1	1	1	1	3.14	3.14	23	23	23	23	hydrocarbon binding protein (contains V4R domain)	T
OG0007898	144	0	1	1	1	1	3.14	3.14	23	23	23	23	#N/A	#N/A
OG0007905	102	0	1	1	1	1	3.14	3.14	23	23	23	23	#N/A	#N/A
OG0007906	99	0	1	1	1	1	3.14	3.14	23	23	23	23	#N/A	#N/A
OG0007947	651	0	1	1	1	1	3.14	3.14	23	23	23	23	#N/A	#N/A
OG0007949	117	0	1	1	1	1	3.14	3.14	23	23	23	23	#N/A	#N/A
OG0007959	585	1	1	1	1	NA	3.14	NA	23	0	23	23	#N/A	#N/A
OG0008008	99	0	1	1	1	1	3.14	3.14	23	23	23	23	#N/A	#N/A
OG0008010	117	0	1	1	1	1	3.14	3.14	23	23	23	23	#N/A	#N/A
OG0008016	99	0	1	1	1	1	3.14	3.14	23	23	23	23	#N/A	#N/A
OG0008045	129	0	1	1	1	1	3.14	3.14	23	23	23	23	#N/A	#N/A
OG0008053	111	0	1	1	1	1	3.14	3.14	23	23	23	23	#N/A	#N/A
OG0008115	216	0	1	1	1	1	3.14	3.14	23	23	23	23	#N/A	#N/A
OG0008192	744	0	1	1	1	1	3.14	3.14	23	23	23	23	#N/A	#N/A
OG0008203	219	0	1	1	1	1	3.14	3.14	23	23	23	23	Catalyzes the conversion of dethiobiotin (DTB) to biotin by the insertion of a sulfur atom into dethiobiotin via a radical- based mechanism	H
OG0008206	552	0	1	1	1	1	3.14	3.14	23	23	23	23	#N/A	#N/A
OG0008246	141	0	1	1	1	1	3.14	3.14	23	23	23	23	#N/A	#N/A
OG0008253	192	0	1	1	1	1	3.14	3.14	23	23	23	23	#N/A	#N/A
OG0000336	1338	0.23	77	82	0.19	0.22	3.15	3.15	70	63	13.61	13.61	of the major facilitator superfamily	EGP
OG0000708	894	0.05	77	78	0.34	0.34	3.15	3.15	55	55	18.95	18.95	Cell division protein that may be involved in stabilizing or promoting the assembly of the division complex	D
OG0000991	927	0.01	77	77	0.38	0.38	3.15	3.15	52	52	19.55	19.55	Tetrapolymerization of the monopyrrole PBG into the hydroxymethylbilane pre-uroporphyrinogen in several discrete steps	H
OG0001031	177	0.03	77	77	0.42	0.42	3.15	3.15	50	50	20.91	20.91	Belongs to the bacterial ribosomal protein bS21 family	J
OG0001144	1272	0.01	77	77	0.31	0.31	3.15	3.15	58	58	17.88	17.88	Peptidase M16 inactive domain	S
OG0001301	867	0.04	77	77	0.33	0.34	3.15	3.15	57	56	18.78	18.78	"Uncharacterised protein, DegV family COG1307"	S
OG0001366	573	0	77	77	0.47	0.47	3.15	3.15	44	44	20.87	20.87	The natural substrate for this enzyme may be peptidyl- tRNAs which drop off the ribosome during protein synthesis	J
OG0001506	183	0.04	74	74	0.32	0.32	3.15	3.15	55	54	17.35	17.35	NETI protein	S
OG0002564	717	0.07	15	15	0.58	0.6	3.15	3.14	31	30	18.13	18.13	Trehalose utilisation	G
OG0002652	231	0.08	13	13	0.59	0.61	3.15	3.14	30	29	17.62	17.62	#N/A	#N/A
OG0003032	111	0	7	7	0.76	0.76	3.15	3.15	27	27	20.57	20.57	#N/A	#N/A
OG0003102	300	0.29	7	7	0.67	0.67	3.15	3.19	26	26	17.43	17.43	-	-
OG0003104	489	0	7	7	0.7	0.7	3.15	3.15	28	28	19.71	19.71	#N/A	#N/A
OG0003545	589.5	0	3	4	0.81	0.81	3.15	3.15	25	25	20.25	20.25	#N/A	#N/A
OG0003563	369	0	4	4	0.83	0.83	3.15	3.15	25	25	20.75	20.75	#N/A	#N/A
OG0003764	246	0	3	3	0.84	0.84	3.15	3.15	25	25	21	21	#N/A	#N/A
OG0003774	339	0	3	3	0.76	0.76	3.15	3.15	25	25	19	19	#N/A	#N/A
OG0004030	1461	0.67	3	3	0.6	0.75	3.15	3.04	26	21	15.67	15.67	Catalyzes the oxidation of glucose 6-phosphate to 6- phosphogluconolactone	G
OG0004447	375	0	2	2	0.92	0.92	3.15	3.15	24	24	22	22	#N/A	#N/A
OG0004517	789	0	2	2	0.9	0.9	3.15	3.15	24	24	21.5	21.5	#N/A	#N/A
OG0004518	399	0	2	2	0.92	0.92	3.15	3.15	24	24	22	22	#N/A	#N/A
OG0004519	300	0	2	2	0.9	0.9	3.15	3.15	24	24	21.5	21.5	#N/A	#N/A
OG0000567	1191	0.04	77	79	0.39	0.39	3.16	3.16	49	49	19.29	19.29	COG3956 Protein containing tetrapyrrole methyltransferase domain and MazG-like	S
OG0000744	642	0.06	77	78	0.3	0.31	3.16	3.16	61	60	18.41	18.41	Domain of unknown function (DUF1949)	S
OG0001026	252	0.03	77	77	0.5	0.52	3.16	3.15	43	41	21.39	21.39	Binds directly to 16S ribosomal RNA	J
OG0001079	573	0.01	77	77	0.4	0.4	3.16	3.16	51	51	20.57	20.57	-	-
OG0001091	687	0.04	77	77	0.43	0.44	3.16	3.16	46	45	19.81	19.81	replication protein DnaD	L
OG0001227	672	0.04	77	77	0.36	0.36	3.16	3.16	54	53	19.18	19.18	Part of the phosphoribosylformylglycinamidine synthase complex involved in the purines biosynthetic pathway. Catalyzes the ATP-dependent conversion of formylglycinamide ribonucleotide (FGAR) and glutamine to yield formylglycinamidine ribonucleotide (FGAM) and glutamate. The FGAM synthase complex is composed of three subunits. PurQ produces an ammonia molecule by converting glutamine to glutamate. PurL transfers the ammonia molecule to FGAR to form FGAM in an ATP-dependent manner. PurS interacts with PurQ and PurL and is thought to assist in the transfer of the ammonia molecule from PurQ to PurL	F
OG0001370	309	0.01	77	77	0.4	0.4	3.16	3.15	50	50	19.84	19.84	Could be involved in septation	D
OG0001413	579	0.04	76	76	0.32	0.32	3.16	3.16	55	55	17.58	17.58	UPF0316 protein	S
OG0001510	405	0.03	74	74	0.4	0.4	3.16	3.16	52	52	20.97	20.97	This enzyme scavenges exogenous and endogenous cytidine and 2'-deoxycytidine for UMP synthesis	F
OG0001600	1464	0.17	68	70	0.22	0.25	3.16	3.16	64	56	14.1	14.1	glutamate synthase	C
OG0001757	906	0.23	57	57	0.14	0.15	3.16	3.14	76	68	10.32	10.32	Belongs to the arginase family	E
OG0002376	357	0.05	19	19	0.39	0.39	3.16	3.16	43	42	16.58	16.58	#N/A	#N/A
OG0002637	573	0	13	13	0.62	0.62	3.16	3.16	31	31	19.15	19.15	-	-
OG0003290	291	0	6	6	0.76	0.76	3.16	3.16	26	26	19.83	19.83	-	-
OG0003481	1437	0	5	5	0.81	0.81	3.16	3.16	26	26	21	21	Domain of unknown function (DUF3390)	C
OG0003755	300	0	3	3	0.68	0.68	3.16	3.16	26	26	17.67	17.67	-	-
OG0003771	366	0	3	3	0.96	0.96	3.16	3.16	24	24	23	23	#N/A	#N/A
OG0003828	189	0.67	3	3	0.56	0.86	3.16	2.83	26	17	14.67	14.67	#N/A	#N/A
OG0004101	831	0	2	2	0.94	0.94	3.16	3.16	24	24	22.5	22.5	#N/A	#N/A
OG0004174	730.5	0	2	2	0.74	0.74	3.16	3.16	25	25	18.5	18.5	#N/A	#N/A
OG0004240	756	0.5	2	2	0.66	0.87	3.16	2.94	25	19	16.5	16.5	-	-
OG0004341	436.5	1	2	2	0.52	NA	3.16	NA	24	0	12.5	12.5	#N/A	#N/A
OG0004365	927	0	2	2	0.68	0.68	3.16	3.16	25	25	17	17	-	-
OG0004404	339	0	2	2	0.64	0.64	3.16	3.16	25	25	16	16	Domain of unknown function (DUF3870)	S
OG0004445	1995	0	2	2	0.94	0.94	3.16	3.16	24	24	22.5	22.5	COG0433 Predicted ATPase	S
OG0004523	219	0	2	2	0.94	0.94	3.16	3.16	24	24	22.5	22.5	#N/A	#N/A
OG0004637	147	0.5	1	2	0.74	0.97	3.16	2.94	25	19	18.5	18.5	#N/A	#N/A
OG0004649	282	0	2	2	0.7	0.7	3.16	3.16	25	25	17.5	17.5	prephenate dehydrogenase	E
OG0000512	969	0.03	77	79	0.37	0.38	3.17	3.17	53	52	19.81	19.81	L-asparaginase	EJ
OG0000610	504	0.23	77	78	0.38	0.4	3.17	3.18	50	47	18.83	18.83	Bacterial PH domain	S
OG0000773	348	0.24	77	78	0.31	0.37	3.17	3.13	58	48	17.79	17.79	Involved in initiation control of chromosome replication	L
OG0000907	693	0.04	77	77	0.32	0.33	3.17	3.16	54	53	17.38	17.38	"35 carbon atoms) to the C3 hydroxyl of sn-glycerol-1-phosphate (G1P), producing heptaprenylglyceryl phosphate (HepGP). This reaction is an ether-bond-formation step in the biosynthesis of archaea-type G1P-based membrane lipids found in Bacillales"	I
OG0000970	936	0.05	77	77	0.25	0.25	3.17	3.17	67	66	16.83	16.83	DHHA1 domain	S
OG0001027	981	0.01	77	77	0.43	0.43	3.17	3.17	48	48	20.57	20.57	Negative regulator of class I heat shock genes (grpE- dnaK-dnaJ and groELS operons). Prevents heat-shock induction of these operons	K
OG0001030	1134	0.03	77	77	0.42	0.43	3.17	3.16	50	49	21.12	21.12	"ATP binding to DnaK triggers the release of the substrate protein, thus completing the reaction cycle. Several rounds of ATP-dependent interactions between DnaJ, DnaK and GrpE are required for fully efficient folding. Also involved, together with DnaK and GrpE, in the DNA replication of plasmids through activation of initiation proteins"	O
OG0001068	546	0.04	77	77	0.41	0.46	3.17	3.16	49	44	20.12	20.12	Participates in chromosomal partition during cell division. May act via the formation of a condensin-like complex containing Smc and ScpA that pull DNA away from mid-cell into both cell halves	D
OG0001073	987	0.03	77	77	0.4	0.41	3.17	3.17	51	50	20.27	20.27	Thioredoxin reductase	C
OG0001086	696	0.01	77	77	0.47	0.47	3.17	3.17	45	45	21.08	21.08	Putative neutral zinc metallopeptidase	S
OG0001137	366	0.03	77	77	0.28	0.28	3.17	3.16	58	58	16.4	16.4	#N/A	#N/A
OG0001375	249	0.23	77	77	0.32	0.37	3.17	3.13	57	50	18.47	18.47	endonuclease containing a URI domain	L
OG0001432	774	0.04	76	76	0.25	0.25	3.17	3.17	68	66	16.78	16.78	COG1179 Dinucleotide-utilizing enzymes involved in molybdopterin and thiamine biosynthesis family 1	H
OG0001509	339	0.03	74	74	0.4	0.4	3.17	3.17	52	52	21.05	21.05	Diacylglycerol kinase	M
OG0003318	222	0.83	1	6	0.52	0.68	3.17	3.09	29	22	15	15	#N/A	#N/A
OG0003588	832.5	0	4	4	0.82	0.82	3.17	3.17	26	26	21.25	21.25	cobalt transport	P
OG0003589	555	0	4	4	0.8	0.8	3.17	3.17	26	26	20.75	20.75	UPF0397 protein	S
OG0003829	1617	0.67	3	3	0.59	0.85	3.17	2.89	26	18	15.33	15.33	#N/A	#N/A
OG0003842	174	0	3	3	0.76	0.76	3.17	3.17	26	26	19.67	19.67	#N/A	#N/A
OG0004065	183	0	3	3	0.88	0.88	3.17	3.17	25	25	22	22	#N/A	#N/A
OG0004078	225	0	3	3	0.85	0.85	3.17	3.17	25	25	21.33	21.33	-	-
OG0004154	106.5	0	2	2	0.8	0.8	3.17	3.17	25	25	20	20	#N/A	#N/A
OG0004399	300	0	2	2	0.96	0.96	3.17	3.17	24	24	23	23	#N/A	#N/A
OG0004456	334.5	0	2	2	0.82	0.82	3.17	3.17	25	25	20.5	20.5	Belongs to the ribulokinase family	F
OG0004573	243	0	2	2	0.78	0.78	3.17	3.17	25	25	19.5	19.5	Catalyzes the conversion of urocanate to 4-imidazolone- 5-propionate	E
OG0004751	453	0.5	2	2	0.98	0.98	3.17	3.18	24	24	23.5	23.5	#N/A	#N/A
OG0004752	480	0.5	2	2	0.96	0.96	3.17	3.18	24	24	23	23	#N/A	#N/A
OG0004768	123	0	2	2	0.78	0.78	3.17	3.17	25	25	19.5	19.5	#N/A	#N/A
OG0004824	742.5	0	1	2	0.96	0.96	3.17	3.17	24	24	23	23	#N/A	#N/A
OG0000433	1407	0.05	77	80	0.35	0.37	3.18	3.18	54	51	18.96	18.96	this subunit has chaperone activity. The binding of ATP and its subsequent hydrolysis by HslU are essential for unfolding of protein substrates subsequently hydrolyzed by HslV. HslU recognizes the N-terminal part of its protein substrates and unfolds these before they are guided to HslV for hydrolysis	O
OG0000524	1701	0.04	77	79	0.31	0.31	3.18	3.19	59	59	18.43	18.43	"Catalyzes the attachment of proline to tRNA(Pro) in a two-step reaction proline is first activated by ATP to form Pro- AMP and then transferred to the acceptor end of tRNA(Pro). As ProRS can inadvertently accommodate and process non-cognate amino acids such as alanine and cysteine, to avoid such errors it has two additional distinct editing activities against alanine. One activity is designated as 'pretransfer' editing and involves the tRNA(Pro)-independent hydrolysis of activated Ala-AMP. The other activity is designated 'posttransfer' editing and involves deacylation of mischarged Ala-tRNA(Pro). The misacylated Cys- tRNA(Pro) is not edited by ProRS"	J
OG0000554	963	0.01	77	79	0.21	0.21	3.18	3.18	74	74	15.77	15.77	ATP-binding protein	E
OG0000580	1926	0.55	77	78	0.22	0.3	3.18	3.2	67	48	14.45	14.45	"A type II topoisomerase that negatively supercoils closed circular double-stranded (ds) DNA in an ATP-dependent manner to modulate DNA topology and maintain chromosomes in an underwound state. Negative supercoiling favors strand separation, and DNA replication, transcription, recombination and repair, all of which involve strand separation. Also able to catalyze the interconversion of other topological isomers of dsDNA rings, including catenanes and knotted rings. Type II topoisomerases break and join 2 DNA strands simultaneously in an ATP-dependent manner"	L
OG0000603	525	0.04	77	78	0.55	0.55	3.18	3.18	40	40	22.18	22.18	Belongs to the UPF0340 family	S
OG0000770	825	0.03	77	78	0.37	0.38	3.18	3.17	54	53	19.9	19.9	pur operon repressor	F
OG0000775	927	0.24	77	78	0.28	0.34	3.18	3.14	61	51	17.21	17.21	DNA polymerase III	L
OG0000786	1134	0.55	77	77	0.16	0.17	3.18	3.36	77	73	12.17	12.17	"Confers DNA tethering and processivity to DNA polymerases and other proteins. Acts as a clamp, forming a ring around DNA (a reaction catalyzed by the clamp-loading complex) which diffuses in an ATP-independent manner freely and bidirectionally along dsDNA. Initially characterized for its ability to contact the catalytic subunit of DNA polymerase III (Pol III), a complex, multichain enzyme responsible for most of the replicative synthesis in bacteria"	L
OG0000857	933	0.23	77	77	0.17	0.19	3.18	3.19	62	55	10.44	10.44	YbbR-like protein	S
OG0001004	876	0.03	77	77	0.26	0.26	3.18	3.18	65	63	16.65	16.65	Probably involved in cell-wall metabolism	M
OG0001005	1767	0.04	77	77	0.24	0.25	3.18	3.18	70	68	17.12	17.12	Catalyzes the attachment of L-aspartate to tRNA(Asp) in a two-step reaction L-aspartate is first activated by ATP to form Asp-AMP and then transferred to the acceptor end of tRNA(Asp)	J
OG0001032	708	0.03	77	77	0.43	0.43	3.18	3.18	50	50	21.69	21.69	COG1030 Membrane-bound serine protease (ClpP class)	O
OG0001033	987	0.03	77	77	0.42	0.42	3.18	3.18	50	50	21.19	21.19	UPF0365 protein	S
OG0001080	957	0.01	77	77	0.38	0.38	3.18	3.18	56	56	21.13	21.13	Belongs to the FPP GGPP synthase family	H
OG0001095	564	0.03	77	77	0.27	0.28	3.18	3.18	63	61	17	17	Belongs to the UPF0398 family	S
OG0001222	576	0.04	77	77	0.26	0.27	3.18	3.17	70	67	18.13	18.13	"ABC-type cobalt transport system, permease component"	S
OG0001438	339	0.03	76	76	0.26	0.27	3.18	3.17	64	62	16.75	16.75	Bacterial domain of unknown function (DUF1798)	S
OG0002202	330	0.04	26	26	0.51	0.51	3.18	3.18	37	37	19.04	19.04	-	-
OG0002274	345	0.04	23	23	0.57	0.57	3.18	3.19	33	33	18.91	18.91	-	-
OG0002987	493.5	0.12	8	8	0.56	0.56	3.18	3.2	29	29	16.25	16.25	Activator of Hsp90 ATPase homolog 1-like protein	S
OG0003224	1497	0	6	6	0.64	0.64	3.18	3.18	29	29	18.67	18.67	-	-
OG0003725	195	0	3	4	0.59	0.59	3.18	3.18	29	29	17.25	17.25	#N/A	#N/A
OG0004000	342	0	3	3	0.78	0.78	3.18	3.18	26	26	20.33	20.33	-	-
OG0004176	465	0.5	2	2	0.86	1.02	3.18	3.04	25	21	21.5	21.5	#N/A	#N/A
OG0004380	355.5	0	2	2	0.86	0.86	3.18	3.18	25	25	21.5	21.5	#N/A	#N/A
OG0004467	108	0	2	2	0.86	0.86	3.18	3.18	25	25	21.5	21.5	#N/A	#N/A
OG0004843	225	0	1	1	1	1	3.18	3.18	24	24	24	24	#N/A	#N/A
OG0004847	117	0	1	1	1	1	3.18	3.18	24	24	24	24	-	-
OG0004964	162	0	1	1	1	1	3.18	3.18	24	24	24	24	-	-
OG0004965	282	0	1	1	1	1	3.18	3.18	24	24	24	24	#N/A	#N/A
OG0004966	198	0	1	1	1	1	3.18	3.18	24	24	24	24	#N/A	#N/A
OG0004974	147	0	1	1	1	1	3.18	3.18	24	24	24	24	#N/A	#N/A
OG0004981	201	0	1	1	1	1	3.18	3.18	24	24	24	24	#N/A	#N/A
OG0004985	225	0	1	1	1	1	3.18	3.18	24	24	24	24	#N/A	#N/A
OG0005002	339	0	1	1	1	1	3.18	3.18	24	24	24	24	#N/A	#N/A
OG0005003	204	0	1	1	1	1	3.18	3.18	24	24	24	24	#N/A	#N/A
OG0005004	180	0	1	1	1	1	3.18	3.18	24	24	24	24	#N/A	#N/A
OG0005027	93	0	1	1	1	1	3.18	3.18	24	24	24	24	#N/A	#N/A
OG0005087	597	0	1	1	1	1	3.18	3.18	24	24	24	24	#N/A	#N/A
OG0005094	138	0	1	1	1	1	3.18	3.18	24	24	24	24	#N/A	#N/A
OG0005158	594	0	1	1	1	1	3.18	3.18	24	24	24	24	#N/A	#N/A
OG0005159	537	0	1	1	1	1	3.18	3.18	24	24	24	24	#N/A	#N/A
OG0005203	390	0	1	1	1	1	3.18	3.18	24	24	24	24	#N/A	#N/A
OG0005251	207	0	1	1	1	1	3.18	3.18	24	24	24	24	Peptidase U32	O
OG0005276	678	0	1	1	1	1	3.18	3.18	24	24	24	24	Protein of unknown function (DUF554)	S
OG0005294	174	0	1	1	1	1	3.18	3.18	24	24	24	24	#N/A	#N/A
OG0005306	159	0	1	1	1	1	3.18	3.18	24	24	24	24	response regulator	K
OG0005313	348	0	1	1	1	1	3.18	3.18	24	24	24	24	Converts heme B (protoheme IX) to heme O by substitution of the vinyl group on carbon 2 of heme B porphyrin ring with a hydroxyethyl farnesyl side group	O
OG0005315	174	0	1	1	1	1	3.18	3.18	24	24	24	24	General (non sugar-specific) component of the phosphoenolpyruvate-dependent sugar phosphotransferase system (sugar PTS). This major carbohydrate active-transport system catalyzes the phosphorylation of incoming sugar substrates concomitantly with their translocation across the cell membrane. Enzyme I transfers the phosphoryl group from phosphoenolpyruvate (PEP) to the phosphoryl carrier protein (HPr)	G
OG0005316	222	0	1	1	1	1	3.18	3.18	24	24	24	24	the current gene model (or a revised gene model) may contain a frame shift	H
OG0005319	120	0	1	1	1	1	3.18	3.18	24	24	24	24	#N/A	#N/A
OG0005321	330	0	1	1	1	1	3.18	3.18	24	24	24	24	Domain of unknown function (DUF4887)	S
OG0005371	129	0	1	1	1	1	3.18	3.18	24	24	24	24	#N/A	#N/A
OG0005463	132	0	1	1	1	1	3.18	3.18	24	24	24	24	#N/A	#N/A
OG0005590	1212	0	1	1	1	1	3.18	3.18	24	24	24	24	Replication initiation factor	S
OG0005612	582	0	1	1	1	1	3.18	3.18	24	24	24	24	protein conserved in bacteria	S
OG0005620	303	0	1	1	1	1	3.18	3.18	24	24	24	24	#N/A	#N/A
OG0005622	315	0	1	1	1	1	3.18	3.18	24	24	24	24	#N/A	#N/A
OG0005623	273	0	1	1	1	1	3.18	3.18	24	24	24	24	#N/A	#N/A
OG0005624	570	0	1	1	1	1	3.18	3.18	24	24	24	24	#N/A	#N/A
OG0005685	141	0	1	1	1	1	3.18	3.18	24	24	24	24	#N/A	#N/A
OG0005686	255	0	1	1	1	1	3.18	3.18	24	24	24	24	#N/A	#N/A
OG0005698	495	0	1	1	1	1	3.18	3.18	24	24	24	24	#N/A	#N/A
OG0005714	162	0	1	1	1	1	3.18	3.18	24	24	24	24	#N/A	#N/A
OG0005715	168	0	1	1	1	1	3.18	3.18	24	24	24	24	#N/A	#N/A
OG0005738	195	0	1	1	1	1	3.18	3.18	24	24	24	24	#N/A	#N/A
OG0005739	132	0	1	1	1	1	3.18	3.18	24	24	24	24	#N/A	#N/A
OG0005740	738	0	1	1	1	1	3.18	3.18	24	24	24	24	#N/A	#N/A
OG0005743	102	0	1	1	1	1	3.18	3.18	24	24	24	24	#N/A	#N/A
OG0005744	624	0	1	1	1	1	3.18	3.18	24	24	24	24	#N/A	#N/A
OG0005772	642	0	1	1	1	1	3.18	3.18	24	24	24	24	#N/A	#N/A
OG0005773	651	0	1	1	1	1	3.18	3.18	24	24	24	24	#N/A	#N/A
OG0005774	138	0	1	1	1	1	3.18	3.18	24	24	24	24	#N/A	#N/A
OG0005782	288	0	1	1	1	1	3.18	3.18	24	24	24	24	#N/A	#N/A
OG0005801	1812	0	1	1	1	1	3.18	3.18	24	24	24	24	AAA domain	L
OG0005835	1032	0	1	1	1	1	3.18	3.18	24	24	24	24	#N/A	#N/A
OG0005836	234	0	1	1	1	1	3.18	3.18	24	24	24	24	#N/A	#N/A
OG0005882	255	0	1	1	1	1	3.18	3.18	24	24	24	24	#N/A	#N/A
OG0005883	237	0	1	1	1	1	3.18	3.18	24	24	24	24	#N/A	#N/A
OG0005922	186	0	1	1	1	1	3.18	3.18	24	24	24	24	hydrolase	S
OG0005924	315	0	1	1	1	1	3.18	3.18	24	24	24	24	#N/A	#N/A
OG0005944	150	0	1	1	1	1	3.18	3.18	24	24	24	24	#N/A	#N/A
OG0005952	414	0	1	1	1	1	3.18	3.18	24	24	24	24	#N/A	#N/A
OG0005980	159	0	1	1	1	1	3.18	3.18	24	24	24	24	#N/A	#N/A
OG0005983	336	0	1	1	1	1	3.18	3.18	24	24	24	24	#N/A	#N/A
OG0005989	567	0	1	1	1	1	3.18	3.18	24	24	24	24	#N/A	#N/A
OG0006019	237	0	1	1	1	1	3.18	3.18	24	24	24	24	#N/A	#N/A
OG0006021	321	0	1	1	1	1	3.18	3.18	24	24	24	24	#N/A	#N/A
OG0006035	93	0	1	1	1	1	3.18	3.18	24	24	24	24	#N/A	#N/A
OG0006036	150	0	1	1	1	1	3.18	3.18	24	24	24	24	#N/A	#N/A
OG0006049	246	0	1	1	1	1	3.18	3.18	24	24	24	24	#N/A	#N/A
OG0006109	336	0	1	1	1	1	3.18	3.18	24	24	24	24	xanthine	F
OG0006110	303	0	1	1	1	1	3.18	3.18	24	24	24	24	xanthine	F
OG0006111	228	0	1	1	1	1	3.18	3.18	24	24	24	24	GMP synthase C terminal domain	F
OG0006130	348	0	1	1	1	1	3.18	3.18	24	24	24	24	#N/A	#N/A
OG0006148	156	0	1	1	1	1	3.18	3.18	24	24	24	24	#N/A	#N/A
OG0006167	192	0	1	1	1	1	3.18	3.18	24	24	24	24	#N/A	#N/A
OG0006207	252	0	1	1	1	1	3.18	3.18	24	24	24	24	POT family	U
OG0006209	513	0	1	1	1	1	3.18	3.18	24	24	24	24	Provides the precursors necessary for DNA synthesis. Catalyzes the biosynthesis of deoxyribonucleotides from the corresponding ribonucleotides	F
OG0006210	153	0	1	1	1	1	3.18	3.18	24	24	24	24	#N/A	#N/A
OG0006220	150	0	1	1	1	1	3.18	3.18	24	24	24	24	#N/A	#N/A
OG0006221	126	0	1	1	1	1	3.18	3.18	24	24	24	24	#N/A	#N/A
OG0006250	156	0	1	1	1	1	3.18	3.18	24	24	24	24	#N/A	#N/A
OG0006269	321	0	1	1	1	1	3.18	3.18	24	24	24	24	"Processive glucosyltransferase involved in the biosynthesis of both the bilayer- and non-bilayer-forming membrane glucolipids. Is able to successively transfer two glucosyl residues to diacylglycerol (DAG), thereby catalyzing the formation of beta-monoglucosyl-DAG (3-O-(beta-D-glucopyranosyl)-1,2-diacyl- sn-glycerol) and beta-diglucosyl-DAG (3-O-(beta-D-glucopyranosyl- beta-(1- 6)-D-glucopyranosyl)-1,2-diacyl-sn-glycerol). Beta- diglucosyl-DAG is the predominant glycolipid found in Bacillales and is also used as a membrane anchor for lipoteichoic acid (LTA)"	M
OG0006270	225	0	1	1	1	1	3.18	3.18	24	24	24	24	#N/A	#N/A
OG0006271	159	0	1	1	1	1	3.18	3.18	24	24	24	24	#N/A	#N/A
OG0006277	261	0	1	1	1	1	3.18	3.18	24	24	24	24	"Converts o-succinylbenzoyl-CoA (OSB-CoA) to 1,4- dihydroxy-2-naphthoyl-CoA (DHNA-CoA)"	H
OG0006278	117	0	1	1	1	1	3.18	3.18	24	24	24	24	"Converts o-succinylbenzoyl-CoA (OSB-CoA) to 1,4- dihydroxy-2-naphthoyl-CoA (DHNA-CoA)"	H
OG0006289	747	0	1	1	1	1	3.18	3.18	24	24	24	24	General (non sugar-specific) component of the phosphoenolpyruvate-dependent sugar phosphotransferase system (sugar PTS). This major carbohydrate active-transport system catalyzes the phosphorylation of incoming sugar substrates concomitantly with their translocation across the cell membrane. Enzyme I transfers the phosphoryl group from phosphoenolpyruvate (PEP) to the phosphoryl carrier protein (HPr)	G
OG0006293	186	0	1	1	1	1	3.18	3.18	24	24	24	24	#N/A	#N/A
OG0006360	201	0	1	1	1	1	3.18	3.18	24	24	24	24	Protease subunit of a proteasome-like degradation complex believed to be a general protein degrading machinery	O
OG0006426	204	0	1	1	1	1	3.18	3.18	24	24	24	24	#N/A	#N/A
OG0006435	306	0	1	1	1	1	3.18	3.18	24	24	24	24	Belongs to the pseudouridine synthase RsuA family	J
OG0006436	159	0	1	1	1	1	3.18	3.18	24	24	24	24	Belongs to the Fur family	P
OG0006437	273	0	1	1	1	1	3.18	3.18	24	24	24	24	KR domain	S
OG0006506	207	0	1	1	1	1	3.18	3.18	24	24	24	24	histidyl-tRNA synthetase	J
OG0006520	96	0	1	1	1	1	3.18	3.18	24	24	24	24	#N/A	#N/A
OG0006521	204	0	1	1	1	1	3.18	3.18	24	24	24	24	#N/A	#N/A
OG0006522	177	0	1	1	1	1	3.18	3.18	24	24	24	24	#N/A	#N/A
OG0006533	213	0	1	1	1	1	3.18	3.18	24	24	24	24	#N/A	#N/A
OG0006604	213	0	1	1	1	1	3.18	3.18	24	24	24	24	Metal dependent phosphohydrolases with conserved 'HD' motif.	S
OG0006633	279	0	1	1	1	1	3.18	3.18	24	24	24	24	Allows the formation of correctly charged Asn-tRNA(Asn) or Gln-tRNA(Gln) through the transamidation of misacylated Asp- tRNA(Asn) or Glu-tRNA(Gln) in organisms which lack either or both of asparaginyl-tRNA or glutaminyl-tRNA synthetases. The reaction takes place in the presence of glutamine and ATP through an activated phospho-Asp-tRNA(Asn) or phospho-Glu-tRNA(Gln)	J
OG0006647	357	0	1	1	1	1	3.18	3.18	24	24	24	24	#N/A	#N/A
OG0006651	246	0	1	1	1	1	3.18	3.18	24	24	24	24	invertase	G
OG0006675	132	0	1	1	1	1	3.18	3.18	24	24	24	24	#N/A	#N/A
OG0006744	159	0	1	1	1	1	3.18	3.18	24	24	24	24	#N/A	#N/A
OG0006745	435	0	1	1	1	1	3.18	3.18	24	24	24	24	Molydopterin dinucleotide binding domain	C
OG0006746	261	0	1	1	1	1	3.18	3.18	24	24	24	24	Belongs to the prokaryotic molybdopterin-containing oxidoreductase family	C
OG0006749	546	0	1	1	1	1	3.18	3.18	24	24	24	24	Belongs to the prokaryotic molybdopterin-containing oxidoreductase family	C
OG0006754	138	0	1	1	1	1	3.18	3.18	24	24	24	24	Exopolyphosphatase	FP
OG0006771	183	0	1	1	1	1	3.18	3.18	24	24	24	24	#N/A	#N/A
OG0006779	117	0	1	1	1	1	3.18	3.18	24	24	24	24	#N/A	#N/A
OG0006783	96	0	1	1	1	1	3.18	3.18	24	24	24	24	#N/A	#N/A
OG0006784	180	0	1	1	1	1	3.18	3.18	24	24	24	24	Belongs to the GbsR family	K
OG0006785	183	0	1	1	1	1	3.18	3.18	24	24	24	24	Belongs to the GbsR family	K
OG0006789	339	0	1	1	1	1	3.18	3.18	24	24	24	24	"Pyruvate phosphate dikinase, PEP/pyruvate binding domain"	H
OG0006830	477	0	1	1	1	1	3.18	3.18	24	24	24	24	#N/A	#N/A
OG0006862	276	0	1	1	1	1	3.18	3.18	24	24	24	24	#N/A	#N/A
OG0006911	174	0	1	1	1	1	3.18	3.18	24	24	24	24	#N/A	#N/A
OG0006932	141	0	1	1	1	1	3.18	3.18	24	24	24	24	#N/A	#N/A
OG0006949	141	0	1	1	1	1	3.18	3.18	24	24	24	24	#N/A	#N/A
OG0007146	153	0	1	1	1	1	3.18	3.18	24	24	24	24	#N/A	#N/A
OG0007147	156	0	1	1	1	1	3.18	3.18	24	24	24	24	#N/A	#N/A
OG0007172	849	0	1	1	1	1	3.18	3.18	24	24	24	24	#N/A	#N/A
OG0007231	942	0	1	1	1	1	3.18	3.18	24	24	24	24	N-6 DNA Methylase	L
OG0007282	600	0	1	1	1	1	3.18	3.18	24	24	24	24	competence protein COMEC	S
OG0007283	600	0	1	1	1	1	3.18	3.18	24	24	24	24	#N/A	#N/A
OG0007284	177	0	1	1	1	1	3.18	3.18	24	24	24	24	#N/A	#N/A
OG0007285	99	0	1	1	1	1	3.18	3.18	24	24	24	24	#N/A	#N/A
OG0007324	1242	0	1	1	1	1	3.18	3.18	24	24	24	24	#N/A	#N/A
OG0007346	138	0	1	1	1	1	3.18	3.18	24	24	24	24	#N/A	#N/A
OG0007388	111	0	1	1	1	1	3.18	3.18	24	24	24	24	#N/A	#N/A
OG0007424	213	0	1	1	1	1	3.18	3.18	24	24	24	24	#N/A	#N/A
OG0007470	204	0	1	1	1	1	3.18	3.18	24	24	24	24	#N/A	#N/A
OG0007493	90	0	1	1	1	1	3.18	3.18	24	24	24	24	#N/A	#N/A
OG0007495	111	0	1	1	1	1	3.18	3.18	24	24	24	24	#N/A	#N/A
OG0007515	183	0	1	1	1	1	3.18	3.18	24	24	24	24	#N/A	#N/A
OG0007522	138	0	1	1	1	1	3.18	3.18	24	24	24	24	#N/A	#N/A
OG0007534	99	1	1	1	1	NA	3.18	NA	24	0	24	24	#N/A	#N/A
OG0007571	249	0	1	1	1	1	3.18	3.18	24	24	24	24	formate dehydrogenase (NAD+) activity	C
OG0007583	213	0	1	1	1	1	3.18	3.18	24	24	24	24	Involved in the gluconeogenesis. Catalyzes the conversion of oxaloacetate (OAA) to phosphoenolpyruvate (PEP) through direct phosphoryl transfer between the nucleoside triphosphate and OAA	C
OG0007590	264	0	1	1	1	1	3.18	3.18	24	24	24	24	#N/A	#N/A
OG0007591	135	0	1	1	1	1	3.18	3.18	24	24	24	24	#N/A	#N/A
OG0007592	162	0	1	1	1	1	3.18	3.18	24	24	24	24	#N/A	#N/A
OG0007610	135	0	1	1	1	1	3.18	3.18	24	24	24	24	#N/A	#N/A
OG0007616	189	0	1	1	1	1	3.18	3.18	24	24	24	24	Phosphomethylpyrimidine kinase	H
OG0007655	177	0	1	1	1	1	3.18	3.18	24	24	24	24	#N/A	#N/A
OG0007656	453	0	1	1	1	1	3.18	3.18	24	24	24	24	#N/A	#N/A
OG0007709	1296	0	1	1	1	1	3.18	3.18	24	24	24	24	hmm pf00078	L
OG0007717	609	0	1	1	1	1	3.18	3.18	24	24	24	24	#N/A	#N/A
OG0007753	132	0	1	1	1	1	3.18	3.18	24	24	24	24	#N/A	#N/A
OG0007754	189	0	1	1	1	1	3.18	3.18	24	24	24	24	#N/A	#N/A
OG0007766	114	0	1	1	1	1	3.18	3.18	24	24	24	24	#N/A	#N/A
OG0007840	141	0	1	1	1	1	3.18	3.18	24	24	24	24	#N/A	#N/A
OG0007841	96	0	1	1	1	1	3.18	3.18	24	24	24	24	#N/A	#N/A
OG0007843	102	1	1	1	1	NA	3.18	NA	24	0	24	24	#N/A	#N/A
OG0007844	108	1	1	1	1	NA	3.18	NA	24	0	24	24	#N/A	#N/A
OG0007850	903	0	1	1	1	1	3.18	3.18	24	24	24	24	"Catalyzes the conversion of acetaldehyde to acetyl-CoA, using NAD( ) and coenzyme A. Is the final enzyme in the meta- cleavage pathway for the degradation of aromatic compounds"	Q
OG0007887	252	0	1	1	1	1	3.18	3.18	24	24	24	24	#N/A	#N/A
OG0007888	168	0	1	1	1	1	3.18	3.18	24	24	24	24	#N/A	#N/A
OG0007910	3642	0	1	1	1	1	3.18	3.18	24	24	24	24	the current gene model (or a revised gene model) may contain a frame shift	LO
OG0008030	276	0	1	1	1	1	3.18	3.18	24	24	24	24	Domain of unknown function (DUF1851)	S
OG0008031	294	0	1	1	1	1	3.18	3.18	24	24	24	24	Domain of unknown function (DUF1851)	S
OG0008032	162	0	1	1	1	1	3.18	3.18	24	24	24	24	#N/A	#N/A
OG0008048	243	0	1	1	1	1	3.18	3.18	24	24	24	24	#N/A	#N/A
OG0008055	114	0	1	1	1	1	3.18	3.18	24	24	24	24	#N/A	#N/A
OG0008118	294	0	1	1	1	1	3.18	3.18	24	24	24	24	#N/A	#N/A
OG0008123	1083	0	1	1	1	1	3.18	3.18	24	24	24	24	-	-
OG0008132	156	0	1	1	1	1	3.18	3.18	24	24	24	24	#N/A	#N/A
OG0008241	537	0	1	1	1	1	3.18	3.18	24	24	24	24	Domain of unknown function (DUF4865)	S
OG0000366	2277	0.01	77	81	0.39	0.39	3.19	3.19	51	51	19.91	19.91	single-stranded-DNA-specific exonuclease recJ	L
OG0000459	1344	0.26	77	80	0.28	0.33	3.19	3.16	58	50	16.26	16.26	Orn Lys Arg decarboxylase	E
OG0000553	1515	0.01	77	79	0.21	0.21	3.19	3.19	76	76	15.67	15.67	Glycine betaine	P
OG0000867	1260	0.06	77	77	0.35	0.36	3.19	3.19	55	54	19.29	19.29	Belongs to the EPSP synthase family. MurA subfamily	M
OG0000908	2004	0.04	77	77	0.29	0.29	3.19	3.19	63	62	18.21	18.21	DNA ligase that catalyzes the formation of phosphodiester linkages between 5'-phosphoryl and 3'-hydroxyl groups in double-stranded DNA using NAD as a coenzyme and as the energy source for the reaction. It is essential for DNA replication and repair of damaged DNA	L
OG0001034	948	0.03	77	77	0.4	0.4	3.19	3.19	53	53	21.16	21.16	Phosphate starvation-inducible protein PhoH	T
OG0001072	960	0.04	77	77	0.37	0.37	3.19	3.19	55	54	20.13	20.13	Helix-turn-helix domain	S
OG0001081	450	0.01	77	77	0.37	0.37	3.19	3.19	56	56	20.9	20.9	"Major role in the synthesis of nucleoside triphosphates other than ATP. The ATP gamma phosphate is transferred to the NDP beta phosphate via a ping-pong mechanism, using a phosphorylated active-site intermediate"	F
OG0001096	339	0.03	77	77	0.26	0.26	3.19	3.18	65	63	16.65	16.65	"Divisome component that associates with the complex late in its assembly, after the Z-ring is formed, and is dependent on DivIC and PBP2B for its recruitment to the divisome. Together with EzrA, is a key component of the system that regulates PBP1 localization during cell cycle progression. Its main role could be the removal of PBP1 from the cell pole after pole maturation is completed. Also contributes to the recruitment of PBP1 to the division complex. Not essential for septum formation"	D
OG0001136	492	0.03	77	77	0.27	0.27	3.19	3.18	61	61	16.68	16.68	Thiamine-precursor transporter protein (ThiW)	S
OG0001257	3468	0.03	77	77	0.19	0.19	3.19	3.19	80	80	15.53	15.53	"The heterodimer acts as both an ATP-dependent DNA helicase and an ATP-dependent, dual-direction single-stranded exonuclease. Recognizes the chi site generating a DNA molecule suitable for the initiation of homologous recombination. The AddB nuclease domain is not required for chi fragment generation"	L
OG0001482	192	0.05	75	75	0.34	0.34	3.19	3.18	55	54	18.48	18.48	Family of unknown function (DUF5325)	S
OG0002190	1632	0	23	27	0.62	0.62	3.19	3.19	32	32	19.85	19.85	ABC transporter	S
OG0002588	333	0.07	14	14	0.61	0.63	3.19	3.18	32	31	19.57	19.57	-	-
OG0003103	561	0.14	7	7	0.8	0.8	3.19	3.2	27	27	21.71	21.71	-	-
OG0003790	117	0	3	3	0.93	0.93	3.19	3.19	25	25	23.33	23.33	#N/A	#N/A
OG0003981	462	0	3	3	0.6	0.6	3.19	3.19	27	27	16.33	16.33	Predicted membrane protein (DUF2243)	S
OG0000559	3552	0.04	77	79	0.41	0.42	3.2	3.2	51	50	21.15	21.15	DNA-dependent RNA polymerase catalyzes the transcription of DNA into RNA using the four ribonucleoside triphosphates as substrates	K
OG0000564	1401	0.03	77	79	0.46	0.46	3.2	3.19	45	45	20.67	20.67	Belongs to the class-I aminoacyl-tRNA synthetase family	J
OG0000570	726	0.24	77	79	0.3	0.36	3.2	3.16	61	51	18.44	18.44	Methyltransferase small domain	S
OG0000618	303	0.05	77	78	0.26	0.33	3.2	3.14	65	52	17.18	17.18	Trp repressor protein	S
OG0000760	642	0.03	77	78	0.49	0.49	3.2	3.2	44	44	21.4	21.4	Serine acetyltransferase	E
OG0000774	804	0.24	77	78	0.29	0.35	3.2	3.17	62	52	17.97	17.97	Signal peptidase	S
OG0000869	258	0.05	77	77	0.44	0.45	3.2	3.2	48	47	21.27	21.27	Ribosomal protein L31	J
OG0000905	822	0.05	77	77	0.3	0.3	3.2	3.2	59	59	17.99	17.99	Catalyzes the ATP-dependent amidation of deamido-NAD to form NAD. Uses ammonia as a nitrogen source	F
OG0000906	1296	0.04	77	77	0.32	0.33	3.2	3.19	57	55	18.23	18.23	Belongs to the lyase 1 family. Adenylosuccinate lyase subfamily	F
OG0000947	954	0.04	77	77	0.26	0.26	3.2	3.2	68	67	17.42	17.42	radical SAM protein	S
OG0000969	1296	0.05	77	77	0.26	0.27	3.2	3.2	69	66	17.61	17.61	DRTGG domain	K
OG0000992	681	0.03	76	77	0.34	0.34	3.2	3.2	58	58	19.44	19.44	Uroporphyrinogen-III synthase	H
OG0001008	669	0.04	77	77	0.3	0.31	3.2	3.2	62	60	18.55	18.55	Tetratricopeptide repeat	S
OG0001069	738	0.04	77	77	0.37	0.41	3.2	3.18	55	49	20.31	20.31	Belongs to the pseudouridine synthase RsuA family	J
OG0001164	570	0	77	77	0.29	0.29	3.2	3.2	66	66	18.87	18.87	Transcriptional factor involved in regulation of membrane lipid biosynthesis by repressing genes involved in fatty acid and phospholipid metabolism	K
OG0001453	195	0.04	76	76	0.23	0.23	3.2	3.18	67	66	15.46	15.46	Protein of unknown function (DUF2929)	S
OG0001643	183	0.05	66	66	0.29	0.3	3.2	3.19	61	59	17.83	17.83	Uncharacterized protein conserved in bacteria (DUF2197)	S
OG0001780	1203	0.07	55	55	0.43	0.44	3.2	3.2	47	45	20	20	Belongs to the aspartokinase family	E
OG0003968	216	0.67	3	3	0.69	0.86	3.2	3.04	26	21	18	18	-	-
OG0003980	774	0.33	3	3	0.63	0.65	3.2	3.2	27	26	17	17	Cytochrome c oxidase caa3 assembly factor (Caa3_CtaG)	S
OG0004104	807	0	2	2	0.77	0.77	3.2	3.2	26	26	20	20	#N/A	#N/A
OG0004105	136.5	0	2	2	0.67	0.67	3.2	3.2	26	26	17.5	17.5	#N/A	#N/A
OG0004220	315	0	2	2	0.75	0.75	3.2	3.2	26	26	19.5	19.5	#N/A	#N/A
OG0004252	189	0	2	2	0.92	0.92	3.2	3.2	25	25	23	23	#N/A	#N/A
OG0004267	717	0	2	2	0.63	0.63	3.2	3.2	26	26	16.5	16.5	#N/A	#N/A
OG0004446	900	0	2	2	0.92	0.92	3.2	3.2	25	25	23	23	#N/A	#N/A
OG0004488	465	0	2	2	0.75	0.75	3.2	3.2	26	26	19.5	19.5	"Tripartite ATP-independent periplasmic transporters, DctQ component"	G
OG0004541	859.5	0	2	2	0.73	0.73	3.2	3.2	26	26	19	19	Belongs to the D-isomer specific 2-hydroxyacid dehydrogenase family	CH
OG0000657	663	0.03	77	78	0.4	0.4	3.21	3.21	53	53	21.14	21.14	-	-
OG0000658	462	0.03	77	78	0.42	0.42	3.21	3.21	51	51	21.21	21.21	Single strand-specific metallo-endoribonuclease involved in late-stage 70S ribosome quality control and in maturation of the 3' terminus of the 16S rRNA	J
OG0000668	507	0.04	77	78	0.37	0.41	3.21	3.2	54	49	20.1	20.1	Domain of unknown function (DUF309)	S
OG0000670	1548	0.04	77	78	0.39	0.4	3.21	3.21	53	52	20.86	20.86	#N/A	#N/A
OG0000671	1167	0.01	77	78	0.43	0.43	3.21	3.21	51	51	21.97	21.97	"Catalyzes the anti-1,4-elimination of the C-3 phosphate and the C-6 proR hydrogen from 5-enolpyruvylshikimate-3-phosphate (EPSP) to yield chorismate, which is the branch point compound that serves as the starting substrate for the three terminal pathways of aromatic amino acid biosynthesis. This reaction introduces a second double bond into the aromatic ring system"	E
OG0000722	261	0.04	77	78	0.34	0.35	3.21	3.21	57	56	19.55	19.55	Part of the phosphoribosylformylglycinamidine synthase complex involved in the purines biosynthetic pathway. Catalyzes the ATP-dependent conversion of formylglycinamide ribonucleotide (FGAR) and glutamine to yield formylglycinamidine ribonucleotide (FGAM) and glutamate. The FGAM synthase complex is composed of three subunits. PurQ produces an ammonia molecule by converting glutamine to glutamate. PurL transfers the ammonia molecule to FGAR to form FGAM in an ATP-dependent manner. PurS interacts with PurQ and PurL and is thought to assist in the transfer of the ammonia molecule from PurQ to PurL	F
OG0000872	1044	0.05	77	77	0.57	0.57	3.21	3.21	40	40	22.74	22.74	Required for the formation of a threonylcarbamoyl group on adenosine at position 37 (t(6)A37) in tRNAs that read codons beginning with adenine	J
OG0000971	3198	0.03	77	77	0.27	0.27	3.21	3.21	67	66	18.08	18.08	DNA polymerase	L
OG0001035	900	0.03	77	77	0.41	0.41	3.21	3.21	53	53	21.65	21.65	"An essential GTPase that binds both GDP and GTP, with rapid nucleotide exchange. Plays a role in 16S rRNA processing and 30S ribosomal subunit biogenesis and possibly also in cell cycle regulation and energy metabolism"	S
OG0001067	735	0.04	77	77	0.39	0.44	3.21	3.2	52	47	20.45	20.45	Participates in chromosomal partition during cell division. May act via the formation of a condensin-like complex containing Smc and ScpB that pull DNA away from mid-cell into both cell halves	D
OG0001071	546	0.04	77	77	0.36	0.4	3.21	3.19	57	51	20.35	20.35	"Mediates riboflavin uptake, may also transport FMN and roseoflavin. Probably a riboflavin-binding protein that interacts with the energy-coupling factor (ECF) ABC-transporter complex. Unlike classic ABC transporters this ECF transporter provides the energy necessary to transport a number of different substrates. The substrates themselves are bound by transmembrane, not extracytoplasmic soluble proteins"	U
OG0001120	1461	0.05	77	77	0.22	0.23	3.21	3.21	65	64	14.47	14.47	amino acid carrier protein	E
OG0001213	819	0.06	77	77	0.3	0.31	3.21	3.2	63	62	19.09	19.09	Inositol monophosphatase	G
OG0001228	705	0.04	77	77	0.35	0.36	3.21	3.22	57	56	19.9	19.9	Belongs to the SAICAR synthetase family	F
OG0001454	1203	0.03	76	76	0.17	0.17	3.21	3.2	83	81	13.74	13.74	Belongs to the argininosuccinate synthase family. Type 1 subfamily	E
OG0001513	1293	0.04	74	74	0.43	0.44	3.21	3.21	48	47	20.86	20.86	asparaginyl-tRNA	J
OG0004012	618	1	1	3	0.46	NA	3.21	NA	28	0	13	13	#N/A	#N/A
OG0004223	412.5	0	2	2	0.62	0.62	3.21	3.21	26	26	16	16	#N/A	#N/A
OG0004377	304.5	0	2	2	0.83	0.83	3.21	3.21	26	26	21.5	21.5	Antitoxin component of a toxin-antitoxin (TA) module	S
OG0004417	187.5	0	2	2	0.81	0.81	3.21	3.21	26	26	21	21	#N/A	#N/A
OG0004513	613.5	0	2	2	0.81	0.81	3.21	3.21	26	26	21	21	#N/A	#N/A
OG0000422	261	0.03	77	80	0.41	0.41	3.22	3.22	52	52	21.51	21.51	Preprotein translocase subunit YajC	U
OG0000431	1146	0.01	77	80	0.32	0.32	3.22	3.21	57	57	18.2	18.2	Belongs to the CinA family	S
OG0000503	753	0.03	77	79	0.4	0.4	3.22	3.22	53	53	21.41	21.41	Specifically methylates the N3 position of the uracil ring of uridine 1498 (m3U1498) in 16S rRNA. Acts on the fully assembled 30S ribosomal subunit	J
OG0000555	1779	0.01	77	79	0.23	0.23	3.22	3.23	74	74	16.82	16.82	DNA helicase	L
OG0000638	696	0.03	77	78	0.31	0.31	3.22	3.22	61	61	19.14	19.14	Belongs to the pseudouridine synthase RsuA family	J
OG0000680	357	0.05	76	78	0.17	0.17	3.22	3.21	95	93	15.99	15.99	Channel that opens in response to stretch forces in the membrane lipid bilayer. May participate in the regulation of osmotic pressure changes within the cell	M
OG0000772	838.5	0.24	77	78	0.31	0.38	3.22	3.17	61	51	19.21	19.21	Catalyzes the 2'-O-methylation of the ribose of cytidine 1402 (C1402) in 16S rRNA	H
OG0000787	2676	0.55	77	77	0.22	0.33	3.22	3.21	71	48	15.96	15.96	"A type II topoisomerase that negatively supercoils closed circular double-stranded (ds) DNA in an ATP-dependent manner to modulate DNA topology and maintain chromosomes in an underwound state. Negative supercoiling favors strand separation, and DNA replication, transcription, recombination and repair, all of which involve strand separation. Also able to catalyze the interconversion of other topological isomers of dsDNA rings, including catenanes and knotted rings. Type II topoisomerases break and join 2 DNA strands simultaneously in an ATP-dependent manner"	L
OG0000870	1077	0.05	77	77	0.47	0.47	3.22	3.22	47	47	22.17	22.17	Peptide chain release factor 1 directs the termination of translation in response to the peptide chain termination codons UAG and UAA	J
OG0000871	837	0.05	77	77	0.49	0.49	3.22	3.23	46	46	22.64	22.64	Methylates the class 1 translation termination release factors RF1 PrfA and RF2 PrfB on the glutamine residue of the universally conserved GGQ motif	J
OG0000874	630	0.03	77	77	0.55	0.55	3.22	3.22	42	42	22.9	22.9	Catalyzes the conversion of uracil and 5-phospho-alpha- D-ribose 1-diphosphate (PRPP) to UMP and diphosphate	F
OG0000909	1206	0.03	77	77	0.24	0.25	3.22	3.21	73	71	17.77	17.77	sex pheromone	S
OG0000949	312	0.04	77	77	0.27	0.28	3.22	3.22	62	60	16.86	16.86	Rhodanese Homology Domain	P
OG0001007	1113	0.03	77	77	0.28	0.29	3.22	3.22	66	64	18.57	18.57	"Catalyzes the 2-thiolation of uridine at the wobble position (U34) of tRNA, leading to the formation of s(2)U34"	J
OG0001025	975	0.03	77	77	0.42	0.44	3.22	3.22	52	50	21.99	21.99	DNA polymerase III delta' subunit	L
OG0001037	492	0.03	77	77	0.41	0.41	3.22	3.21	51	51	20.97	20.97	CBS domain	K
OG0001145	270	0.03	77	77	0.18	0.18	3.22	3.23	88	88	15.88	15.88	Forms an intersubunit bridge (bridge B4) with the 23S rRNA of the 50S subunit in the ribosome	J
OG0001147	285	0.03	77	77	0.18	0.18	3.22	3.22	86	86	15.05	15.05	nucleic-acid-binding protein implicated in transcription termination	K
OG0001211	276	0.04	77	77	0.28	0.29	3.22	3.21	62	61	17.62	17.62	Belongs to the UPF0358 family	S
OG0001230	483	0.04	77	77	0.31	0.32	3.22	3.22	62	60	19.44	19.44	Catalyzes the conversion of N5-carboxyaminoimidazole ribonucleotide (N5-CAIR) to 4-carboxy-5-aminoimidazole ribonucleotide (CAIR)	F
OG0001369	1356	0.01	77	77	0.4	0.4	3.22	3.22	52	52	21.05	21.05	"Catalyzes the last two sequential reactions in the de novo biosynthetic pathway for UDP-N-acetylglucosamine (UDP- GlcNAc). The C-terminal domain catalyzes the transfer of acetyl group from acetyl coenzyme A to glucosamine-1-phosphate (GlcN-1-P) to produce N-acetylglucosamine-1-phosphate (GlcNAc-1-P), which is converted into UDP-GlcNAc by the transfer of uridine 5- monophosphate (from uridine 5-triphosphate), a reaction catalyzed by the N-terminal domain"	M
OG0001445	873	0.07	75	76	0.21	0.21	3.22	3.21	81	78	16.62	16.62	Rossmann fold nucleotide-binding protein involved in DNA uptake	LU
OG0002031	420	0	36	36	0.51	0.51	3.22	3.22	38	38	19.19	19.19	Domain of unknown function (DUF296)	S
OG0002627	186	0.08	13	13	0.72	0.72	3.22	3.22	30	30	21.62	21.62	Zinc-finger	S
OG0003745	1350	0	4	4	0.74	0.74	3.22	3.22	27	27	20	20	"Tripartite ATP-independent periplasmic transporter, DctM component"	G
OG0004177	1281	1	2	2	0.85	NA	3.22	NA	26	0	22	22	#N/A	#N/A
OG0004271	495	0	2	2	0.87	0.87	3.22	3.22	26	26	22.5	22.5	#N/A	#N/A
OG0004298	195	0	2	2	0.87	0.87	3.22	3.22	26	26	22.5	22.5	"C-terminal, D2-small domain, of ClpB protein"	O
OG0004308	714	0	2	2	0.56	0.56	3.22	3.22	26	26	14.5	14.5	Domain of unknown function (DUF4391)	S
OG0004310	663	0.5	2	2	0.5	0.78	3.22	2.77	25	16	12.5	12.5	#N/A	#N/A
OG0004324	187.5	0.5	2	2	0.5	0.57	3.22	3.09	25	22	12.5	12.5	HD containing hydrolase-like enzyme	S
OG0004406	207	0	2	2	0.58	0.58	3.22	3.22	26	26	15	15	#N/A	#N/A
OG0004459	477	0	2	2	0.87	0.87	3.22	3.22	26	26	22.5	22.5	Involved in protein export. Acts as a chaperone by maintaining the newly synthesized protein in an open conformation. Functions as a peptidyl-prolyl cis-trans isomerase	D
OG0004744	151.5	0	2	2	0.85	0.85	3.22	3.22	26	26	22	22	#N/A	#N/A
OG0004785	810	0.5	2	2	0.87	0.94	3.22	3.18	26	24	22.5	22.5	#N/A	#N/A
OG0004827	400.5	0	2	2	0.5	0.5	3.22	3.22	25	25	12.5	12.5	#N/A	#N/A
OG0004869	309	0	1	1	1	1	3.22	3.22	25	25	25	25	#N/A	#N/A
OG0004969	423	0	1	1	1	1	3.22	3.22	25	25	25	25	-	-
OG0004970	258	0	1	1	1	1	3.22	3.22	25	25	25	25	#N/A	#N/A
OG0005081	168	1	1	1	1	NA	3.22	NA	25	0	25	25	-	-
OG0005150	624	1	1	1	1	NA	3.22	NA	25	0	25	25	#N/A	#N/A
OG0005157	354	0	1	1	1	1	3.22	3.22	25	25	25	25	#N/A	#N/A
OG0005174	120	0	1	1	1	1	3.22	3.22	25	25	25	25	#N/A	#N/A
OG0005280	240	0	1	1	1	1	3.22	3.22	25	25	25	25	#N/A	#N/A
OG0005281	90	0	1	1	1	1	3.22	3.22	25	25	25	25	#N/A	#N/A
OG0005451	228	0	1	1	1	1	3.22	3.22	25	25	25	25	Belongs to the UPF0761 family	S
OG0005465	156	0	1	1	1	1	3.22	3.22	25	25	25	25	#N/A	#N/A
OG0005585	123	0	1	1	1	1	3.22	3.22	25	25	25	25	#N/A	#N/A
OG0005659	114	0	1	1	1	1	3.22	3.22	25	25	25	25	#N/A	#N/A
OG0005697	669	0	1	1	1	1	3.22	3.22	25	25	25	25	"Psort location Cytoplasmic, score 7.50"	S
OG0005700	252	0	1	1	1	1	3.22	3.22	25	25	25	25	#N/A	#N/A
OG0005701	414	0	1	1	1	1	3.22	3.22	25	25	25	25	#N/A	#N/A
OG0005702	261	0	1	1	1	1	3.22	3.22	25	25	25	25	#N/A	#N/A
OG0005712	426	0	1	1	1	1	3.22	3.22	25	25	25	25	#N/A	#N/A
OG0005713	300	0	1	1	1	1	3.22	3.22	25	25	25	25	#N/A	#N/A
OG0005750	489	0	1	1	1	1	3.22	3.22	25	25	25	25	#N/A	#N/A
OG0005762	201	0	1	1	1	1	3.22	3.22	25	25	25	25	#N/A	#N/A
OG0005763	147	0	1	1	1	1	3.22	3.22	25	25	25	25	#N/A	#N/A
OG0005764	387	0	1	1	1	1	3.22	3.22	25	25	25	25	Peptidase S24-like	K
OG0005799	483	0	1	1	1	1	3.22	3.22	25	25	25	25	Protein of unknown function (DUF669)	S
OG0005800	207	0	1	1	1	1	3.22	3.22	25	25	25	25	-	-
OG0005923	183	0	1	1	1	1	3.22	3.22	25	25	25	25	#N/A	#N/A
OG0005940	591	0	1	1	1	1	3.22	3.22	25	25	25	25	#N/A	#N/A
OG0005953	132	0	1	1	1	1	3.22	3.22	25	25	25	25	#N/A	#N/A
OG0005960	180	0	1	1	1	1	3.22	3.22	25	25	25	25	#N/A	#N/A
OG0005961	264	0	1	1	1	1	3.22	3.22	25	25	25	25	#N/A	#N/A
OG0005982	297	0	1	1	1	1	3.22	3.22	25	25	25	25	#N/A	#N/A
OG0005988	885	0	1	1	1	1	3.22	3.22	25	25	25	25	#N/A	#N/A
OG0006020	204	0	1	1	1	1	3.22	3.22	25	25	25	25	#N/A	#N/A
OG0006022	174	0	1	1	1	1	3.22	3.22	25	25	25	25	#N/A	#N/A
OG0006037	177	0	1	1	1	1	3.22	3.22	25	25	25	25	inositol 2-dehydrogenase activity	S
OG0006050	297	0	1	1	1	1	3.22	3.22	25	25	25	25	signaling protein consisting of a modified GGDEF domain and a DHH domain	T
OG0006051	186	0	1	1	1	1	3.22	3.22	25	25	25	25	#N/A	#N/A
OG0006093	189	0	1	1	1	1	3.22	3.22	25	25	25	25	#N/A	#N/A
OG0006094	195	0	1	1	1	1	3.22	3.22	25	25	25	25	#N/A	#N/A
OG0006112	165	0	1	1	1	1	3.22	3.22	25	25	25	25	#N/A	#N/A
OG0006124	156	0	1	1	1	1	3.22	3.22	25	25	25	25	Catalyzes the 2'-O-methylation of the ribose of cytidine 1402 (C1402) in 16S rRNA	H
OG0006144	132	0	1	1	1	1	3.22	3.22	25	25	25	25	"One of the primary rRNA binding proteins, it binds directly to 16S rRNA where it nucleates assembly of the head domain of the 30S subunit. Is located at the subunit interface close to the decoding center, probably blocks exit of the E-site tRNA"	J
OG0006146	330	0	1	1	1	1	3.22	3.22	25	25	25	25	This protein promotes the GTP-dependent binding of aminoacyl-tRNA to the A-site of ribosomes during protein biosynthesis	J
OG0006147	405	0	1	1	1	1	3.22	3.22	25	25	25	25	This protein promotes the GTP-dependent binding of aminoacyl-tRNA to the A-site of ribosomes during protein biosynthesis	J
OG0006149	372	0	1	1	1	1	3.22	3.22	25	25	25	25	GntP family permease	EG
OG0006178	315	0	1	1	1	1	3.22	3.22	25	25	25	25	Catalyzes the amidotransfer (transamidation) of the octanoyl moiety from octanoyl-GcvH to the lipoyl domain of the E2 subunit of lipoate-dependent enzymes	H
OG0006185	306	0	1	1	1	1	3.22	3.22	25	25	25	25	#N/A	#N/A
OG0006192	342	0	1	1	1	1	3.22	3.22	25	25	25	25	COG1253 Hemolysins and related proteins containing CBS domains	S
OG0006211	261	0	1	1	1	1	3.22	3.22	25	25	25	25	Belongs to the binding-protein-dependent transport system permease family. FecCD subfamily	P
OG0006213	219	0	1	1	1	1	3.22	3.22	25	25	25	25	#N/A	#N/A
OG0006214	174	0	1	1	1	1	3.22	3.22	25	25	25	25	#N/A	#N/A
OG0006272	255	0	1	1	1	1	3.22	3.22	25	25	25	25	#N/A	#N/A
OG0006273	225	0	1	1	1	1	3.22	3.22	25	25	25	25	"Increases the formation of ribosomal termination complexes and stimulates activities of RF-1 and RF-2. It binds guanine nucleotides and has strong preference for UGA stop codons. It may interact directly with the ribosome. The stimulation of RF- 1 and RF-2 is significantly reduced by GTP and GDP, but not by GMP"	J
OG0006333	498	0	1	1	1	1	3.22	3.22	25	25	25	25	Belongs to the metallo-dependent hydrolases superfamily. DHOase family. Class I DHOase subfamily	F
OG0006339	228	0	1	1	1	1	3.22	3.22	25	25	25	25	Flavoprotein	H
OG0006340	105	0	1	1	1	1	3.22	3.22	25	25	25	25	#N/A	#N/A
OG0006342	309	0	1	1	1	1	3.22	3.22	25	25	25	25	"Involved in the restart of stalled replication forks. Recognizes and binds the arrested nascent DNA chain at stalled replication forks. It can open the DNA duplex, via its helicase activity, and promote assembly of the primosome and loading of the major replicative helicase DnaB onto DNA"	L
OG0006359	336	0	1	1	1	1	3.22	3.22	25	25	25	25	"Site-specific tyrosine recombinase, which acts by catalyzing the cutting and rejoining of the recombining DNA molecules. The XerC-XerD complex is essential to convert dimers of the bacterial chromosome into monomers to permit their segregation at cell division. It also contributes to the segregational stability of plasmids"	D
OG0006377	291	0	1	1	1	1	3.22	3.22	25	25	25	25	Belongs to the CDP-alcohol phosphatidyltransferase class-I family	I
OG0006391	375	0	1	1	1	1	3.22	3.22	25	25	25	25	Belongs to the FAD-dependent glycerol-3-phosphate dehydrogenase family	C
OG0006412	141	0	1	1	1	1	3.22	3.22	25	25	25	25	Part of the ABC transporter complex PstSACB involved in phosphate import. Responsible for energy coupling to the transport system	P
OG0006427	204	0	1	1	1	1	3.22	3.22	25	25	25	25	#N/A	#N/A
OG0006428	303	0	1	1	1	1	3.22	3.22	25	25	25	25	#N/A	#N/A
OG0006429	639	0	1	1	1	1	3.22	3.22	25	25	25	25	Penicillin-binding protein	M
OG0006438	213	0	1	1	1	1	3.22	3.22	25	25	25	25	Catalyzes the oxidation of glucose 6-phosphate to 6- phosphogluconolactone	G
OG0006507	165	0	1	1	1	1	3.22	3.22	25	25	25	25	Probably involved in cell-wall metabolism	M
OG0006508	93	0	1	1	1	1	3.22	3.22	25	25	25	25	#N/A	#N/A
OG0006519	159	0	1	1	1	1	3.22	3.22	25	25	25	25	#N/A	#N/A
OG0006544	195	0	1	1	1	1	3.22	3.22	25	25	25	25	#N/A	#N/A
OG0006545	513	0	1	1	1	1	3.22	3.22	25	25	25	25	#N/A	#N/A
OG0006546	177	0	1	1	1	1	3.22	3.22	25	25	25	25	#N/A	#N/A
OG0006558	156	0	1	1	1	1	3.22	3.22	25	25	25	25	#N/A	#N/A
OG0006559	180	0	1	1	1	1	3.22	3.22	25	25	25	25	#N/A	#N/A
OG0006582	144	0	1	1	1	1	3.22	3.22	25	25	25	25	#N/A	#N/A
OG0006583	234	0	1	1	1	1	3.22	3.22	25	25	25	25	#N/A	#N/A
OG0006584	267	0	1	1	1	1	3.22	3.22	25	25	25	25	"Converts 2,5-diamino-6-(ribosylamino)-4(3h)-pyrimidinone 5'-phosphate into 5-amino-6-(ribosylamino)-2,4(1h,3h)- pyrimidinedione 5'-phosphate"	H
OG0006588	222	0	1	1	1	1	3.22	3.22	25	25	25	25	#N/A	#N/A
OG0006589	120	0	1	1	1	1	3.22	3.22	25	25	25	25	#N/A	#N/A
OG0006590	195	0	1	1	1	1	3.22	3.22	25	25	25	25	#N/A	#N/A
OG0006591	156	0	1	1	1	1	3.22	3.22	25	25	25	25	#N/A	#N/A
OG0006611	207	0	1	1	1	1	3.22	3.22	25	25	25	25	-	-
OG0006612	315	0	1	1	1	1	3.22	3.22	25	25	25	25	Belongs to the Fur family	K
OG0006646	324	0	1	1	1	1	3.22	3.22	25	25	25	25	Aminotransferase	E
OG0006648	654	0	1	1	1	1	3.22	3.22	25	25	25	25	#N/A	#N/A
OG0006649	291	0	1	1	1	1	3.22	3.22	25	25	25	25	#N/A	#N/A
OG0006650	303	0	1	1	1	1	3.22	3.22	25	25	25	25	#N/A	#N/A
OG0006658	279	0	1	1	1	1	3.22	3.22	25	25	25	25	"Required for the insertion and or proper folding and or complex formation of integral membrane proteins into the membrane. Involved in integration of membrane proteins that insert both dependently and independently of the Sec translocase complex, as well as at least some lipoproteins"	U
OG0006682	402	0	1	1	1	1	3.22	3.22	25	25	25	25	Nucleoside recognition	S
OG0006687	225	0	1	1	1	1	3.22	3.22	25	25	25	25	#N/A	#N/A
OG0006702	348	0	1	1	1	1	3.22	3.22	25	25	25	25	Belongs to the resistance-nodulation-cell division (RND) (TC 2.A.6) family	V
OG0006709	510	0	1	1	1	1	3.22	3.22	25	25	25	25	formate dehydrogenase	C
OG0006718	96	0	1	1	1	1	3.22	3.22	25	25	25	25	#N/A	#N/A
OG0006725	162	0	1	1	1	1	3.22	3.22	25	25	25	25	#N/A	#N/A
OG0006726	135	0	1	1	1	1	3.22	3.22	25	25	25	25	#N/A	#N/A
OG0006727	96	0	1	1	1	1	3.22	3.22	25	25	25	25	#N/A	#N/A
OG0006728	114	0	1	1	1	1	3.22	3.22	25	25	25	25	#N/A	#N/A
OG0006734	207	0	1	1	1	1	3.22	3.22	25	25	25	25	malate quinone oxidoreductase	S
OG0006740	93	0	1	1	1	1	3.22	3.22	25	25	25	25	#N/A	#N/A
OG0006756	276	0	1	1	1	1	3.22	3.22	25	25	25	25	#N/A	#N/A
OG0006776	234	0	1	1	1	1	3.22	3.22	25	25	25	25	Involved in the biosynthesis of the osmoprotectant glycine betaine. Catalyzes the oxidation of choline to betaine aldehyde and betaine aldehyde to glycine betaine at the same rate	C
OG0006777	288	0	1	1	1	1	3.22	3.22	25	25	25	25	Involved in the biosynthesis of the osmoprotectant glycine betaine. Catalyzes the oxidation of choline to betaine aldehyde and betaine aldehyde to glycine betaine at the same rate	C
OG0006778	243	0	1	1	1	1	3.22	3.22	25	25	25	25	Involved in the biosynthesis of the osmoprotectant glycine betaine. Catalyzes the oxidation of choline to betaine aldehyde and betaine aldehyde to glycine betaine at the same rate	C
OG0006780	183	0	1	1	1	1	3.22	3.22	25	25	25	25	Belongs to the aldehyde dehydrogenase family	C
OG0006781	387	0	1	1	1	1	3.22	3.22	25	25	25	25	Belongs to the aldehyde dehydrogenase family	C
OG0006782	243	0	1	1	1	1	3.22	3.22	25	25	25	25	Belongs to the aldehyde dehydrogenase family	C
OG0006874	372	0	1	1	1	1	3.22	3.22	25	25	25	25	-	-
OG0007043	1335	0	1	1	1	1	3.22	3.22	25	25	25	25	#N/A	#N/A
OG0007080	90	0	1	1	1	1	3.22	3.22	25	25	25	25	#N/A	#N/A
OG0007111	666	0	1	1	1	1	3.22	3.22	25	25	25	25	#N/A	#N/A
OG0007216	594	0	1	1	1	1	3.22	3.22	25	25	25	25	Type III restriction protein res subunit	L
OG0007227	462	0	1	1	1	1	3.22	3.22	25	25	25	25	Putative ATP-dependent DNA helicase recG C-terminal	K
OG0007302	108	0	1	1	1	1	3.22	3.22	25	25	25	25	#N/A	#N/A
OG0007387	228	0	1	1	1	1	3.22	3.22	25	25	25	25	#N/A	#N/A
OG0007392	363	0	1	1	1	1	3.22	3.22	25	25	25	25	#N/A	#N/A
OG0007593	273	0	1	1	1	1	3.22	3.22	25	25	25	25	Belongs to the TelA family	P
OG0007594	189	0	1	1	1	1	3.22	3.22	25	25	25	25	Belongs to the TelA family	P
OG0007601	321	0	1	1	1	1	3.22	3.22	25	25	25	25	Domain of unknown function (DUF368)	S
OG0007612	162	0	1	1	1	1	3.22	3.22	25	25	25	25	YwhD family	S
OG0007621	186	0	1	1	1	1	3.22	3.22	25	25	25	25	#N/A	#N/A
OG0007627	219	0	1	1	1	1	3.22	3.22	25	25	25	25	#N/A	#N/A
OG0007759	129	0	1	1	1	1	3.22	3.22	25	25	25	25	#N/A	#N/A
OG0007760	288	0	1	1	1	1	3.22	3.22	25	25	25	25	#N/A	#N/A
OG0007812	108	0	1	1	1	1	3.22	3.22	25	25	25	25	#N/A	#N/A
OG0007842	156	0	1	1	1	1	3.22	3.22	25	25	25	25	#N/A	#N/A
OG0007902	174	0	1	1	1	1	3.22	3.22	25	25	25	25	#N/A	#N/A
OG0007912	492	0	1	1	1	1	3.22	3.22	25	25	25	25	Aminoacyl-tRNA editing domain	S
OG0007917	147	1	1	1	1	NA	3.22	NA	25	0	25	25	#N/A	#N/A
OG0008071	261	0	1	1	1	1	3.22	3.22	25	25	25	25	#N/A	#N/A
OG0008113	165	0	1	1	1	1	3.22	3.22	25	25	25	25	GMP reductase activity	F
OG0008197	321	0	1	1	1	1	3.22	3.22	25	25	25	25	nuclease activity	S
OG0008198	447	0	1	1	1	1	3.22	3.22	25	25	25	25	SMI1 / KNR4 family	S
OG0008247	540	0	1	1	1	1	3.22	3.22	25	25	25	25	#N/A	#N/A
OG0000694	318	0.04	77	78	0.17	0.17	3.23	3.21	88	87	14.65	14.65	ribosomal protein	J
OG0000745	1059	0.08	77	78	0.29	0.3	3.23	3.21	66	63	18.82	18.82	transferase	M
OG0000746	762	0.09	77	78	0.33	0.35	3.23	3.22	57	54	18.92	18.92	Putative threonine/serine exporter	S
OG0000858	1356	0.23	77	77	0.16	0.18	3.23	3.22	70	61	11.21	11.21	Catalyzes the conversion of glucosamine-6-phosphate to glucosamine-1-phosphate	G
OG0001029	1836	0.01	77	77	0.44	0.45	3.23	3.22	50	49	21.87	21.87	Heat shock 70 kDa protein	O
OG0001146	918	0.03	77	77	0.17	0.17	3.23	3.23	93	92	15.65	15.65	Responsible for synthesis of pseudouridine from uracil- 55 in the psi GC loop of transfer RNAs	J
OG0001148	468	0.04	77	77	0.2	0.2	3.23	3.23	79	79	16.03	16.03	Required for maturation of 30S ribosomal subunits	S
OG0001200	522	0.06	77	77	0.24	0.24	3.23	3.24	73	72	17.45	17.45	Colicin V production protein	S
OG0001212	483	0.04	77	77	0.28	0.29	3.23	3.22	64	62	18.14	18.14	"Part of the MsrPQ system that repairs oxidized periplasmic proteins containing methionine sulfoxide residues (Met-O), using respiratory chain electrons. Thus protects these proteins from oxidative-stress damage caused by reactive species of oxygen and chlorine generated by the host defense mechanisms. MsrPQ is essential for the maintenance of envelope integrity under bleach stress, rescuing a wide series of structurally unrelated periplasmic proteins from methionine oxidation. The catalytic subunit MsrP is non-stereospecific, being able to reduce both (R-) and (S-) diastereoisomers of methionine sulfoxide"	S
OG0001214	1152	0.06	77	77	0.33	0.33	3.23	3.23	63	62	20.66	20.66	Protein of unknown function (DUF4064)	S
OG0001229	1128	0.04	77	77	0.32	0.33	3.23	3.23	61	60	19.82	19.82	Catalyzes the ATP-dependent conversion of 5- aminoimidazole ribonucleotide (AIR) and HCO(3)(-) to N5- carboxyaminoimidazole ribonucleotide (N5-CAIR)	F
OG0001302	1071	0.06	77	77	0.32	0.34	3.23	3.21	60	56	19.3	19.3	signal transduction by protein phosphorylation	T
OG0001439	528	0	76	76	0.29	0.29	3.23	3.23	67	67	19.76	19.76	Has an important function as a repair enzyme for proteins that have been inactivated by oxidation. Catalyzes the reversible oxidation-reduction of methionine sulfoxide in proteins to methionine	O
OG0001584	969	0.01	70	70	0.19	0.19	3.23	3.23	81	81	15.19	15.19	Belongs to the AB hydrolase superfamily. MetX family	E
OG0001594	315	0.06	70	70	0.34	0.35	3.23	3.23	55	53	18.44	18.44	CHY zinc finger	S
OG0001625	1350	0.03	64	68	0.45	0.45	3.23	3.24	48	48	21.62	21.62	Uncharacterized protein family UPF0004	J
OG0001667	522	0.06	64	64	0.32	0.32	3.23	3.23	58	57	18.33	18.33	Domain of unknown function (DUF2529)	S
OG0002533	273	0.07	15	15	0.66	0.66	3.23	3.23	31	31	20.53	20.53	-	-
OG0003151	804	0.43	6	7	0.6	0.62	3.23	3.28	30	29	18	18	"domain, Protein"	S
OG0003627	1368	0	4	4	0.66	0.66	3.23	3.23	29	29	19	19	polysaccharide biosynthetic process	S
OG0003784	1170	0	3	3	0.68	0.68	3.23	3.23	28	28	19	19	Amidohydrolase	S
OG0004102	1201.5	0	2	2	0.9	0.9	3.23	3.23	26	26	23.5	23.5	#N/A	#N/A
OG0004295	382.5	0	2	2	0.88	0.88	3.23	3.23	26	26	23	23	asparaginyl-tRNA	J
OG0004398	822	0.5	2	2	0.54	0.88	3.23	2.77	26	16	14	14	-	-
OG0000502	1125	0.03	77	79	0.43	0.44	3.24	3.24	51	50	21.84	21.84	Involved in the biosynthesis of porphyrin-containing compound	H
OG0000569	3513	0.03	77	79	0.43	0.44	3.24	3.23	50	49	21.67	21.67	"Couples transcription and DNA repair by recognizing RNA polymerase (RNAP) stalled at DNA lesions. Mediates ATP-dependent release of RNAP and its truncated transcript from the DNA, and recruitment of nucleotide excision repair machinery to the damaged site"	L
OG0000669	1380	0.04	77	78	0.4	0.41	3.24	3.24	53	52	21.1	21.1	DNA helicase	L
OG0000695	1194	0.05	77	78	0.18	0.18	3.24	3.24	88	87	15.79	15.79	Participates in both transcription termination and antitermination	K
OG0000755	255	0.04	77	78	0.2	0.2	3.24	3.24	76	76	15.05	15.05	ribosomal protein	J
OG0000893	462	0.08	77	77	0.26	0.28	3.24	3.23	69	63	17.86	17.86	Threonylcarbamoyl adenosine biosynthesis protein TsaE	S
OG0000950	1263	0.04	77	77	0.28	0.28	3.24	3.24	65	64	18.08	18.08	HI0933-like protein	S
OG0001002	2190	0.03	77	77	0.28	0.29	3.24	3.23	67	64	18.64	18.64	In eubacteria ppGpp (guanosine 3'-diphosphate 5-' diphosphate) is a mediator of the stringent response that coordinates a variety of cellular activities in response to changes in nutritional abundance	KT
OG0001040	678	0.03	77	77	0.39	0.39	3.24	3.24	54	54	21.23	21.23	tRNA (adenine(22)-N(1))-methyltransferase	S
OG0001094	2226	0.03	77	77	0.28	0.29	3.24	3.24	67	65	19	19	Penicillin-binding protein	M
OG0001224	1242	0.04	77	77	0.3	0.3	3.24	3.24	68	67	20.32	20.32	Belongs to the GARS family	F
OG0001309	501	0.05	77	77	0.25	0.25	3.24	3.24	67	66	16.48	16.48	Catalyzes the NADPH-dependent reduction of 7-cyano-7- deazaguanine (preQ0) to 7-aminomethyl-7-deazaguanine (preQ1)	S
OG0001372	264	0.12	77	77	0.42	0.43	3.24	3.25	51	50	21.61	21.61	Biofilm formation stimulator VEG	S
OG0001429	1182	0.03	75	76	0.26	0.26	3.24	3.24	69	68	17.86	17.86	of the major facilitator superfamily	EGP
OG0001913	273	0.07	44	44	0.38	0.38	3.24	3.25	54	54	20.36	20.36	-	-
OG0002995	921	0	8	8	0.73	0.73	3.24	3.24	28	28	20.5	20.5	-	-
OG0002999	723	0	5	8	0.66	0.66	3.24	3.24	30	30	19.75	19.75	#N/A	#N/A
OG0003100	1035	0.29	7	7	0.31	0.33	3.24	3.17	32	30	10	10	-	-
OG0003162	447	0.17	5	6	0.68	0.71	3.24	3.24	30	29	20.5	20.5	-	-
OG0003279	1869	0	6	6	0.48	0.48	3.24	3.24	32	32	15.5	15.5	asparagine synthase	E
OG0003293	762	0	1	6	0.39	0.39	3.24	3.24	29	29	11.33	11.33	#N/A	#N/A
OG0003626	2122.5	0	4	4	0.49	0.49	3.24	3.24	29	29	14.25	14.25	Belongs to the peptidase S8 family	O
OG0003744	1239	0	4	4	0.55	0.55	3.24	3.24	27	27	14.75	14.75	Hydantoinase/oxoprolinase	EQ
OG0003814	1263	0	3	3	0.64	0.64	3.24	3.24	29	29	18.67	18.67	#N/A	#N/A
OG0004130	165	0.5	2	2	0.74	0.74	3.24	3.3	27	27	20	20	#N/A	#N/A
OG0004175	918	0	2	2	0.76	0.76	3.24	3.24	27	27	20.5	20.5	#N/A	#N/A
OG0004247	102	0	2	2	0.74	0.74	3.24	3.24	27	27	20	20	#N/A	#N/A
OG0004273	363	0	2	2	0.74	0.74	3.24	3.24	27	27	20	20	Glutamate-1-semialdehyde aminotransferase	H
OG0004483	480	0.5	2	2	0.52	0.84	3.24	2.77	26	16	13.5	13.5	#N/A	#N/A
OG0004487	987	0	2	2	0.72	0.72	3.24	3.24	27	27	19.5	19.5	"Bacterial extracellular solute-binding protein, family 7"	G
OG0004489	1278	0	2	2	0.72	0.72	3.24	3.24	27	27	19.5	19.5	"Tripartite ATP-independent periplasmic transporter, DctM component"	G
OG0004542	805.5	0	2	2	0.72	0.72	3.24	3.24	27	27	19.5	19.5	Membrane transport protein	S
OG0004548	241.5	0	2	2	0.72	0.72	3.24	3.24	27	27	19.5	19.5	Peptide chain release factor 2 directs the termination of translation in response to the peptide chain termination codons UGA and UAA	J
OG0000342	2280	0.04	77	82	0.42	0.43	3.25	3.25	51	50	21.51	21.51	Part of the Sec protein translocase complex. Interacts with the SecYEG preprotein conducting channel. SecDF uses the proton motive force (PMF) to complete protein translocation after the ATP-dependent function of SecA	U
OG0000370	2700	0.06	77	81	0.41	0.44	3.25	3.23	52	49	21.35	21.35	helicase involved in DNA repair and perhaps also replication	L
OG0000789	1284	0.1	77	77	0.2	0.21	3.25	3.26	79	77	16.12	16.12	"Catalyzes the attachment of serine to tRNA(Ser). Is also able to aminoacylate tRNA(Sec) with serine, to form the misacylated tRNA L-seryl-tRNA(Sec), which will be further converted into selenocysteinyl-tRNA(Sec)"	J
OG0000894	663	0.04	77	77	0.25	0.25	3.25	3.25	71	70	17.58	17.58	Glycoprotease family	O
OG0000968	690	0.05	77	77	0.23	0.24	3.25	3.24	75	72	17.44	17.44	Belongs to the UPF0173 family	S
OG0001006	1143	0.04	77	77	0.29	0.29	3.25	3.24	65	63	18.58	18.58	Cysteine desulfurase	E
OG0001036	1392	0.03	77	77	0.41	0.42	3.25	3.24	53	52	21.83	21.83	Belongs to the class-II aminoacyl-tRNA synthetase family	J
OG0001038	822	0.03	77	77	0.43	0.43	3.25	3.25	51	51	21.94	21.94	"Bifunctional serine threonine kinase and phosphorylase involved in the regulation of the pyruvate, phosphate dikinase (PPDK) by catalyzing its phosphorylation dephosphorylation"	F
OG0001039	1785	0.03	77	77	0.4	0.41	3.25	3.24	55	54	21.87	21.87	RNA polymerase that catalyzes the synthesis of short RNA molecules used as primers for DNA polymerase during DNA replication	L
OG0001066	450	0.04	77	77	0.34	0.35	3.25	3.25	59	58	20.13	20.13	Belongs to the Fur family	P
OG0001100	429	0	77	77	0.3	0.3	3.25	3.25	67	67	19.94	19.94	Has an important function as a repair enzyme for proteins that have been inactivated by oxidation. Catalyzes the reversible oxidation-reduction of methionine sulfoxide in proteins to methionine	O
OG0001223	807	0.04	77	77	0.29	0.3	3.25	3.24	69	66	19.88	19.88	Cobalt transport protein	P
OG0001241	510	0.05	77	77	0.18	0.18	3.25	3.24	92	88	16.26	16.26	Belongs to the 2H phosphoesterase superfamily. YjcG family	J
OG0001415	165	0.03	76	76	0.56	0.58	3.25	3.25	40	39	22.45	22.45	-	-
OG0001562	375	0.07	72	72	0.25	0.26	3.25	3.22	62	58	15.22	15.22	Domain of unknown function (DUF3899)	S
OG0001614	402	0.04	69	69	0.26	0.26	3.25	3.25	67	66	17.12	17.12	Global regulator with both positive and negative effects that mediates modulation of several genes involved in virulence	K
OG0001741	141	0.05	58	58	0.49	0.5	3.25	3.24	43	42	21.09	21.09	-	-
OG0002654	831	0	11	13	0.9	0.9	3.25	3.25	27	27	24.31	24.31	Beta-lactamase superfamily domain	S
OG0003547	915	0	4	4	0.49	0.49	3.25	3.25	30	30	14.75	14.75	-	-
OG0003548	1114.5	0	4	4	0.49	0.49	3.25	3.25	30	30	14.75	14.75	#N/A	#N/A
OG0004087	891	0.33	2	3	0.7	0.86	3.25	3.12	28	23	19.67	19.67	TPM domain	S
OG0004088	726	0.33	3	3	0.71	0.71	3.25	3.27	28	28	20	20	COG1664 Integral membrane protein CcmA involved in cell shape determination	M
OG0004158	316.5	0.5	2	2	0.59	0.89	3.25	2.89	27	18	16	16	2Fe-2S iron-sulfur cluster binding domain	C
OG0004159	273	0.5	2	2	0.59	0.89	3.25	2.89	27	18	16	16	BFD-like [2Fe-2S] binding domain	C
OG0004440	679.5	0.5	2	2	0.81	0.85	3.25	3.26	27	26	22	22	#N/A	#N/A
OG0000438	612	0.07	77	80	0.27	0.3	3.26	3.23	71	63	19.19	19.19	Belongs to the UPF0637 family	S
OG0000472	1239	0.04	77	79	0.54	0.54	3.26	3.26	44	44	23.86	23.86	"Catalyzes the reversible interconversion of serine and glycine with tetrahydrofolate (THF) serving as the one-carbon carrier. This reaction serves as the major source of one-carbon groups required for the biosynthesis of purines, thymidylate, methionine, and other important biomolecules. Also exhibits THF- independent aldolase activity toward beta-hydroxyamino acids, producing glycine and aldehydes, via a retro-aldol mechanism"	E
OG0000602	600	0.06	77	78	0.46	0.47	3.26	3.26	48	47	22.28	22.28	thymidine kinase	F
OG0000651	1263	0.04	77	78	0.24	0.25	3.26	3.26	71	69	17.01	17.01	histidyl-tRNA synthetase	J
OG0000652	1275	0.04	77	78	0.19	0.19	3.26	3.26	91	89	17.09	17.09	COG2256 ATPase related to the helicase subunit of the Holliday junction resolvase	L
OG0000699	1308	0.04	77	78	0.27	0.27	3.26	3.26	71	70	19.05	19.05	Catalyzes the folate-dependent formation of 5-methyl- uridine at position 54 (M-5-U54) in all tRNAs	J
OG0000763	2463	0.27	77	78	0.25	0.26	3.26	3.28	74	72	18.59	18.59	"ATP-dependent Clp protease, ATP-binding subunit ClpC"	O
OG0001012	321	0.04	77	77	0.3	0.3	3.26	3.26	64	64	19.3	19.3	Belongs to the UPF0473 family	S
OG0001070	1758	0.04	77	77	0.39	0.43	3.26	3.24	56	50	21.61	21.61	Histidine kinase	T
OG0001142	1050	0.01	77	77	0.31	0.31	3.26	3.25	60	60	18.84	18.84	"Can catalyze the hydrolysis of ATP in the presence of single-stranded DNA, the ATP-dependent uptake of single-stranded DNA by duplex DNA, and the ATP-dependent hybridization of homologous single-stranded DNAs. It interacts with LexA causing its activation and leading to its autocatalytic cleavage"	L
OG0001183	291	0.04	77	77	0.25	0.25	3.26	3.26	73	72	18.01	18.01	YGGT family	S
OG0001184	591	0.04	77	77	0.24	0.25	3.26	3.27	73	72	17.88	17.88	"Cell division protein that is part of the divisome complex and is recruited early to the Z-ring. Probably stimulates Z-ring formation, perhaps through the cross-linking of FtsZ protofilaments. Its function overlaps with FtsA"	D
OG0001371	849	0.01	77	77	0.4	0.4	3.26	3.25	53	53	21.44	21.44	Catalyzes the phosphorylation of the position 2 hydroxy group of 4-diphosphocytidyl-2C-methyl-D-erythritol	I
OG0001373	891	0.16	77	77	0.41	0.42	3.26	3.27	54	53	22.03	22.03	Specifically dimethylates two adjacent adenosines (A1518 and A1519) in the loop of a conserved hairpin near the 3'-end of 16S rRNA in the 30S particle. May play a critical role in biogenesis of 30S subunits	J
OG0001558	297	0.01	72	72	0.28	0.28	3.26	3.25	61	61	17.07	17.07	Thiamine-binding protein	S
OG0001559	216	0.01	72	72	0.32	0.32	3.26	3.26	59	59	18.92	18.92	-	-
OG0002504	243	0.06	16	16	0.61	0.61	3.26	3.26	34	34	20.81	20.81	#N/A	#N/A
OG0003346	1077	0	5	5	0.67	0.67	3.26	3.26	30	30	20	20	#N/A	#N/A
OG0004060	729	0	3	3	0.6	0.6	3.26	3.26	29	29	17.33	17.33	-	-
OG0004086	423	0	3	3	0.55	0.55	3.26	3.26	29	29	16	16	COG0662 Mannose-6-phosphate isomerase	G
OG0004092	846	0.33	3	3	0.75	0.75	3.26	3.29	28	28	21	21	CAAX protease self-immunity	S
OG0004224	114	0	2	2	0.87	0.87	3.26	3.26	27	27	23.5	23.5	#N/A	#N/A
OG0004346	975	0	2	2	0.56	0.56	3.26	3.26	27	27	15	15	Cleaves both 3' and 5' ssDNA extremities of branched DNA structures	L
OG0004756	843	0.5	2	2	0.87	0.87	3.26	3.3	27	27	23.5	23.5	family 8	M
OG0004837	240	0	1	1	1	1	3.26	3.26	26	26	26	26	Cytidylyltransferase family	S
OG0004910	159	0	1	1	1	1	3.26	3.26	26	26	26	26	#N/A	#N/A
OG0005080	483	1	1	1	1	NA	3.26	NA	26	0	26	26	Lactococcus phage M3 protein	S
OG0005083	960	1	1	1	1	NA	3.26	NA	26	0	26	26	#N/A	#N/A
OG0005086	669	0	1	1	1	1	3.26	3.26	26	26	26	26	#N/A	#N/A
OG0005100	2919	1	1	1	1	NA	3.26	NA	26	0	26	26	"Transposase and inactivated derivatives, TnpA family"	L
OG0005102	597	1	1	1	1	NA	3.26	NA	26	0	26	26	#N/A	#N/A
OG0005153	1152	0	1	1	1	1	3.26	3.26	26	26	26	26	#N/A	#N/A
OG0005154	726	0	1	1	1	1	3.26	3.26	26	26	26	26	#N/A	#N/A
OG0005155	315	0	1	1	1	1	3.26	3.26	26	26	26	26	#N/A	#N/A
OG0005156	627	0	1	1	1	1	3.26	3.26	26	26	26	26	#N/A	#N/A
OG0005241	444	0	1	1	1	1	3.26	3.26	26	26	26	26	FAD binding domain	H
OG0005480	90	0	1	1	1	1	3.26	3.26	26	26	26	26	#N/A	#N/A
OG0005687	309	0	1	1	1	1	3.26	3.26	26	26	26	26	#N/A	#N/A
OG0005703	756	0	1	1	1	1	3.26	3.26	26	26	26	26	#N/A	#N/A
OG0005704	702	0	1	1	1	1	3.26	3.26	26	26	26	26	#N/A	#N/A
OG0005705	96	0	1	1	1	1	3.26	3.26	26	26	26	26	#N/A	#N/A
OG0005707	132	0	1	1	1	1	3.26	3.26	26	26	26	26	#N/A	#N/A
OG0005708	267	0	1	1	1	1	3.26	3.26	26	26	26	26	#N/A	#N/A
OG0005709	243	0	1	1	1	1	3.26	3.26	26	26	26	26	Domain of unknown function (DUF4314)	S
OG0005716	795	0	1	1	1	1	3.26	3.26	26	26	26	26	-	-
OG0005751	429	0	1	1	1	1	3.26	3.26	26	26	26	26	#N/A	#N/A
OG0005905	255	0	1	1	1	1	3.26	3.26	26	26	26	26	#N/A	#N/A
OG0005958	282	0	1	1	1	1	3.26	3.26	26	26	26	26	#N/A	#N/A
OG0005959	312	0	1	1	1	1	3.26	3.26	26	26	26	26	#N/A	#N/A
OG0006048	342	0	1	1	1	1	3.26	3.26	26	26	26	26	Plays an important role in the de novo pathway of purine nucleotide biosynthesis. Catalyzes the first committed step in the biosynthesis of AMP from IMP	F
OG0006052	405	0	1	1	1	1	3.26	3.26	26	26	26	26	signaling protein consisting of a modified GGDEF domain and a DHH domain	T
OG0006092	195	0	1	1	1	1	3.26	3.26	26	26	26	26	#N/A	#N/A
OG0006138	480	0	1	1	1	1	3.26	3.26	26	26	26	26	"DNA-dependent ATPase involved in processing of recombination intermediates, plays a role in repairing DNA breaks. Stimulates the branch migration of RecA-mediated strand transfer reactions, allowing the 3' invading strand to extend heteroduplex DNA faster. Binds ssDNA in the presence of ADP but not other nucleotides, has ATPase activity that is stimulated by ssDNA and various branched DNA structures, but inhibited by SSB. Does not have RecA's homology-searching function"	O
OG0006145	153	0	1	1	1	1	3.26	3.26	26	26	26	26	"One of the primary rRNA binding proteins, it binds directly to 16S rRNA where it nucleates assembly of the head domain of the 30S subunit. Is located at the subunit interface close to the decoding center, probably blocks exit of the E-site tRNA"	J
OG0006150	321	0	1	1	1	1	3.26	3.26	26	26	26	26	Glucuronate isomerase	G
OG0006158	159	0	1	1	1	1	3.26	3.26	26	26	26	26	#N/A	#N/A
OG0006160	147	0	1	1	1	1	3.26	3.26	26	26	26	26	Catalyzes the reversible cleavage of L-rhamnulose-1- phosphate to dihydroxyacetone phosphate (DHAP) and L-lactaldehyde	H
OG0006161	216	0	1	1	1	1	3.26	3.26	26	26	26	26	Catalyzes the reversible cleavage of L-rhamnulose-1- phosphate to dihydroxyacetone phosphate (DHAP) and L-lactaldehyde	G
OG0006177	258	0	1	1	1	1	3.26	3.26	26	26	26	26	Amino acid permease	E
OG0006184	840	0	1	1	1	1	3.26	3.26	26	26	26	26	monovalent cation H antiporter subunit A	P
OG0006193	258	0	1	1	1	1	3.26	3.26	26	26	26	26	#N/A	#N/A
OG0006215	552	0	1	1	1	1	3.26	3.26	26	26	26	26	Cleaves the N-terminal amino acid of tripeptides	E
OG0006248	144	0	1	1	1	1	3.26	3.26	26	26	26	26	assembly protein SufB	O
OG0006275	240	0	1	1	1	1	3.26	3.26	26	26	26	26	#N/A	#N/A
OG0006276	141	0	1	1	1	1	3.26	3.26	26	26	26	26	#N/A	#N/A
OG0006281	531	0	1	1	1	1	3.26	3.26	26	26	26	26	Belongs to the heme-copper respiratory oxidase family	C
OG0006288	126	0	1	1	1	1	3.26	3.26	26	26	26	26	#N/A	#N/A
OG0006290	288	0	1	1	1	1	3.26	3.26	26	26	26	26	#N/A	#N/A
OG0006291	519	0	1	1	1	1	3.26	3.26	26	26	26	26	#N/A	#N/A
OG0006320	336	0	1	1	1	1	3.26	3.26	26	26	26	26	Specifically methylates the N4 position of cytidine in position 1402 (C1402) of 16S rRNA	J
OG0006338	201	0	1	1	1	1	3.26	3.26	26	26	26	26	3-demethylubiquinone-9 3-methyltransferase domain protein	S
OG0006341	201	0	1	1	1	1	3.26	3.26	26	26	26	26	#N/A	#N/A
OG0006356	159	0	1	1	1	1	3.26	3.26	26	26	26	26	#N/A	#N/A
OG0006357	132	0	1	1	1	1	3.26	3.26	26	26	26	26	Might take part in the signal recognition particle (SRP) pathway. This is inferred from the conservation of its genetic proximity to ftsY ffh. May be a regulatory protein	S
OG0006362	258	0	1	1	1	1	3.26	3.26	26	26	26	26	Belongs to the CDS family	I
OG0006378	165	0	1	1	1	1	3.26	3.26	26	26	26	26	#N/A	#N/A
OG0006379	147	0	1	1	1	1	3.26	3.26	26	26	26	26	#N/A	#N/A
OG0006425	732	0	1	1	1	1	3.26	3.26	26	26	26	26	Dynamin family	S
OG0006439	171	0	1	1	1	1	3.26	3.26	26	26	26	26	Peptidase T-like protein	E
OG0006524	354	0	1	1	1	1	3.26	3.26	26	26	26	26	"tRNA synthetases class I (I, L, M and V)"	J
OG0006525	174	0	1	1	1	1	3.26	3.26	26	26	26	26	"amino acids such as threonine, to avoid such errors, it has a posttransfer editing activity that hydrolyzes mischarged Thr-tRNA(Val) in a tRNA-dependent manner"	J
OG0006526	204	0	1	1	1	1	3.26	3.26	26	26	26	26	"tRNA synthetases class I (I, L, M and V)"	J
OG0006531	222	0	1	1	1	1	3.26	3.26	26	26	26	26	Shikimate / quinate 5-dehydrogenase	H
OG0006548	255	0	1	1	1	1	3.26	3.26	26	26	26	26	Belongs to the AlaDH PNT family	E
OG0006560	144	0	1	1	1	1	3.26	3.26	26	26	26	26	#N/A	#N/A
OG0006586	276	0	1	1	1	1	3.26	3.26	26	26	26	26	Prolyl oligopeptidase family	E
OG0006603	249	0	1	1	1	1	3.26	3.26	26	26	26	26	peptidyl-prolyl isomerase	M
OG0006608	177	0	1	1	1	1	3.26	3.26	26	26	26	26	#N/A	#N/A
OG0006645	357	0	1	1	1	1	3.26	3.26	26	26	26	26	"Lactonase, 7-bladed beta-propeller"	G
OG0006657	240	0	1	1	1	1	3.26	3.26	26	26	26	26	#N/A	#N/A
OG0006683	159	0	1	1	1	1	3.26	3.26	26	26	26	26	#N/A	#N/A
OG0006701	504	0	1	1	1	1	3.26	3.26	26	26	26	26	#N/A	#N/A
OG0006705	255	0	1	1	1	1	3.26	3.26	26	26	26	26	UDP-glucose--hexose-1-phosphate uridylyltransferase	G
OG0006719	570	0	1	1	1	1	3.26	3.26	26	26	26	26	Belongs to the alkaline phosphatase family	P
OG0006733	231	0	1	1	1	1	3.26	3.26	26	26	26	26	malate quinone oxidoreductase	S
OG0006737	255	0	1	1	1	1	3.26	3.26	26	26	26	26	L-lactate permease	C
OG0006739	186	0	1	1	1	1	3.26	3.26	26	26	26	26	#N/A	#N/A
OG0006755	354	0	1	1	1	1	3.26	3.26	26	26	26	26	Catalyzes the reversible transfer of the terminal phosphate of ATP to form a long-chain polyphosphate (polyP)	P
OG0006861	498	0	1	1	1	1	3.26	3.26	26	26	26	26	phosphoribosylanthranilate isomerase activity	E
OG0006871	270	0	1	1	1	1	3.26	3.26	26	26	26	26	#N/A	#N/A
OG0006975	183	0	1	1	1	1	3.26	3.26	26	26	26	26	#N/A	#N/A
OG0006985	318	0	1	1	1	1	3.26	3.26	26	26	26	26	#N/A	#N/A
OG0006989	288	0	1	1	1	1	3.26	3.26	26	26	26	26	#N/A	#N/A
OG0007054	1830	0	1	1	1	1	3.26	3.26	26	26	26	26	#N/A	#N/A
OG0007145	174	0	1	1	1	1	3.26	3.26	26	26	26	26	#N/A	#N/A
OG0007197	105	0	1	1	1	1	3.26	3.26	26	26	26	26	#N/A	#N/A
OG0007262	279	0	1	1	1	1	3.26	3.26	26	26	26	26	-	-
OG0007263	144	0	1	1	1	1	3.26	3.26	26	26	26	26	#N/A	#N/A
OG0007281	594	0	1	1	1	1	3.26	3.26	26	26	26	26	competence protein COMEC	S
OG0007391	663	0	1	1	1	1	3.26	3.26	26	26	26	26	-	-
OG0007393	1293	0	1	1	1	1	3.26	3.26	26	26	26	26	Domain of unknown function (DUF3440)	S
OG0007394	501	0	1	1	1	1	3.26	3.26	26	26	26	26	N-methyltransferase activity	S
OG0007481	321	0	1	1	1	1	3.26	3.26	26	26	26	26	#N/A	#N/A
OG0007607	153	0	1	1	1	1	3.26	3.26	26	26	26	26	#N/A	#N/A
OG0007608	234	0	1	1	1	1	3.26	3.26	26	26	26	26	#N/A	#N/A
OG0007827	168	0	1	1	1	1	3.26	3.26	26	26	26	26	#N/A	#N/A
OG0007833	144	0	1	1	1	1	3.26	3.26	26	26	26	26	#N/A	#N/A
OG0007901	405	0	1	1	1	1	3.26	3.26	26	26	26	26	"Catalyzes the cyclization of GTP to (8S)-3',8-cyclo-7,8- dihydroguanosine 5'-triphosphate"	H
OG0007975	465	1	1	1	1	NA	3.26	NA	26	0	26	26	#N/A	#N/A
OG0008009	570	0	1	1	1	1	3.26	3.26	26	26	26	26	Produces ATP from ADP in the presence of a proton gradient across the membrane. The catalytic sites are hosted primarily by the beta subunits	C
OG0008124	798	0	1	1	1	1	3.26	3.26	26	26	26	26	#N/A	#N/A
OG0008125	471	0	1	1	1	1	3.26	3.26	26	26	26	26	#N/A	#N/A
OG0008128	186	0	1	1	1	1	3.26	3.26	26	26	26	26	#N/A	#N/A
OG0000424	939	0.03	77	80	0.42	0.42	3.27	3.27	53	53	22.25	22.25	Ribosomal protein L11 methyltransferase	J
OG0000481	1470	0.05	77	79	0.32	0.32	3.27	3.27	59	59	18.87	18.87	Catalyzes the synthesis of beta-nicotinate D- ribonucleotide from nicotinate and 5-phospho-D-ribose 1-phosphate at the expense of ATP	H
OG0000504	1101	0.03	77	79	0.35	0.35	3.27	3.27	59	59	20.84	20.84	Belongs to the GTP cyclohydrolase I type 2 NIF3 family	S
OG0000534	1407	0.04	77	79	0.32	0.32	3.27	3.27	61	60	19.34	19.34	Cell division protein that is involved in the assembly of the Z ring. May serve as a membrane anchor for the Z ring	D
OG0000625	834	0.21	77	78	0.36	0.41	3.27	3.27	59	52	21.27	21.27	"COG1682 ABC-type polysaccharide polyol phosphate export systems, permease component"	GM
OG0000626	978	0.23	77	78	0.35	0.4	3.27	3.27	58	51	20.47	20.47	membrane-bound metal-dependent	S
OG0000716	274.5	0.06	77	78	0.31	0.32	3.27	3.27	65	64	20.32	20.32	Belongs to the UPF0223 family	S
OG0000762	1371	0.23	77	78	0.32	0.33	3.27	3.3	65	64	20.88	20.88	"DNA-dependent ATPase involved in processing of recombination intermediates, plays a role in repairing DNA breaks. Stimulates the branch migration of RecA-mediated strand transfer reactions, allowing the 3' invading strand to extend heteroduplex DNA faster. Binds ssDNA in the presence of ADP but not other nucleotides, has ATPase activity that is stimulated by ssDNA and various branched DNA structures, but inhibited by SSB. Does not have RecA's homology-searching function"	O
OG0000885	480	0.19	77	77	0.42	0.43	3.27	3.28	50	49	20.88	20.88	overlaps another CDS with the same product name	S
OG0000993	978	0.03	77	77	0.3	0.3	3.27	3.27	64	64	19.39	19.39	Delta-aminolevulinic acid dehydratase	H
OG0001065	543	0.04	77	77	0.34	0.35	3.27	3.27	60	59	20.39	20.39	Belongs to the Nudix hydrolase family	L
OG0001101	222	0	77	77	0.31	0.31	3.27	3.27	66	66	20.57	20.57	Belongs to the UPF0346 family	S
OG0001163	987	0	77	77	0.26	0.26	3.27	3.27	72	72	19	19	"Catalyzes the reversible formation of acyl-phosphate (acyl-PO(4)) from acyl- acyl-carrier-protein (acyl-ACP). This enzyme utilizes acyl-ACP as fatty acyl donor, but not acyl-CoA"	I
OG0001186	792	0.04	77	77	0.28	0.28	3.27	3.27	69	68	19.01	19.01	Belongs to the multicopper oxidase YfiH RL5 family	S
OG0001187	1350	0.05	77	77	0.27	0.28	3.27	3.27	73	72	19.96	19.96	Cell wall formation. Catalyzes the addition of glutamate to the nucleotide precursor UDP-N-acetylmuramoyl-L-alanine (UMA)	M
OG0001201	267	0.06	77	77	0.24	0.24	3.27	3.28	75	75	17.7	17.7	"Activator of cell division through the inhibition of FtsZ GTPase activity, therefore promoting FtsZ assembly into bundles of protofilaments necessary for the formation of the division Z ring. It is recruited early at mid-cell but it is not essential for cell division"	D
OG0001231	858	0.03	77	77	0.3	0.3	3.27	3.26	65	64	19.25	19.25	"Catalyzes the oxidation of 5,10- methylenetetrahydrofolate to 5,10-methenyltetrahydrofolate and then the hydrolysis of 5,10-methenyltetrahydrofolate to 10- formyltetrahydrofolate"	F
OG0001502	351	0.03	74	74	0.55	0.56	3.27	3.26	44	43	24.03	24.03	ATP synthase I chain	S
OG0001543	1062	0.15	71	73	0.39	0.42	3.27	3.28	54	51	21.3	21.3	PIN domain	S
OG0001605	1506	0.48	65	69	0.22	0.3	3.27	3.29	76	56	16.77	16.77	Histidine ammonia-lyase	E
OG0001716	420	0.05	59	60	0.25	0.25	3.27	3.28	66	66	16.45	16.45	Transcriptional regulator	K
OG0002489	891	0.06	17	17	0.41	0.41	3.27	3.28	43	43	17.76	17.76	Xylose isomerase-like TIM barrel	G
OG0003956	168	0	3	3	0.91	0.91	3.27	3.27	27	27	24.67	24.67	#N/A	#N/A
OG0004196	697.5	0	2	2	0.73	0.73	3.27	3.27	28	28	20.5	20.5	nucleotidyltransferase activity	S
OG0004309	2238	0	2	2	0.54	0.54	3.27	3.27	27	27	14.5	14.5	Alpha-galactosidase	G
OG0004332	532.5	0.5	2	2	0.54	0.56	3.27	3.26	27	26	14.5	14.5	DNA-dependent RNA polymerase catalyzes the transcription of DNA into RNA using the four ribonucleoside triphosphates as substrates	K
OG0004359	183	0	2	2	0.91	0.91	3.27	3.27	27	27	24.5	24.5	#N/A	#N/A
OG0004418	909	0	2	2	0.54	0.54	3.27	3.27	27	27	14.5	14.5	#N/A	#N/A
OG0004439	643.5	0.5	2	2	0.66	0.71	3.27	3.26	28	26	18.5	18.5	#N/A	#N/A
OG0004713	112.5	0	2	2	0.66	0.66	3.27	3.27	28	28	18.5	18.5	#N/A	#N/A
OG0000316	1689	0.21	77	84	0.24	0.29	3.28	3.28	75	63	18.24	18.24	Belongs to the IlvD Edd family	E
OG0000374	2400	0.02	77	81	0.25	0.25	3.28	3.29	76	76	18.8	18.8	Belongs to the FtsK SpoIIIE SftA family	D
OG0000425	759	0.03	77	80	0.42	0.42	3.28	3.28	53	52	22.06	22.06	Involved in DNA repair and RecF pathway recombination	L
OG0000458	381	0.01	77	80	0.27	0.27	3.28	3.27	74	74	20.06	20.06	"translation initiation inhibitor, yjgF family"	J
OG0000544	747	0.05	76	79	0.22	0.23	3.28	3.27	79	76	17.14	17.14	Esterase	P
OG0000692	345	0.03	77	78	0.17	0.17	3.28	3.28	92	92	15.51	15.51	One of several proteins that assist in the late maturation steps of the functional core of the 30S ribosomal subunit. Associates with free 30S ribosomal subunits (but not with 30S subunits that are part of 70S ribosomes or polysomes). Required for efficient processing of 16S rRNA. May interact with the 5'-terminal helix region of 16S rRNA	J
OG0000715	1074	0.06	76	78	0.35	0.36	3.28	3.28	61	60	21.65	21.65	Spermidine putrescine-binding periplasmic protein	E
OG0000865	540	0.08	77	77	0.28	0.28	3.28	3.27	65	64	17.96	17.96	"Participates in both the initiation and recycling phases of transcription. In the presence of the delta subunit, RNAP displays an increased specificity of transcription, a decreased affinity for nucleic acids, and an increased efficiency of RNA synthesis because of enhanced recycling"	K
OG0001097	1134	0.03	77	77	0.26	0.26	3.28	3.28	70	68	17.95	17.95	Belongs to the methyltransferase superfamily	L
OG0001140	792	0.01	77	77	0.29	0.29	3.28	3.27	65	65	18.71	18.71	YmdB-like protein	S
OG0001141	1560	0.01	77	77	0.32	0.32	3.28	3.28	63	63	20.16	20.16	Endoribonuclease that initiates mRNA decay	S
OG0001182	480	0.04	77	77	0.23	0.23	3.28	3.27	76	75	17.18	17.18	This protein specifically catalyzes the removal of signal peptides from prolipoproteins	MU
OG0001185	675	0.04	77	77	0.27	0.27	3.28	3.28	70	69	18.71	18.71	"Pyridoxal 5'-phosphate (PLP)-binding protein, which is involved in PLP homeostasis"	S
OG0001225	1479	0.04	77	77	0.28	0.28	3.28	3.28	74	73	20.65	20.65	Bifunctional purine biosynthesis protein PurH	F
OG0001305	321	0.08	77	77	0.32	0.33	3.28	3.29	61	59	19.34	19.34	Protein of unknown function (DUF2847)	O
OG0001307	519	0.08	76	77	0.29	0.3	3.28	3.28	65	63	18.94	18.94	GrpB protein	S
OG0001512	363	0.05	74	74	0.38	0.4	3.28	3.27	55	52	21.03	21.03	protein conserved in bacteria	S
OG0002695	465	0	12	12	0.36	0.36	3.28	3.28	43	43	15.42	15.42	Domain of unknown function (DUF4188)	S
OG0002912	822	0.44	6	9	0.4	0.42	3.28	3.21	30	28	11.89	11.89	cyclopropane-fatty-acyl-phospholipid synthase	M
OG0003000	789	0.25	7	8	0.54	0.57	3.28	3.25	33	31	17.75	17.75	-	-
OG0003159	243	0.17	6	6	0.44	0.47	3.28	3.28	36	34	15.83	15.83	-	-
OG0003365	393	0	5	5	0.93	0.93	3.28	3.28	27	27	25.2	25.2	-	-
OG0003366	240	0	5	5	0.96	0.96	3.28	3.28	27	27	26	26	-	-
OG0003394	261	0	5	5	0.63	0.63	3.28	3.28	31	31	19.6	19.6	-	-
OG0003418	192	0.2	5	5	0.57	0.61	3.28	3.26	31	29	17.8	17.8	#N/A	#N/A
OG0003557	189	0	4	4	0.71	0.71	3.28	3.28	30	30	21.25	21.25	#N/A	#N/A
OG0004137	228	0	2	2	0.96	0.96	3.28	3.28	27	27	26	26	#N/A	#N/A
OG0004210	211.5	0	2	2	0.75	0.75	3.28	3.28	28	28	21	21	#N/A	#N/A
OG0004345	240	0.5	2	2	0.52	0.54	3.28	3.26	27	26	14	14	Involved in mRNA degradation. Catalyzes the phosphorolysis of single-stranded polyribonucleotides processively in the 3'- to 5'-direction	J
OG0004384	243	0.5	2	2	0.79	0.81	3.28	3.3	28	27	22	22	"Binds directly to 23S rRNA. The L1 stalk is quite mobile in the ribosome, and is involved in E site tRNA release"	J
OG0004403	949.5	0	2	2	0.62	0.62	3.28	3.28	28	28	17.5	17.5	#N/A	#N/A
OG0004424	165	0	2	2	0.75	0.75	3.28	3.28	28	28	21	21	#N/A	#N/A
OG0004549	327	0	2	2	0.75	0.75	3.28	3.28	28	28	21	21	Antibiotic biosynthesis monooxygenase	S
OG0004579	270	0	2	2	0.62	0.62	3.28	3.28	28	28	17.5	17.5	#N/A	#N/A
OG0004593	3430.5	0	2	2	0.62	0.62	3.28	3.28	28	28	17.5	17.5	Helicase conserved C-terminal domain	L
OG0004692	1153.5	0	2	2	0.52	0.52	3.28	3.28	27	27	14	14	COG0433 Predicted ATPase	S
OG0000337	1506	0.23	77	82	0.39	0.4	3.29	3.31	53	51	20.52	20.52	Overlaps another CDS with the same product name	S
OG0000533	1173	0.03	77	79	0.3	0.3	3.29	3.29	66	66	19.68	19.68	Essential cell division protein that forms a contractile ring structure (Z ring) at the future cell division site. The regulation of the ring assembly controls the timing and the location of cell division. One of the functions of the FtsZ ring is to recruit other cell division proteins to the septum to produce a new cell wall between the dividing cells. Binds GTP and shows GTPase activity	D
OG0000659	1107	0.03	77	78	0.31	0.31	3.29	3.28	68	68	20.99	20.99	Sigma factors are initiation factors that promote the attachment of RNA polymerase to specific initiation sites and are then released. This sigma factor is the primary sigma factor during exponential growth	K
OG0000687	534	0.01	77	78	0.2	0.2	3.29	3.3	91	91	17.81	17.81	Regulates expression of the glpD operon. In the presence of glycerol 3-phosphate (G3P) causes antitermination of transcription of glpD at the inverted repeat of the leader region to enhance its transcription. Binds and stabilizes glpD leader mRNA	K
OG0000691	972	0.03	77	78	0.15	0.15	3.29	3.29	107	107	16.27	16.27	Belongs to the ribF family	H
OG0000714	1848	0.06	77	78	0.3	0.31	3.29	3.28	66	64	19.62	19.62	GTP-binding protein TypA	T
OG0000720	567	0.04	77	78	0.25	0.26	3.29	3.28	77	75	19.21	19.21	"Catalyzes the transfer of a formyl group from 10- formyltetrahydrofolate to 5-phospho-ribosyl-glycinamide (GAR), producing 5-phospho-ribosyl-N-formylglycinamide (FGAR) and tetrahydrofolate"	F
OG0000910	303	0.03	77	77	0.18	0.18	3.29	3.28	93	92	16.52	16.52	Allows the formation of correctly charged Asn-tRNA(Asn) or Gln-tRNA(Gln) through the transamidation of misacylated Asp- tRNA(Asn) or Glu-tRNA(Gln) in organisms which lack either or both of asparaginyl-tRNA or glutaminyl-tRNA synthetases. The reaction takes place in the presence of glutamine and ATP through an activated phospho-Asp-tRNA(Asn) or phospho-Glu-tRNA(Gln)	J
OG0000925	315	0.03	77	77	0.34	0.34	3.29	3.29	63	62	21.34	21.34	Protein of unknown function (DUF1811)	S
OG0001134	1503	0.03	77	77	0.2	0.2	3.29	3.29	91	91	18.23	18.23	Key enzyme in the regulation of glycerol uptake and metabolism. Catalyzes the phosphorylation of glycerol to yield sn- glycerol 3-phosphate	F
OG0001135	1959	0.01	77	77	0.27	0.27	3.29	3.29	70	70	18.9	18.9	"This protein is involved in the repair of mismatches in DNA. It is required for dam-dependent methyl-directed DNA mismatch repair. May act as a molecular matchmaker , a protein that promotes the formation of a stable complex between two or more DNA-binding proteins in an ATP-dependent manner without itself being part of a final effector complex"	L
OG0001199	1713	0.09	77	77	0.24	0.24	3.29	3.3	78	77	18.73	18.73	DNA polymerase	L
OG0001226	1029	0.03	77	77	0.26	0.27	3.29	3.29	75	74	19.69	19.69	Phosphoribosylformylglycinamidine cyclo-ligase	F
OG0001306	891	0.08	75	77	0.32	0.33	3.29	3.29	61	59	19.36	19.36	-	-
OG0001450	813	0.07	76	76	0.35	0.35	3.29	3.29	60	60	21.18	21.18	"ABC-type spermidine putrescine transport system, permease component II"	P
OG0001455	1380	0.03	76	76	0.17	0.17	3.29	3.28	89	87	14.88	14.88	Argininosuccinate lyase	E
OG0001654	252	0.02	65	65	0.5	0.5	3.29	3.28	43	43	21.58	21.58	-	-
OG0002300	186	0	22	22	0.31	0.31	3.29	3.29	54	54	17	17	-	-
OG0002445	867	0.06	17	18	0.44	0.44	3.29	3.29	42	42	18.28	18.28	Xylose isomerase-like TIM barrel	G
OG0003551	1000.5	0	4	4	0.75	0.75	3.29	3.29	30	30	22.5	22.5	#N/A	#N/A
OG0003782	768	0	3	3	0.67	0.67	3.29	3.29	30	30	20	20	#N/A	#N/A
OG0003905	558	0	3	3	0.51	0.51	3.29	3.29	29	29	14.67	14.67	#N/A	#N/A
OG0003986	624	0	3	3	0.62	0.62	3.29	3.29	29	29	18	18	-	-
OG0003987	606	0	3	3	0.62	0.62	3.29	3.29	29	29	18	18	-	-
OG0004002	288	0	3	3	0.71	0.71	3.29	3.29	30	30	21.33	21.33	#N/A	#N/A
OG0004157	1194	0.5	2	2	0.59	0.87	3.29	2.94	28	19	16.5	16.5	Pyridine nucleotide-disulphide oxidoreductase	C
OG0004183	852	0	2	2	0.57	0.57	3.29	3.29	28	28	16	16	#N/A	#N/A
OG0004200	939	0	2	2	0.59	0.59	3.29	3.29	28	28	16.5	16.5	Belongs to the carbohydrate kinase PfkB family	H
OG0004356	349.5	0	2	2	0.82	0.82	3.29	3.29	28	28	23	23	#N/A	#N/A
OG0004577	384	0	2	2	0.82	0.82	3.29	3.29	28	28	23	23	Pyridoxal-phosphate dependent enzyme	E
OG0000306	3669	0.01	77	85	0.35	0.35	3.3	3.3	59	59	20.93	20.93	Belongs to the FtsK SpoIIIE SftA family	D
OG0000317	1824	0.05	77	84	0.44	0.45	3.3	3.3	51	50	22.3	22.3	"Required for accurate and efficient protein synthesis under certain stress conditions. May act as a fidelity factor of the translation reaction, by catalyzing a one-codon backward translocation of tRNAs on improperly translocated ribosomes. Back- translocation proceeds from a post-translocation (POST) complex to a pre-translocation (PRE) complex, thus giving elongation factor G a second chance to translocate the tRNAs correctly. Binds to ribosomes in a GTP-dependent manner"	M
OG0000525	2070	0.06	77	79	0.24	0.25	3.3	3.28	78	75	19.08	19.08	"Releases the supercoiling and torsional tension of DNA, which is introduced during the DNA replication and transcription, by transiently cleaving and rejoining one strand of the DNA duplex. Introduces a single-strand break via transesterification at a target site in duplex DNA. The scissile phosphodiester is attacked by the catalytic tyrosine of the enzyme, resulting in the formation of a DNA-(5'-phosphotyrosyl)-enzyme intermediate and the expulsion of a 3'-OH DNA strand. The free DNA strand then undergoes passage around the unbroken strand, thus removing DNA supercoils. Finally, in the religation step, the DNA 3'-OH attacks the covalent intermediate to expel the active-site tyrosine and restore the DNA phosphodiester backbone"	L
OG0000637	561	0.04	77	78	0.2	0.2	3.3	3.31	87	86	17.42	17.42	Putative rRNA methylase	M
OG0000645	1056	0.05	77	78	0.18	0.19	3.3	3.3	97	94	17.49	17.49	Belongs to the peptidase M24B family	E
OG0000688	1545	0.03	76	78	0.28	0.28	3.3	3.29	63	63	17.59	17.59	"Catalyzes the methylthiolation of N6- (dimethylallyl)adenosine (i(6)A), leading to the formation of 2- methylthio-N6-(dimethylallyl)adenosine (ms(2)i(6)A) at position 37 in tRNAs that read codons beginning with uridine"	J
OG0000698	891	0.04	77	78	0.24	0.24	3.3	3.3	81	80	19.37	19.37	"Site-specific tyrosine recombinase, which acts by catalyzing the cutting and rejoining of the recombining DNA molecules. The XerC-XerD complex is essential to convert dimers of the bacterial chromosome into monomers to permit their segregation at cell division. It also contributes to the segregational stability of plasmids"	D
OG0000866	1611	0.08	77	77	0.28	0.29	3.3	3.3	67	65	19	19	Catalyzes the ATP-dependent amination of UTP to CTP with either L-glutamine or ammonia as the source of nitrogen. Regulates intracellular CTP levels through interactions with the four ribonucleotide triphosphates	F
OG0000868	1317	0.05	77	77	0.41	0.42	3.3	3.3	54	53	22.1	22.1	"Facilitates transcription termination by a mechanism that involves Rho binding to the nascent RNA, activation of Rho's RNA-dependent ATPase activity, and release of the mRNA from the DNA template"	K
OG0001011	429	0.04	77	77	0.27	0.28	3.3	3.3	71	70	19.48	19.48	Could be a nuclease involved in processing of the 5'-end of pre-16S rRNA	J
OG0001057	387	0.05	77	77	0.37	0.39	3.3	3.3	57	54	21.19	21.19	Involved in transcription antitermination. Required for transcription of ribosomal RNA (rRNA) genes. Binds specifically to the boxA antiterminator sequence of the ribosomal RNA (rrn) operons	K
OG0001099	435	0.03	77	77	0.28	0.28	3.3	3.31	73	73	20.17	20.17	Belongs to the UPF0403 family	S
OG0001202	936	0.04	77	77	0.25	0.25	3.3	3.3	75	75	18.86	18.86	Endonuclease that specifically degrades the RNA of RNA- DNA hybrids	L
OG0001216	216	0.05	77	77	0.26	0.27	3.3	3.3	76	75	20.12	20.12	Belongs to the UPF0356 family	S
OG0001240	1176	0.05	77	77	0.16	0.18	3.3	3.26	98	90	15.87	15.87	"Processive glucosyltransferase involved in the biosynthesis of both the bilayer- and non-bilayer-forming membrane glucolipids. Is able to successively transfer two glucosyl residues to diacylglycerol (DAG), thereby catalyzing the formation of beta-monoglucosyl-DAG (3-O-(beta-D-glucopyranosyl)-1,2-diacyl- sn-glycerol) and beta-diglucosyl-DAG (3-O-(beta-D-glucopyranosyl- beta-(1- 6)-D-glucopyranosyl)-1,2-diacyl-sn-glycerol). Beta- diglucosyl-DAG is the predominant glycolipid found in Bacillales and is also used as a membrane anchor for lipoteichoic acid (LTA)"	M
OG0001308	924	0.08	77	77	0.29	0.3	3.3	3.3	67	65	19.26	19.26	Cell wall formation	M
OG0001704	207	0	61	61	0.27	0.27	3.3	3.3	70	70	18.87	18.87	-	-
OG0001784	192	0	55	55	0.25	0.25	3.3	3.3	70	70	17.47	17.47	#N/A	#N/A
OG0003397	285	0	5	5	0.66	0.66	3.3	3.3	31	31	20.6	20.6	-	-
OG0004243	1222.5	0.5	2	2	0.5	1.04	3.3	2.56	27	13	13.5	13.5	#N/A	#N/A
OG0004336	213	0.5	2	2	0.5	0.54	3.3	3.22	27	25	13.5	13.5	#N/A	#N/A
OG0004363	471	0.5	2	2	0.55	0.91	3.3	2.83	28	17	15.5	15.5	#N/A	#N/A
OG0004386	138	0	2	2	0.88	0.88	3.3	3.3	28	28	24.5	24.5	#N/A	#N/A
OG0004913	99	0	1	1	1	1	3.3	3.3	27	27	27	27	#N/A	#N/A
OG0005046	906	1	1	1	1	NA	3.3	NA	27	0	27	27	Lactococcus lactis bacteriophage major structural protein	S
OG0005077	189	1	1	1	1	NA	3.3	NA	27	0	27	27	-	-
OG0005078	129	1	1	1	1	NA	3.3	NA	27	0	27	27	-	-
OG0005079	132	1	1	1	1	NA	3.3	NA	27	0	27	27	-	-
OG0005085	276	0	1	1	1	1	3.3	3.3	27	27	27	27	#N/A	#N/A
OG0005151	510	1	1	1	1	NA	3.3	NA	27	0	27	27	#N/A	#N/A
OG0005231	606	0	1	1	1	1	3.3	3.3	27	27	27	27	-	-
OG0005232	294	0	1	1	1	1	3.3	3.3	27	27	27	27	#N/A	#N/A
OG0005584	459	0	1	1	1	1	3.3	3.3	27	27	27	27	#N/A	#N/A
OG0005625	1101	0	1	1	1	1	3.3	3.3	27	27	27	27	#N/A	#N/A
OG0005658	426	0	1	1	1	1	3.3	3.3	27	27	27	27	#N/A	#N/A
OG0005706	207	0	1	1	1	1	3.3	3.3	27	27	27	27	#N/A	#N/A
OG0005710	411	0	1	1	1	1	3.3	3.3	27	27	27	27	#N/A	#N/A
OG0005748	258	0	1	1	1	1	3.3	3.3	27	27	27	27	Methyltransferase	Q
OG0005754	297	0	1	1	1	1	3.3	3.3	27	27	27	27	#N/A	#N/A
OG0005796	618	0	1	1	1	1	3.3	3.3	27	27	27	27	#N/A	#N/A
OG0005798	195	0	1	1	1	1	3.3	3.3	27	27	27	27	#N/A	#N/A
OG0005828	156	0	1	1	1	1	3.3	3.3	27	27	27	27	#N/A	#N/A
OG0005893	267	0	1	1	1	1	3.3	3.3	27	27	27	27	#N/A	#N/A
OG0005894	273	0	1	1	1	1	3.3	3.3	27	27	27	27	#N/A	#N/A
OG0005895	306	0	1	1	1	1	3.3	3.3	27	27	27	27	#N/A	#N/A
OG0005969	465	0	1	1	1	1	3.3	3.3	27	27	27	27	#N/A	#N/A
OG0006025	321	0	1	1	1	1	3.3	3.3	27	27	27	27	#N/A	#N/A
OG0006026	237	0	1	1	1	1	3.3	3.3	27	27	27	27	domain protein	E
OG0006028	234	0	1	1	1	1	3.3	3.3	27	27	27	27	#N/A	#N/A
OG0006029	192	0	1	1	1	1	3.3	3.3	27	27	27	27	Protein of unknown function (DUF3237)	S
OG0006053	423	0	1	1	1	1	3.3	3.3	27	27	27	27	signaling protein consisting of a modified GGDEF domain and a DHH domain	T
OG0006054	294	0	1	1	1	1	3.3	3.3	27	27	27	27	#N/A	#N/A
OG0006072	339	0	1	1	1	1	3.3	3.3	27	27	27	27	"NAD-binding protein involved in the addition of a carboxymethylaminomethyl (cmnm) group at the wobble position (U34) of certain tRNAs, forming tRNA-cmnm(5)s(2)U34"	D
OG0006091	177	0	1	1	1	1	3.3	3.3	27	27	27	27	#N/A	#N/A
OG0006106	180	0	1	1	1	1	3.3	3.3	27	27	27	27	#N/A	#N/A
OG0006107	123	0	1	1	1	1	3.3	3.3	27	27	27	27	#N/A	#N/A
OG0006108	459	0	1	1	1	1	3.3	3.3	27	27	27	27	#N/A	#N/A
OG0006128	258	0	1	1	1	1	3.3	3.3	27	27	27	27	Catalyzes the phosphorylation of the position 2 hydroxy group of 4-diphosphocytidyl-2C-methyl-D-erythritol	I
OG0006129	102	0	1	1	1	1	3.3	3.3	27	27	27	27	#N/A	#N/A
OG0006139	549	0	1	1	1	1	3.3	3.3	27	27	27	27	PIN domain	S
OG0006143	444	0	1	1	1	1	3.3	3.3	27	27	27	27	DNA-dependent RNA polymerase catalyzes the transcription of DNA into RNA using the four ribonucleoside triphosphates as substrates	K
OG0006151	198	0	1	1	1	1	3.3	3.3	27	27	27	27	#N/A	#N/A
OG0006157	144	0	1	1	1	1	3.3	3.3	27	27	27	27	#N/A	#N/A
OG0006159	375	0	1	1	1	1	3.3	3.3	27	27	27	27	Belongs to the rhamnose isomerase family	G
OG0006168	213	0	1	1	1	1	3.3	3.3	27	27	27	27	branched-chain amino acid aminotransferase	E
OG0006176	264	0	1	1	1	1	3.3	3.3	27	27	27	27	Excises uracil residues from the DNA which can arise as a result of misincorporation of dUMP residues by DNA polymerase or due to deamination of cytosine	L
OG0006212	456	0	1	1	1	1	3.3	3.3	27	27	27	27	Cell wall formation	M
OG0006222	195	0	1	1	1	1	3.3	3.3	27	27	27	27	#N/A	#N/A
OG0006240	213	0	1	1	1	1	3.3	3.3	27	27	27	27	#N/A	#N/A
OG0006241	219	0	1	1	1	1	3.3	3.3	27	27	27	27	#N/A	#N/A
OG0006249	216	0	1	1	1	1	3.3	3.3	27	27	27	27	Belongs to the 5'-nucleotidase family	F
OG0006259	282	0	1	1	1	1	3.3	3.3	27	27	27	27	Oligopeptidase F	E
OG0006260	579	0	1	1	1	1	3.3	3.3	27	27	27	27	Oligopeptidase F	E
OG0006292	153	0	1	1	1	1	3.3	3.3	27	27	27	27	GTP-binding protein TypA	T
OG0006295	114	0	1	1	1	1	3.3	3.3	27	27	27	27	Conserved hypothetical protein 95	L
OG0006324	162	0	1	1	1	1	3.3	3.3	27	27	27	27	#N/A	#N/A
OG0006329	129	0	1	1	1	1	3.3	3.3	27	27	27	27	#N/A	#N/A
OG0006330	285	0	1	1	1	1	3.3	3.3	27	27	27	27	Responsible for synthesis of pseudouridine from uracil	J
OG0006331	363	0	1	1	1	1	3.3	3.3	27	27	27	27	Permease family	F
OG0006336	180	0	1	1	1	1	3.3	3.3	27	27	27	27	"Catalyzes the transfer of a ribosyl phosphate group from 5-phosphoribose 1-diphosphate to orotate, leading to the formation of orotidine monophosphate (OMP)"	F
OG0006337	228	0	1	1	1	1	3.3	3.3	27	27	27	27	#N/A	#N/A
OG0006375	189	0	1	1	1	1	3.3	3.3	27	27	27	27	An RNase that has 5'-3' exonuclease and possibly endonuclease activity. Involved in maturation of rRNA and in some organisms also mRNA maturation and or decay	J
OG0006376	243	0	1	1	1	1	3.3	3.3	27	27	27	27	An RNase that has 5'-3' exonuclease and possibly endonuclease activity. Involved in maturation of rRNA and in some organisms also mRNA maturation and or decay	J
OG0006504	201	0	1	1	1	1	3.3	3.3	27	27	27	27	#N/A	#N/A
OG0006505	363	0	1	1	1	1	3.3	3.3	27	27	27	27	"COG2141 Coenzyme F420-dependent N5,N10-methylene tetrahydromethanopterin reductase and related flavin-dependent oxidoreductases"	C
OG0006509	303	0	1	1	1	1	3.3	3.3	27	27	27	27	In eubacteria ppGpp (guanosine 3'-diphosphate 5-' diphosphate) is a mediator of the stringent response that coordinates a variety of cellular activities in response to changes in nutritional abundance	KT
OG0006523	456	0	1	1	1	1	3.3	3.3	27	27	27	27	Belongs to the folylpolyglutamate synthase family	H
OG0006532	153	0	1	1	1	1	3.3	3.3	27	27	27	27	NUDIX domain	S
OG0006535	213	0	1	1	1	1	3.3	3.3	27	27	27	27	#N/A	#N/A
OG0006539	138	0	1	1	1	1	3.3	3.3	27	27	27	27	#N/A	#N/A
OG0006547	111	0	1	1	1	1	3.3	3.3	27	27	27	27	#N/A	#N/A
OG0006553	669	0	1	1	1	1	3.3	3.3	27	27	27	27	modulates the frequency and position of FtsZ ring formation. Inhibits FtsZ ring formation at polar sites. Interacts either with FtsZ or with one of its binding partners to promote depolymerization	D
OG0006554	126	0	1	1	1	1	3.3	3.3	27	27	27	27	"One of the primary rRNA binding proteins, it binds directly to 16S rRNA where it nucleates assembly of the body of the 30S subunit"	J
OG0006613	312	0	1	1	1	1	3.3	3.3	27	27	27	27	Glutamate-1-semialdehyde aminotransferase	H
OG0006659	381	0	1	1	1	1	3.3	3.3	27	27	27	27	Phosphomethylpyrimidine kinase	H
OG0006703	180	0	1	1	1	1	3.3	3.3	27	27	27	27	"Catalyzes the incorporation of amino acid(s) into the interchain peptide bridge of peptidoglycan, using aminoacyl-tRNA as amino acid donor"	V
OG0006710	597	0	1	1	1	1	3.3	3.3	27	27	27	27	formate dehydrogenase (NAD+) activity	C
OG0006711	99	0	1	1	1	1	3.3	3.3	27	27	27	27	#N/A	#N/A
OG0006712	159	0	1	1	1	1	3.3	3.3	27	27	27	27	#N/A	#N/A
OG0006713	108	0	1	1	1	1	3.3	3.3	27	27	27	27	#N/A	#N/A
OG0006714	225	0	1	1	1	1	3.3	3.3	27	27	27	27	Inositol monophosphatase	G
OG0006735	378	0	1	1	1	1	3.3	3.3	27	27	27	27	L-lactate permease	C
OG0006736	135	0	1	1	1	1	3.3	3.3	27	27	27	27	#N/A	#N/A
OG0006738	291	0	1	1	1	1	3.3	3.3	27	27	27	27	#N/A	#N/A
OG0006875	273	0	1	1	1	1	3.3	3.3	27	27	27	27	Bacterial epsilon antitoxin	S
OG0006921	117	0	1	1	1	1	3.3	3.3	27	27	27	27	#N/A	#N/A
OG0006984	198	0	1	1	1	1	3.3	3.3	27	27	27	27	#N/A	#N/A
OG0006987	411	0	1	1	1	1	3.3	3.3	27	27	27	27	#N/A	#N/A
OG0006988	180	0	1	1	1	1	3.3	3.3	27	27	27	27	#N/A	#N/A
OG0006990	252	0	1	1	1	1	3.3	3.3	27	27	27	27	ThiJ/PfpI family-like	S
OG0007023	183	0	1	1	1	1	3.3	3.3	27	27	27	27	-	-
OG0007198	426	0	1	1	1	1	3.3	3.3	27	27	27	27	#N/A	#N/A
OG0007264	156	0	1	1	1	1	3.3	3.3	27	27	27	27	#N/A	#N/A
OG0007494	168	0	1	1	1	1	3.3	3.3	27	27	27	27	#N/A	#N/A
OG0007509	651	0	1	1	1	1	3.3	3.3	27	27	27	27	nitroreductase	C
OG0007606	147	0	1	1	1	1	3.3	3.3	27	27	27	27	#N/A	#N/A
OG0007688	174	0	1	1	1	1	3.3	3.3	27	27	27	27	#N/A	#N/A
OG0007832	267	0	1	1	1	1	3.3	3.3	27	27	27	27	#N/A	#N/A
OG0007854	408	1	1	1	1	NA	3.3	NA	27	0	27	27	#N/A	#N/A
OG0008120	120	0	1	1	1	1	3.3	3.3	27	27	27	27	#N/A	#N/A
OG0008238	318	0	1	1	1	1	3.3	3.3	27	27	27	27	#N/A	#N/A
OG0000449	882	0.06	77	80	0.24	0.24	3.31	3.31	72	70	17.06	17.06	of the drug metabolite transporter (DMT) superfamily	EG
OG0000693	2122.5	0.03	77	78	0.16	0.17	3.31	3.3	97	96	15.87	15.87	One of the essential components for the initiation of protein synthesis. Protects formylmethionyl-tRNA from spontaneous hydrolysis and promotes its binding to the 30S ribosomal subunits. Also involved in the hydrolysis of GTP during the formation of the 70S ribosomal complex	J
OG0000707	771	0.05	77	78	0.24	0.25	3.31	3.31	78	76	18.65	18.65	"conserved protein, contains S4-like domain"	S
OG0000771	549	0.17	77	78	0.37	0.38	3.31	3.32	60	59	22.37	22.37	Required for correct processing of both the 5' and 3' ends of 5S rRNA precursor. Cleaves both sides of a double-stranded region yielding mature 5S rRNA in one step	J
OG0000875	213	0.03	77	77	0.55	0.55	3.31	3.31	45	45	24.95	24.95	"F(1)F(0) ATP synthase produces ATP from ADP in the presence of a proton or sodium gradient. F-type ATPases consist of two structural domains, F(1) containing the extramembraneous catalytic core and F(0) containing the membrane proton channel, linked together by a central stalk and a peripheral stalk. During catalysis, ATP synthesis in the catalytic domain of F(1) is coupled via a rotary mechanism of the central stalk subunits to proton translocation"	C
OG0000946	828	0.05	77	77	0.26	0.26	3.31	3.32	74	72	18.95	18.95	Lysophospholipase	I
OG0000994	1284	0.03	77	77	0.27	0.27	3.31	3.31	72	72	19.52	19.52	Glutamate-1-semialdehyde aminotransferase	H
OG0001000	1140	0.03	77	77	0.36	0.36	3.31	3.31	62	62	22.44	22.44	"Catalyzes the base-exchange of a guanine (G) residue with the queuine precursor 7-aminomethyl-7-deazaguanine (PreQ1) at position 34 (anticodon wobble position) in tRNAs with GU(N) anticodons (tRNA-Asp, -Asn, -His and -Tyr). Catalysis occurs through a double-displacement mechanism. The nucleophile active site attacks the C1' of nucleotide 34 to detach the guanine base from the RNA, forming a covalent enzyme-RNA intermediate. The proton acceptor active site deprotonates the incoming PreQ1, allowing a nucleophilic attack on the C1' of the ribose to form the product. After dissociation, two additional enzymatic reactions on the tRNA convert PreQ1 to queuine (Q), resulting in the hypermodified nucleoside queuosine (7-(((4,5-cis-dihydroxy-2- cyclopenten-1-yl)amino)methyl)-7-deazaguanosine)"	F
OG0001059	231	0.08	77	77	0.37	0.39	3.31	3.31	57	54	21.1	21.1	"Bidirectionally degrades single-stranded DNA into large acid-insoluble oligonucleotides, which are then degraded further into small acid-soluble oligonucleotides"	L
OG0001165	2046	0	77	77	0.27	0.27	3.31	3.31	72	72	19.7	19.7	Critical role in recombination and DNA repair. Helps process Holliday junction intermediates to mature products by catalyzing branch migration. Has a DNA unwinding activity characteristic of a DNA helicase with a 3'- to 5'- polarity. Unwinds branched duplex DNA (Y-DNA)	L
OG0001166	1659	0	77	77	0.27	0.27	3.31	3.31	75	75	20.53	20.53	kinase related to dihydroxyacetone kinase	S
OG0001253	396	0.06	77	77	0.25	0.26	3.31	3.31	73	70	17.97	17.97	"Interferes with activator-stimulated transcription by interaction with the RNA polymerase alpha-CTD. May function to globally reduce transcription of genes involved in growth- and development-promoting processes and to increase transcription of genes involved in thiol homeostasis, during periods of extreme stress"	K
OG0001303	1233	0.09	77	77	0.33	0.34	3.31	3.31	62	60	20.35	20.35	Cleaves the N-terminal amino acid of tripeptides	E
OG0001304	1122	0.08	77	77	0.35	0.36	3.31	3.31	59	57	20.48	20.48	Glycerate kinase	G
OG0001423	562.5	0.05	76	76	0.2	0.2	3.31	3.31	92	91	18.08	18.08	Putative zincin peptidase	S
OG0001424	372	0.07	76	76	0.18	0.18	3.31	3.31	101	99	17.71	17.71	gas vesicle protein	S
OG0001577	1017	0.06	70	71	0.27	0.27	3.31	3.31	74	73	19.89	19.89	cytochrome D ubiquinol oxidase subunit II	C
OG0003396	114	0	5	5	0.63	0.63	3.31	3.31	32	32	20.2	20.2	-	-
OG0004197	457.5	0	2	2	0.72	0.72	3.31	3.31	29	29	21	21	#N/A	#N/A
OG0004198	291	0	2	2	0.72	0.72	3.31	3.31	29	29	21	21	Belongs to the class I-like SAM-binding methyltransferase superfamily. RNA M5U methyltransferase family	J
OG0004219	178.5	0	2	2	0.78	0.78	3.31	3.31	29	29	22.5	22.5	#N/A	#N/A
OG0004245	495	0	2	2	0.64	0.64	3.31	3.31	29	29	18.5	18.5	-	-
OG0004248	264	0	2	2	0.69	0.69	3.31	3.31	29	29	20	20	#N/A	#N/A
OG0004402	1261.5	0	2	2	0.62	0.62	3.31	3.31	29	29	18	18	Fumarylacetoacetase N-terminal	Q
OG0004422	654	0	2	2	0.64	0.64	3.31	3.31	29	29	18.5	18.5	-	-
OG0004539	270	0	2	2	0.71	0.71	3.31	3.31	29	29	20.5	20.5	#N/A	#N/A
OG0004585	354	0	2	2	0.67	0.67	3.31	3.31	29	29	19.5	19.5	-	-
OG0004608	321	0	2	2	0.74	0.74	3.31	3.31	29	29	21.5	21.5	#N/A	#N/A
OG0004771	685.5	0.5	2	2	0.66	1	3.31	2.94	29	19	19	19	Catalyzes the reversible conversion of ribose-5- phosphate to ribulose 5-phosphate	G
OG0000439	627	0.05	77	80	0.28	0.28	3.32	3.33	74	74	20.55	20.55	Putative cell-wall binding lipoprotein	L
OG0000480	1068	0.05	77	79	0.3	0.3	3.32	3.33	64	64	19.35	19.35	Belongs to the NOS family. Bacterial NOS oxygenase subfamily	C
OG0000501	462	0.03	77	79	0.33	0.34	3.32	3.31	65	64	21.66	21.66	ComE operon protein 2	F
OG0000604	723	0.03	77	78	0.54	0.54	3.32	3.32	46	46	24.88	24.88	it plays a direct role in the translocation of protons across the membrane	C
OG0000640	906	0.03	76	78	0.18	0.21	3.32	3.27	88	76	15.62	15.62	penicillin-binding protein	M
OG0000706	618	0.04	77	78	0.24	0.24	3.32	3.33	78	77	18.86	18.86	initiation protein	D
OG0000761	1455	0.04	77	78	0.44	0.44	3.32	3.31	52	52	23.08	23.08	Catalyzes the attachment of glutamate to tRNA(Glu) in a two-step reaction glutamate is first activated by ATP to form Glu-AMP and then transferred to the acceptor end of tRNA(Glu)	J
OG0000948	2415	0.04	77	77	0.27	0.27	3.32	3.32	71	70	19.17	19.17	Belongs to the class-I aminoacyl-tRNA synthetase family	J
OG0001013	642	0.05	77	77	0.26	0.27	3.32	3.31	75	73	19.64	19.64	O-methyltransferase	S
OG0001041	1341	0.03	77	77	0.29	0.29	3.32	3.31	70	70	20.13	20.13	DEAD-box RNA helicase. May work in conjunction with the cold shock proteins to ensure proper initiation of transcription at low and optimal temperatures	JKL
OG0001215	552	0.05	77	77	0.28	0.28	3.32	3.33	75	75	20.99	20.99	Removes the formyl group from the N-terminal Met of newly synthesized proteins. Requires at least a dipeptide for an efficient rate of reaction. N-terminal L-methionine is a prerequisite for activity but the enzyme has broad specificity at other positions	J
OG0001408	234	0.04	76	76	0.47	0.47	3.32	3.31	50	50	23.63	23.63	Protein of unknown function (DUF1146)	S
OG0001422	978	0.05	76	76	0.2	0.21	3.32	3.33	91	90	18.54	18.54	peptidyl-prolyl isomerase	M
OG0001447	234	0.01	76	76	0.27	0.28	3.32	3.32	67	66	18.18	18.18	Carrier of the growing fatty acid chain in fatty acid biosynthesis	IQ
OG0001451	804	0.07	76	76	0.34	0.34	3.32	3.32	63	63	21.7	21.7	"ABC-type spermidine putrescine transport system, permease component I"	P
OG0001503	207	0.07	74	74	0.47	0.47	3.32	3.32	44	44	20.76	20.76	-	-
OG0002945	570	0	8	8	0.63	0.63	3.32	3.32	35	35	22.12	22.12	leucine binding	E
OG0003175	117	1	6	6	0.26	NA	3.32	NA	35	0	9.17	9.17	#N/A	#N/A
OG0003473	1191	0	5	5	0.51	0.51	3.32	3.32	34	34	17.2	17.2	Major facilitator Superfamily	EGP
OG0003785	1365	0	3	3	0.63	0.63	3.32	3.32	31	31	19.67	19.67	Glutamine synthetase	E
OG0003985	633	0	3	3	0.61	0.61	3.32	3.32	30	30	18.33	18.33	-	-
OG0003995	405	0	3	3	0.55	0.55	3.32	3.32	31	31	17	17	#N/A	#N/A
OG0004237	205.5	0.5	2	2	0.83	1	3.32	3.18	29	24	24	24	"ABC-type spermidine putrescine transport system, permease component I"	P
OG0004300	774	0	2	2	0.79	0.79	3.32	3.32	29	29	23	23	"Catalyzes a 2-step reaction, involving the ATP-dependent carboxylation of the covalently attached biotin in the first step and the transfer of the carboxyl group to pyruvate in the second"	C
OG0004301	357	0	2	2	0.83	0.83	3.32	3.32	29	29	24	24	-	-
OG0004328	267	0.5	2	2	0.52	0.54	3.32	3.3	28	27	14.5	14.5	Belongs to the class-I aminoacyl-tRNA synthetase family	J
OG0004736	2571	0	2	2	0.81	0.81	3.32	3.32	29	29	23.5	23.5	#N/A	#N/A
OG0000125	1509	0.05	77	135	0.22	0.22	3.33	3.33	77	76	16.95	16.95	transporter	E
OG0000382	966	0.05	72	81	0.24	0.25	3.33	3.32	78	75	18.9	18.9	Competence protein	S
OG0000442	2610	0.04	77	80	0.17	0.17	3.33	3.32	99	96	16.66	16.66	"Part of a stress-induced multi-chaperone system, it is involved in the recovery of the cell from heat-induced damage, in cooperation with DnaK, DnaJ and GrpE"	O
OG0000464	447	0.01	77	79	0.2	0.2	3.33	3.33	82	82	16.09	16.09	Binds to the 23S rRNA	J
OG0000606	540	0.03	77	78	0.52	0.52	3.33	3.33	47	47	24.49	24.49	"F(1)F(0) ATP synthase produces ATP from ADP in the presence of a proton or sodium gradient. F-type ATPases consist of two structural domains, F(1) containing the extramembraneous catalytic core and F(0) containing the membrane proton channel, linked together by a central stalk and a peripheral stalk. During catalysis, ATP synthesis in the catalytic domain of F(1) is coupled via a rotary mechanism of the central stalk subunits to proton translocation"	C
OG0000754	414	0.04	77	78	0.17	0.17	3.33	3.32	89	88	14.78	14.78	"Interacts with and stabilizes bases of the 16S rRNA that are involved in tRNA selection in the A site and with the mRNA backbone. Located at the interface of the 30S and 50S subunits, it traverses the body of the 30S subunit contacting proteins on the other side and probably holding the rRNA structure together. The combined cluster of proteins S8, S12 and S17 appears to hold together the shoulder and platform of the 30S subunit"	J
OG0000895	1026	0.05	77	77	0.23	0.24	3.33	3.33	79	77	18.34	18.34	"Required for the formation of a threonylcarbamoyl group on adenosine at position 37 (t(6)A37) in tRNAs that read codons beginning with adenine. Is involved in the transfer of the threonylcarbamoyl moiety of threonylcarbamoyl-AMP (TC-AMP) to the N6 group of A37, together with TsaE and TsaB. TsaD likely plays a direct catalytic role in this reaction"	J
OG0001010	261	0.04	77	77	0.28	0.28	3.33	3.34	71	70	19.61	19.61	Belongs to the UPF0297 family	S
OG0001110	1155	0.06	77	77	0.27	0.27	3.33	3.34	72	71	19.18	19.18	hydrolase activity	E
OG0001111	720	0.06	77	77	0.26	0.27	3.33	3.33	72	71	18.94	18.94	Catalyzes the transfer of an acetyl group from acetyl- CoA to tetrahydrodipicolinate	E
OG0001209	435	0.04	77	77	0.23	0.23	3.33	3.31	82	81	18.95	18.95	Belongs to the UPF0342 family	S
OG0001221	1302	0.04	77	77	0.23	0.24	3.33	3.32	85	81	19.74	19.74	-	-
OG0001252	717	0.06	77	77	0.24	0.26	3.33	3.32	76	72	18.4	18.4	Enables the recognition and targeting of unfolded and aggregated proteins to the ClpC protease or to other proteins involved in proteolysis	NOT
OG0001374	774	0.19	77	77	0.36	0.37	3.33	3.34	63	60	22.42	22.42	Deoxyribonuclease	L
OG0002294	984	0.05	22	22	0.5	0.5	3.33	3.33	40	40	20	20	Pyridoxal-phosphate dependent enzyme	E
OG0002723	1164	0	12	12	0.47	0.47	3.33	3.33	41	41	19.25	19.25	2-keto-3-deoxygluconate permease	P
OG0002851	420	0	10	10	0.43	0.43	3.33	3.33	41	41	17.6	17.6	Protein of unknown function (DUF1348)	S
OG0003984	603	0	3	3	0.62	0.62	3.33	3.33	30	30	18.67	18.67	-	-
OG0004001	372	0	3	3	0.71	0.71	3.33	3.33	31	31	22	22	-	-
OG0004242	412.5	0.5	2	2	0.5	0.74	3.33	2.94	28	19	14	14	NUDIX domain	I
OG0004410	208.5	0	2	2	0.5	0.5	3.33	3.33	28	28	14	14	#N/A	#N/A
OG0004421	423	0	2	2	0.5	0.5	3.33	3.33	28	28	14	14	-	-
OG0004455	726	0	2	2	0.57	0.57	3.33	3.33	29	29	16.5	16.5	HNH endonuclease	V
OG0004586	390	0	2	2	0.57	0.57	3.33	3.33	29	29	16.5	16.5	This protein specifically catalyzes the removal of signal peptides from prolipoproteins	MU
OG0005047	276	1	1	1	1	NA	3.33	NA	28	0	28	28	-	-
OG0005048	513	1	1	1	1	NA	3.33	NA	28	0	28	28	-	-
OG0005152	288	1	1	1	1	NA	3.33	NA	28	0	28	28	#N/A	#N/A
OG0005458	141	0	1	1	1	1	3.33	3.33	28	28	28	28	#N/A	#N/A
OG0005626	327	0	1	1	1	1	3.33	3.33	28	28	28	28	#N/A	#N/A
OG0005749	249	0	1	1	1	1	3.33	3.33	28	28	28	28	#N/A	#N/A
OG0005755	609	0	1	1	1	1	3.33	3.33	28	28	28	28	#N/A	#N/A
OG0005761	567	0	1	1	1	1	3.33	3.33	28	28	28	28	#N/A	#N/A
OG0005824	228	1	1	1	1	NA	3.33	NA	28	0	28	28	#N/A	#N/A
OG0005825	246	1	1	1	1	NA	3.33	NA	28	0	28	28	#N/A	#N/A
OG0005827	306	0	1	1	1	1	3.33	3.33	28	28	28	28	#N/A	#N/A
OG0005833	246	0	1	1	1	1	3.33	3.33	28	28	28	28	#N/A	#N/A
OG0005896	357	0	1	1	1	1	3.33	3.33	28	28	28	28	#N/A	#N/A
OG0005979	594	0	1	1	1	1	3.33	3.33	28	28	28	28	#N/A	#N/A
OG0006024	378	0	1	1	1	1	3.33	3.33	28	28	28	28	PTS system enzyme II sorbitol-specific factor	G
OG0006027	615	0	1	1	1	1	3.33	3.33	28	28	28	28	SAF	E
OG0006071	243	0	1	1	1	1	3.33	3.33	28	28	28	28	GTP-binding protein TrmE N-terminus	S
OG0006087	291	0	1	1	1	1	3.33	3.33	28	28	28	28	KduI/IolB family	G
OG0006125	216	0	1	1	1	1	3.33	3.33	28	28	28	28	Specifically dimethylates two adjacent adenosines (A1518 and A1519) in the loop of a conserved hairpin near the 3'-end of 16S rRNA in the 30S particle. May play a critical role in biogenesis of 30S subunits	J
OG0006126	324	0	1	1	1	1	3.33	3.33	28	28	28	28	Specifically dimethylates two adjacent adenosines (A1518 and A1519) in the loop of a conserved hairpin near the 3'-end of 16S rRNA in the 30S particle. May play a critical role in biogenesis of 30S subunits	J
OG0006127	207	0	1	1	1	1	3.33	3.33	28	28	28	28	Catalyzes the phosphorylation of the position 2 hydroxy group of 4-diphosphocytidyl-2C-methyl-D-erythritol	I
OG0006140	717	0	1	1	1	1	3.33	3.33	28	28	28	28	Catalyzes the attachment of glutamate to tRNA(Glu) in a two-step reaction glutamate is first activated by ATP to form Glu-AMP and then transferred to the acceptor end of tRNA(Glu)	J
OG0006194	282	0	1	1	1	1	3.33	3.33	28	28	28	28	"Catalyzes the complex heterocyclic radical-mediated conversion of 6-carboxy-5,6,7,8-tetrahydropterin (CPH4) to 7- carboxy-7-deazaguanine (CDG), a step common to the biosynthetic pathways of all 7-deazapurine-containing compounds"	H
OG0006204	234	0	1	1	1	1	3.33	3.33	28	28	28	28	ATP-binding protein	E
OG0006205	222	0	1	1	1	1	3.33	3.33	28	28	28	28	ATP-binding protein	E
OG0006206	405	0	1	1	1	1	3.33	3.33	28	28	28	28	Glycine betaine	P
OG0006223	285	0	1	1	1	1	3.33	3.33	28	28	28	28	Belongs to the glyceraldehyde-3-phosphate dehydrogenase family	G
OG0006242	96	0	1	1	1	1	3.33	3.33	28	28	28	28	#N/A	#N/A
OG0006247	357	0	1	1	1	1	3.33	3.33	28	28	28	28	"Catalyzes the removal of elemental sulfur and selenium atoms from L-cysteine, L-cystine, L-selenocysteine, and L- selenocystine to produce L-alanine"	E
OG0006261	240	0	1	1	1	1	3.33	3.33	28	28	28	28	Pseudouridine synthase	J
OG0006263	291	0	1	1	1	1	3.33	3.33	28	28	28	28	Acts as a magnesium transporter	P
OG0006264	150	0	1	1	1	1	3.33	3.33	28	28	28	28	#N/A	#N/A
OG0006282	270	0	1	1	1	1	3.33	3.33	28	28	28	28	Belongs to the globin family	C
OG0006284	315	0	1	1	1	1	3.33	3.33	28	28	28	28	Part of the phosphoribosylformylglycinamidine synthase complex involved in the purines biosynthetic pathway. Catalyzes the ATP-dependent conversion of formylglycinamide ribonucleotide (FGAR) and glutamine to yield formylglycinamidine ribonucleotide (FGAM) and glutamate. The FGAM synthase complex is composed of three subunits. PurQ produces an ammonia molecule by converting glutamine to glutamate. PurL transfers the ammonia molecule to FGAR to form FGAM in an ATP-dependent manner. PurS interacts with PurQ and PurL and is thought to assist in the transfer of the ammonia molecule from PurQ to PurL	F
OG0006285	147	0	1	1	1	1	3.33	3.33	28	28	28	28	Phosphoribosylformylglycinamidine cyclo-ligase	F
OG0006286	156	0	1	1	1	1	3.33	3.33	28	28	28	28	"Catalyzes the transfer of a formyl group from 10- formyltetrahydrofolate to 5-phospho-ribosyl-glycinamide (GAR), producing 5-phospho-ribosyl-N-formylglycinamide (FGAR) and tetrahydrofolate"	F
OG0006296	276	0	1	1	1	1	3.33	3.33	28	28	28	28	#N/A	#N/A
OG0006319	99	0	1	1	1	1	3.33	3.33	28	28	28	28	#N/A	#N/A
OG0006332	444	0	1	1	1	1	3.33	3.33	28	28	28	28	Permease family	F
OG0006335	150	0	1	1	1	1	3.33	3.33	28	28	28	28	Belongs to the CarB family	F
OG0006364	354	0	1	1	1	1	3.33	3.33	28	28	28	28	Required for replicative DNA synthesis. This DNA polymerase also exhibits 3' to 5' exonuclease activity	L
OG0006365	228	0	1	1	1	1	3.33	3.33	28	28	28	28	Bacterial DNA polymerase III alpha subunit	L
OG0006374	708	0	1	1	1	1	3.33	3.33	28	28	28	28	Involved in mRNA degradation. Catalyzes the phosphorolysis of single-stranded polyribonucleotides processively in the 3'- to 5'-direction	J
OG0006380	387	0	1	1	1	1	3.33	3.33	28	28	28	28	Endoribonuclease that initiates mRNA decay	S
OG0006386	258	0	1	1	1	1	3.33	3.33	28	28	28	28	#N/A	#N/A
OG0006387	207	0	1	1	1	1	3.33	3.33	28	28	28	28	#N/A	#N/A
OG0006388	195	0	1	1	1	1	3.33	3.33	28	28	28	28	"This protein is involved in the repair of mismatches in DNA. It is required for dam-dependent methyl-directed DNA mismatch repair. May act as a molecular matchmaker , a protein that promotes the formation of a stable complex between two or more DNA-binding proteins in an ATP-dependent manner without itself being part of a final effector complex"	L
OG0006389	231	0	1	1	1	1	3.33	3.33	28	28	28	28	#N/A	#N/A
OG0006390	159	0	1	1	1	1	3.33	3.33	28	28	28	28	#N/A	#N/A
OG0006399	153	0	1	1	1	1	3.33	3.33	28	28	28	28	#N/A	#N/A
OG0006411	465	0	1	1	1	1	3.33	3.33	28	28	28	28	Oligoendopeptidase F	E
OG0006414	135	0	1	1	1	1	3.33	3.33	28	28	28	28	#N/A	#N/A
OG0006415	186	0	1	1	1	1	3.33	3.33	28	28	28	28	#N/A	#N/A
OG0006518	228	0	1	1	1	1	3.33	3.33	28	28	28	28	"The RuvA-RuvB complex in the presence of ATP renatures cruciform structure in supercoiled DNA with palindromic sequence, indicating that it may promote strand exchange reactions in homologous recombination. RuvAB is a helicase that mediates the Holliday junction migration by localized denaturation and reannealing"	L
OG0006528	126	0	1	1	1	1	3.33	3.33	28	28	28	28	#N/A	#N/A
OG0006529	249	0	1	1	1	1	3.33	3.33	28	28	28	28	Tetrapolymerization of the monopyrrole PBG into the hydroxymethylbilane pre-uroporphyrinogen in several discrete steps	H
OG0006530	183	0	1	1	1	1	3.33	3.33	28	28	28	28	Catalyzes the NADPH-dependent reduction of glutamyl- tRNA(Glu) to glutamate 1-semialdehyde (GSA)	H
OG0006538	237	0	1	1	1	1	3.33	3.33	28	28	28	28	Isocitrate/isopropylmalate dehydrogenase	C
OG0006540	333	0	1	1	1	1	3.33	3.33	28	28	28	28	"Catalyzes the phosphorylation of D-fructose 6-phosphate to fructose 1,6-bisphosphate by ATP, the first committing step of glycolysis"	F
OG0006543	111	0	1	1	1	1	3.33	3.33	28	28	28	28	#N/A	#N/A
OG0006549	93	0	1	1	1	1	3.33	3.33	28	28	28	28	#N/A	#N/A
OG0006551	225	0	1	1	1	1	3.33	3.33	28	28	28	28	COG1104 Cysteine sulfinate desulfinase cysteine desulfurase and related enzymes	E
OG0006552	123	0	1	1	1	1	3.33	3.33	28	28	28	28	#N/A	#N/A
OG0006556	135	0	1	1	1	1	3.33	3.33	28	28	28	28	#N/A	#N/A
OG0006557	207	0	1	1	1	1	3.33	3.33	28	28	28	28	#N/A	#N/A
OG0006565	192	0	1	1	1	1	3.33	3.33	28	28	28	28	Belongs to the MurCDEF family	M
OG0006566	309	0	1	1	1	1	3.33	3.33	28	28	28	28	Belongs to the FtsK SpoIIIE SftA family	D
OG0006574	267	0	1	1	1	1	3.33	3.33	28	28	28	28	Dipeptidase	E
OG0006575	114	0	1	1	1	1	3.33	3.33	28	28	28	28	#N/A	#N/A
OG0006576	144	0	1	1	1	1	3.33	3.33	28	28	28	28	#N/A	#N/A
OG0006577	306	0	1	1	1	1	3.33	3.33	28	28	28	28	Belongs to the class-I aminoacyl-tRNA synthetase family	J
OG0006578	306	0	1	1	1	1	3.33	3.33	28	28	28	28	Belongs to the class-I aminoacyl-tRNA synthetase family	J
OG0006579	570	0	1	1	1	1	3.33	3.33	28	28	28	28	Belongs to the class-I aminoacyl-tRNA synthetase family	J
OG0006580	210	0	1	1	1	1	3.33	3.33	28	28	28	28	Putative rRNA methylase	M
OG0006581	192	0	1	1	1	1	3.33	3.33	28	28	28	28	#N/A	#N/A
OG0006585	369	0	1	1	1	1	3.33	3.33	28	28	28	28	#N/A	#N/A
OG0006587	204	0	1	1	1	1	3.33	3.33	28	28	28	28	Prolyl oligopeptidase family	E
OG0006602	201	0	1	1	1	1	3.33	3.33	28	28	28	28	#N/A	#N/A
OG0006614	348	0	1	1	1	1	3.33	3.33	28	28	28	28	#N/A	#N/A
OG0006632	99	0	1	1	1	1	3.33	3.33	28	28	28	28	#N/A	#N/A
OG0006655	435	0	1	1	1	1	3.33	3.33	28	28	28	28	"Involved in cell wall formation. Catalyzes the final step in the synthesis of UDP-N-acetylmuramoyl-pentapeptide, the precursor of murein"	M
OG0006656	339	0	1	1	1	1	3.33	3.33	28	28	28	28	Belongs to the SEDS family	D
OG0006663	168	0	1	1	1	1	3.33	3.33	28	28	28	28	Catalyzes the conversion of uracil and 5-phospho-alpha- D-ribose 1-diphosphate (PRPP) to UMP and diphosphate	F
OG0006664	162	0	1	1	1	1	3.33	3.33	28	28	28	28	Catalyzes the conversion of uracil and 5-phospho-alpha- D-ribose 1-diphosphate (PRPP) to UMP and diphosphate	F
OG0006665	243	0	1	1	1	1	3.33	3.33	28	28	28	28	"Catalyzes the reversible interconversion of serine and glycine with tetrahydrofolate (THF) serving as the one-carbon carrier. This reaction serves as the major source of one-carbon groups required for the biosynthesis of purines, thymidylate, methionine, and other important biomolecules. Also exhibits THF- independent aldolase activity toward beta-hydroxyamino acids, producing glycine and aldehydes, via a retro-aldol mechanism"	E
OG0006704	195	0	1	1	1	1	3.33	3.33	28	28	28	28	factor large subunit	H
OG0006706	258	0	1	1	1	1	3.33	3.33	28	28	28	28	#N/A	#N/A
OG0006729	168	0	1	1	1	1	3.33	3.33	28	28	28	28	#N/A	#N/A
OG0006732	111	0	1	1	1	1	3.33	3.33	28	28	28	28	#N/A	#N/A
OG0006901	129	0	1	1	1	1	3.33	3.33	28	28	28	28	#N/A	#N/A
OG0006930	1011	0	1	1	1	1	3.33	3.33	28	28	28	28	homoserine kinase type II (protein kinase fold)	S
OG0006991	243	0	1	1	1	1	3.33	3.33	28	28	28	28	#N/A	#N/A
OG0007395	225	0	1	1	1	1	3.33	3.33	28	28	28	28	The glycine cleavage system catalyzes the degradation of glycine	E
OG0007683	171	0	1	1	1	1	3.33	3.33	28	28	28	28	#N/A	#N/A
OG0007685	195	0	1	1	1	1	3.33	3.33	28	28	28	28	#N/A	#N/A
OG0007722	210	0	1	1	1	1	3.33	3.33	28	28	28	28	#N/A	#N/A
OG0007824	549	0	1	1	1	1	3.33	3.33	28	28	28	28	#N/A	#N/A
OG0007828	126	0	1	1	1	1	3.33	3.33	28	28	28	28	#N/A	#N/A
OG0007916	183	1	1	1	1	NA	3.33	NA	28	0	28	28	#N/A	#N/A
OG0007974	246	1	1	1	1	NA	3.33	NA	28	0	28	28	#N/A	#N/A
OG0008127	159	0	1	1	1	1	3.33	3.33	28	28	28	28	#N/A	#N/A
OG0008154	144	0	1	1	1	1	3.33	3.33	28	28	28	28	#N/A	#N/A
OG0008204	165	0	1	1	1	1	3.33	3.33	28	28	28	28	#N/A	#N/A
OG0000721	2190	0.04	77	78	0.29	0.29	3.34	3.34	73	72	21.13	21.13	Part of the phosphoribosylformylglycinamidine synthase complex involved in the purines biosynthetic pathway. Catalyzes the ATP-dependent conversion of formylglycinamide ribonucleotide (FGAR) and glutamine to yield formylglycinamidine ribonucleotide (FGAM) and glutamate. The FGAM synthase complex is composed of three subunits. PurQ produces an ammonia molecule by converting glutamine to glutamate. PurL transfers the ammonia molecule to FGAR to form FGAM in an ATP-dependent manner. PurS interacts with PurQ and PurL and is thought to assist in the transfer of the ammonia molecule from PurQ to PurL	F
OG0000864	798	0.08	77	77	0.27	0.27	3.34	3.34	69	68	18.47	18.47	"Catalyzes the phosphorylation of pantothenate (Pan), the first step in CoA biosynthesis"	F
OG0000878	405	0.04	77	77	0.43	0.43	3.34	3.34	57	57	24.38	24.38	Produces ATP from ADP in the presence of a proton gradient across the membrane	C
OG0000940	306	0.03	77	77	0.3	0.31	3.34	3.34	71	69	21.43	21.43	-	-
OG0000967	1200	0.04	77	77	0.25	0.25	3.34	3.34	75	75	18.88	18.88	Catalyzes the formation of acetyl phosphate from acetate and ATP. Can also catalyze the reverse reaction	F
OG0001058	1338	0.08	77	77	0.39	0.4	3.34	3.34	57	55	22.09	22.09	"Bidirectionally degrades single-stranded DNA into large acid-insoluble oligonucleotides, which are then degraded further into small acid-soluble oligonucleotides"	L
OG0001064	921	0.05	77	77	0.28	0.28	3.34	3.34	74	74	20.39	20.39	"Zinc phosphodiesterase, which displays some tRNA 3'- processing endonuclease activity. Probably involved in tRNA maturation, by removing a 3'-trailer from precursor tRNA"	J
OG0001138	867	0.01	77	77	0.26	0.26	3.34	3.33	69	69	18.04	18.04	"COG1013 Pyruvate ferredoxin oxidoreductase and related 2-oxoacid ferredoxin oxidoreductases, beta subunit"	C
OG0001156	909	0.06	77	77	0.19	0.2	3.34	3.33	88	86	16.9	16.9	"Succinyl-CoA synthetase functions in the citric acid cycle (TCA), coupling the hydrolysis of succinyl-CoA to the synthesis of either ATP or GTP and thus represents the only step of substrate-level phosphorylation in the TCA. The alpha subunit of the enzyme binds the substrates coenzyme A and phosphate, while succinate binding and nucleotide specificity is provided by the beta subunit"	C
OG0001220	267	0.04	77	77	0.23	0.25	3.34	3.33	82	78	19.26	19.26	Phosphocarrier protein HPr	G
OG0001251	1809	0.05	77	77	0.23	0.23	3.34	3.34	84	83	19.12	19.12	Oligopeptidase F	E
OG0001312	1005	0	77	77	0.24	0.24	3.34	3.34	81	81	19.29	19.29	allophanate hydrolase subunit 2	E
OG0001313	708	0	77	77	0.23	0.23	3.34	3.34	82	82	19.26	19.26	allophanate hydrolase subunit 1	E
OG0001428	225	0.03	76	76	0.33	0.33	3.34	3.34	62	62	20.71	20.71	-	-
OG0001778	783	0.07	55	55	0.3	0.3	3.34	3.35	56	56	16.64	16.64	"ABC transporter, ATP-binding protein"	P
OG0002793	1416	0.1	10	10	0.39	0.4	3.34	3.32	41	40	15.8	15.8	"FAD linked oxidases, C-terminal domain"	C
OG0003061	396	0	7	7	0.43	0.43	3.34	3.34	39	39	16.86	16.86	#N/A	#N/A
OG0003132	285	0.29	3	7	0.54	0.56	3.34	3.32	31	30	16.71	16.71	MmgE/PrpD family	S
OG0003393	522	0	5	5	0.69	0.69	3.34	3.34	32	32	22.2	22.2	-	-
OG0003395	474	0	5	5	0.62	0.62	3.34	3.34	33	33	20.4	20.4	-	-
OG0003936	156	0	3	3	0.6	0.6	3.34	3.34	32	32	19.33	19.33	#N/A	#N/A
OG0004064	1101	0.33	3	3	0.54	0.91	3.34	2.89	30	18	16.33	16.33	#N/A	#N/A
OG0004067	144	0	3	3	0.57	0.57	3.34	3.34	31	31	17.67	17.67	#N/A	#N/A
OG0004127	156	0	2	2	0.73	0.73	3.34	3.34	30	30	22	22	#N/A	#N/A
OG0004134	372	0	2	2	0.75	0.75	3.34	3.34	30	30	22.5	22.5	#N/A	#N/A
OG0004236	331.5	0	2	2	0.75	0.75	3.34	3.34	30	30	22.5	22.5	#N/A	#N/A
OG0004389	625.5	0	2	2	0.55	0.55	3.34	3.34	29	29	16	16	-	-
OG0004400	1005	0	2	2	0.55	0.55	3.34	3.34	29	29	16	16	"COG3943, virulence protein"	S
OG0004448	2241	0	2	2	0.9	0.9	3.34	3.34	29	29	26	26	#N/A	#N/A
OG0004490	294	0	2	2	0.7	0.7	3.34	3.34	30	30	21	21	#N/A	#N/A
OG0004491	399	0	2	2	0.7	0.7	3.34	3.34	30	30	21	21	#N/A	#N/A
OG0004609	129	0	2	2	0.65	0.65	3.34	3.34	30	30	19.5	19.5	#N/A	#N/A
OG0004647	472.5	0	2	2	0.7	0.7	3.34	3.34	30	30	21	21	Belongs to the 'phage' integrase family	L
OG0004658	2134.5	0	2	2	0.68	0.68	3.34	3.34	30	30	20.5	20.5	#N/A	#N/A
OG0000404	1066.5	0.1	77	80	0.25	0.26	3.35	3.35	73	70	18.14	18.14	racemase	E
OG0000427	816	0.05	77	80	0.27	0.27	3.35	3.35	73	73	19.98	19.98	Catalyzes the reduction of 1-pyrroline-5-carboxylate (PCA) to L-proline	E
OG0000522	1674	0.03	77	79	0.23	0.23	3.35	3.35	82	82	18.91	18.91	An RNase that has 5'-3' exonuclease and possibly endonuclease activity. Involved in maturation of rRNA and in some organisms also mRNA maturation and or decay	J
OG0000581	912	0.01	77	78	0.18	0.18	3.35	3.36	88	88	15.54	15.54	Predicted membrane protein (DUF2232)	S
OG0000582	1968	0.03	77	78	0.19	0.19	3.35	3.34	87	85	16.36	16.36	signaling protein consisting of a modified GGDEF domain and a DHH domain	T
OG0000596	1254	0.03	77	78	0.42	0.43	3.35	3.34	52	51	21.79	21.79	"Catalyzes the incorporation of amino acid(s) into the interchain peptide bridge of peptidoglycan, using aminoacyl-tRNA as amino acid donor"	V
OG0000607	639	0.06	77	78	0.42	0.43	3.35	3.34	52	51	22.01	22.01	Condenses 4-methyl-5-(beta-hydroxyethyl)thiazole monophosphate (THZ-P) and 2-methyl-4-amino-5-hydroxymethyl pyrimidine pyrophosphate (HMP-PP) to form thiamine monophosphate (TMP)	H
OG0000623	819	0.03	77	78	0.33	0.33	3.35	3.35	66	65	21.77	21.77	Regulatory protein RecX	S
OG0000660	891	0.04	77	78	0.29	0.3	3.35	3.34	69	68	20.23	20.23	Endonuclease IV plays a role in DNA repair. It cleaves phosphodiester bonds at apurinic or apyrimidinic sites (AP sites) to produce new 5'-ends that are base-free deoxyribose 5-phosphate residues. It preferentially attacks modified AP sites created by bleomycin and neocarzinostatin	L
OG0000675	705	0.04	77	78	0.29	0.3	3.35	3.35	69	67	20.05	20.05	"Involved in the import of queuosine (Q) precursors, required for Q precursor salvage"	S
OG0000676	1074	0.08	77	78	0.25	0.25	3.35	3.36	78	76	19.24	19.24	Catalyzes the interconversion of L-alanine and D- alanine. May also act on other amino acids	E
OG0000718	1113	0.05	77	78	0.24	0.24	3.35	3.35	85	85	20.35	20.35	Dehydrogenase E1 component	C
OG0000730	1194	0.05	77	78	0.16	0.18	3.35	3.31	102	92	16.76	16.76	"permease that is required for glycolipid anchoring of LTA. May facilitate the transport of diglucosyl- diacylglycerol (Glc2-DAG) from the inner to the outer leaflet of the cytoplasmic membrane, delivering Glc2-DAG as a substrate for LTA synthesis, thereby generating glycolipid-anchored LTA. Appears to play an important role in virulence"	EGP
OG0000820	171	0.04	77	77	0.34	0.36	3.35	3.34	57	55	19.58	19.58	-	-
OG0000882	792	0.06	77	77	0.41	0.43	3.35	3.34	54	52	22.25	22.25	Catalyzes the phosphorylation of the hydroxyl group of 4-methyl-5-beta-hydroxyethylthiazole (THZ)	H
OG0000884	294	0.06	77	77	0.39	0.4	3.35	3.35	54	53	20.97	20.97	protein conserved in bacteria	S
OG0001060	453	0.08	77	77	0.36	0.39	3.35	3.35	59	55	21.43	21.43	Regulates arginine biosynthesis genes	K
OG0001062	438	0.06	77	77	0.22	0.22	3.35	3.35	78	77	17.32	17.32	Belongs to the UPF0403 family	S
OG0001218	234	0.04	77	77	0.24	0.25	3.35	3.34	84	79	19.79	19.79	Glutaredoxin	O
OG0001243	771	0.05	77	77	0.2	0.21	3.35	3.34	95	91	19.08	19.08	Enoyl- acyl-carrier-protein reductase	I
OG0001315	594	0	77	77	0.23	0.23	3.35	3.35	82	82	19.16	19.16	component II	EH
OG0001330	804	0.03	77	77	0.28	0.28	3.35	3.35	63	63	17.65	17.65	ATP-binding protein	HP
OG0001448	927	0.01	76	76	0.25	0.25	3.35	3.35	78	78	19.3	19.3	Malonyl CoA-acyl carrier protein transacylase	I
OG0001507	1149	0.03	74	74	0.4	0.41	3.35	3.35	59	58	23.81	23.81	Radical SAM	S
OG0002369	348	0.05	19	19	0.54	0.56	3.35	3.35	39	38	21.21	21.21	-	-
OG0002377	480	0	19	19	0.6	0.6	3.35	3.35	38	38	22.79	22.79	"Involved in the biosynthesis of isopentenyl diphosphate (IPP) and dimethylallyl diphosphate (DMAPP), two major building blocks of isoprenoid compounds. Catalyzes the conversion of 4- diphosphocytidyl-2-C-methyl-D-erythritol 2-phosphate (CDP-ME2P) to 2-C-methyl-D-erythritol 2,4-cyclodiphosphate (ME-CPP) with a corresponding release of cytidine 5-monophosphate (CMP)"	I
OG0002713	189	0	12	12	0.71	0.71	3.35	3.35	34	34	24.25	24.25	-	-
OG0003350	519	0	5	5	0.41	0.41	3.35	3.35	37	37	15.2	15.2	Flavoprotein	H
OG0003618	711	0.25	4	4	0.53	0.74	3.35	3.09	32	23	17	17	#N/A	#N/A
OG0003625	1584	0	4	4	0.36	0.36	3.35	3.35	33	33	11.75	11.75	AMP-binding enzyme C-terminal domain	Q
OG0003781	936	0	3	3	0.61	0.61	3.35	3.35	32	32	19.67	19.67	transporter	S
OG0003994	264	0	3	3	0.54	0.54	3.35	3.35	32	32	17.33	17.33	#N/A	#N/A
OG0004269	157.5	0	2	2	0.52	0.52	3.35	3.35	29	29	15	15	Utp--glucose-1-phosphate uridylyltransferase	M
OG0004277	180	0	2	2	0.8	0.8	3.35	3.35	30	30	24	24	#N/A	#N/A
OG0004305	235.5	0	2	2	0.8	0.8	3.35	3.35	30	30	24	24	Transcriptional regulator	K
OG0004327	178.5	0.5	2	2	0.52	0.54	3.35	3.33	29	28	15	15	Phosphoribosylformylglycinamidine cyclo-ligase	F
OG0004401	1173	0	2	2	0.62	0.62	3.35	3.35	30	30	18.5	18.5	homogentisate 12-dioxygenase	Q
OG0004461	177	0	2	2	0.8	0.8	3.35	3.35	30	30	24	24	#N/A	#N/A
OG0004556	316.5	0	1	2	0.93	0.93	3.35	3.35	29	29	27	27	Involved in targeting and insertion of nascent membrane proteins into the cytoplasmic membrane. Acts as a receptor for the complex formed by the signal recognition particle (SRP) and the ribosome-nascent chain (RNC)	U
OG0004563	141	0	2	2	0.77	0.77	3.35	3.35	30	30	23	23	#N/A	#N/A
OG0004598	615	0.5	2	2	0.52	0.79	3.35	2.94	29	19	15	15	-	-
OG0004755	1704	0.5	2	2	0.52	0.79	3.35	2.94	29	19	15	15	KAP family P-loop domain	S
OG0004784	648	0.5	2	2	0.78	0.84	3.35	3.33	30	28	23.5	23.5	#N/A	#N/A
OG0000345	1485	0.04	77	82	0.27	0.27	3.36	3.37	77	76	20.62	20.62	Catalyzes the formation of phosphoribosylamine from phosphoribosylpyrophosphate (PRPP) and glutamine	F
OG0000500	678	0.04	77	79	0.34	0.34	3.36	3.35	68	67	22.92	22.92	DNA uptake protein and related DNA-binding	L
OG0000531	918	0.05	77	79	0.23	0.24	3.36	3.35	77	75	17.75	17.75	Responsible for synthesis of pseudouridine from uracil	J
OG0000605	525	0.04	77	78	0.55	0.55	3.36	3.36	46	46	25.17	25.17	"Component of the F(0) channel, it forms part of the peripheral stalk, linking F(1) to F(0)"	C
OG0000674	402	0.03	77	78	0.31	0.31	3.36	3.36	66	66	20.27	20.27	Cell wall enzyme EbsB	L
OG0000748	609	0	77	78	0.23	0.23	3.36	3.36	82	82	19.18	19.18	COG0115 Branched-chain amino acid aminotransferase 4-amino-4-deoxychorismate lyase	EH
OG0000819	318	0.04	77	77	0.35	0.36	3.36	3.34	56	54	19.56	19.56	-	-
OG0000876	867	0.04	77	77	0.5	0.5	3.36	3.36	51	51	25.35	25.35	Produces ATP from ADP in the presence of a proton gradient across the membrane. The gamma chain is believed to be important in regulating ATPase activity and the flow of protons through the CF(0) complex	C
OG0000941	714	0.03	77	77	0.3	0.31	3.36	3.36	72	70	21.94	21.94	Transaldolase	H
OG0000942	438	0.03	77	77	0.31	0.31	3.36	3.37	68	68	21.36	21.36	ComK protein	S
OG0000945	459	0.05	77	77	0.28	0.29	3.36	3.36	74	72	20.58	20.58	"Catalyzes the formation of 6,7-dimethyl-8- ribityllumazine by condensation of 5-amino-6-(D- ribitylamino)uracil with 3,4-dihydroxy-2-butanone 4-phosphate. This is the penultimate step in the biosynthesis of riboflavin"	H
OG0000962	603	0.01	77	77	0.24	0.24	3.36	3.36	80	80	19.18	19.18	"One of the primary rRNA binding proteins, it binds directly to 16S rRNA where it nucleates assembly of the body of the 30S subunit"	J
OG0001009	2400	0.04	77	77	0.3	0.3	3.36	3.36	71	70	21.26	21.26	"DNA-dependent ATPase and ATP-dependent 5'-3' DNA helicase. Has no activity on blunt DNA or DNA with 3'-overhangs, requires at least 10 bases of 5'-ssDNA for helicase activity"	L
OG0001139	1761	0.01	77	77	0.27	0.27	3.36	3.36	72	72	19.23	19.23	ferredoxin oxidoreductase	C
OG0001242	1086	0.05	77	77	0.2	0.21	3.36	3.34	94	90	19.06	19.06	AI-2E family transporter	S
OG0001249	372	0.05	77	77	0.21	0.21	3.36	3.35	89	88	18.55	18.55	Bacterial-like globin	S
OG0001427	450	0.03	76	76	0.32	0.33	3.36	3.36	67	66	21.68	21.68	-	-
OG0001730	1104	0.24	58	58	0.12	0.13	3.36	3.38	102	92	11.79	11.79	Mannitol-1-phosphate 5-dehydrogenase	G
OG0001828	294	0.04	50	50	0.48	0.5	3.36	3.35	51	49	24.38	24.38	-	-
OG0003640	282	0	4	4	0.84	0.84	3.36	3.36	31	31	26	26	"Cupin 2, conserved barrel domain protein"	L
OG0003746	115.5	1	1	4	0.27	NA	3.36	NA	31	0	8.5	8.5	#N/A	#N/A
OG0003806	1296	0	3	3	0.52	0.52	3.36	3.36	33	33	17	17	Type I restriction modification DNA specificity domain	V
OG0003817	231	0	3	3	0.49	0.49	3.36	3.36	33	33	16.33	16.33	Helix-turn-helix domain	S
OG0003971	861	0.33	3	3	0.57	0.77	3.36	3.08	30	22	17	17	#N/A	#N/A
OG0004162	400.5	0	2	2	0.57	0.57	3.36	3.36	30	30	17	17	#N/A	#N/A
OG0004199	1186.5	0	2	2	0.58	0.58	3.36	3.36	30	30	17.5	17.5	Belongs to the purine-cytosine permease (2.A.39) family	F
OG0004357	1300.5	0	2	2	0.83	0.83	3.36	3.36	30	30	25	25	#N/A	#N/A
OG0004358	256.5	0	2	2	0.83	0.83	3.36	3.36	30	30	25	25	-	-
OG0004370	166.5	0	2	2	0.83	0.83	3.36	3.36	30	30	25	25	#N/A	#N/A
OG0004470	411	0	2	2	0.58	0.58	3.36	3.36	30	30	17.5	17.5	-	-
OG0004479	295.5	0.5	2	2	0.58	0.8	3.36	3.09	30	22	17.5	17.5	-	-
OG0004603	709.5	0	1	2	0.83	0.83	3.36	3.36	30	30	25	25	Transposase	L
OG0000405	861	0.07	77	80	0.26	0.27	3.37	3.37	70	69	18.5	18.5	Spermine spermidine acetyltransferase	JK
OG0000690	2100	0.03	77	78	0.21	0.21	3.37	3.38	90	90	19.01	19.01	Involved in mRNA degradation. Catalyzes the phosphorolysis of single-stranded polyribonucleotides processively in the 3'- to 5'-direction	J
OG0000922	207	0.03	77	77	0.33	0.34	3.37	3.37	69	68	23.05	23.05	Belongs to the UPF0435 family	S
OG0000924	810	0.03	77	77	0.33	0.33	3.37	3.37	69	68	22.65	22.65	Peptidoglycan polymerase that catalyzes glycan chain elongation using lipid-linked disaccharide-pentapeptide as the substrate	M
OG0001042	861	0.01	77	77	0.3	0.3	3.37	3.37	69	68	20.6	20.6	ABC transporter	P
OG0001063	867	0.05	77	77	0.26	0.26	3.37	3.38	77	77	20.22	20.22	Transcriptional regulator	K
OG0001112	723	0.06	77	77	0.27	0.27	3.37	3.37	72	71	19.32	19.32	Catalyzes the conversion of 4-hydroxy- tetrahydrodipicolinate (HTPA) to tetrahydrodipicolinate	E
OG0001208	252	0.05	77	77	0.2	0.2	3.37	3.37	95	94	18.92	18.92	Uncharacterized protein conserved in bacteria (DUF2129)	S
OG0001250	789	0.06	77	77	0.21	0.21	3.37	3.36	90	89	18.78	18.78	Thioredoxin	Q
OG0001329	501	0.04	77	77	0.24	0.24	3.37	3.36	72	71	17.25	17.25	-	-
OG0001331	1230	0.01	77	77	0.27	0.27	3.37	3.37	66	66	17.73	17.73	Nucleoside	F
OG0001436	999	0.07	76	76	0.28	0.28	3.37	3.37	69	69	19.18	19.18	Dehydrogenase E1 component	C
OG0001480	249	0.07	75	75	0.17	0.17	3.37	3.36	103	101	17.25	17.25	UPF0154 protein	S
OG0001501	666	0.07	73	74	0.26	0.26	3.37	3.37	73	72	18.65	18.65	Protein of unknown function (DUF2750)	S
OG0001540	375	0.01	73	73	0.26	0.26	3.37	3.37	76	76	19.89	19.89	"Asp23 family, cell envelope-related function"	S
OG0001560	1353	0.04	69	72	0.27	0.28	3.37	3.37	76	75	20.76	20.76	"oxidase, subunit"	C
OG0002373	1107	0	19	19	0.45	0.45	3.37	3.37	46	46	20.63	20.63	"Converts 2C-methyl-D-erythritol 2,4-cyclodiphosphate (ME-2,4cPP) into 1-hydroxy-2-methyl-2-(E)-butenyl 4-diphosphate"	I
OG0002428	961.5	0.06	16	18	0.54	0.54	3.37	3.37	39	39	21.06	21.06	Putative multidrug resistance efflux transporter	EG
OG0002572	636	0	14	15	0.5	0.5	3.37	3.37	44	44	21.93	21.93	Pentapeptide repeats (8 copies)	S
OG0003326	1083	0	5	5	0.5	0.5	3.37	3.37	37	37	18.4	18.4	"transferase activity, transferring glycosyl groups"	M
OG0003917	165	0.67	3	3	0.38	0.42	3.37	3.33	31	28	11.67	11.67	#N/A	#N/A
OG0003958	186	0.67	3	3	0.44	0.74	3.37	2.94	32	19	14	14	4-oxalocrotonate tautomerase	S
OG0004293	402	0	2	2	0.71	0.71	3.37	3.37	31	31	22	22	Belongs to the citrate synthase family	C
OG0004551	132	0	2	2	0.9	0.9	3.37	3.37	30	30	27	27	#N/A	#N/A
OG0004681	462	0.5	2	2	0.5	0.91	3.37	2.77	29	16	14.5	14.5	Protein of unknown function (DUF3995)	S
OG0004716	216	0	2	2	0.55	0.55	3.37	3.37	30	30	16.5	16.5	#N/A	#N/A
OG0004747	192	0	2	2	0.69	0.69	3.37	3.37	31	31	21.5	21.5	#N/A	#N/A
OG0004750	2526	0	2	2	1	1	3.37	3.37	29	29	29	29	#N/A	#N/A
OG0005101	552	0	1	1	1	1	3.37	3.37	29	29	29	29	#N/A	#N/A
OG0005204	417	0	1	1	1	1	3.37	3.37	29	29	29	29	NUDIX domain	F
OG0005230	93	0	1	1	1	1	3.37	3.37	29	29	29	29	#N/A	#N/A
OG0005627	228	0	1	1	1	1	3.37	3.37	29	29	29	29	#N/A	#N/A
OG0005657	237	0	1	1	1	1	3.37	3.37	29	29	29	29	#N/A	#N/A
OG0005746	105	0	1	1	1	1	3.37	3.37	29	29	29	29	#N/A	#N/A
OG0005747	270	0	1	1	1	1	3.37	3.37	29	29	29	29	#N/A	#N/A
OG0005752	279	0	1	1	1	1	3.37	3.37	29	29	29	29	#N/A	#N/A
OG0005826	297	1	1	1	1	NA	3.37	NA	29	0	29	29	#N/A	#N/A
OG0005829	249	0	1	1	1	1	3.37	3.37	29	29	29	29	#N/A	#N/A
OG0005831	177	0	1	1	1	1	3.37	3.37	29	29	29	29	#N/A	#N/A
OG0005834	513	0	1	1	1	1	3.37	3.37	29	29	29	29	#N/A	#N/A
OG0005897	273	0	1	1	1	1	3.37	3.37	29	29	29	29	#N/A	#N/A
OG0005977	129	0	1	1	1	1	3.37	3.37	29	29	29	29	#N/A	#N/A
OG0005978	240	0	1	1	1	1	3.37	3.37	29	29	29	29	#N/A	#N/A
OG0006023	228	0	1	1	1	1	3.37	3.37	29	29	29	29	#N/A	#N/A
OG0006084	219	0	1	1	1	1	3.37	3.37	29	29	29	29	"Catalyzes the oxidation of malonate semialdehyde (MSA) and methylmalonate semialdehyde (MMSA) into acetyl-CoA and propanoyl-CoA, respectively"	C
OG0006086	216	0	1	1	1	1	3.37	3.37	29	29	29	29	KduI/IolB family	G
OG0006141	300	0	1	1	1	1	3.37	3.37	29	29	29	29	Serine acetyltransferase	E
OG0006142	312	0	1	1	1	1	3.37	3.37	29	29	29	29	"RNA polymerase Rpb2, domain 6"	K
OG0006156	423	0	1	1	1	1	3.37	3.37	29	29	29	29	oxidoreductase	S
OG0006169	120	0	1	1	1	1	3.37	3.37	29	29	29	29	#N/A	#N/A
OG0006174	114	0	1	1	1	1	3.37	3.37	29	29	29	29	#N/A	#N/A
OG0006175	165	0	1	1	1	1	3.37	3.37	29	29	29	29	#N/A	#N/A
OG0006201	120	0	1	1	1	1	3.37	3.37	29	29	29	29	#N/A	#N/A
OG0006202	237	0	1	1	1	1	3.37	3.37	29	29	29	29	ATP-dependent DNA helicase RecQ	L
OG0006203	255	0	1	1	1	1	3.37	3.37	29	29	29	29	DNA helicase	L
OG0006243	207	0	1	1	1	1	3.37	3.37	29	29	29	29	#N/A	#N/A
OG0006244	252	0	1	1	1	1	3.37	3.37	29	29	29	29	FeS assembly ATPase SufC	O
OG0006262	258	0	1	1	1	1	3.37	3.37	29	29	29	29	Pseudouridine synthase	J
OG0006265	225	0	1	1	1	1	3.37	3.37	29	29	29	29	Acts as a magnesium transporter	P
OG0006268	147	0	1	1	1	1	3.37	3.37	29	29	29	29	#N/A	#N/A
OG0006283	99	0	1	1	1	1	3.37	3.37	29	29	29	29	#N/A	#N/A
OG0006287	339	0	1	1	1	1	3.37	3.37	29	29	29	29	Bifunctional purine biosynthesis protein PurH	F
OG0006321	297	0	1	1	1	1	3.37	3.37	29	29	29	29	First step of the lipid cycle reactions in the biosynthesis of the cell wall peptidoglycan	M
OG0006322	222	0	1	1	1	1	3.37	3.37	29	29	29	29	#N/A	#N/A
OG0006323	213	0	1	1	1	1	3.37	3.37	29	29	29	29	Cell wall formation. Catalyzes the addition of glutamate to the nucleotide precursor UDP-N-acetylmuramoyl-L-alanine (UMA)	M
OG0006325	96	0	1	1	1	1	3.37	3.37	29	29	29	29	#N/A	#N/A
OG0006328	123	0	1	1	1	1	3.37	3.37	29	29	29	29	#N/A	#N/A
OG0006334	123	0	1	1	1	1	3.37	3.37	29	29	29	29	#N/A	#N/A
OG0006363	603	0	1	1	1	1	3.37	3.37	29	29	29	29	Required for replicative DNA synthesis. This DNA polymerase also exhibits 3' to 5' exonuclease activity	L
OG0006373	363	0	1	1	1	1	3.37	3.37	29	29	29	29	Belongs to the ribF family	H
OG0006383	258	0	1	1	1	1	3.37	3.37	29	29	29	29	"Catalyzes the methylthiolation of N6- (dimethylallyl)adenosine (i(6)A), leading to the formation of 2- methylthio-N6-(dimethylallyl)adenosine (ms(2)i(6)A) at position 37 in tRNAs that read codons beginning with uridine"	J
OG0006385	213	0	1	1	1	1	3.37	3.37	29	29	29	29	that it carries out the mismatch recognition step. This protein has a weak ATPase activity	L
OG0006401	141	0	1	1	1	1	3.37	3.37	29	29	29	29	#N/A	#N/A
OG0006402	141	0	1	1	1	1	3.37	3.37	29	29	29	29	#N/A	#N/A
OG0006403	189	0	1	1	1	1	3.37	3.37	29	29	29	29	Belongs to the TrpC family	E
OG0006440	186	0	1	1	1	1	3.37	3.37	29	29	29	29	#N/A	#N/A
OG0006503	504	0	1	1	1	1	3.37	3.37	29	29	29	29	"DNA-dependent ATPase and ATP-dependent 5'-3' DNA helicase. Has no activity on blunt DNA or DNA with 3'-overhangs, requires at least 10 bases of 5'-ssDNA for helicase activity"	L
OG0006510	270	0	1	1	1	1	3.37	3.37	29	29	29	29	In eubacteria ppGpp (guanosine 3'-diphosphate 5-' diphosphate) is a mediator of the stringent response that coordinates a variety of cellular activities in response to changes in nutritional abundance	KT
OG0006511	342	0	1	1	1	1	3.37	3.37	29	29	29	29	In eubacteria ppGpp (guanosine 3'-diphosphate 5-' diphosphate) is a mediator of the stringent response that coordinates a variety of cellular activities in response to changes in nutritional abundance	KT
OG0006512	285	0	1	1	1	1	3.37	3.37	29	29	29	29	In eubacteria ppGpp (guanosine 3'-diphosphate 5-' diphosphate) is a mediator of the stringent response that coordinates a variety of cellular activities in response to changes in nutritional abundance	KT
OG0006517	114	0	1	1	1	1	3.37	3.37	29	29	29	29	#N/A	#N/A
OG0006527	240	0	1	1	1	1	3.37	3.37	29	29	29	29	Uroporphyrinogen-III synthase	H
OG0006537	327	0	1	1	1	1	3.37	3.37	29	29	29	29	Isocitrate dehydrogenase NADP	C
OG0006541	111	0	1	1	1	1	3.37	3.37	29	29	29	29	#N/A	#N/A
OG0006550	204	0	1	1	1	1	3.37	3.37	29	29	29	29	"Catalyzes the ATP-dependent transfer of a sulfur to tRNA to produce 4-thiouridine in position 8 of tRNAs, which functions as a near-UV photosensor. Also catalyzes the transfer of sulfur to the sulfur carrier protein ThiS, forming ThiS-thiocarboxylate. This is a step in the synthesis of thiazole, in the thiamine biosynthesis pathway. The sulfur is donated as persulfide by IscS"	H
OG0006563	249	0	1	1	1	1	3.37	3.37	29	29	29	29	chorismate mutase	E
OG0006564	273	0	1	1	1	1	3.37	3.37	29	29	29	29	Belongs to the MurCDEF family	M
OG0006567	159	0	1	1	1	1	3.37	3.37	29	29	29	29	FtsK SpoIIIE	D
OG0006568	312	0	1	1	1	1	3.37	3.37	29	29	29	29	#N/A	#N/A
OG0006569	153	0	1	1	1	1	3.37	3.37	29	29	29	29	#N/A	#N/A
OG0006715	144	0	1	1	1	1	3.37	3.37	29	29	29	29	#N/A	#N/A
OG0006717	294	0	1	1	1	1	3.37	3.37	29	29	29	29	"phosphotransferase system, EIIB"	G
OG0006730	189	0	1	1	1	1	3.37	3.37	29	29	29	29	COG1566 Multidrug resistance efflux pump	V
OG0006986	219	0	1	1	1	1	3.37	3.37	29	29	29	29	#N/A	#N/A
OG0007269	114	0	1	1	1	1	3.37	3.37	29	29	29	29	#N/A	#N/A
OG0007410	225	0	1	1	1	1	3.37	3.37	29	29	29	29	#N/A	#N/A
OG0007682	249	0	1	1	1	1	3.37	3.37	29	29	29	29	#N/A	#N/A
OG0007687	360	0	1	1	1	1	3.37	3.37	29	29	29	29	#N/A	#N/A
OG0007825	684	0	1	1	1	1	3.37	3.37	29	29	29	29	Protein of unknown function (DUF3800)	S
OG0007960	2376	1	1	1	1	NA	3.37	NA	29	0	29	29	#N/A	#N/A
OG0007972	333	1	1	1	1	NA	3.37	NA	29	0	29	29	#N/A	#N/A
OG0007973	264	1	1	1	1	NA	3.37	NA	29	0	29	29	#N/A	#N/A
OG0007982	225	1	1	1	1	NA	3.37	NA	29	0	29	29	#N/A	#N/A
OG0000327	1668	0.06	77	83	0.19	0.22	3.38	3.27	86	74	16.52	16.52	Belongs to the formate--tetrahydrofolate ligase family	F
OG0000331	1974	0.24	77	83	0.31	0.35	3.38	3.36	70	62	21.51	21.51	Is required not only for elongation of protein synthesis but also for the initiation of all mRNA translation through initiator tRNA(fMet) aminoacylation	J
OG0000384	2838	0.04	77	81	0.19	0.19	3.38	3.38	95	93	18.11	18.11	"The UvrABC repair system catalyzes the recognition and processing of DNA lesions. UvrA is an ATPase and a DNA-binding protein. A damage recognition complex composed of 2 UvrA and 2 UvrB subunits scans DNA for abnormalities. When the presence of a lesion has been verified by UvrB, the UvrA molecules dissociate"	L
OG0000418	1116	0.06	77	80	0.16	0.18	3.38	3.33	109	97	17.26	17.26	Belongs to the AlaDH PNT family	E
OG0000482	2196	0.04	77	79	0.17	0.18	3.38	3.38	107	106	18.66	18.66	ATP-dependent DNA helicase	L
OG0000530	528	0.05	77	79	0.22	0.23	3.38	3.37	79	77	17.58	17.58	Belongs to the purine pyrimidine phosphoribosyltransferase family. PyrR subfamily	F
OG0000600	1806	0.19	77	78	0.23	0.25	3.38	3.39	71	67	16.5	16.5	"Catalyzes the first step in hexosamine metabolism, converting fructose-6P into glucosamine-6P using glutamine as a nitrogen source"	M
OG0000608	1203	0.08	77	78	0.42	0.43	3.38	3.38	53	52	22.14	22.14	Belongs to the SEDS family	D
OG0000609	1071	0.08	77	78	0.4	0.41	3.38	3.38	56	54	22.26	22.26	Belongs to the D-alanine--D-alanine ligase family	F
OG0000642	618	0.01	77	78	0.19	0.19	3.38	3.39	91	91	16.91	16.91	1-acyl-sn-glycerol-3-phosphate acyltransferase	I
OG0000654	924	0.06	77	78	0.26	0.27	3.38	3.36	79	77	20.85	20.85	Peptidase U32	O
OG0000664	882	0.08	77	78	0.37	0.39	3.38	3.38	60	57	22.06	22.06	Belongs to the FPP GGPP synthase family	H
OG0000719	660	0.06	77	78	0.24	0.25	3.38	3.37	85	80	20.03	20.03	potassium uptake protein TrkA	P
OG0000877	1413	0.04	77	77	0.47	0.47	3.38	3.38	55	55	25.77	25.77	Produces ATP from ADP in the presence of a proton gradient across the membrane. The catalytic sites are hosted primarily by the beta subunits	C
OG0000881	822	0.06	77	77	0.4	0.41	3.38	3.37	56	55	22.35	22.35	Phosphomethylpyrimidine kinase	H
OG0000923	522	0.03	77	77	0.38	0.39	3.38	3.38	62	61	23.66	23.66	Thioesterase superfamily	I
OG0000943	477	0.04	76	77	0.31	0.31	3.38	3.38	69	68	21.05	21.05	Belongs to the sigma-70 factor family	K
OG0000999	1026	0.03	77	77	0.29	0.29	3.38	3.38	78	78	22.48	22.48	Transfers and isomerizes the ribose moiety from AdoMet to the 7-aminomethyl group of 7-deazaguanine (preQ1-tRNA) to give epoxyqueuosine (oQ-tRNA)	J
OG0001023	585	0.05	77	77	0.31	0.32	3.38	3.38	72	71	22.42	22.42	HD superfamily hydrolase involved in NAD metabolism	H
OG0001024	354	0.05	77	77	0.32	0.32	3.38	3.38	71	70	22.38	22.38	"Functions as a ribosomal silencing factor. Interacts with ribosomal protein L14 (rplN), blocking formation of intersubunit bridge B8. Prevents association of the 30S and 50S ribosomal subunits and the formation of functional ribosomes, thus repressing translation"	J
OG0001043	414	0.03	77	77	0.3	0.3	3.38	3.38	69	68	20.4	20.4	Belongs to the Fur family	P
OG0001056	474	0.06	77	77	0.41	0.42	3.38	3.38	56	54	22.69	22.69	"first, biotin carboxylase catalyzes the carboxylation of the carrier protein and then the transcarboxylase transfers the carboxyl group to form malonyl-CoA"	I
OG0001119	1227	0.06	77	77	0.21	0.22	3.38	3.36	72	70	15.26	15.26	AI-2E family transporter	S
OG0001126	468	0.06	77	77	0.16	0.16	3.38	3.37	106	104	16.83	16.83	COG4846 Membrane protein involved in cytochrome C biogenesis	O
OG0001217	1698	0.05	77	77	0.26	0.26	3.38	3.37	83	81	21.26	21.26	An RNase that has 5'-3' exonuclease and possibly endonuclease activity. Involved in maturation of rRNA and in some organisms also mRNA maturation and or decay	J
OG0001254	990	0.06	77	77	0.25	0.26	3.38	3.37	74	72	18.55	18.55	Tryptophanyl-tRNA synthetase	J
OG0001314	1143	0	77	77	0.23	0.23	3.38	3.38	84	84	19.39	19.39	component I	EH
OG0001359	471	0.03	77	77	0.16	0.16	3.38	3.38	94	94	15.21	15.21	"One of the primary rRNA binding proteins, it binds directly to 16S rRNA where it nucleates assembly of the head domain of the 30S subunit. Is located at the subunit interface close to the decoding center, probably blocks exit of the E-site tRNA"	J
OG0001421	942	0.07	76	76	0.22	0.22	3.38	3.38	86	85	18.93	18.93	Metal dependent phosphohydrolases with conserved 'HD' motif.	S
OG0001435	219	0.07	76	76	0.45	0.45	3.38	3.38	54	54	24.17	24.17	-	-
OG0001498	909	0.04	74	74	0.38	0.39	3.38	3.37	56	54	21.3	21.3	Membrane transport protein	S
OG0001505	804	0.05	74	74	0.26	0.27	3.38	3.38	75	74	19.8	19.8	Prephenate dehydratase	E
OG0001535	870	0.04	73	73	0.47	0.49	3.38	3.37	51	49	23.84	23.84	(GNAT) family	K
OG0002706	855	0	12	12	0.42	0.42	3.38	3.38	41	41	17.08	17.08	(SAM)-dependent	L
OG0003221	358.5	0	5	6	0.66	0.66	3.38	3.38	34	34	22.5	22.5	-	-
OG0003605	153	0	4	4	0.62	0.62	3.38	3.38	33	33	20.5	20.5	#N/A	#N/A
OG0003988	810	0	3	3	0.59	0.59	3.38	3.38	32	32	19	19	"AAA domain, putative AbiEii toxin, Type IV TA system"	HP
OG0004232	549	0.5	2	2	0.65	1.05	3.38	2.94	31	19	20	20	-	-
OG0004275	138	0	2	2	0.73	0.73	3.38	3.38	31	31	22.5	22.5	#N/A	#N/A
OG0004419	96	0	2	2	0.53	0.53	3.38	3.38	30	30	16	16	#N/A	#N/A
OG0004450	454.5	0	2	2	0.79	0.79	3.38	3.38	31	31	24.5	24.5	#N/A	#N/A
OG0004484	184.5	0	2	2	0.74	0.74	3.38	3.38	31	31	23	23	#N/A	#N/A
OG0004540	151.5	0	2	2	0.63	0.63	3.38	3.38	31	31	19.5	19.5	Belongs to the sulfate adenylyltransferase family	P
OG0004545	240	0	2	2	0.74	0.74	3.38	3.38	31	31	23	23	Belongs to the carbohydrate kinase PfkB family. LacC subfamily	H
OG0004546	154.5	0	2	2	0.76	0.76	3.38	3.38	31	31	23.5	23.5	#N/A	#N/A
OG0004558	202.5	0	2	2	0.74	0.74	3.38	3.38	31	31	23	23	#N/A	#N/A
OG0004565	294	0	2	2	0.77	0.77	3.38	3.38	31	31	24	24	HI0933-like protein	S
OG0004576	186	0	2	2	0.66	0.66	3.38	3.38	31	31	20.5	20.5	#N/A	#N/A
OG0004648	510	0	2	2	0.73	0.73	3.38	3.38	31	31	22.5	22.5	-	-
OG0000165	1116	0.03	77	119	0.29	0.29	3.39	3.39	73	73	20.98	20.98	virulence factor	C
OG0000523	4317	0.04	77	79	0.25	0.25	3.39	3.39	82	82	20.53	20.53	Required for replicative DNA synthesis. This DNA polymerase also exhibits 3' to 5' exonuclease activity	L
OG0000532	2751	0.03	77	78	0.25	0.25	3.39	3.38	82	80	20.26	20.26	"amino acids such as valine, to avoid such errors it has two additional distinct tRNA(Ile)-dependent editing activities. One activity is designated as 'pretransfer' editing and involves the hydrolysis of activated Val-AMP. The other activity is designated 'posttransfer' editing and involves deacylation of mischarged Val-tRNA(Ile)"	J
OG0000540	543	0.04	77	79	0.24	0.25	3.39	3.38	83	79	20.05	20.05	protein domain associated with	S
OG0000558	3624	0.04	77	79	0.27	0.27	3.39	3.39	75	74	20.3	20.3	DNA-dependent RNA polymerase catalyzes the transcription of DNA into RNA using the four ribonucleoside triphosphates as substrates	K
OG0000636	633	0.05	77	78	0.3	0.3	3.39	3.39	73	72	21.55	21.55	riboflavin synthase alpha	H
OG0000712	1050	0.04	77	78	0.24	0.24	3.39	3.38	86	85	20.31	20.31	protein with SCP PR1 domains	S
OG0000961	747	0.01	77	77	0.21	0.21	3.39	3.39	86	86	18.44	18.44	Glycerophosphoryl diester phosphodiesterase family	C
OG0001014	477	0.06	77	77	0.24	0.25	3.39	3.37	86	83	20.7	20.7	"Necessary for efficient RNA polymerase transcription elongation past template-encoded arresting sites. The arresting sites in DNA have the property of trapping a certain fraction of elongating RNA polymerases that pass through, resulting in locked ternary complexes. Cleavage of the nascent transcript by cleavage factors such as GreA or GreB allows the resumption of elongation from the new 3'terminus. GreA releases sequences of 2 to 3 nucleotides"	K
OG0001061	984	0.06	76	77	0.27	0.27	3.39	3.39	71	71	19.01	19.01	"COG0022 Pyruvate 2-oxoglutarate dehydrogenase complex, dehydrogenase (E1) component, eukaryotic type, beta subunit"	C
OG0001109	1266	0.06	77	77	0.26	0.27	3.39	3.39	79	76	20.19	20.19	Specifically catalyzes the decarboxylation of meso- diaminopimelate (meso-DAP) to L-lysine	E
OG0001113	885	0.06	77	77	0.28	0.28	3.39	3.4	71	70	19.58	19.58	Catalyzes the condensation of (S)-aspartate-beta- semialdehyde (S)-ASA and pyruvate to 4-hydroxy- tetrahydrodipicolinate (HTPA)	E
OG0001127	270	0.06	77	77	0.22	0.23	3.39	3.39	89	87	19.75	19.75	"Binds 16S rRNA, required for the assembly of 30S particles and may also be responsible for determining the conformation of the 16S rRNA at the A site"	J
OG0001219	1716	0.04	77	77	0.24	0.25	3.39	3.37	87	82	20.74	20.74	General (non sugar-specific) component of the phosphoenolpyruvate-dependent sugar phosphotransferase system (sugar PTS). This major carbohydrate active-transport system catalyzes the phosphorylation of incoming sugar substrates concomitantly with their translocation across the cell membrane. Enzyme I transfers the phosphoryl group from phosphoenolpyruvate (PEP) to the phosphoryl carrier protein (HPr)	G
OG0001246	636	0.05	77	77	0.19	0.19	3.39	3.39	98	97	18.88	18.88	GTP pyrophosphokinase	S
OG0001248	585	0.05	77	77	0.2	0.2	3.39	3.39	94	93	18.66	18.66	Adenylate cyclase	S
OG0001311	1941	0.01	77	77	0.24	0.24	3.39	3.39	84	84	20.39	20.39	"Catalyzes the polymerization of lipoteichoic acid (LTA) polyglycerol phosphate, a reaction that presumably uses phosphatidylglycerol (PG) as substrate"	M
OG0001401	468	0.05	76	76	0.27	0.27	3.39	3.39	66	66	17.84	17.84	Protein of unknown function (DUF1641)	S
OG0001443	234	0.07	76	76	0.2	0.2	3.39	3.39	95	94	19.14	19.14	-	-
OG0002414	270	0.11	18	18	0.33	0.35	3.39	3.38	53	51	17.72	17.72	-	-
OG0002888	96	0	9	9	0.45	0.45	3.39	3.39	42	42	18.89	18.89	#N/A	#N/A
OG0002959	135	0	8	8	0.46	0.46	3.39	3.39	43	43	19.62	19.62	#N/A	#N/A
OG0003634	462	0	4	4	0.64	0.64	3.39	3.39	34	34	21.75	21.75	#N/A	#N/A
OG0003641	402	0	4	4	0.75	0.75	3.39	3.39	33	33	24.75	24.75	#N/A	#N/A
OG0003812	534	0	3	3	0.65	0.65	3.39	3.39	33	33	21.33	21.33	#N/A	#N/A
OG0003833	234	0.67	3	3	0.49	0.74	3.39	3.09	33	22	16.33	16.33	#N/A	#N/A
OG0003834	273	0.67	3	3	0.49	0.74	3.39	3.09	33	22	16.33	16.33	#N/A	#N/A
OG0004182	1329	0	2	2	0.6	0.6	3.39	3.39	31	31	18.5	18.5	McrBC 5-methylcytosine restriction system component	V
OG0004306	511.5	0	2	2	0.81	0.81	3.39	3.39	31	31	25	25	DNA-dependent RNA polymerase catalyzes the transcription of DNA into RNA using the four ribonucleoside triphosphates as substrates	K
OG0004480	517.5	0.5	2	2	0.58	0.82	3.39	3.09	31	22	18	18	#N/A	#N/A
OG0000334	762	0.01	77	82	0.46	0.46	3.4	3.39	49	49	22.51	22.51	Glyoxalase-like domain	E
OG0000372	2616	0.02	77	81	0.26	0.26	3.4	3.39	73	73	19.05	19.05	that it carries out the mismatch recognition step. This protein has a weak ATPase activity	L
OG0000514	840	0.01	77	79	0.19	0.19	3.4	3.41	107	107	20.42	20.42	DegV family	S
OG0000624	1528.5	0.15	77	78	0.34	0.35	3.4	3.41	67	66	22.96	22.96	ABC-type polysaccharide polyol phosphate transport system ATPase component	GM
OG0000655	1269	0.08	77	78	0.25	0.26	3.4	3.37	84	80	20.72	20.72	Peptidase U32 family	O
OG0000681	1125	0.06	77	78	0.17	0.18	3.4	3.4	105	104	18.24	18.24	SbcCD cleaves DNA hairpin structures. These structures can inhibit DNA replication and are intermediates in certain DNA recombination reactions. The complex acts as a 3'- 5' double strand exonuclease that can open hairpins. It also has a 5' single-strand endonuclease activity	L
OG0000921	465	0.03	77	77	0.32	0.33	3.4	3.4	73	72	23.55	23.55	Belongs to the low molecular weight phosphotyrosine protein phosphatase family	T
OG0000944	1044	0.05	77	77	0.31	0.32	3.4	3.4	72	70	22.34	22.34	"Converts 2,5-diamino-6-(ribosylamino)-4(3h)-pyrimidinone 5'-phosphate into 5-amino-6-(ribosylamino)-2,4(1h,3h)- pyrimidinedione 5'-phosphate"	H
OG0001021	291	0.05	77	77	0.3	0.31	3.4	3.4	75	74	22.84	22.84	RNA-binding protein	J
OG0001055	582	0.06	77	77	0.42	0.43	3.4	3.4	58	57	24.48	24.48	#N/A	#N/A
OG0001114	990	0.06	77	77	0.27	0.27	3.4	3.41	74	73	20.06	20.06	Catalyzes the NADPH-dependent formation of L-aspartate- semialdehyde (L-ASA) by the reductive dephosphorylation of L- aspartyl-4-phosphate	E
OG0001162	1227	0.06	77	77	0.17	0.17	3.4	3.4	104	103	17.74	17.74	Involved in targeting and insertion of nascent membrane proteins into the cytoplasmic membrane. Acts as a receptor for the complex formed by the signal recognition particle (SRP) and the ribosome-nascent chain (RNC)	U
OG0001167	189	0.01	77	77	0.24	0.24	3.4	3.4	82	81	19.66	19.66	Belongs to the bacterial ribosomal protein bL28 family	J
OG0001207	390	0.05	77	77	0.19	0.2	3.4	3.39	99	98	19.25	19.25	-	-
OG0001244	855	0.05	77	77	0.19	0.2	3.4	3.39	100	99	19.42	19.42	Pseudouridine synthase	J
OG0001484	240	0.05	75	75	0.17	0.17	3.4	3.4	97	97	16.53	16.53	YueH-like protein	S
OG0001742	2592	0.07	55	58	0.24	0.24	3.4	3.4	76	76	18.14	18.14	overlaps another CDS with the same product name	S
OG0001810	246	0.04	52	52	0.33	0.33	3.4	3.41	55	55	18.1	18.1	#N/A	#N/A
OG0002907	192	0	9	9	0.57	0.57	3.4	3.4	39	39	22.11	22.11	#N/A	#N/A
OG0003417	171	0	5	5	0.58	0.58	3.4	3.4	34	34	19.6	19.6	#N/A	#N/A
OG0003623	561	0.75	4	4	0.39	0.71	3.4	2.94	35	19	13.5	13.5	-	-
OG0003818	423	0	3	3	0.49	0.49	3.4	3.4	34	34	16.67	16.67	"Sigma-70, region 4"	K
OG0004133	187.5	0	1	2	0.5	0.5	3.4	3.4	30	30	15	15	Transposase for ISSha1	L
OG0004313	411	0	2	2	0.5	0.5	3.4	3.4	30	30	15	15	#N/A	#N/A
OG0004316	1050	0	2	2	0.5	0.5	3.4	3.4	30	30	15	15	"Phosphotransferase system, EIIC"	S
OG0004342	426	0.5	2	2	0.5	0.52	3.4	3.37	30	29	15	15	Belongs to the FtsK SpoIIIE SftA family	D
OG0004383	591	0	2	1	1	1	3.4	3.4	30	30	30	30	DNA-directed 5'-3' RNA polymerase activity	K
OG0004472	2622	0.5	2	2	0.5	0.94	3.4	2.77	30	16	15	15	DNA recombination	L
OG0004653	384	0	2	2	0.55	0.55	3.4	3.4	31	31	17	17	Uncharacterized protein conserved in bacteria (DUF2255)	S
OG0004774	292.5	0	2	2	0.56	0.56	3.4	3.4	31	31	17.5	17.5	#N/A	#N/A
OG0005076	693	1	1	1	1	NA	3.4	NA	30	0	30	30	-	-
OG0005628	555	0	1	1	1	1	3.4	3.4	30	30	30	30	#N/A	#N/A
OG0005684	1188	0	1	1	1	1	3.4	3.4	30	30	30	30	#N/A	#N/A
OG0005753	108	0	1	1	1	1	3.4	3.4	30	30	30	30	#N/A	#N/A
OG0005760	114	0	1	1	1	1	3.4	3.4	30	30	30	30	#N/A	#N/A
OG0005797	492	0	1	1	1	1	3.4	3.4	30	30	30	30	#N/A	#N/A
OG0005830	378	0	1	1	1	1	3.4	3.4	30	30	30	30	#N/A	#N/A
OG0005832	1200	0	1	1	1	1	3.4	3.4	30	30	30	30	#N/A	#N/A
OG0005932	153	0	1	1	1	1	3.4	3.4	30	30	30	30	#N/A	#N/A
OG0005976	168	0	1	1	1	1	3.4	3.4	30	30	30	30	#N/A	#N/A
OG0006070	90	0	1	1	1	1	3.4	3.4	30	30	30	30	#N/A	#N/A
OG0006075	204	0	1	1	1	1	3.4	3.4	30	30	30	30	#N/A	#N/A
OG0006085	321	0	1	1	1	1	3.4	3.4	30	30	30	30	Belongs to the aldehyde dehydrogenase family	C
OG0006152	303	0	1	1	1	1	3.4	3.4	30	30	30	30	#N/A	#N/A
OG0006153	303	0	1	1	1	1	3.4	3.4	30	30	30	30	"Psort location CytoplasmicMembrane, score"	S
OG0006155	150	0	1	1	1	1	3.4	3.4	30	30	30	30	"Oxidoreductase family, C-terminal alpha/beta domain"	S
OG0006170	222	0	1	1	1	1	3.4	3.4	30	30	30	30	deoxynucleoside kinase	F
OG0006245	264	0	1	1	1	1	3.4	3.4	30	30	30	30	assembly protein SufD	O
OG0006246	297	0	1	1	1	1	3.4	3.4	30	30	30	30	assembly protein SufD	O
OG0006266	267	0	1	1	1	1	3.4	3.4	30	30	30	30	#N/A	#N/A
OG0006297	129	0	1	1	1	1	3.4	3.4	30	30	30	30	#N/A	#N/A
OG0006298	123	0	1	1	1	1	3.4	3.4	30	30	30	30	#N/A	#N/A
OG0006299	153	0	1	1	1	1	3.4	3.4	30	30	30	30	#N/A	#N/A
OG0006326	90	0	1	1	1	1	3.4	3.4	30	30	30	30	#N/A	#N/A
OG0006327	315	0	1	1	1	1	3.4	3.4	30	30	30	30	"Pyridoxal 5'-phosphate (PLP)-binding protein, which is involved in PLP homeostasis"	S
OG0006366	657	0	1	1	1	1	3.4	3.4	30	30	30	30	Required for replicative DNA synthesis. This DNA polymerase also exhibits 3' to 5' exonuclease activity	L
OG0006367	363	0	1	1	1	1	3.4	3.4	30	30	30	30	Participates in both transcription termination and antitermination	K
OG0006368	189	0	1	1	1	1	3.4	3.4	30	30	30	30	One of the essential components for the initiation of protein synthesis. Protects formylmethionyl-tRNA from spontaneous hydrolysis and promotes its binding to the 30S ribosomal subunits. Also involved in the hydrolysis of GTP during the formation of the 70S ribosomal complex	J
OG0006384	222	0	1	1	1	1	3.4	3.4	30	30	30	30	"Catalyzes the methylthiolation of N6- (dimethylallyl)adenosine (i(6)A), leading to the formation of 2- methylthio-N6-(dimethylallyl)adenosine (ms(2)i(6)A) at position 37 in tRNAs that read codons beginning with uridine"	J
OG0006400	186	0	1	1	1	1	3.4	3.4	30	30	30	30	#N/A	#N/A
OG0006404	102	0	1	1	1	1	3.4	3.4	30	30	30	30	#N/A	#N/A
OG0006405	246	0	1	1	1	1	3.4	3.4	30	30	30	30	The beta subunit is responsible for the synthesis of L- tryptophan from indole and L-serine	E
OG0006418	144	0	1	1	1	1	3.4	3.4	30	30	30	30	#N/A	#N/A
OG0006422	171	0	1	1	1	1	3.4	3.4	30	30	30	30	PTS system	G
OG0006423	150	0	1	1	1	1	3.4	3.4	30	30	30	30	#N/A	#N/A
OG0006424	132	0	1	1	1	1	3.4	3.4	30	30	30	30	#N/A	#N/A
OG0006457	198	0	1	1	1	1	3.4	3.4	30	30	30	30	Rhomboid family	S
OG0006502	204	0	1	1	1	1	3.4	3.4	30	30	30	30	"DNA-dependent ATPase and ATP-dependent 5'-3' DNA helicase. Has no activity on blunt DNA or DNA with 3'-overhangs, requires at least 10 bases of 5'-ssDNA for helicase activity"	L
OG0006514	198	0	1	1	1	1	3.4	3.4	30	30	30	30	"Catalyzes the base-exchange of a guanine (G) residue with the queuine precursor 7-aminomethyl-7-deazaguanine (PreQ1) at position 34 (anticodon wobble position) in tRNAs with GU(N) anticodons (tRNA-Asp, -Asn, -His and -Tyr). Catalysis occurs through a double-displacement mechanism. The nucleophile active site attacks the C1' of nucleotide 34 to detach the guanine base from the RNA, forming a covalent enzyme-RNA intermediate. The proton acceptor active site deprotonates the incoming PreQ1, allowing a nucleophilic attack on the C1' of the ribose to form the product. After dissociation, two additional enzymatic reactions on the tRNA convert PreQ1 to queuine (Q), resulting in the hypermodified nucleoside queuosine (7-(((4,5-cis-dihydroxy-2- cyclopenten-1-yl)amino)methyl)-7-deazaguanosine)"	J
OG0006515	111	0	1	1	1	1	3.4	3.4	30	30	30	30	#N/A	#N/A
OG0006516	240	0	1	1	1	1	3.4	3.4	30	30	30	30	Transfers and isomerizes the ribose moiety from AdoMet to the 7-aminomethyl group of 7-deazaguanine (preQ1-tRNA) to give epoxyqueuosine (oQ-tRNA)	J
OG0006536	165	0	1	1	1	1	3.4	3.4	30	30	30	30	Isocitrate/isopropylmalate dehydrogenase	C
OG0006542	189	0	1	1	1	1	3.4	3.4	30	30	30	30	"Component of the acetyl coenzyme A carboxylase (ACC) complex. First, biotin carboxylase catalyzes the carboxylation of biotin on its carrier protein (BCCP) and then the CO(2) group is transferred by the carboxyltransferase to acetyl-CoA to form malonyl-CoA"	I
OG0006555	168	0	1	1	1	1	3.4	3.4	30	30	30	30	#N/A	#N/A
OG0006572	213	0	1	1	1	1	3.4	3.4	30	30	30	30	#N/A	#N/A
OG0006573	159	0	1	1	1	1	3.4	3.4	30	30	30	30	#N/A	#N/A
OG0006629	102	0	1	1	1	1	3.4	3.4	30	30	30	30	#N/A	#N/A
OG0006630	93	0	1	1	1	1	3.4	3.4	30	30	30	30	#N/A	#N/A
OG0006662	168	0	1	1	1	1	3.4	3.4	30	30	30	30	Produces ATP from ADP in the presence of a proton gradient across the membrane. The alpha chain is a regulatory subunit	C
OG0006667	153	0	1	1	1	1	3.4	3.4	30	30	30	30	Aldolase	G
OG0006672	234	0	1	1	1	1	3.4	3.4	30	30	30	30	"Catalyzes the phosphorylation of pantothenate (Pan), the first step in CoA biosynthesis"	F
OG0006673	156	0	1	1	1	1	3.4	3.4	30	30	30	30	Protein of unknown function (DUF2750)	S
OG0006716	186	0	1	1	1	1	3.4	3.4	30	30	30	30	#N/A	#N/A
OG0006819	510	0	1	1	1	1	3.4	3.4	30	30	30	30	#N/A	#N/A
OG0006899	93	0	1	1	1	1	3.4	3.4	30	30	30	30	#N/A	#N/A
OG0006900	675	0	1	1	1	1	3.4	3.4	30	30	30	30	#N/A	#N/A
OG0006920	150	0	1	1	1	1	3.4	3.4	30	30	30	30	#N/A	#N/A
OG0006983	543	0	1	1	1	1	3.4	3.4	30	30	30	30	#N/A	#N/A
OG0007794	204	0	1	1	1	1	3.4	3.4	30	30	30	30	#N/A	#N/A
OG0007903	336	0	1	1	1	1	3.4	3.4	30	30	30	30	#N/A	#N/A
OG0007904	159	0	1	1	1	1	3.4	3.4	30	30	30	30	#N/A	#N/A
OG0007911	129	1	1	1	1	NA	3.4	NA	30	0	30	30	#N/A	#N/A
OG0007961	222	0	1	1	1	1	3.4	3.4	30	30	30	30	#N/A	#N/A
OG0007963	156	0	1	1	1	1	3.4	3.4	30	30	30	30	#N/A	#N/A
OG0008020	144	0	1	1	1	1	3.4	3.4	30	30	30	30	#N/A	#N/A
OG0008021	216	0	1	1	1	1	3.4	3.4	30	30	30	30	#N/A	#N/A
OG0000097	360	0.03	77	151	0.24	0.25	3.41	3.41	91	89	22.15	22.15	"Important for reducing fluoride concentration in the cell, thus reducing its toxicity"	D
OG0000437	927	0.05	77	80	0.2	0.21	3.41	3.4	94	93	19.24	19.24	glycerophosphoryl diester phosphodiesterase	C
OG0000440	1173	0.04	77	80	0.24	0.25	3.41	3.4	86	82	20.56	20.56	S-adenosylmethionine-dependent methyltransferase	J
OG0000473	1509	0.03	77	79	0.48	0.48	3.41	3.4	54	54	25.89	25.89	Produces ATP from ADP in the presence of a proton gradient across the membrane. The alpha chain is a regulatory subunit	C
OG0000488	1638	0.04	77	79	0.18	0.18	3.41	3.42	110	110	19.85	19.85	Polysaccharide biosynthesis protein	S
OG0000493	504	0.05	77	79	0.14	0.15	3.41	3.4	119	116	17.03	17.03	Universal stress protein	T
OG0000519	3030	0.06	77	79	0.19	0.2	3.41	3.41	101	100	19.56	19.56	SbcCD cleaves DNA hairpin structures. These structures can inhibit DNA replication and are intermediates in certain DNA recombination reactions. The complex acts as a 3'- 5' double strand exonuclease that can open hairpins. It also has a 5' single-strand endonuclease activity (By similarity)	L
OG0000643	441	0.01	77	78	0.21	0.21	3.41	3.41	86	86	18.1	18.1	"redox protein, regulator of disulfide bond formation"	O
OG0000666	981	0.06	77	78	0.22	0.22	3.41	3.42	83	82	17.92	17.92	Putative aromatic acid exporter C-terminal domain	S
OG0000934	426	0.06	76	77	0.15	0.15	3.41	3.42	120	118	17.71	17.71	COG0537 Diadenosine tetraphosphate (Ap4A) hydrolase and other HIT family hydrolases	FG
OG0001161	333	0.06	77	77	0.17	0.17	3.41	3.41	104	103	17.7	17.7	Might take part in the signal recognition particle (SRP) pathway. This is inferred from the conservation of its genetic proximity to ftsY ffh. May be a regulatory protein	S
OG0001188	966	0.05	77	77	0.22	0.22	3.41	3.41	96	96	20.68	20.68	First step of the lipid cycle reactions in the biosynthesis of the cell wall peptidoglycan	M
OG0001245	810	0.05	77	77	0.2	0.2	3.41	3.4	98	97	19.44	19.44	"Involved in the regulation of the intracellular balance of NAD and NADP, and is a key enzyme in the biosynthesis of NADP. Catalyzes specifically the phosphorylation on 2'-hydroxyl of the adenosine moiety of NAD to yield NADP"	F
OG0001247	348	0.05	77	77	0.2	0.2	3.41	3.4	96	95	18.74	18.74	Belongs to the UPF0738 family	S
OG0001316	426	0	77	77	0.23	0.23	3.41	3.41	87	87	19.68	19.68	synthase	H
OG0001924	555	0.05	43	43	0.36	0.36	3.41	3.41	56	56	20.19	20.19	RDD family	S
OG0002128	576	0.13	30	30	0.46	0.46	3.41	3.42	51	50	23.23	23.23	Reversible hydration of carbon dioxide	P
OG0002358	531	0	20	20	0.41	0.41	3.41	3.41	46	46	18.8	18.8	Pentapeptide repeats (9 copies)	S
OG0002751	165	0.09	8	11	0.47	0.47	3.41	3.43	42	42	19.82	19.82	#N/A	#N/A
OG0003041	753	0	5	7	0.34	0.34	3.41	3.41	35	35	12	12	DNA-binding transcription factor activity	K
OG0003137	306	0.14	7	7	0.41	0.41	3.41	3.46	41	41	16.86	16.86	-	-
OG0003260	102	0.17	6	6	0.48	0.5	3.41	3.4	39	37	18.67	18.67	#N/A	#N/A
OG0003367	264	0	5	5	0.94	0.94	3.41	3.41	31	31	29	29	"Ribonucleotide reductase, barrel domain"	F
OG0003856	279	0.33	3	3	0.4	0.61	3.41	3.04	33	22	13.33	13.33	Di-iron-containing protein involved in the repair of iron-sulfur clusters	D
OG0003907	318	0.33	3	3	0.46	0.49	3.41	3.34	32	30	14.67	14.67	EVE domain	S
OG0004435	918	0.5	2	2	0.53	0.92	3.41	2.89	31	18	16.5	16.5	Membrane transport protein	S
OG0004451	294	0	2	2	0.75	0.75	3.41	3.41	32	32	24	24	#N/A	#N/A
OG0004525	217.5	0	2	2	0.62	0.62	3.41	3.41	32	32	20	20	#N/A	#N/A
OG0004550	486	0.5	2	2	0.7	0.78	3.41	3.37	32	29	22.5	22.5	-	-
OG0004552	174	0	2	2	0.77	0.77	3.41	3.41	32	32	24.5	24.5	#N/A	#N/A
OG0004617	438	0	2	2	0.66	0.66	3.41	3.41	32	32	21	21	-	-
OG0004626	180	0	2	2	0.64	0.64	3.41	3.41	32	32	20.5	20.5	#N/A	#N/A
OG0004769	531	0	1	2	0.7	0.7	3.41	3.41	32	32	22.5	22.5	"transposase and inactivated derivatives, IS30 family"	L
OG0000417	465	0.03	77	80	0.19	0.19	3.42	3.4	98	96	18.66	18.66	COG1956 GAF domain-containing protein	T
OG0000421	1002	0.04	77	80	0.26	0.26	3.42	3.42	86	85	21.99	21.99	"The RuvA-RuvB complex in the presence of ATP renatures cruciform structure in supercoiled DNA with palindromic sequence, indicating that it may promote strand exchange reactions in homologous recombination. RuvAB is a helicase that mediates the Holliday junction migration by localized denaturation and reannealing"	L
OG0000510	1422	0.08	76	79	0.31	0.31	3.42	3.43	66	66	20.43	20.43	"COG1249 Pyruvate 2-oxoglutarate dehydrogenase complex, dihydrolipoamide dehydrogenase (E3) component, and related enzymes"	C
OG0000538	462	0.05	77	79	0.23	0.24	3.42	3.4	89	86	20.28	20.28	Protein of unknown function (DUF420)	S
OG0000641	1272	0.01	77	78	0.18	0.18	3.42	3.42	95	95	17.44	17.44	serine protease	O
OG0000650	603	0.04	77	78	0.26	0.26	3.42	3.42	86	85	22.08	22.08	"The RuvA-RuvB complex in the presence of ATP renatures cruciform structure in supercoiled DNA with palindromic sequence, indicating that it may promote strand exchange reactions in homologous recombination. RuvAB is a helicase that mediates the Holliday junction migration by localized denaturation and reannealing. RuvA stimulates, in the presence of DNA, the weak ATPase activity of RuvB"	L
OG0000662	558	0.08	77	78	0.41	0.44	3.42	3.42	58	55	23.95	23.95	"Involved in peptide bond synthesis. Stimulates efficient translation and peptide-bond synthesis on native or reconstituted 70S ribosomes in vitro. Probably functions indirectly by altering the affinity of the ribosome for aminoacyl-tRNA, thus increasing their reactivity as acceptors for peptidyl transferase"	J
OG0000665	1284	0.06	76	78	0.25	0.25	3.42	3.43	76	75	18.82	18.82	Dihydrolipoamide acetyltransferase component of pyruvate dehydrogenase complex	C
OG0000717	1300.5	0.05	77	78	0.23	0.24	3.42	3.42	90	89	20.95	20.95	acetyltransferase component of pyruvate dehydrogenase complex	C
OG0000747	969	0.06	77	78	0.18	0.18	3.42	3.42	103	100	18.37	18.37	"reductase, beta subunit"	F
OG0000818	234	0.01	77	77	0.37	0.37	3.42	3.42	59	59	21.61	21.61	Involved in sulfur transfer in the conversion of molybdopterin precursor Z to molybdopterin	H
OG0000879	441	0.06	77	77	0.41	0.41	3.42	3.42	60	60	24.66	24.66	Involved in unsaturated fatty acids biosynthesis. Catalyzes the dehydration of short chain beta-hydroxyacyl-ACPs and long chain saturated and unsaturated beta-hydroxyacyl-ACPs	I
OG0000880	441	0.06	77	77	0.4	0.4	3.42	3.42	62	62	24.87	24.87	YwpF-like protein	S
OG0000883	648	0.08	76	77	0.3	0.3	3.42	3.41	73	72	21.81	21.81	Metal dependent phosphohydrolases with conserved 'HD' motif.	S
OG0000920	285	0.03	77	77	0.32	0.33	3.42	3.42	73	72	23.65	23.65	gas vesicle protein	S
OG0001022	573	0.05	77	77	0.29	0.3	3.42	3.41	77	76	22.69	22.69	Catalyzes the reversible adenylation of nicotinate mononucleotide (NaMN) to nicotinic acid adenine dinucleotide (NaAD)	H
OG0001210	912	0.04	77	77	0.24	0.24	3.42	3.41	86	85	20.48	20.48	Converts heme B (protoheme IX) to heme O by substitution of the vinyl group on carbon 2 of heme B porphyrin ring with a hydroxyethyl farnesyl side group	O
OG0001440	309	0.05	76	76	0.24	0.26	3.42	3.41	85	80	20.5	20.5	Protein of unknown function (DUF1033)	S
OG0002249	789	0.04	24	24	0.26	0.26	3.42	3.42	60	59	15.38	15.38	Cupin domain	S
OG0003105	525	0.14	7	7	0.42	0.42	3.42	3.41	40	40	17	17	-	-
OG0004244	1270.5	0	2	2	0.52	0.52	3.42	3.42	31	31	16	16	AlwI restriction endonuclease	L
OG0004302	151.5	0	2	2	0.81	0.81	3.42	3.42	32	32	26	26	#N/A	#N/A
OG0004323	801	0.5	2	2	0.52	1	3.42	2.77	31	16	16	16	#N/A	#N/A
OG0004481	309	0.5	2	2	0.58	0.8	3.42	3.14	32	23	18.5	18.5	#N/A	#N/A
OG0004645	3670.5	0	2	2	0.52	0.52	3.42	3.42	31	31	16	16	"Psort location Cytoplasmic, score"	K
OG0004663	222	0	2	2	0.8	0.8	3.42	3.42	32	32	25.5	25.5	#N/A	#N/A
OG0000413	1485	0.05	77	80	0.32	0.32	3.43	3.43	72	71	22.69	22.69	FAD-NAD(P)-binding	S
OG0000416	1125	0.01	77	80	0.17	0.17	3.43	3.43	100	100	17.44	17.44	HAD-hyrolase-like	S
OG0000434	1167	0.06	77	80	0.19	0.19	3.43	3.42	94	92	17.5	17.5	"Succinyl-CoA synthetase functions in the citric acid cycle (TCA), coupling the hydrolysis of succinyl-CoA to the synthesis of either ATP or GTP and thus represents the only step of substrate-level phosphorylation in the TCA. The beta subunit provides nucleotide specificity of the enzyme and binds the substrate succinate, while the binding sites for coenzyme A and phosphate are found in the alpha subunit"	F
OG0000491	1263	0.04	77	79	0.15	0.2	3.43	3.33	110	83	16.44	16.44	Catalyzes the attachment of tyrosine to tRNA(Tyr) in a two-step reaction tyrosine is first activated by ATP to form Tyr- AMP and then transferred to the acceptor end of tRNA(Tyr)	J
OG0000498	456	0.03	77	79	0.26	0.26	3.43	3.44	86	86	22.01	22.01	Belongs to the UPF0735 family	S
OG0000513	483	0.01	77	79	0.21	0.21	3.43	3.44	98	98	20.42	20.42	"Key enzyme in folate metabolism. Catalyzes an essential reaction for de novo glycine and purine synthesis, and for DNA precursor synthesis"	H
OG0000667	1125	0.06	77	78	0.2	0.21	3.43	3.43	88	87	17.96	17.96	Peptidase T-like protein	E
OG0000964	1137	0.04	77	77	0.25	0.25	3.43	3.43	79	79	19.9	19.9	COG1104 Cysteine sulfinate desulfinase cysteine desulfurase and related enzymes	E
OG0000966	948	0.04	77	77	0.25	0.25	3.43	3.42	79	79	19.62	19.62	N-6 DNA Methylase	L
OG0001020	807	0.05	77	77	0.31	0.31	3.43	3.43	77	76	23.69	23.69	"Involved in the biosynthesis of the chorismate, which leads to the biosynthesis of aromatic amino acids. Catalyzes the reversible NADPH linked reduction of 3-dehydroshikimate (DHSA) to yield shikimate (SA)"	E
OG0001107	624	0.06	77	77	0.23	0.25	3.43	3.42	87	82	20.3	20.3	5-bromo-4-chloroindolyl phosphate hydrolysis protein	S
OG0001108	270	0.06	77	77	0.23	0.25	3.43	3.42	87	81	20.23	20.23	Belongs to the acylphosphatase family	C
OG0001115	900	0.06	77	77	0.23	0.23	3.43	3.43	76	75	17.4	17.4	Virulence factor B	S
OG0001178	693	0.01	77	77	0.17	0.17	3.43	3.43	105	105	17.97	17.97	Catalyzes the decarboxylation of orotidine 5'- monophosphate (OMP) to uridine 5'-monophosphate (UMP)	F
OG0001203	1059	0.04	77	77	0.25	0.25	3.43	3.43	82	82	20.62	20.62	Belongs to the class-II aminoacyl-tRNA synthetase family. Phe-tRNA synthetase alpha subunit type 1 subfamily	J
OG0001407	471	0.07	76	76	0.27	0.28	3.43	3.42	71	68	19.11	19.11	"Involved in the synthesis of autoinducer 2 (AI-2) which is secreted by bacteria and is used to communicate both the cell density and the metabolic potential of the environment. The regulation of gene expression in response to changes in cell density is called quorum sensing. Catalyzes the transformation of S-ribosylhomocysteine (RHC) to homocysteine (HC) and 4,5- dihydroxy-2,3-pentadione (DPD)"	H
OG0001414	387	0.05	76	76	0.27	0.28	3.43	3.43	85	84	23.12	23.12	-	-
OG0001431	285	0.03	76	76	0.26	0.26	3.43	3.43	85	85	21.71	21.71	Belongs to the bacterial ribosomal protein bL27 family	J
OG0002195	765	0.08	26	26	0.29	0.3	3.43	3.44	65	64	19.08	19.08	Responsible for channeling the electrons from the oxidation of dihydroorotate from the FMN redox center in the PyrD type B subunit to the ultimate electron acceptor NAD( )	C
OG0002472	207	0.06	17	17	0.46	0.46	3.43	3.44	46	46	21.35	21.35	-	-
OG0003122	516	0.14	7	7	0.41	0.48	3.43	3.34	42	36	17.14	17.14	Redoxin	O
OG0003136	453	0	7	7	0.46	0.46	3.43	3.43	41	41	19	19	Domain of unknown function (DUF386)	G
OG0003223	876	0	6	6	0.53	0.53	3.43	3.43	39	39	20.5	20.5	-	-
OG0003419	870	0	5	5	0.59	0.59	3.43	3.43	36	36	21.2	21.2	EamA-like transporter family	EG
OG0003763	225	0.67	2	3	0.38	0.75	3.43	2.77	32	16	12	12	#N/A	#N/A
OG0004325	669	0.5	2	2	0.5	0.52	3.43	3.4	31	30	15.5	15.5	Putative sugar-binding domain	K
OG0004735	265.5	0.5	2	2	0.5	0.78	3.43	3	31	20	15.5	15.5	-	-
OG0004841	96	0	1	1	1	1	3.43	3.43	31	31	31	31	#N/A	#N/A
OG0004880	201	0	1	1	1	1	3.43	3.43	31	31	31	31	#N/A	#N/A
OG0005075	222	1	1	1	1	NA	3.43	NA	31	0	31	31	-	-
OG0005084	186	0	1	1	1	1	3.43	3.43	31	31	31	31	#N/A	#N/A
OG0005108	216	0	1	1	1	1	3.43	3.43	31	31	31	31	#N/A	#N/A
OG0005242	231	0	1	1	1	1	3.43	3.43	31	31	31	31	#N/A	#N/A
OG0005629	330	0	1	1	1	1	3.43	3.43	31	31	31	31	#N/A	#N/A
OG0005630	147	0	1	1	1	1	3.43	3.43	31	31	31	31	#N/A	#N/A
OG0005653	513	0	1	1	1	1	3.43	3.43	31	31	31	31	#N/A	#N/A
OG0005779	204	0	1	1	1	1	3.43	3.43	31	31	31	31	#N/A	#N/A
OG0005884	513	0	1	1	1	1	3.43	3.43	31	31	31	31	#N/A	#N/A
OG0006065	144	0	1	1	1	1	3.43	3.43	31	31	31	31	#N/A	#N/A
OG0006066	180	0	1	1	1	1	3.43	3.43	31	31	31	31	#N/A	#N/A
OG0006067	174	0	1	1	1	1	3.43	3.43	31	31	31	31	#N/A	#N/A
OG0006076	387	0	1	1	1	1	3.43	3.43	31	31	31	31	CoA-transferase family III	C
OG0006088	207	0	1	1	1	1	3.43	3.43	31	31	31	31	aldolase	G
OG0006154	177	0	1	1	1	1	3.43	3.43	31	31	31	31	oxidoreductase	S
OG0006224	147	0	1	1	1	1	3.43	3.43	31	31	31	31	#N/A	#N/A
OG0006369	183	0	1	1	1	1	3.43	3.43	31	31	31	31	One of the essential components for the initiation of protein synthesis. Protects formylmethionyl-tRNA from spontaneous hydrolysis and promotes its binding to the 30S ribosomal subunits. Also involved in the hydrolysis of GTP during the formation of the 70S ribosomal complex	J
OG0006370	150	0	1	1	1	1	3.43	3.43	31	31	31	31	#N/A	#N/A
OG0006371	165	0	1	1	1	1	3.43	3.43	31	31	31	31	#N/A	#N/A
OG0006372	174	0	1	1	1	1	3.43	3.43	31	31	31	31	#N/A	#N/A
OG0006416	126	0	1	1	1	1	3.43	3.43	31	31	31	31	#N/A	#N/A
OG0006417	324	0	1	1	1	1	3.43	3.43	31	31	31	31	"The 2-oxoglutarate dehydrogenase complex catalyzes the overall conversion of 2-oxoglutarate to succinyl-CoA and CO(2). It contains multiple copies of three enzymatic components 2- oxoglutarate dehydrogenase (E1), dihydrolipoamide succinyltransferase (E2) and lipoamide dehydrogenase (E3)"	C
OG0006468	201	0	1	1	1	1	3.43	3.43	31	31	31	31	Catalyzes the attachment of glycine to tRNA(Gly)	J
OG0006501	435	0	1	1	1	1	3.43	3.43	31	31	31	31	Catalyzes the attachment of alanine to tRNA(Ala) in a two-step reaction alanine is first activated by ATP to form Ala- AMP and then transferred to the acceptor end of tRNA(Ala). Also edits incorrectly charged Ser-tRNA(Ala) and Gly-tRNA(Ala) via its editing domain	J
OG0006513	642	0	1	1	1	1	3.43	3.43	31	31	31	31	Part of the Sec protein translocase complex. Interacts with the SecYEG preprotein conducting channel. SecDF uses the proton motive force (PMF) to complete protein translocation after the ATP-dependent function of SecA	U
OG0006570	399	0	1	1	1	1	3.43	3.43	31	31	31	31	#N/A	#N/A
OG0006571	435	0	1	1	1	1	3.43	3.43	31	31	31	31	#N/A	#N/A
OG0006631	381	0	1	1	1	1	3.43	3.43	31	31	31	31	Domain of unknown function (DUF1727)	M
OG0006660	258	0	1	1	1	1	3.43	3.43	31	31	31	31	Produces ATP from ADP in the presence of a proton gradient across the membrane. The alpha chain is a regulatory subunit	C
OG0006661	303	0	1	1	1	1	3.43	3.43	31	31	31	31	Produces ATP from ADP in the presence of a proton gradient across the membrane. The alpha chain is a regulatory subunit	C
OG0006668	96	0	1	1	1	1	3.43	3.43	31	31	31	31	#N/A	#N/A
OG0006669	315	0	1	1	1	1	3.43	3.43	31	31	31	31	CTP synthase N-terminus	F
OG0006670	318	0	1	1	1	1	3.43	3.43	31	31	31	31	Catalyzes the ATP-dependent amination of UTP to CTP with either L-glutamine or ammonia as the source of nitrogen. Regulates intracellular CTP levels through interactions with the four ribonucleotide triphosphates	F
OG0006671	159	0	1	1	1	1	3.43	3.43	31	31	31	31	#N/A	#N/A
OG0006731	111	0	1	1	1	1	3.43	3.43	31	31	31	31	#N/A	#N/A
OG0007645	102	0	1	1	1	1	3.43	3.43	31	31	31	31	#N/A	#N/A
OG0007686	216	0	1	1	1	1	3.43	3.43	31	31	31	31	#N/A	#N/A
OG0007962	231	0	1	1	1	1	3.43	3.43	31	31	31	31	#N/A	#N/A
OG0007964	111	0	1	1	1	1	3.43	3.43	31	31	31	31	#N/A	#N/A
OG0007965	432	0	1	1	1	1	3.43	3.43	31	31	31	31	#N/A	#N/A
OG0008022	666	0	1	1	1	1	3.43	3.43	31	31	31	31	DNA polymerase family A	S
OG0008205	228	0	1	1	1	1	3.43	3.43	31	31	31	31	#N/A	#N/A
OG0000352	1881	0.01	77	82	0.15	0.15	3.44	3.44	125	125	18.68	18.68	"ABC transporter, ATP-binding protein"	S
OG0000414	1182	0.05	77	80	0.27	0.27	3.44	3.45	81	80	21.59	21.59	"Catalyzes the conversion of D-ribulose 5-phosphate to formate and 3,4-dihydroxy-2-butanone 4-phosphate"	H
OG0000475	1512	0.08	77	79	0.27	0.27	3.44	3.44	82	81	21.99	21.99	"DEAD-box RNA helicase possibly involved in RNA degradation. Unwinds dsRNA in both 5'- and 3'-directions, has RNA- dependent ATPase activity"	JKL
OG0000487	1002	0.06	77	79	0.2	0.23	3.44	3.42	99	90	20.27	20.27	Proline dehydrogenase	E
OG0000599	1758	0.09	77	78	0.23	0.23	3.44	3.44	84	82	18.96	18.96	siderophore	Q
OG0000622	1239	0.03	77	78	0.35	0.35	3.44	3.44	70	69	24.21	24.21	COG2309 Leucyl aminopeptidase (aminopeptidase T)	E
OG0000663	1356	0.06	77	78	0.28	0.29	3.44	3.44	83	79	22.83	22.83	Biotin carboxylase	I
OG0000710	486	0.06	77	78	0.19	0.19	3.44	3.43	106	103	20.03	20.03	"Reversibly transfers an adenylyl group from ATP to 4'- phosphopantetheine, yielding dephospho-CoA (dPCoA) and pyrophosphate"	F
OG0000711	552	0.06	77	78	0.19	0.19	3.44	3.43	105	102	19.68	19.68	Conserved hypothetical protein 95	L
OG0000713	921	0.04	77	78	0.24	0.24	3.44	3.43	86	85	20.59	20.59	Catalyzes the oxidation of the C8 methyl side group on heme O porphyrin ring into a formyl group	O
OG0000859	858	0.09	77	77	0.24	0.25	3.44	3.45	69	68	16.9	16.9	Sucrose-6F-phosphate phosphohydrolase	S
OG0000911	1428	0.03	77	77	0.15	0.15	3.44	3.42	118	114	17.36	17.36	Allows the formation of correctly charged Asn-tRNA(Asn) or Gln-tRNA(Gln) through the transamidation of misacylated Asp- tRNA(Asn) or Glu-tRNA(Gln) in organisms which lack either or both of asparaginyl-tRNA or glutaminyl-tRNA synthetases. The reaction takes place in the presence of glutamine and ATP through an activated phospho-Asp-tRNA(Asn) or phospho-Glu-tRNA(Gln)	J
OG0000960	1599	0.03	74	77	0.18	0.18	3.44	3.44	99	98	17.99	17.99	Belongs to the D-isomer specific 2-hydroxyacid dehydrogenase family	E
OG0000963	1695	0.04	77	77	0.23	0.23	3.44	3.44	86	86	19.94	19.94	modulates the frequency and position of FtsZ ring formation. Inhibits FtsZ ring formation at polar sites. Interacts either with FtsZ or with one of its binding partners to promote depolymerization	D
OG0001017	687	0.05	77	77	0.28	0.29	3.44	3.44	84	82	23.9	23.9	"Catalyzes the irreversible cleavage of the glycosidic bond in both 5'-methylthioadenosine (MTA) and S- adenosylhomocysteine (SAH AdoHcy) to adenine and the corresponding thioribose, 5'-methylthioribose and S-ribosylhomocysteine, respectively"	F
OG0001018	528	0.05	77	77	0.3	0.3	3.44	3.44	81	80	23.97	23.97	Mitochondrial PGP phosphatase	S
OG0001019	1101	0.05	77	77	0.3	0.3	3.44	3.44	80	79	23.86	23.86	GTPase YqeH	S
OG0001181	1305	0.05	77	77	0.21	0.22	3.44	3.43	87	86	18.66	18.66	Permease family	F
OG0001261	429	0.05	77	77	0.22	0.22	3.44	3.45	92	91	20.35	20.35	Na( ) H( ) antiporter subunit	P
OG0001635	204	0.06	67	67	0.35	0.35	3.44	3.44	66	66	23.1	23.1	Bacterial protein of unknown function (DUF910)	S
OG0001874	195	0.06	47	47	0.46	0.46	3.44	3.44	55	55	25.23	25.23	#N/A	#N/A
OG0001923	993	0.05	43	43	0.36	0.36	3.44	3.44	58	58	20.65	20.65	Peptidase family S49	OU
OG0002469	930	0	6	17	0.28	0.28	3.44	3.44	52	52	14.59	14.59	-	-
OG0003459	177	0.2	5	5	0.44	0.47	3.44	3.43	37	35	16.4	16.4	#N/A	#N/A
OG0003803	192	0.33	3	3	0.44	0.92	3.44	2.73	33	16	14.67	14.67	#N/A	#N/A
OG0003989	705	0	3	3	0.42	0.42	3.44	3.44	33	33	14	14	"Is involved in NO detoxification in an aerobic process, termed nitric oxide dioxygenase (NOD) reaction that utilizes O(2) and NAD(P)H to convert NO to nitrate, which protects the bacterium from various noxious nitrogen compounds. Therefore, plays a central role in the inducible response to nitrosative stress"	C
OG0004080	471	0.67	3	3	0.42	0.64	3.44	3.09	33	22	14	14	SnoaL-like domain	S
OG0004136	195	0	2	2	0.74	0.74	3.44	3.44	33	33	24.5	24.5	#N/A	#N/A
OG0004288	132	0	2	2	0.76	0.76	3.44	3.44	33	33	25	25	CTP synthase N-terminus	F
OG0004452	216	0	2	2	0.74	0.74	3.44	3.44	33	33	24.5	24.5	#N/A	#N/A
OG0004453	282	0	2	2	0.74	0.74	3.44	3.44	33	33	24.5	24.5	#N/A	#N/A
OG0004493	723	0	2	2	0.7	0.7	3.44	3.44	33	33	23	23	DNA-dependent DNA replication	L
OG0004512	1587	0	2	2	0.76	0.76	3.44	3.44	33	33	25	25	#N/A	#N/A
OG0004571	160.5	0	2	2	0.76	0.76	3.44	3.44	33	33	25	25	#N/A	#N/A
OG0004572	295.5	0	2	2	0.71	0.71	3.44	3.44	33	33	23.5	23.5	formate dehydrogenase	C
OG0004627	1153.5	0	2	2	0.55	0.55	3.44	3.44	32	32	17.5	17.5	#N/A	#N/A
OG0004642	400.5	0	2	2	0.53	0.53	3.44	3.44	32	32	17	17	-	-
OG0004643	1243.5	0	2	2	0.53	0.53	3.44	3.44	32	32	17	17	#N/A	#N/A
OG0004672	465	0	2	2	0.53	0.53	3.44	3.44	32	32	17	17	Prokaryotic homologs of the JAB domain	S
OG0004765	285	0	1	2	0.76	0.76	3.44	3.44	33	33	25	25	#N/A	#N/A
OG0004767	174	0	1	2	0.77	0.77	3.44	3.44	33	33	25.5	25.5	#N/A	#N/A
OG0004770	840	0.5	2	2	0.64	1.11	3.44	2.94	33	19	21	21	1-deoxy-D-xylulose-5-phosphate synthase	G
OG0000281	2181	0.02	77	89	0.35	0.36	3.45	3.44	68	66	23.79	23.79	Competence protein ComEC	S
OG0000441	1845	0.06	77	80	0.19	0.2	3.45	3.45	102	99	19.77	19.77	Belongs to the monovalent cation proton antiporter 2 (CPA2) transporter (TC 2.A.37) family	P
OG0000478	465	0.04	77	79	0.15	0.15	3.45	3.45	121	120	17.78	17.78	This enzyme acetylates the N-terminal alanine of ribosomal protein S18	K
OG0000505	774	0.04	77	79	0.22	0.22	3.45	3.44	92	91	20.47	20.47	"ABC transporter, ATP-binding protein"	P
OG0000509	1677	0.08	77	79	0.3	0.31	3.45	3.45	73	72	21.97	21.97	May be involved in recombinational repair of damaged DNA	L
OG0000653	2631	0.04	77	78	0.3	0.31	3.45	3.45	74	73	22.4	22.4	Catalyzes the attachment of alanine to tRNA(Ala) in a two-step reaction alanine is first activated by ATP to form Ala- AMP and then transferred to the acceptor end of tRNA(Ala). Also edits incorrectly charged Ser-tRNA(Ala) and Gly-tRNA(Ala) via its editing domain	J
OG0000709	741	0.06	77	78	0.21	0.24	3.45	3.4	96	81	19.71	19.71	Belongs to the class IV-like SAM-binding methyltransferase superfamily. RNA methyltransferase TrmH family	J
OG0000733	294	0.05	77	78	0.26	0.26	3.45	3.45	84	82	21.49	21.49	Na( ) H( ) antiporter subunit	P
OG0000801	675	0.01	77	77	0.17	0.17	3.45	3.45	98	98	16.86	16.86	"Member of the two-component regulatory system HssS HssR involved in intracellular heme homeostasis and tempering of staphylococcal virulence. Phosphorylated HssR binds to a direct repeat sequence within hrtAB promoter and activates the expression of hrtAB, an efflux pump, in response to extracellular heme, hemin, hemoglobin or blood (By similarity)"	K
OG0000861	396	0.05	77	77	0.28	0.3	3.45	3.43	68	64	19.26	19.26	"Protein of unknown function, DUF393"	S
OG0000965	495	0.04	73	77	0.26	0.26	3.45	3.45	78	78	20.29	20.29	"Thiol-specific peroxidase that catalyzes the reduction of hydrogen peroxide and organic hydroperoxides to water and alcohols, respectively. Plays a role in cell protection against oxidative stress by detoxifying peroxides"	O
OG0000998	1293	0.03	77	77	0.25	0.25	3.45	3.45	90	90	22.17	22.17	"An essential GTPase which binds GTP, GDP and possibly (p)ppGpp with moderate affinity, with high nucleotide exchange rates and a fairly low GTP hydrolysis rate. Plays a role in control of the cell cycle, stress response, ribosome biogenesis and in those bacteria that undergo differentiation, in morphogenesis control"	S
OG0001050	519	0.05	77	77	0.36	0.36	3.45	3.44	70	69	24.9	24.9	Catalyzes the specific phosphorylation of the 3-hydroxyl group of shikimic acid using ATP as a cosubstrate	F
OG0001054	831	0.06	77	77	0.43	0.43	3.45	3.45	60	60	25.74	25.74	"Catalyzes the transfer of endogenously produced octanoic acid from octanoyl-acyl-carrier-protein onto the lipoyl domain of GcvH, an intermediate carrier during protein lipoylation"	H
OG0001168	639	0.01	77	77	0.23	0.23	3.45	3.45	88	87	19.97	19.97	thiamine pyrophosphokinase	H
OG0001403	3168	0.05	75	76	0.38	0.4	3.45	3.44	61	58	23.26	23.26	Belongs to the resistance-nodulation-cell division (RND) (TC 2.A.6) family	V
OG0001500	231	0.04	74	74	0.29	0.29	3.45	3.44	67	66	19.23	19.23	-	-
OG0002370	390	0.11	19	19	0.38	0.39	3.45	3.45	54	52	20.53	20.53	-	-
OG0003327	1239	0	5	5	0.48	0.48	3.45	3.45	40	40	19.4	19.4	COG2244 Membrane protein involved in the export of O-antigen and teichoic acid	S
OG0003622	202.5	0	4	4	0.56	0.56	3.45	3.45	36	36	20	20	YozE SAM-like fold	S
OG0003858	690	0	3	3	0.47	0.47	3.45	3.45	34	34	16	16	-	-
OG0004340	330	0.5	2	2	0.52	0.53	3.45	3.43	32	31	16.5	16.5	#N/A	#N/A
OG0004638	916.5	0	2	2	0.59	0.59	3.45	3.45	33	33	19.5	19.5	#N/A	#N/A
OG0004693	4987.5	0	2	2	0.52	0.52	3.45	3.45	32	32	16.5	16.5	Domain of unknown function DUF87	S
OG0000378	978	0.05	77	81	0.2	0.2	3.46	3.47	106	106	20.83	20.83	"COG0022 Pyruvate 2-oxoglutarate dehydrogenase complex, dehydrogenase (E1) component, eukaryotic type, beta subunit"	C
OG0000395	1371	0.23	77	80	0.15	0.15	3.46	3.5	106	104	15.9	15.9	Nucleoside recognition	S
OG0000520	1989	0.06	77	79	0.18	0.18	3.46	3.46	110	109	19.63	19.63	"Catalyzes the transfer of a two-carbon ketol group from a ketose donor to an aldose acceptor, via a covalent intermediate with the cofactor thiamine pyrophosphate"	G
OG0000529	894	0.05	77	79	0.2	0.2	3.46	3.45	91	90	17.94	17.94	Belongs to the ATCase OTCase family	F
OG0000539	1407	0.05	77	79	0.2	0.2	3.46	3.46	108	107	21.22	21.22	"COG1249 Pyruvate 2-oxoglutarate dehydrogenase complex, dihydrolipoamide dehydrogenase (E3) component, and related enzymes"	C
OG0000593	606	0.03	77	78	0.36	0.37	3.46	3.46	61	59	22.08	22.08	Transfers a GMP moiety from GTP to Mo-molybdopterin (Mo- MPT) cofactor (Moco or molybdenum cofactor) to form Mo- molybdopterin guanine dinucleotide (Mo-MGD) cofactor	H
OG0000644	1224	0.05	77	78	0.24	0.24	3.46	3.46	84	83	19.91	19.91	"Catalyzes the ATP-dependent transfer of a sulfur to tRNA to produce 4-thiouridine in position 8 of tRNAs, which functions as a near-UV photosensor. Also catalyzes the transfer of sulfur to the sulfur carrier protein ThiS, forming ThiS-thiocarboxylate. This is a step in the synthesis of thiazole, in the thiamine biosynthesis pathway. The sulfur is donated as persulfide by IscS"	H
OG0000656	624	0.06	77	78	0.24	0.25	3.46	3.44	87	85	21.09	21.09	Cytidine monophosphokinase	F
OG0000734	357	0.06	77	78	0.26	0.27	3.46	3.46	83	81	21.82	21.82	Mnh complex is a Na( ) H( ) antiporter involved in Na( ) excretion	P
OG0000742	936	0.03	77	78	0.15	0.15	3.46	3.46	118	117	17.63	17.63	"Catalyzes the ATP- as well as the pyrophosphate- dependent phosphorylation of a specific serine residue in HPr, a phosphocarrier protein of the phosphoenolpyruvate-dependent sugar phosphotransferase system (PTS). HprK P also catalyzes the pyrophosphate-producing, inorganic phosphate-dependent dephosphorylation (phosphorolysis) of seryl-phosphorylated HPr (P- Ser-HPr). The two antagonistic activities of HprK P are regulated by several intracellular metabolites, which change their concentration in response to the absence or presence of rapidly metabolisable carbon sources (glucose, fructose, etc.) in the growth medium. Therefore, by controlling the phosphorylation state of HPr, HPrK P is a sensor enzyme that plays a major role in the regulation of carbon metabolism and sugar transport it mediates carbon catabolite repression (CCR), and regulates PTS-catalyzed carbohydrate uptake and inducer exclusion"	F
OG0000790	1401	0.01	77	77	0.15	0.15	3.46	3.46	110	110	17.01	17.01	Participates in initiation and elongation during chromosome replication	L
OG0000817	453	0.01	77	77	0.35	0.35	3.46	3.46	63	63	22.03	22.03	factor large subunit	H
OG0000919	1218	0.05	77	77	0.3	0.31	3.46	3.46	81	80	24.49	24.49	Belongs to the UPF0761 family	S
OG0001053	387	0.06	77	77	0.42	0.42	3.46	3.46	62	61	25.83	25.83	Rhodanese Homology Domain	P
OG0001160	276	0.06	77	77	0.15	0.15	3.46	3.47	110	109	16.47	16.47	Belongs to the bacterial ribosomal protein bS16 family	J
OG0001204	174	0.05	77	77	0.2	0.2	3.46	3.46	103	103	20.77	20.77	Belongs to the bacterial ribosomal protein bL32 family	J
OG0001262	480	0.04	77	77	0.26	0.26	3.46	3.46	84	83	21.74	21.74	Na( ) H( ) antiporter subunit	P
OG0001317	594	0.01	77	77	0.23	0.23	3.46	3.46	89	89	20.09	20.09	-	-
OG0001539	984	0.05	72	73	0.2	0.2	3.46	3.46	101	99	19.97	19.97	Cysteine-rich secretory protein family	S
OG0001927	1494	0.02	43	43	0.48	0.48	3.46	3.46	50	50	23.88	23.88	UDP-glucose--hexose-1-phosphate uridylyltransferase	G
OG0003218	249	0	6	6	0.57	0.57	3.46	3.46	40	40	22.67	22.67	-	-
OG0003370	231	0	5	5	0.97	0.97	3.46	3.46	32	32	31	31	-	-
OG0003449	1221	0.2	5	5	0.63	0.63	3.46	3.47	35	35	22.2	22.2	PAS domain	S
OG0003577	354	0.25	4	4	0.37	0.38	3.46	3.43	36	35	13.25	13.25	Helix-turn-helix domain	K
OG0003684	958.5	0	4	4	0.54	0.54	3.46	3.46	37	37	20	20	-	-
OG0003813	540	0	3	3	0.5	0.5	3.46	3.46	34	34	17	17	Transcriptional regulator PadR-like family	K
OG0003948	561	0	3	3	0.57	0.57	3.46	3.46	34	34	19.33	19.33	RloB-like protein	S
OG0004028	1233	0	3	3	0.61	0.61	3.46	3.46	35	35	21.33	21.33	#N/A	#N/A
OG0004103	1854	0	2	2	0.56	0.56	3.46	3.46	33	33	18.5	18.5	FtsX-like permease family	V
OG0004460	181.5	0	2	2	0.58	0.58	3.46	3.46	33	33	19	19	#N/A	#N/A
OG0004482	1446	0.5	2	2	0.58	0.83	3.46	3.14	33	23	19	19	#N/A	#N/A
OG0004745	132	0	2	2	0.56	0.56	3.46	3.46	33	33	18.5	18.5	#N/A	#N/A
OG0000594	1023	0.01	77	78	0.39	0.39	3.47	3.47	59	59	23.18	23.18	"Catalyzes the cyclization of GTP to (8S)-3',8-cyclo-7,8- dihydroguanosine 5'-triphosphate"	H
OG0000619	1458	0.03	77	78	0.15	0.15	3.47	3.44	123	119	17.99	17.99	Allows the formation of correctly charged Gln-tRNA(Gln) through the transamidation of misacylated Glu-tRNA(Gln) in organisms which lack glutaminyl-tRNA synthetase. The reaction takes place in the presence of glutamine and ATP through an activated gamma-phospho-Glu-tRNA(Gln)	J
OG0000700	771	0.08	77	78	0.16	0.16	3.47	3.47	106	104	16.86	16.86	Endonuclease that specifically degrades the RNA of RNA- DNA hybrids	L
OG0000701	1368	0.06	77	78	0.17	0.17	3.47	3.47	107	106	18.33	18.33	Involved in targeting and insertion of nascent membrane proteins into the cytoplasmic membrane. Binds to the hydrophobic signal sequence of the ribosome-nascent chain (RNC) as it emerges from the ribosomes. The SRP-RNC complex is then targeted to the cytoplasmic membrane where it interacts with the SRP receptor FtsY	U
OG0000914	723	0.04	77	77	0.2	0.2	3.47	3.47	107	107	21.84	21.84	glutamine amidotransferase	S
OG0000915	756	0.05	77	77	0.24	0.24	3.47	3.47	99	99	23.29	23.29	Methionine aminopeptidase	E
OG0000997	321	0.03	77	77	0.24	0.24	3.47	3.48	94	94	22.13	22.13	Cysteine protease Prp	J
OG0001049	438	0.05	77	77	0.33	0.33	3.47	3.47	75	74	24.47	24.47	"COG2165 Type II secretory pathway, pseudopilin PulG"	NU
OG0001106	1140	0.06	77	77	0.22	0.24	3.47	3.46	93	85	20.69	20.69	Belongs to the TelA family	P
OG0001170	744	0.01	77	77	0.18	0.18	3.47	3.47	104	103	18.96	18.96	phosphatase	T
OG0001177	612	0.01	77	77	0.17	0.17	3.47	3.47	107	106	17.88	17.88	"Catalyzes the transfer of a ribosyl phosphate group from 5-phosphoribose 1-diphosphate to orotate, leading to the formation of orotidine monophosphate (OMP)"	F
OG0001179	1101	0.05	77	77	0.19	0.19	3.47	3.46	98	97	18.42	18.42	Belongs to the CarA family	F
OG0001206	1137	0.05	77	77	0.2	0.2	3.47	3.47	107	106	21.05	21.05	Belongs to the UPF0348 family	S
OG0001233	423	0.08	77	76	0.18	0.18	3.47	3.47	88	88	15.64	15.64	(GNAT) family	S
OG0001479	510	0	75	75	0.23	0.23	3.47	3.47	94	94	21.23	21.23	Acetyltransferase	K
OG0001504	225	0.07	73	74	0.22	0.23	3.47	3.47	84	81	18.62	18.62	Belongs to the sulfur carrier protein TusA family	O
OG0002222	735	0.04	24	25	0.46	0.46	3.47	3.47	44	44	20.2	20.2	regulator	K
OG0002734	138	0	11	11	0.41	0.41	3.47	3.47	48	48	19.45	19.45	-	-
OG0002964	145.5	0	8	8	0.5	0.5	3.47	3.47	43	43	21.5	21.5	#N/A	#N/A
OG0003094	246	0	7	7	0.46	0.46	3.47	3.47	42	42	19.43	19.43	-	-
OG0003217	489	0	6	6	0.55	0.55	3.47	3.47	41	41	22.5	22.5	-	-
OG0003311	621	0.17	6	6	0.52	0.54	3.47	3.48	41	40	21.5	21.5	#N/A	#N/A
OG0003373	231	0	5	5	0.91	0.91	3.47	3.47	33	33	30	30	#N/A	#N/A
OG0003559	294	0	4	4	0.53	0.53	3.47	3.47	36	36	19	19	#N/A	#N/A
OG0003754	750	0	3	3	0.58	0.58	3.47	3.47	36	36	21	21	Protein of unknown function (DUF429)	S
OG0003797	126	0	3	3	0.54	0.54	3.47	3.47	35	35	19	19	#N/A	#N/A
OG0003864	201	0	2	3	0.81	0.81	3.47	3.47	33	33	26.67	26.67	-	-
OG0003934	585	0.67	3	3	0.44	1	3.47	2.71	34	15	15	15	-	-
OG0004138	262.5	0	2	2	0.78	0.78	3.47	3.47	34	34	26.5	26.5	"Participates actively in the response to hyperosmotic and heat shock by preventing the aggregation of stress-denatured proteins, in association with DnaK and GrpE. It is the nucleotide exchange factor for DnaK and may function as a thermosensor. Unfolded proteins bind initially to DnaJ"	O
OG0004231	922.5	1	2	2	0.5	NA	3.47	NA	32	0	16	16	HTH domain	S
OG0004283	507	0	2	2	0.62	0.62	3.47	3.47	34	34	21	21	#N/A	#N/A
OG0004392	1309.5	0	2	2	0.63	0.63	3.47	3.47	34	34	21.5	21.5	polysaccharide biosynthetic process	S
OG0004393	1041	0	2	2	0.63	0.63	3.47	3.47	34	34	21.5	21.5	"transferase activity, transferring glycosyl groups"	M
OG0004454	307.5	0	2	2	0.74	0.74	3.47	3.47	34	34	25	25	#N/A	#N/A
OG0004474	690	0.5	2	2	0.5	0.7	3.47	3.14	32	23	16	16	#N/A	#N/A
OG0004554	163.5	0	2	2	0.66	0.66	3.47	3.47	34	34	22.5	22.5	Lipoate-protein ligase	H
OG0004564	265.5	0.5	2	2	0.62	0.88	3.47	3.18	34	24	21	21	Belongs to the formate--tetrahydrofolate ligase family	F
OG0004566	288	0	2	2	0.74	0.74	3.47	3.47	34	34	25	25	Involved in the gluconeogenesis. Catalyzes the conversion of oxaloacetate (OAA) to phosphoenolpyruvate (PEP) through direct phosphoryl transfer between the nucleoside triphosphate and OAA	F
OG0004739	412.5	0	1	2	0.91	0.91	3.47	3.47	33	33	30	30	#N/A	#N/A
OG0004783	483	0.5	2	2	0.72	0.77	3.47	3.47	34	32	24.5	24.5	#N/A	#N/A
OG0004881	906	0	1	1	1	1	3.47	3.47	32	32	32	32	#N/A	#N/A
OG0004885	216	0	1	1	1	1	3.47	3.47	32	32	32	32	-	-
OG0004931	114	0	1	1	1	1	3.47	3.47	32	32	32	32	#N/A	#N/A
OG0005460	168	0	1	1	1	1	3.47	3.47	32	32	32	32	#N/A	#N/A
OG0005472	243	0	1	1	1	1	3.47	3.47	32	32	32	32	#N/A	#N/A
OG0005759	246	0	1	1	1	1	3.47	3.47	32	32	32	32	#N/A	#N/A
OG0005889	210	0	1	1	1	1	3.47	3.47	32	32	32	32	#N/A	#N/A
OG0005971	1089	0	1	1	1	1	3.47	3.47	32	32	32	32	ATPase family associated with various cellular activities (AAA)	S
OG0005972	258	0	1	1	1	1	3.47	3.47	32	32	32	32	#N/A	#N/A
OG0006055	216	0	1	1	1	1	3.47	3.47	32	32	32	32	"Catalyzes the attachment of serine to tRNA(Ser). Is also able to aminoacylate tRNA(Sec) with serine, to form the misacylated tRNA L-seryl-tRNA(Sec), which will be further converted into selenocysteinyl-tRNA(Sec)"	J
OG0006056	180	0	1	1	1	1	3.47	3.47	32	32	32	32	#N/A	#N/A
OG0006057	138	0	1	1	1	1	3.47	3.47	32	32	32	32	#N/A	#N/A
OG0006058	252	0	1	1	1	1	3.47	3.47	32	32	32	32	#N/A	#N/A
OG0006059	465	0	1	1	1	1	3.47	3.47	32	32	32	32	"A type II topoisomerase that negatively supercoils closed circular double-stranded (ds) DNA in an ATP-dependent manner to modulate DNA topology and maintain chromosomes in an underwound state. Negative supercoiling favors strand separation, and DNA replication, transcription, recombination and repair, all of which involve strand separation. Also able to catalyze the interconversion of other topological isomers of dsDNA rings, including catenanes and knotted rings. Type II topoisomerases break and join 2 DNA strands simultaneously in an ATP-dependent manner"	L
OG0006062	117	0	1	1	1	1	3.47	3.47	32	32	32	32	#N/A	#N/A
OG0006063	153	0	1	1	1	1	3.47	3.47	32	32	32	32	#N/A	#N/A
OG0006068	225	0	1	1	1	1	3.47	3.47	32	32	32	32	#N/A	#N/A
OG0006069	114	0	1	1	1	1	3.47	3.47	32	32	32	32	#N/A	#N/A
OG0006080	120	0	1	1	1	1	3.47	3.47	32	32	32	32	#N/A	#N/A
OG0006082	165	0	1	1	1	1	3.47	3.47	32	32	32	32	PFAM Xylose isomerase domain protein TIM barrel	G
OG0006083	135	0	1	1	1	1	3.47	3.47	32	32	32	32	#N/A	#N/A
OG0006171	147	0	1	1	1	1	3.47	3.47	32	32	32	32	Protein of unknown function (DUF1806)	S
OG0006172	162	0	1	1	1	1	3.47	3.47	32	32	32	32	Catalyzes the reversible isomerization-deamination of glucosamine 6-phosphate (GlcN6P) to form fructose 6-phosphate (Fru6P) and ammonium ion	G
OG0006200	114	0	1	1	1	1	3.47	3.47	32	32	32	32	#N/A	#N/A
OG0006225	225	0	1	1	1	1	3.47	3.47	32	32	32	32	"Psort location Cytoplasmic, score 9.97"	F
OG0006267	183	0	1	1	1	1	3.47	3.47	32	32	32	32	Enoyl- acyl-carrier-protein reductase	I
OG0006348	378	0	1	1	1	1	3.47	3.47	32	32	32	32	Critical role in recombination and DNA repair. Helps process Holliday junction intermediates to mature products by catalyzing branch migration. Has a DNA unwinding activity characteristic of a DNA helicase with a 3'- to 5'- polarity. Unwinds branched duplex DNA (Y-DNA)	L
OG0006349	102	0	1	1	1	1	3.47	3.47	32	32	32	32	#N/A	#N/A
OG0006355	390	0	1	1	1	1	3.47	3.47	32	32	32	32	#N/A	#N/A
OG0006381	243	0	1	1	1	1	3.47	3.47	32	32	32	32	"COG1013 Pyruvate ferredoxin oxidoreductase and related 2-oxoacid ferredoxin oxidoreductases, beta subunit"	C
OG0006382	198	0	1	1	1	1	3.47	3.47	32	32	32	32	"COG1013 Pyruvate ferredoxin oxidoreductase and related 2-oxoacid ferredoxin oxidoreductases, beta subunit"	C
OG0006406	93	0	1	1	1	1	3.47	3.47	32	32	32	32	#N/A	#N/A
OG0006407	138	0	1	1	1	1	3.47	3.47	32	32	32	32	#N/A	#N/A
OG0006409	150	0	1	1	1	1	3.47	3.47	32	32	32	32	#N/A	#N/A
OG0006410	102	0	1	1	1	1	3.47	3.47	32	32	32	32	#N/A	#N/A
OG0006441	129	0	1	1	1	1	3.47	3.47	32	32	32	32	#N/A	#N/A
OG0006442	213	0	1	1	1	1	3.47	3.47	32	32	32	32	#N/A	#N/A
OG0006443	327	0	1	1	1	1	3.47	3.47	32	32	32	32	Dehydrogenase E1 component	C
OG0006444	174	0	1	1	1	1	3.47	3.47	32	32	32	32	#N/A	#N/A
OG0006453	240	0	1	1	1	1	3.47	3.47	32	32	32	32	"Catalyzes the transfer of endogenously produced octanoic acid from octanoyl-acyl-carrier-protein onto the lipoyl domain of GcvH, an intermediate carrier during protein lipoylation"	H
OG0006456	222	0	1	1	1	1	3.47	3.47	32	32	32	32	#N/A	#N/A
OG0006458	183	0	1	1	1	1	3.47	3.47	32	32	32	32	#N/A	#N/A
OG0006499	255	0	1	1	1	1	3.47	3.47	32	32	32	32	Catalyzes the attachment of alanine to tRNA(Ala) in a two-step reaction alanine is first activated by ATP to form Ala- AMP and then transferred to the acceptor end of tRNA(Ala). Also edits incorrectly charged Ser-tRNA(Ala) and Gly-tRNA(Ala) via its editing domain	J
OG0006500	744	0	1	1	1	1	3.47	3.47	32	32	32	32	Catalyzes the attachment of alanine to tRNA(Ala) in a two-step reaction alanine is first activated by ATP to form Ala- AMP and then transferred to the acceptor end of tRNA(Ala). Also edits incorrectly charged Ser-tRNA(Ala) and Gly-tRNA(Ala) via its editing domain	J
OG0006643	138	0	1	1	1	1	3.47	3.47	32	32	32	32	#N/A	#N/A
OG0006644	192	0	1	1	1	1	3.47	3.47	32	32	32	32	#N/A	#N/A
OG0006666	273	0	1	1	1	1	3.47	3.47	32	32	32	32	Belongs to the EPSP synthase family. MurA subfamily	M
OG0006674	147	0	1	1	1	1	3.47	3.47	32	32	32	32	#N/A	#N/A
OG0006816	249	0	1	1	1	1	3.47	3.47	32	32	32	32	#N/A	#N/A
OG0007240	114	0	1	1	1	1	3.47	3.47	32	32	32	32	#N/A	#N/A
OG0007389	183	0	1	1	1	1	3.47	3.47	32	32	32	32	#N/A	#N/A
OG0007721	159	0	1	1	1	1	3.47	3.47	32	32	32	32	#N/A	#N/A
OG0007889	246	0	1	1	1	1	3.47	3.47	32	32	32	32	#N/A	#N/A
OG0000371	819	0.01	77	81	0.13	0.13	3.48	3.49	139	139	18.28	18.28	Belongs to the MIP aquaporin (TC 1.A.8) family	G
OG0000511	1485	0.05	77	79	0.21	0.21	3.48	3.48	100	100	21.23	21.23	Catalyzes the oxidation of glucose 6-phosphate to 6- phosphogluconolactone	G
OG0000526	732	0.04	77	79	0.21	0.21	3.48	3.48	92	91	19.03	19.03	"Digests double-stranded RNA. Involved in the processing of primary rRNA transcript to yield the immediate precursors to the large and small rRNAs (23S and 16S). Processes some mRNAs, and tRNAs when they are encoded in the rRNA operon. Processes pre- crRNA and tracrRNA of type II CRISPR loci if present in the organism"	J
OG0000620	555	0.04	77	78	0.18	0.18	3.48	3.49	110	110	20.05	20.05	DNA polymerase III	L
OG0000729	1485	0.05	77	78	0.16	0.18	3.48	3.44	107	97	17.38	17.38	Catalyzes the addition of L-lysine to the nucleotide precursor UDP-N-acetylmuramoyl-L-alanyl-D-glutamate (UMAG) in the biosynthesis of bacterial cell-wall peptidoglycan	M
OG0000816	477	0.01	77	77	0.35	0.35	3.48	3.49	64	64	22.36	22.36	molybdopterin-guanine dinucleotide biosynthesis protein	H
OG0000860	1371	0.04	77	77	0.27	0.28	3.48	3.48	73	71	19.84	19.84	EVE domain	S
OG0001048	318	0.05	76	77	0.32	0.33	3.48	3.47	76	75	24.51	24.51	Required for transformation and DNA binding	U
OG0001169	876	0.01	77	77	0.19	0.19	3.48	3.48	102	101	19.27	19.27	"One of several proteins that assist in the late maturation steps of the functional core of the 30S ribosomal subunit. Helps release RbfA from mature subunits. May play a role in the assembly of ribosomal proteins into the subunit. Circularly permuted GTPase that catalyzes slow GTP hydrolysis, GTPase activity is stimulated by the 30S ribosomal subunit"	S
OG0001180	1275	0.05	77	77	0.19	0.19	3.48	3.48	98	97	18.49	18.49	Belongs to the metallo-dependent hydrolases superfamily. DHOase family. Class I DHOase subfamily	F
OG0001205	549	0.05	77	77	0.2	0.2	3.48	3.47	104	104	21	21	"metal-binding, possibly nucleic acid-binding protein"	S
OG0001430	309	0.03	76	76	0.24	0.24	3.48	3.49	94	94	22.36	22.36	This protein binds to 23S rRNA in the presence of protein L20	J
OG0001580	618	0.01	71	71	0.23	0.23	3.48	3.48	82	82	19.06	19.06	Protein of unknown function (DUF1361)	S
OG0001669	816	0.02	57	64	0.19	0.19	3.48	3.49	99	99	19.05	19.05	divalent heavy-metal cations transporter	P
OG0002448	981	0	17	17	0.31	0.31	3.48	3.48	53	53	16.41	16.41	Pyridoxal-phosphate dependent enzyme	E
OG0003371	183	0	5	5	0.95	0.95	3.48	3.48	33	33	31.4	31.4	-	-
OG0003372	354	0	5	5	0.95	0.95	3.48	3.48	33	33	31.4	31.4	-	-
OG0003578	222	0.25	4	4	0.36	0.38	3.48	3.46	37	36	13.5	13.5	"Psort location CytoplasmicMembrane, score"	S
OG0003604	99	0	4	4	0.46	0.46	3.48	3.48	40	40	18.5	18.5	#N/A	#N/A
OG0003678	306	0	4	4	0.6	0.6	3.48	3.48	36	36	21.5	21.5	#N/A	#N/A
OG0003685	852	0	4	4	0.52	0.52	3.48	3.48	38	38	19.75	19.75	-	-
OG0003979	810	0	3	3	0.52	0.52	3.48	3.48	36	36	18.67	18.67	"Psort location CytoplasmicMembrane, score"	K
OG0004449	2806.5	0	2	2	0.79	0.79	3.48	3.48	34	34	27	27	"COG3505 Type IV secretory pathway, VirD4 components"	U
OG0004560	258	0.5	2	2	0.59	0.61	3.48	3.5	34	33	20	20	"Sigma-70 factor, region 1.1"	K
OG0004639	615	0	2	2	0.59	0.59	3.48	3.48	34	34	20	20	#N/A	#N/A
OG0004644	976.5	0	2	2	0.53	0.53	3.48	3.48	33	33	17.5	17.5	#N/A	#N/A
OG0000328	501	0.01	77	83	0.17	0.17	3.49	3.49	122	121	20.25	20.25	PTS system	G
OG0000436	2403	0.05	77	80	0.26	0.26	3.49	3.48	84	83	21.54	21.54	Belongs to the phenylalanyl-tRNA synthetase beta subunit family. Type 1 subfamily	J
OG0000515	1473	0	77	79	0.23	0.23	3.49	3.49	95	95	22.13	22.13	Belongs to the peptidase S41A family	M
OG0000595	435	0.01	75	78	0.29	0.29	3.49	3.49	78	78	22.47	22.47	transcriptional	K
OG0000601	1092	0.09	77	78	0.26	0.26	3.49	3.49	69	68	17.73	17.73	-	-
OG0000821	309	0.04	77	77	0.63	0.64	3.49	3.49	48	47	30.26	30.26	Involved in the binding of tRNA to the ribosomes	J
OG0000912	933	0.03	77	77	0.14	0.15	3.49	3.48	125	121	18.05	18.05	Catalyzes the phosphorylation of diacylglycerol (DAG) into phosphatidic acid. Is a key enzyme involved in the production of lipoteichoic acid by reintroducing DAG formed from the breakdown of membrane phospholipids into the phosphatidylglycerol biosynthetic pathway (By similarity)	I
OG0000918	630	0.05	77	77	0.28	0.28	3.49	3.49	87	86	24.18	24.18	response regulator	K
OG0001045	1458	0.05	77	77	0.35	0.35	3.49	3.48	70	70	24.53	24.53	Rhomboid family	S
OG0001158	351	0.08	77	77	0.14	0.15	3.49	3.51	111	110	16.09	16.09	This protein is located at the 30S-50S ribosomal subunit interface and may play a role in the structure and function of the aminoacyl-tRNA binding site	J
OG0001171	1095	0.01	77	77	0.18	0.18	3.49	3.49	107	106	19.34	19.34	Specifically methylates position 2 of adenine 2503 in 23S rRNA and position 2 of adenine 37 in tRNAs	J
OG0001263	378	0.05	77	77	0.29	0.3	3.49	3.48	79	77	22.73	22.73	"protein, possibly involved in aromatic compounds catabolism"	Q
OG0001541	930	0.07	71	73	0.17	0.17	3.49	3.47	92	91	15.21	15.21	May catalyze the ATP-dependent phosphorylation of lipids other than diacylglycerol (DAG)	F
OG0001556	444	0.04	71	72	0.35	0.36	3.49	3.48	72	71	25.32	25.32	Putative Competence protein ComGF	U
OG0002123	1497	0.03	31	31	0.41	0.41	3.49	3.47	45	45	18.35	18.35	Beta-lactamase	V
OG0002456	90	0.06	17	17	0.29	0.37	3.49	3.35	62	49	17.94	17.94	#N/A	#N/A
OG0002867	615	0.11	9	9	0.37	0.52	3.49	3.24	47	33	17.22	17.22	Putative cyclase	S
OG0002971	8274	0.12	8	8	0.44	0.45	3.49	3.32	39	38	17.12	17.12	Phage-related minor tail protein	D
OG0003107	318	0.14	7	7	0.46	0.47	3.49	3.46	41	40	18.86	18.86	-	-
OG0003111	582	0	7	7	0.59	0.59	3.49	3.49	41	41	24.29	24.29	LemA family	S
OG0003931	1104	0	3	3	0.47	0.47	3.49	3.49	35	35	16.33	16.33	#N/A	#N/A
OG0003932	645	0	3	3	0.45	0.45	3.49	3.49	35	35	15.67	15.67	#N/A	#N/A
OG0004173	501	0	2	2	0.57	0.57	3.49	3.49	34	34	19.5	19.5	Methyltransferase domain	H
OG0004258	274.5	0	2	2	0.52	0.52	3.49	3.49	33	33	17	17	#N/A	#N/A
OG0004597	532.5	0	2	2	0.52	0.52	3.49	3.49	33	33	17	17	#N/A	#N/A
OG0000614	642	0.05	77	78	0.2	0.21	3.5	3.5	94	91	18.81	18.81	Modulates transcription in response to changes in cellular NADH NAD( ) redox state	K
OG0000621	987	0.05	77	78	0.21	0.21	3.5	3.5	106	106	22.78	22.78	Aromatic acid exporter family member 1	S
OG0000673	3444	0.03	77	78	0.29	0.29	3.5	3.5	77	76	22.35	22.35	Dynamin family	S
OG0000677	1605	0.05	77	77	0.23	0.23	3.5	3.49	83	81	18.84	18.84	"ABC transporter, ATP-binding protein"	S
OG0000723	318	0.03	77	78	0.2	0.2	3.5	3.5	98	98	19.17	19.17	Domain of unknown function (DUF5011)	S
OG0000793	759	0.04	72	77	0.2	0.2	3.5	3.5	102	102	20.18	20.18	KR domain	S
OG0000807	531	0.04	77	77	0.29	0.29	3.5	3.5	67	66	19.38	19.38	-	-
OG0000916	702	0.05	77	77	0.24	0.24	3.5	3.5	100	98	23.68	23.68	Cell wall-active antibiotics response 4TMS YvqF	S
OG0001046	324	0.05	77	77	0.31	0.31	3.5	3.5	78	78	24.14	24.14	Thiamine-binding protein	S
OG0001232	471	0.09	77	77	0.17	0.17	3.5	3.5	91	91	15.3	15.3	Protein of unknown function (DUF2538)	S
OG0001260	381	0.05	77	77	0.19	0.19	3.5	3.51	107	106	19.96	19.96	Kinase associated protein B	T
OG0001567	390	0.04	72	72	0.62	0.63	3.5	3.5	49	48	30.26	30.26	-	-
OG0001612	501	0.03	69	69	0.2	0.2	3.5	3.5	106	106	20.8	20.8	Iron-storage protein	P
OG0001613	174	0.2	69	69	0.16	0.17	3.5	3.53	104	101	16.68	16.68	-	-
OG0001653	1239	0.03	65	65	0.26	0.27	3.5	3.5	74	73	19.38	19.38	Belongs to the metallo-dependent hydrolases superfamily. HutI family	Q
OG0002177	261	0.04	27	27	0.32	0.32	3.5	3.51	63	63	20.37	20.37	Domain of unknown function (DUF1871)	S
OG0003055	1203	0	7	7	0.39	0.39	3.5	3.5	48	48	18.71	18.71	#N/A	#N/A
OG0003694	1326	0	4	4	0.57	0.57	3.5	3.5	37	37	21	21	"AAA domain, putative AbiEii toxin, Type IV TA system"	S
OG0003870	510	1	2	3	0.53	NA	3.5	NA	35	0	18.67	18.67	#N/A	#N/A
OG0004015	447	0	3	3	0.59	0.59	3.5	3.5	37	37	22	22	Protein of unknown function (DUF3237)	S
OG0004042	516	0	3	3	0.43	0.43	3.5	3.5	35	35	15	15	-	-
OG0004151	885	0.5	1	2	0.73	0.91	3.5	3.33	35	28	25.5	25.5	#N/A	#N/A
OG0004294	217.5	0	2	2	0.79	0.79	3.5	3.5	35	35	27.5	27.5	Phosphate starvation-inducible protein PhoH	T
OG0004326	198	0	2	2	0.61	0.61	3.5	3.5	35	35	21.5	21.5	Aldehyde dehydrogenase family	C
OG0004381	1339.5	0	2	2	0.64	0.64	3.5	3.5	35	35	22.5	22.5	coenzyme F390 synthetase	H
OG0004607	129	0	2	2	0.5	0.5	3.5	3.5	33	33	16.5	16.5	#N/A	#N/A
OG0004628	498	0	2	2	0.54	0.54	3.5	3.5	34	34	18.5	18.5	Stage II sporulation protein M	S
OG0004682	724.5	0.5	2	2	0.5	0.92	3.5	2.89	33	18	16.5	16.5	Putative transposase DNA-binding domain	L
OG0004743	162	0	2	2	0.74	0.74	3.5	3.5	35	35	26	26	#N/A	#N/A
OG0004988	639	0	1	1	1	1	3.5	3.5	33	33	33	33	#N/A	#N/A
OG0005050	897	0	1	1	1	1	3.5	3.5	33	33	33	33	Phage tail protein	S
OG0005074	897	1	1	1	1	NA	3.5	NA	33	0	33	33	"Psort location Cytoplasmic, score"	L
OG0005631	423	0	1	1	1	1	3.5	3.5	33	33	33	33	#N/A	#N/A
OG0005645	312	0	1	1	1	1	3.5	3.5	33	33	33	33	#N/A	#N/A
OG0005654	312	0	1	1	1	1	3.5	3.5	33	33	33	33	#N/A	#N/A
OG0005655	783	0	1	1	1	1	3.5	3.5	33	33	33	33	SPFH domain / Band 7 family	S
OG0005656	342	0	1	1	1	1	3.5	3.5	33	33	33	33	#N/A	#N/A
OG0005780	225	0	1	1	1	1	3.5	3.5	33	33	33	33	#N/A	#N/A
OG0005781	843	0	1	1	1	1	3.5	3.5	33	33	33	33	#N/A	#N/A
OG0005865	90	0	1	1	1	1	3.5	3.5	33	33	33	33	#N/A	#N/A
OG0005885	156	0	1	1	1	1	3.5	3.5	33	33	33	33	#N/A	#N/A
OG0005886	636	0	1	1	1	1	3.5	3.5	33	33	33	33	#N/A	#N/A
OG0005887	264	0	1	1	1	1	3.5	3.5	33	33	33	33	#N/A	#N/A
OG0005888	555	0	1	1	1	1	3.5	3.5	33	33	33	33	#N/A	#N/A
OG0005890	216	0	1	1	1	1	3.5	3.5	33	33	33	33	#N/A	#N/A
OG0005891	201	0	1	1	1	1	3.5	3.5	33	33	33	33	#N/A	#N/A
OG0005892	702	0	1	1	1	1	3.5	3.5	33	33	33	33	"Catalyzes the reductive methylation of 2'-deoxyuridine- 5'-monophosphate (dUMP) to 2'-deoxythymidine-5'-monophosphate (dTMP) while utilizing 5,10-methylenetetrahydrofolate (mTHF) as the methyl donor, and NADPH and FADH(2) as the reductant"	F
OG0005970	270	0	1	1	1	1	3.5	3.5	33	33	33	33	#N/A	#N/A
OG0006060	282	0	1	1	1	1	3.5	3.5	33	33	33	33	"A type II topoisomerase that negatively supercoils closed circular double-stranded (ds) DNA in an ATP-dependent manner to modulate DNA topology and maintain chromosomes in an underwound state. Negative supercoiling favors strand separation, and DNA replication, transcription, recombination and repair, all of which involve strand separation. Also able to catalyze the interconversion of other topological isomers of dsDNA rings, including catenanes and knotted rings. Type II topoisomerases break and join 2 DNA strands simultaneously in an ATP-dependent manner"	L
OG0006061	135	0	1	1	1	1	3.5	3.5	33	33	33	33	#N/A	#N/A
OG0006064	339	0	1	1	1	1	3.5	3.5	33	33	33	33	"A type II topoisomerase that negatively supercoils closed circular double-stranded (ds) DNA in an ATP-dependent manner to modulate DNA topology and maintain chromosomes in an underwound state. Negative supercoiling favors strand separation, and DNA replication, transcription, recombination and repair, all of which involve strand separation. Also able to catalyze the interconversion of other topological isomers of dsDNA rings, including catenanes and knotted rings. Type II topoisomerases break and join 2 DNA strands simultaneously in an ATP-dependent manner"	L
OG0006079	210	0	1	1	1	1	3.5	3.5	33	33	33	33	#N/A	#N/A
OG0006081	240	0	1	1	1	1	3.5	3.5	33	33	33	33	Xylose isomerase-like TIM barrel	G
OG0006173	228	0	1	1	1	1	3.5	3.5	33	33	33	33	Catalyzes the reversible isomerization-deamination of glucosamine 6-phosphate (GlcN6P) to form fructose 6-phosphate (Fru6P) and ammonium ion	G
OG0006195	138	0	1	1	1	1	3.5	3.5	33	33	33	33	#N/A	#N/A
OG0006196	309	0	1	1	1	1	3.5	3.5	33	33	33	33	allophanate hydrolase subunit 2	E
OG0006197	525	0	1	1	1	1	3.5	3.5	33	33	33	33	"Catalyzes the polymerization of lipoteichoic acid (LTA) polyglycerol phosphate, a reaction that presumably uses phosphatidylglycerol (PG) as substrate"	M
OG0006198	186	0	1	1	1	1	3.5	3.5	33	33	33	33	#N/A	#N/A
OG0006199	150	0	1	1	1	1	3.5	3.5	33	33	33	33	#N/A	#N/A
OG0006317	219	0	1	1	1	1	3.5	3.5	33	33	33	33	Provides the (R)-glutamate required for cell wall biosynthesis	M
OG0006318	111	0	1	1	1	1	3.5	3.5	33	33	33	33	#N/A	#N/A
OG0006343	537	0	1	1	1	1	3.5	3.5	33	33	33	33	kinase related to dihydroxyacetone kinase	S
OG0006344	147	0	1	1	1	1	3.5	3.5	33	33	33	33	#N/A	#N/A
OG0006345	138	0	1	1	1	1	3.5	3.5	33	33	33	33	#N/A	#N/A
OG0006346	219	0	1	1	1	1	3.5	3.5	33	33	33	33	#N/A	#N/A
OG0006347	171	0	1	1	1	1	3.5	3.5	33	33	33	33	#N/A	#N/A
OG0006408	141	0	1	1	1	1	3.5	3.5	33	33	33	33	#N/A	#N/A
OG0006419	141	0	1	1	1	1	3.5	3.5	33	33	33	33	response regulator ArlR	K
OG0006420	111	0	1	1	1	1	3.5	3.5	33	33	33	33	#N/A	#N/A
OG0006451	135	0	1	1	1	1	3.5	3.5	33	33	33	33	#N/A	#N/A
OG0006454	204	0	1	1	1	1	3.5	3.5	33	33	33	33	The glycine cleavage system catalyzes the degradation of glycine. The P protein binds the alpha-amino group of glycine through its pyridoxal phosphate cofactor	E
OG0006455	129	0	1	1	1	1	3.5	3.5	33	33	33	33	#N/A	#N/A
OG0006463	138	0	1	1	1	1	3.5	3.5	33	33	33	33	#N/A	#N/A
OG0006464	123	0	1	1	1	1	3.5	3.5	33	33	33	33	#N/A	#N/A
OG0006469	117	0	1	1	1	1	3.5	3.5	33	33	33	33	#N/A	#N/A
OG0006476	291	0	1	1	1	1	3.5	3.5	33	33	33	33	Hsp70 protein	O
OG0006477	201	0	1	1	1	1	3.5	3.5	33	33	33	33	Heat shock 70 kDa protein	O
OG0006601	138	0	1	1	1	1	3.5	3.5	33	33	33	33	#N/A	#N/A
OG0006615	183	0	1	1	1	1	3.5	3.5	33	33	33	33	Belongs to the UPF0374 family	J
OG0006616	138	0	1	1	1	1	3.5	3.5	33	33	33	33	Belongs to the UPF0374 family	J
OG0006617	168	0	1	1	1	1	3.5	3.5	33	33	33	33	#N/A	#N/A
OG0006628	231	0	1	1	1	1	3.5	3.5	33	33	33	33	Methionine aminopeptidase	E
OG0006642	300	0	1	1	1	1	3.5	3.5	33	33	33	33	Inorganic pyrophosphatase	C
OG0006919	201	0	1	1	1	1	3.5	3.5	33	33	33	33	#N/A	#N/A
OG0007379	132	0	1	1	1	1	3.5	3.5	33	33	33	33	#N/A	#N/A
OG0007790	273	0	1	1	1	1	3.5	3.5	33	33	33	33	#N/A	#N/A
OG0007983	354	1	1	1	1	NA	3.5	NA	33	0	33	33	#N/A	#N/A
OG0007984	258	1	1	1	1	NA	3.5	NA	33	0	33	33	#N/A	#N/A
OG0007985	288	1	1	1	1	NA	3.5	NA	33	0	33	33	#N/A	#N/A
OG0008155	585	0	1	1	1	1	3.5	3.5	33	33	33	33	aminoacyl-tRNA ligase activity	S
OG0008252	219	0	1	1	1	1	3.5	3.5	33	33	33	33	#N/A	#N/A
OG0000409	1071	0.04	77	80	0.17	0.17	3.51	3.52	116	116	19.99	19.99	"Poorly processive, error-prone DNA polymerase involved in untargeted mutagenesis. Copies undamaged DNA at stalled replication forks, which arise in vivo from mismatched or misaligned primer ends. These misaligned primers can be extended by PolIV. Exhibits no 3'-5' exonuclease (proofreading) activity. May be involved in translesional synthesis, in conjunction with the beta clamp from PolIII"	L
OG0000428	882	0.01	77	79	0.22	0.22	3.51	3.51	90	90	19.97	19.97	5'-3' exonuclease	L
OG0000545	1497	0.05	77	79	0.23	0.23	3.51	3.51	95	93	21.7	21.7	Mnh complex is a Na( ) H( ) antiporter involved in Na( ) excretion	CP
OG0000546	1209	0.06	77	79	0.28	0.29	3.51	3.51	83	80	23.11	23.11	oxidoreductase activity	C
OG0000862	711	0.06	77	77	0.28	0.29	3.51	3.49	73	69	20.13	20.13	Purine nucleoside phosphorylase	F
OG0000896	1935	0.05	77	77	0.21	0.22	3.51	3.5	95	92	19.84	19.84	"ABC transporter, ATP-binding protein"	S
OG0000932	411	0.21	76	77	0.16	0.17	3.51	3.52	106	100	16.91	16.91	-	-
OG0000996	522	0.03	77	77	0.23	0.23	3.51	3.52	99	99	22.45	22.45	rod shape-determining protein MreD	M
OG0001052	1476	0.05	77	77	0.37	0.37	3.51	3.51	73	72	26.87	26.87	The glycine cleavage system catalyzes the degradation of glycine. The P protein binds the alpha-amino group of glycine through its pyridoxal phosphate cofactor	E
OG0001159	738	0.08	77	77	0.15	0.15	3.51	3.52	114	113	16.56	16.56	Belongs to the RNA methyltransferase TrmD family	J
OG0001198	2349	0.09	77	77	0.15	0.15	3.51	3.53	131	131	19.42	19.42	Endonuclease that is involved in the suppression of homologous recombination and may therefore have a key role in the control of bacterial genetic diversity	L
OG0001398	186	0.05	76	76	0.29	0.29	3.51	3.51	67	67	19.36	19.36	-	-
OG0001399	354	0.04	76	76	0.28	0.28	3.51	3.51	69	69	19.49	19.49	#N/A	#N/A
OG0001442	2523	0.07	73	76	0.2	0.21	3.51	3.51	81	79	16.3	16.3	"Catalyzes the transfer of a lysyl group from L-lysyl- tRNA(Lys) to membrane-bound phosphatidylglycerol (PG), which produces lysylphosphatidylglycerol (LPG), a major component of the bacterial membrane with a positive net charge. LPG synthesis contributes to bacterial virulence as it is involved in the resistance mechanism against cationic antimicrobial peptides (CAMP) produces by the host's immune system (defensins, cathelicidins) and by the competing microorganisms"	S
OG0001446	504	0.07	76	76	0.15	0.15	3.51	3.51	114	113	16.57	16.57	"An accessory protein needed during the final step in the assembly of 30S ribosomal subunit, possibly for assembly of the head region. Probably interacts with S19. Essential for efficient processing of 16S rRNA. May be needed both before and after RbfA during the maturation of 16S rRNA. It has affinity for free ribosomal 30S subunits but not for 70S ribosomes"	J
OG0001516	3453	0.04	74	74	0.27	0.27	3.51	3.49	86	84	22.82	22.82	"Catalyzes a 2-step reaction, involving the ATP-dependent carboxylation of the covalently attached biotin in the first step and the transfer of the carboxyl group to pyruvate in the second"	C
OG0001534	192	0.05	73	73	0.29	0.29	3.51	3.51	66	66	19.4	19.4	-	-
OG0001713	456	0.02	57	60	0.32	0.33	3.51	3.51	69	67	22.3	22.3	Acetyltransferase (GNAT) domain	K
OG0001762	408	0.05	57	57	0.28	0.28	3.51	3.51	69	69	19.18	19.18	-	-
OG0001868	1032	0.04	24	48	0.24	0.25	3.51	3.5	69	67	16.73	16.73	Malate/L-lactate dehydrogenase	C
OG0002076	1329	0.06	33	33	0.36	0.38	3.51	3.51	55	53	19.94	19.94	Na H antiporter	C
OG0002299	852	0.14	22	22	0.31	0.32	3.51	3.51	57	56	17.68	17.68	Catalyzes the hydrolysis of 10-formyltetrahydrofolate (formyl-FH4) to formate and tetrahydrofolate (FH4)	F
OG0003190	582	0	6	6	0.59	0.59	3.51	3.51	41	41	24.17	24.17	Myb-like DNA-binding domain	L
OG0003472	750	0	4	5	0.4	0.4	3.51	3.51	43	43	17	17	Protein conserved in bacteria	S
OG0003645	156	0	4	4	0.52	0.52	3.51	3.51	38	38	19.75	19.75	#N/A	#N/A
OG0003707	240	0.75	4	4	0.42	0.89	3.51	2.89	38	18	16	16	-	-
OG0003708	270	0.75	4	4	0.43	0.9	3.51	2.89	38	18	16.25	16.25	#N/A	#N/A
OG0003941	237	0	3	3	0.53	0.53	3.51	3.51	36	36	19	19	"Aromatic-ring-opening dioxygenase LigAB, LigA subunit"	S
OG0004019	837	0	3	3	0.63	0.63	3.51	3.51	38	38	24	24	"Involved in the reversible interconverion of 2-keto-myo- inositol (2KMI, inosose or 2,4,6 3,5-pentahydroxycyclohexanone) to 1-keto-D-chiro-inositol (1KDCI or 2,3,5 4,6- pentahydroxycyclohexanone)"	G
OG0004160	1392	0	2	2	0.53	0.53	3.51	3.51	34	34	18	18	"COG3829 Transcriptional regulator containing PAS, AAA-type ATPase, and DNA-binding domains"	KT
OG0004161	1314	0	2	2	0.53	0.53	3.51	3.51	34	34	18	18	"Sigma-54, DNA binding domain"	K
OG0004201	393	0	2	2	0.53	0.53	3.51	3.51	34	34	18	18	#N/A	#N/A
OG0004347	109.5	0	2	2	0.59	0.59	3.51	3.51	35	35	20.5	20.5	#N/A	#N/A
OG0004436	676.5	0	2	2	0.53	0.53	3.51	3.51	34	34	18	18	#N/A	#N/A
OG0004670	723	0	2	2	0.53	0.53	3.51	3.51	34	34	18	18	-	-
OG0004718	696	0	2	2	0.53	0.53	3.51	3.51	34	34	18	18	#N/A	#N/A
OG0000400	1056	0.04	77	80	0.16	0.16	3.52	3.53	108	107	17.34	17.34	Part of the ABC transporter complex hrt involved in hemin import. Responsible for the translocation of the substrate across the membrane (By similarity)	V
OG0000429	957	0.03	77	80	0.17	0.17	3.52	3.53	120	120	20.73	20.73	"Catalyzes the reductive methylation of 2'-deoxyuridine- 5'-monophosphate (dUMP) to 2'-deoxythymidine-5'-monophosphate (dTMP) while utilizing 5,10-methylenetetrahydrofolate (mTHF) as the methyl donor and reductant in the reaction, yielding dihydrofolate (DHF) as a by-product. This enzymatic reaction provides an intracellular de novo source of dTMP, an essential precursor for DNA biosynthesis"	F
OG0000506	543	0.04	77	79	0.34	0.34	3.52	3.52	71	71	24.25	24.25	Belongs to the 5-formyltetrahydrofolate cyclo-ligase family	H
OG0000597	1335	0.05	77	78	0.54	0.56	3.52	3.52	54	52	28.97	28.97	permease	S
OG0000702	645	0.01	77	78	0.18	0.18	3.52	3.52	112	111	19.65	19.65	Belongs to the ribulose-phosphate 3-epimerase family	G
OG0000749	672	0	77	78	0.16	0.16	3.52	3.52	122	122	19.67	19.67	Catalyzes the ATP-dependent conversion of 7-carboxy-7- deazaguanine (CDG) to 7-cyano-7-deazaguanine (preQ(0))	F
OG0000806	507	0.04	77	77	0.27	0.27	3.52	3.51	72	72	19.34	19.34	Activator of Hsp90 ATPase homolog 1-like protein	S
OG0000822	663	0.04	77	77	0.65	0.65	3.52	3.52	48	48	31.03	31.03	"One of the primary rRNA binding proteins, it binds directly near the 3'-end of the 23S rRNA, where it nucleates assembly of the 50S subunit"	J
OG0000913	1314	0.04	77	77	0.2	0.2	3.52	3.52	112	112	22.26	22.26	Domain of unknown function (DUF1727)	M
OG0000917	1044	0.05	77	77	0.26	0.26	3.52	3.51	95	93	24.34	24.34	Member of the two-component regulatory system VraS VraR involved in the control of the cell wall peptidoglycan biosynthesis	T
OG0001047	624	0.05	77	77	0.3	0.3	3.52	3.52	82	81	24.29	24.29	metallo-beta-lactamase superfamily protein	S
OG0001051	1092	0.05	77	77	0.38	0.38	3.52	3.52	70	70	26.57	26.57	The glycine cleavage system catalyzes the degradation of glycine	E
OG0001266	360	0.06	77	77	0.29	0.29	3.52	3.52	81	81	23.4	23.4	Belongs to the HesB IscA family	S
OG0001267	237	0.06	77	77	0.29	0.29	3.52	3.52	81	81	23.32	23.32	Belongs to the UPF0349 family	S
OG0001335	207	0.03	77	77	0.22	0.23	3.52	3.52	96	95	21.42	21.42	-	-
OG0001640	576	0.02	66	66	0.17	0.17	3.52	3.53	99	99	17.23	17.23	Nitrate reductase	C
OG0002687	351	0.08	9	12	0.43	0.43	3.52	3.53	48	48	20.83	20.83	-	-
OG0002989	213	0	8	8	0.4	0.4	3.52	3.52	48	48	19.25	19.25	-	-
OG0003099	186	0.29	7	7	0.37	0.37	3.52	3.56	43	43	15.86	15.86	-	-
OG0003110	858	0	7	7	0.6	0.6	3.52	3.52	42	42	25.14	25.14	TPM domain	S
OG0003288	672	0.17	6	6	0.38	0.39	3.52	3.51	43	42	16.17	16.17	-	-
OG0003374	384	0	5	5	0.88	0.88	3.52	3.52	35	35	30.8	30.8	-	-
OG0003560	735	0	4	4	0.51	0.51	3.52	3.52	38	38	19.5	19.5	Transport permease protein	V
OG0003644	957	0	4	4	0.49	0.49	3.52	3.52	39	39	19.25	19.25	ATPase. Has a role at an early stage in the morphogenesis of the spore coat	T
OG0003680	960	0.25	4	4	0.43	0.45	3.52	3.5	38	37	16.5	16.5	TupA-like ATPgrasp	M
OG0003794	1011	0	3	3	0.54	0.54	3.52	3.52	36	36	19.33	19.33	YqcI/YcgG family	S
OG0003801	258	0	3	3	0.51	0.51	3.52	3.52	36	36	18.33	18.33	#N/A	#N/A
OG0004140	304.5	0	2	2	0.57	0.57	3.52	3.52	35	35	20	20	AMP-binding enzyme	IQ
OG0004360	1561.5	0.5	2	2	0.51	0.97	3.52	2.89	34	18	17.5	17.5	"Restriction endonuclease FokI, C terminal"	L
OG0004465	415.5	0	2	2	0.51	0.51	3.52	3.52	34	34	17.5	17.5	#N/A	#N/A
OG0004494	1357.5	0	2	2	0.71	0.71	3.52	3.52	36	36	25.5	25.5	DnaB-like helicase C terminal domain	L
OG0004697	189	0	1	2	0.51	0.51	3.52	3.52	34	34	17.5	17.5	#N/A	#N/A
OG0004773	174	0.5	2	2	0.51	0.92	3.52	2.94	34	19	17.5	17.5	#N/A	#N/A
OG0004779	222	0.5	2	2	0.68	0.72	3.52	3.53	36	34	24.5	24.5	#N/A	#N/A
OG0004780	219	0.5	2	2	0.68	0.72	3.52	3.53	36	34	24.5	24.5	#N/A	#N/A
OG0004781	363	0.5	2	2	0.69	0.74	3.52	3.53	36	34	25	25	#N/A	#N/A
OG0004782	666	0.5	2	2	0.71	0.75	3.52	3.53	36	34	25.5	25.5	#N/A	#N/A
OG0000301	249	0.05	77	86	0.19	0.2	3.53	3.51	102	99	19.38	19.38	Ferredoxin	C
OG0000375	873	0.09	77	81	0.16	0.16	3.53	3.52	110	107	17.4	17.4	Required for a late step of 50S ribosomal subunit assembly. Has GTPase activity	S
OG0000423	720	0.05	77	80	0.23	0.23	3.53	3.53	98	97	22.69	22.69	Methyltransferase	Q
OG0000995	843	0.03	77	77	0.22	0.22	3.53	3.53	104	104	22.64	22.64	Involved in formation and maintenance of cell shape	M
OG0001044	2049	0.03	77	77	0.33	0.33	3.53	3.53	76	76	24.7	24.7	penicillin-binding protein	M
OG0001102	1074	0	77	77	0.23	0.23	3.53	3.53	96	96	22.03	22.03	Cell wall formation. Catalyzes the transfer of a GlcNAc subunit on undecaprenyl-pyrophosphoryl-MurNAc-pentapeptide (lipid intermediate I) to form undecaprenyl-pyrophosphoryl-MurNAc- (pentapeptide)GlcNAc (lipid intermediate II)	M
OG0001259	594	0.05	77	77	0.18	0.18	3.53	3.53	111	110	20.19	20.19	PPIases accelerate the folding of proteins. It catalyzes the cis-trans isomerization of proline imidic peptide bonds in oligopeptides	O
OG0001269	243	0.06	77	77	0.26	0.26	3.53	3.53	89	89	22.78	22.78	NifU-like domain	O
OG0001461	219	0.03	76	76	0.22	0.22	3.53	3.53	98	97	21.32	21.32	Protein of unknown function (DUF2922)	S
OG0001629	456	0.01	66	67	0.17	0.17	3.53	3.54	96	96	16.79	16.79	GAF domain	T
OG0001999	1059	0.08	35	37	0.26	0.26	3.53	3.54	76	75	19.41	19.41	Belongs to the acetokinase family	C
OG0002431	192	0	18	18	0.37	0.37	3.53	3.53	59	59	22.06	22.06	#N/A	#N/A
OG0002524	249	0	16	16	0.38	0.38	3.53	3.53	50	50	19	19	-	-
OG0003191	594	0	6	6	0.6	0.6	3.53	3.53	42	42	25	25	Endodeoxyribonuclease RusA	S
OG0003216	681	0	6	6	0.53	0.53	3.53	3.53	44	44	23.33	23.33	-	-
OG0003222	324	0	6	6	0.49	0.49	3.53	3.53	43	43	21.17	21.17	-	-
OG0003512	1011	0	4	5	0.52	0.52	3.53	3.53	41	41	21.2	21.2	#N/A	#N/A
OG0003738	822	0.25	4	4	0.41	0.43	3.53	3.5	39	37	16	16	Sucrose-6F-phosphate phosphohydrolase	S
OG0003888	201	0	3	3	0.5	0.5	3.53	3.53	36	36	18	18	#N/A	#N/A
OG0004097	246	0	1	3	0.63	0.63	3.53	3.53	39	39	24.67	24.67	#N/A	#N/A
OG0004098	225	0	1	3	0.63	0.63	3.53	3.53	39	39	24.67	24.67	#N/A	#N/A
OG0004156	442.5	0	2	2	0.5	0.5	3.53	3.53	34	34	17	17	#N/A	#N/A
OG0004207	321	0	2	2	0.54	0.54	3.53	3.53	35	35	19	19	-	-
OG0004226	228	0.5	2	2	0.5	0.52	3.53	3.5	34	33	17	17	Sigma factors are initiation factors that promote the attachment of RNA polymerase to specific initiation sites and are then released	K
OG0004251	96	0	2	2	1	1	3.53	3.53	34	34	34	34	#N/A	#N/A
OG0004276	238.5	0	2	2	0.74	0.74	3.53	3.53	36	36	26.5	26.5	#N/A	#N/A
OG0004285	691.5	0.5	2	2	0.5	1.21	3.53	2.64	34	14	17	17	#N/A	#N/A
OG0004629	576	0	2	2	0.54	0.54	3.53	3.53	35	35	19	19	ATPases associated with a variety of cellular activities	V
OG0004665	135	0	2	2	0.5	0.5	3.53	3.53	34	34	17	17	#N/A	#N/A
OG0004731	145.5	0.5	2	2	0.54	0.56	3.53	3.53	35	34	19	19	#N/A	#N/A
OG0004766	477	0	1	2	0.75	0.75	3.53	3.53	36	36	27	27	#N/A	#N/A
OG0004829	364.5	0	2	2	0.91	0.91	3.53	3.53	35	35	32	32	#N/A	#N/A
OG0004884	375	0	1	1	1	1	3.53	3.53	34	34	34	34	#N/A	#N/A
OG0005049	2991	0	1	1	1	1	3.53	3.53	34	34	34	34	phage tail tape measure protein	N
OG0005054	354	0	1	1	1	1	3.53	3.53	34	34	34	34	-	-
OG0005070	288	1	1	1	1	NA	3.53	NA	34	0	34	34	-	-
OG0005071	387	1	1	1	1	NA	3.53	NA	34	0	34	34	-	-
OG0005072	267	1	1	1	1	NA	3.53	NA	34	0	34	34	-	-
OG0005073	195	1	1	1	1	NA	3.53	NA	34	0	34	34	#N/A	#N/A
OG0005632	408	0	1	1	1	1	3.53	3.53	34	34	34	34	#N/A	#N/A
OG0005633	282	0	1	1	1	1	3.53	3.53	34	34	34	34	#N/A	#N/A
OG0005644	300	0	1	1	1	1	3.53	3.53	34	34	34	34	#N/A	#N/A
OG0005646	216	0	1	1	1	1	3.53	3.53	34	34	34	34	#N/A	#N/A
OG0005917	141	0	1	1	1	1	3.53	3.53	34	34	34	34	#N/A	#N/A
OG0005973	261	0	1	1	1	1	3.53	3.53	34	34	34	34	#N/A	#N/A
OG0005975	237	0	1	1	1	1	3.53	3.53	34	34	34	34	#N/A	#N/A
OG0006077	171	0	1	1	1	1	3.53	3.53	34	34	34	34	Belongs to the TPP enzyme family	E
OG0006078	537	0	1	1	1	1	3.53	3.53	34	34	34	34	"Involved in the cleavage of the C1-C2 bond of 3D- (3,5 4)-trihydroxycyclohexane-1,2-dione (THcHDO) to yield 5-deoxy- glucuronate (5DG)"	E
OG0006316	153	0	1	1	1	1	3.53	3.53	34	34	34	34	#N/A	#N/A
OG0006350	213	0	1	1	1	1	3.53	3.53	34	34	34	34	COG3227 Zinc metalloprotease (elastase)	E
OG0006354	183	0	1	1	1	1	3.53	3.53	34	34	34	34	#N/A	#N/A
OG0006421	135	0	1	1	1	1	3.53	3.53	34	34	34	34	#N/A	#N/A
OG0006445	156	0	1	1	1	1	3.53	3.53	34	34	34	34	#N/A	#N/A
OG0006452	420	0	1	1	1	1	3.53	3.53	34	34	34	34	Belongs to the peptidase M24B family	E
OG0006459	249	0	1	1	1	1	3.53	3.53	34	34	34	34	penicillin binding	M
OG0006465	159	0	1	1	1	1	3.53	3.53	34	34	34	34	#N/A	#N/A
OG0006466	258	0	1	1	1	1	3.53	3.53	34	34	34	34	Sigma factors are initiation factors that promote the attachment of RNA polymerase to specific initiation sites and are then released. This sigma factor is the primary sigma factor during exponential growth	K
OG0006467	384	0	1	1	1	1	3.53	3.53	34	34	34	34	RNA polymerase that catalyzes the synthesis of short RNA molecules used as primers for DNA polymerase during DNA replication	L
OG0006471	132	0	1	1	1	1	3.53	3.53	34	34	34	34	Specifically methylates the N3 position of the uracil ring of uridine 1498 (m3U1498) in 16S rRNA. Acts on the fully assembled 30S ribosomal subunit	J
OG0006475	153	0	1	1	1	1	3.53	3.53	34	34	34	34	#N/A	#N/A
OG0006478	171	0	1	1	1	1	3.53	3.53	34	34	34	34	#N/A	#N/A
OG0006479	111	0	1	1	1	1	3.53	3.53	34	34	34	34	#N/A	#N/A
OG0006480	126	0	1	1	1	1	3.53	3.53	34	34	34	34	#N/A	#N/A
OG0006599	123	0	1	1	1	1	3.53	3.53	34	34	34	34	Catalyzes the ferrous insertion into protoporphyrin IX	H
OG0006618	351	0	1	1	1	1	3.53	3.53	34	34	34	34	A G-specific	L
OG0006626	210	0	1	1	1	1	3.53	3.53	34	34	34	34	#N/A	#N/A
OG0006627	645	0	1	1	1	1	3.53	3.53	34	34	34	34	Member of the two-component regulatory system VraS VraR involved in the control of the cell wall peptidoglycan biosynthesis	T
OG0006699	189	0	1	1	1	1	3.53	3.53	34	34	34	34	"One of the primary rRNA binding proteins, it binds directly near the 3'-end of the 23S rRNA, where it nucleates assembly of the 50S subunit"	J
OG0006918	135	0	1	1	1	1	3.53	3.53	34	34	34	34	#N/A	#N/A
OG0006969	237	0	1	1	1	1	3.53	3.53	34	34	34	34	-	-
OG0006974	771	0	1	1	1	1	3.53	3.53	34	34	34	34	Protein of unknown function (DUF1351)	S
OG0007296	309	0	1	1	1	1	3.53	3.53	34	34	34	34	#N/A	#N/A
OG0007390	408	0	1	1	1	1	3.53	3.53	34	34	34	34	-	-
OG0007719	111	0	1	1	1	1	3.53	3.53	34	34	34	34	#N/A	#N/A
OG0007971	441	1	1	1	1	NA	3.53	NA	34	0	34	34	#N/A	#N/A
OG0008050	309	0	1	1	1	1	3.53	3.53	34	34	34	34	#N/A	#N/A
OG0000351	1332	0.05	77	82	0.1	0.1	3.54	3.46	135	129	13.51	13.51	Belongs to the GPI family	G
OG0000508	1350	0.05	77	78	0.35	0.35	3.54	3.54	76	76	26.73	26.73	The glycine cleavage system catalyzes the degradation of glycine. The P protein binds the alpha-amino group of glycine through its pyridoxal phosphate cofactor	E
OG0000537	315	0.1	77	79	0.1	0.11	3.54	3.52	162	154	16.66	16.66	Component of the thioredoxin-thioredoxin reductase system. Participates in various redox reactions through the reversible oxidation of its active center dithiol to a disulfide and catalyzes dithiol-disulfide exchange reactions (By similarity)	O
OG0000592	1260	0.03	77	78	0.32	0.32	3.54	3.54	73	71	23.04	23.04	Molybdopterin	H
OG0000630	471	0.22	76	78	0.13	0.15	3.54	3.53	120	107	16.08	16.08	"Catalyzes the conversion of epoxyqueuosine (oQ) to queuosine (Q), which is a hypermodified base found in the wobble positions of tRNA(Asp), tRNA(Asn), tRNA(His) and tRNA(Tyr)"	C
OG0000661	987	0.05	77	78	0.26	0.26	3.54	3.55	93	93	24.17	24.17	glucokinase	G
OG0000815	486	0.01	77	77	0.33	0.33	3.54	3.54	72	72	23.53	23.53	"Catalyzes the conversion of (8S)-3',8-cyclo-7,8- dihydroguanosine 5'-triphosphate to cyclic pyranopterin monophosphate (cPMP)"	H
OG0000933	828	0.14	76	77	0.17	0.17	3.54	3.55	105	103	17.79	17.79	Pseudouridine synthase	J
OG0001239	1563	0.05	77	77	0.16	0.16	3.54	3.53	114	113	18.3	18.3	"Increases the formation of ribosomal termination complexes and stimulates activities of RF-1 and RF-2. It binds guanine nucleotides and has strong preference for UGA stop codons. It may interact directly with the ribosome. The stimulation of RF- 1 and RF-2 is significantly reduced by GTP and GDP, but not by GMP"	J
OG0001258	381	0.05	77	77	0.17	0.17	3.54	3.55	115	114	19.52	19.52	"RNA binding protein, contains ribosomal protein S1 domain"	J
OG0001264	1317	0.06	77	77	0.3	0.3	3.54	3.53	80	79	23.68	23.68	Na+-H+ antiporter family	S
OG0001265	1479	0.05	77	77	0.28	0.29	3.54	3.53	83	81	23.53	23.53	Presumably involved in the processing and regular turnover of intracellular proteins. Catalyzes the removal of unsubstituted N-terminal amino acids from various peptides	E
OG0001268	321	0.06	77	77	0.25	0.25	3.54	3.55	92	92	23.38	23.38	Protein of unknown function (DUF1462)	S
OG0001298	837	0.04	77	77	0.14	0.14	3.54	3.55	130	129	17.75	17.75	Transfers the N-acyl diglyceride group on what will become the N-terminal cysteine of membrane lipoproteins	M
OG0001838	897	0.08	46	49	0.23	0.23	3.54	3.55	89	88	20.12	20.12	Phosphate acetyl/butaryl transferase	C
OG0003161	363	0.17	5	6	0.52	0.53	3.54	3.56	45	44	23.33	23.33	-	-
OG0003369	447	0	5	5	0.96	0.96	3.54	3.54	35	35	33.6	33.6	-	-
OG0003646	177	0	4	4	0.6	0.6	3.54	3.54	39	39	23.25	23.25	#N/A	#N/A
OG0003647	189	0	4	4	0.6	0.6	3.54	3.54	39	39	23.25	23.25	#N/A	#N/A
OG0003930	192	0	3	3	0.61	0.61	3.54	3.54	39	39	23.67	23.67	#N/A	#N/A
OG0003947	513	0.33	3	3	0.44	0.48	3.54	3.47	37	34	16.33	16.33	#N/A	#N/A
OG0004052	147	0.33	2	3	0.39	0.42	3.54	3.5	36	33	14	14	#N/A	#N/A
OG0004132	2172	0	2	2	0.53	0.53	3.54	3.54	35	35	18.5	18.5	decarboxylase	E
OG0004427	177	0	2	2	0.53	0.53	3.54	3.54	35	35	18.5	18.5	#N/A	#N/A
OG0004635	685.5	0	2	2	0.57	0.57	3.54	3.54	36	36	20.5	20.5	Ribulose-phosphate 3 epimerase family	G
OG0004636	1101	0	2	2	0.57	0.57	3.54	3.54	36	36	20.5	20.5	"Phosphotransferase system, EIIC"	G
OG0004657	160.5	0	2	2	0.57	0.57	3.54	3.54	36	36	20.5	20.5	#N/A	#N/A
OG0000341	1074	0.02	77	82	0.18	0.18	3.55	3.55	113	113	20.06	20.06	Transition state regulatory protein AbrB	S
OG0000399	1371	0.01	77	80	0.17	0.17	3.55	3.55	103	103	17.84	17.84	"Member of the two-component regulatory system HssS HssR involved in intracellular heme homeostasis and tempering of staphylococcal virulence. HssS functions as a heme sensor histidine kinase which is autophosphorylated at a histidine residue and transfers its phosphate group to an aspartate residue of HssR. HssR HssS activates the expression of hrtAB, an efflux pump, in response to extracellular heme, hemin, hemoglobin or blood (By similarity)"	T
OG0000507	1068	0.05	77	79	0.32	0.32	3.55	3.54	81	79	25.57	25.57	"Late competence protein ComGB, access of DNA to ComEA"	NU
OG0000750	717	0	77	78	0.16	0.16	3.55	3.55	125	125	20.4	20.4	"Catalyzes the complex heterocyclic radical-mediated conversion of 6-carboxy-5,6,7,8-tetrahydropterin (CPH4) to 7- carboxy-7-deazaguanine (CDG), a step common to the biosynthetic pathways of all 7-deazapurine-containing compounds"	H
OG0000785	1359	0.17	77	42	0.16	0.16	3.55	3.58	100	99	16.05	16.05	it binds specifically double-stranded DNA at a 9 bp consensus (dnaA box) 5'-TTATC CA A CA A-3'. DnaA binds to ATP and to acidic phospholipids	L
OG0000805	1302	0.04	77	77	0.26	0.26	3.55	3.54	77	77	20.29	20.29	Na H antiporter	C
OG0000829	210	0.04	77	77	0.6	0.6	3.55	3.56	55	55	33.09	33.09	Belongs to the universal ribosomal protein uL29 family	J
OG0000832	318	0.04	77	77	0.61	0.61	3.55	3.55	54	54	33.19	33.19	One of the proteins that surrounds the polypeptide exit tunnel on the outside of the subunit	J
OG0000931	600	0.21	76	77	0.14	0.15	3.55	3.57	118	112	16.66	16.66	Glucosamine-6-phosphate isomerase	G
OG0001404	186	0.04	76	76	0.79	0.79	3.55	3.55	43	43	33.99	33.99	"Binds 16S rRNA, required for the assembly of 30S particles and may also be responsible for determining the conformation of the 16S rRNA at the A site"	J
OG0001417	1386	0.2	76	76	0.16	0.17	3.55	3.56	110	106	17.64	17.64	Involved in the TCA cycle. Catalyzes the stereospecific interconversion of fumarate to L-malate	C
OG0001731	1542	0.27	58	59	0.15	0.17	3.55	3.56	101	88	15.36	15.36	PTS system mannitol-specific	G
OG0001890	1162.5	0.02	43	46	0.4	0.4	3.55	3.55	56	56	22.57	22.57	Catalyzes the transfer of the gamma-phosphate of ATP to D-galactose to form alpha-D-galactose-1-phosphate (Gal-1-P)	G
OG0002263	1302	0.04	23	23	0.35	0.36	3.55	3.55	58	56	20.39	20.39	Pyridoxal-phosphate dependent enzyme	E
OG0003023	786	0	8	8	0.5	0.5	3.55	3.55	44	44	22	22	translation release factor activity	J
OG0003527	274.5	0	4	4	0.61	0.61	3.55	3.55	37	37	22.75	22.75	Gas vesicle synthesis protein GvpO	S
OG0004070	105	0.33	3	3	0.45	0.49	3.55	3.54	39	36	17.67	17.67	#N/A	#N/A
OG0004074	369	0.33	3	3	0.4	0.43	3.55	3.48	37	34	14.67	14.67	#N/A	#N/A
OG0004171	313.5	0	2	2	0.66	0.66	3.55	3.55	37	37	24.5	24.5	#N/A	#N/A
OG0004261	526.5	0.5	2	2	0.51	0.69	3.55	3.26	35	26	18	18	#N/A	#N/A
OG0004320	403.5	0.5	2	2	0.51	0.9	3.55	3	35	20	18	18	Putative stress-induced transcription regulator	S
OG0004329	229.5	0.5	2	2	0.51	0.53	3.55	3.53	35	34	18	18	Peptide chain release factor 1 directs the termination of translation in response to the peptide chain termination codons UAG and UAA	J
OG0004352	498	0	2	2	0.66	0.66	3.55	3.55	37	37	24.5	24.5	The 2-oxoglutarate dehydrogenase complex catalyzes the overall conversion of 2-oxoglutarate to succinyl-CoA and CO(2)	C
OG0004652	1003.5	0	2	2	0.51	0.51	3.55	3.55	35	35	18	18	permease	C
OG0004673	117	0	2	2	0.56	0.56	3.55	3.55	36	36	20	20	#N/A	#N/A
OG0004778	234	0.5	2	2	0.68	0.71	3.55	3.56	37	35	25	25	#N/A	#N/A
OG0004818	234	1	2	2	0.89	NA	3.55	NA	36	0	32	32	#N/A	#N/A
OG0004819	237	1	2	2	0.89	NA	3.55	NA	36	0	32	32	#N/A	#N/A
OG0004820	210	1	2	2	0.88	NA	3.55	NA	36	0	31.5	31.5	#N/A	#N/A
OG0004821	243	1	2	2	0.86	NA	3.55	NA	36	0	31	31	#N/A	#N/A
OG0004822	219	1	2	2	0.86	NA	3.55	NA	36	0	31	31	#N/A	#N/A
OG0000380	1008	0.1	75	81	0.15	0.16	3.56	3.55	111	109	17.11	17.11	Acyltransferase family	G
OG0000483	1362	0.04	77	79	0.15	0.15	3.56	3.54	130	126	18.91	18.91	Belongs to the class I-like SAM-binding methyltransferase superfamily. RNA M5U methyltransferase family	J
OG0000497	561	0.03	75	79	0.22	0.22	3.56	3.56	95	95	20.81	20.81	glycosylase	L
OG0000814	504	0.01	77	77	0.31	0.31	3.56	3.56	75	75	23.38	23.38	May be involved in the biosynthesis of molybdopterin	H
OG0000823	624	0.04	77	77	0.67	0.67	3.56	3.56	48	48	32.05	32.05	"One of the primary rRNA binding proteins, this protein initially binds near the 5'-end of the 23S rRNA. It is important during the early stages of 50S assembly. It makes multiple contacts with different domains of the 23S rRNA in the assembled 50S subunit and ribosome"	J
OG0001328	618	0.04	77	77	0.23	0.24	3.56	3.53	88	84	19.96	19.96	Protein of unknown function DUF47	P
OG0001692	916.5	0.03	60	62	0.25	0.25	3.56	3.55	78	76	19.23	19.23	transporter	S
OG0001914	237	0.07	43	44	0.29	0.3	3.56	3.55	73	71	21.23	21.23	-	-
OG0002451	1770	0	17	17	0.27	0.27	3.56	3.56	62	62	16.76	16.76	Ferric iron reductase FhuF-like transporter	Q
OG0002639	1338	0	10	13	0.34	0.34	3.56	3.56	50	50	17.08	17.08	"to gi 22127301 ref NP_670724.1 Yersinia pestis KIM , percent identity"	EG
OG0002753	153	0	10	11	0.45	0.45	3.56	3.56	45	45	20.27	20.27	-	-
OG0002802	280.5	0	10	10	0.31	0.31	3.56	3.56	55	55	17.1	17.1	Family of unknown function (DUF5344)	S
OG0003525	489	0.25	4	4	0.59	0.59	3.56	3.53	38	38	22.5	22.5	-	-
OG0003603	360	0	4	4	0.45	0.45	3.56	3.56	43	43	19.25	19.25	ZIP Zinc transporter	P
OG0003978	228	0	3	3	0.76	0.76	3.56	3.56	38	38	29	29	#N/A	#N/A
OG0003982	924	0	3	3	0.53	0.53	3.56	3.56	38	38	20	20	SMP-30 Gluconolaconase LRE domain protein	G
OG0004040	735	0	3	3	0.51	0.51	3.56	3.56	38	38	19.33	19.33	#N/A	#N/A
OG0004111	826.5	0	2	2	0.62	0.62	3.56	3.56	37	37	23	23	Cytidylyltransferase family	S
OG0004215	438	0	2	2	0.54	0.54	3.56	3.56	36	36	19.5	19.5	Glyoxalase	E
OG0004260	553.5	0	2	2	0.5	0.5	3.56	3.56	35	35	17.5	17.5	GXWXG protein	S
OG0004366	193.5	0	2	2	0.5	0.5	3.56	3.56	35	35	17.5	17.5	#N/A	#N/A
OG0004561	286.5	0	2	2	0.78	0.78	3.56	3.56	37	37	29	29	DNA polymerase III delta' subunit	L
OG0004581	510	0	2	2	0.5	0.5	3.56	3.56	35	35	17.5	17.5	#N/A	#N/A
OG0004602	273	0	2	2	0.64	0.64	3.56	3.56	37	37	23.5	23.5	#N/A	#N/A
OG0004610	166.5	0	1	2	0.5	0.5	3.56	3.56	35	35	17.5	17.5	#N/A	#N/A
OG0004640	159	0	1	2	0.5	0.5	3.56	3.56	35	35	17.5	17.5	#N/A	#N/A
OG0004671	1735.5	0	2	2	0.53	0.53	3.56	3.56	36	36	19	19	#N/A	#N/A
OG0005052	294	0	1	1	1	1	3.56	3.56	35	35	35	35	-	-
OG0005053	993	0	1	1	1	1	3.56	3.56	35	35	35	35	cell adhesion	S
OG0005055	192	0	1	1	1	1	3.56	3.56	35	35	35	35	peptidoglycan catabolic process	S
OG0005056	270	0	1	1	1	1	3.56	3.56	35	35	35	35	-	-
OG0005068	297	1	1	1	1	NA	3.56	NA	35	0	35	35	-	-
OG0005069	267	1	1	1	1	NA	3.56	NA	35	0	35	35	-	-
OG0005243	267	0	1	1	1	1	3.56	3.56	35	35	35	35	-	-
OG0005282	153	0	1	1	1	1	3.56	3.56	35	35	35	35	"The globular domain of the protein is located near the polypeptide exit tunnel on the outside of the subunit, while an extended beta-hairpin is found that lines the wall of the exit tunnel in the center of the 70S ribosome"	J
OG0005476	138	0	1	1	1	1	3.56	3.56	35	35	35	35	#N/A	#N/A
OG0005477	255	0	1	1	1	1	3.56	3.56	35	35	35	35	Endodeoxyribonuclease RusA	L
OG0005478	342	0	1	1	1	1	3.56	3.56	35	35	35	35	#N/A	#N/A
OG0005634	396	0	1	1	1	1	3.56	3.56	35	35	35	35	#N/A	#N/A
OG0005641	1353	0	1	1	1	1	3.56	3.56	35	35	35	35	Putative transposase DNA-binding domain	L
OG0005643	216	0	1	1	1	1	3.56	3.56	35	35	35	35	#N/A	#N/A
OG0005647	210	0	1	1	1	1	3.56	3.56	35	35	35	35	#N/A	#N/A
OG0005648	198	0	1	1	1	1	3.56	3.56	35	35	35	35	#N/A	#N/A
OG0005649	162	0	1	1	1	1	3.56	3.56	35	35	35	35	#N/A	#N/A
OG0005650	228	0	1	1	1	1	3.56	3.56	35	35	35	35	#N/A	#N/A
OG0005651	168	0	1	1	1	1	3.56	3.56	35	35	35	35	#N/A	#N/A
OG0005652	348	0	1	1	1	1	3.56	3.56	35	35	35	35	#N/A	#N/A
OG0005726	192	0	1	1	1	1	3.56	3.56	35	35	35	35	#N/A	#N/A
OG0005727	198	0	1	1	1	1	3.56	3.56	35	35	35	35	#N/A	#N/A
OG0005916	267	0	1	1	1	1	3.56	3.56	35	35	35	35	#N/A	#N/A
OG0005918	195	0	1	1	1	1	3.56	3.56	35	35	35	35	#N/A	#N/A
OG0006300	411	0	1	1	1	1	3.56	3.56	35	35	35	35	Belongs to the class-II aminoacyl-tRNA synthetase family. Phe-tRNA synthetase alpha subunit type 1 subfamily	J
OG0006315	651	0	1	1	1	1	3.56	3.56	35	35	35	35	succinate dehydrogenase	C
OG0006352	234	0	1	1	1	1	3.56	3.56	35	35	35	35	"Catalyzes the reversible formation of acyl-phosphate (acyl-PO(4)) from acyl- acyl-carrier-protein (acyl-ACP). This enzyme utilizes acyl-ACP as fatty acyl donor, but not acyl-CoA"	I
OG0006353	333	0	1	1	1	1	3.56	3.56	35	35	35	35	Malonyl CoA-acyl carrier protein transacylase	I
OG0006448	105	0	1	1	1	1	3.56	3.56	35	35	35	35	#N/A	#N/A
OG0006462	114	0	1	1	1	1	3.56	3.56	35	35	35	35	#N/A	#N/A
OG0006470	225	0	1	1	1	1	3.56	3.56	35	35	35	35	UPF0365 protein	S
OG0006600	255	0	1	1	1	1	3.56	3.56	35	35	35	35	Catalyzes the ferrous insertion into protoporphyrin IX	H
OG0006622	285	0	1	1	1	1	3.56	3.56	35	35	35	35	Radical SAM	S
OG0006625	144	0	1	1	1	1	3.56	3.56	35	35	35	35	Radical SAM	S
OG0006817	504	0	1	1	1	1	3.56	3.56	35	35	35	35	#N/A	#N/A
OG0006818	219	0	1	1	1	1	3.56	3.56	35	35	35	35	#N/A	#N/A
OG0006832	132	0	1	1	1	1	3.56	3.56	35	35	35	35	#N/A	#N/A
OG0006967	189	0	1	1	1	1	3.56	3.56	35	35	35	35	#N/A	#N/A
OG0006972	186	0	1	1	1	1	3.56	3.56	35	35	35	35	#N/A	#N/A
OG0006973	624	0	1	1	1	1	3.56	3.56	35	35	35	35	#N/A	#N/A
OG0007199	204	0	1	1	1	1	3.56	3.56	35	35	35	35	#N/A	#N/A
OG0007241	222	0	1	1	1	1	3.56	3.56	35	35	35	35	#N/A	#N/A
OG0007295	192	0	1	1	1	1	3.56	3.56	35	35	35	35	#N/A	#N/A
OG0007355	279	0	1	1	1	1	3.56	3.56	35	35	35	35	#N/A	#N/A
OG0007492	180	0	1	1	1	1	3.56	3.56	35	35	35	35	-	-
OG0007780	180	1	1	1	1	NA	3.56	NA	35	0	35	35	Domain of unknown function (DUF1508)	S
OG0007791	405	0	1	1	1	1	3.56	3.56	35	35	35	35	#N/A	#N/A
OG0007792	147	0	1	1	1	1	3.56	3.56	35	35	35	35	#N/A	#N/A
OG0007793	240	0	1	1	1	1	3.56	3.56	35	35	35	35	#N/A	#N/A
OG0007966	408	0	1	1	1	1	3.56	3.56	35	35	35	35	#N/A	#N/A
OG0007967	282	0	1	1	1	1	3.56	3.56	35	35	35	35	#N/A	#N/A
OG0008049	171	0	1	1	1	1	3.56	3.56	35	35	35	35	#N/A	#N/A
OG0000474	1266	0.06	77	79	0.22	0.22	3.57	3.57	116	116	25.52	25.52	Belongs to the EPSP synthase family. MurA subfamily	M
OG0000629	1128	0.23	76	78	0.12	0.13	3.57	3.57	131	117	15.65	15.65	"Catalyzes the conversion of epoxyqueuosine (oQ) to queuosine (Q), which is a hypermodified base found in the wobble positions of tRNA(Asp), tRNA(Asn), tRNA(His) and tRNA(Tyr)"	C
OG0000824	276	0.04	77	77	0.66	0.66	3.57	3.57	49	49	32.23	32.23	One of the early assembly proteins it binds 23S rRNA. One of the proteins that surrounds the polypeptide exit tunnel on the outside of the ribosome. Forms the main docking site for trigger factor binding to the ribosome	J
OG0000830	264	0.04	77	77	0.61	0.61	3.57	3.57	55	55	33.42	33.42	"One of the primary rRNA binding proteins, it binds specifically to the 5'-end of 16S ribosomal RNA"	J
OG0000831	369	0.04	77	77	0.63	0.63	3.57	3.58	54	54	33.9	33.9	Binds to 23S rRNA. Forms part of two intersubunit bridges in the 70S ribosome	J
OG0001172	1308	0.01	77	77	0.16	0.17	3.57	3.57	120	119	19.74	19.74	Specifically methylates the cytosine at position 967 (m5C967) of 16S rRNA	J
OG0001173	933	0.01	77	77	0.16	0.16	3.57	3.57	125	124	19.49	19.49	Attaches a formyl group to the free amino group of methionyl-tRNA(fMet). The formyl group appears to play a dual role in the initiator identity of N-formylmethionyl-tRNA by promoting its recognition by IF2 and preventing the misappropriation of this tRNA by the elongation apparatus	J
OG0001176	408	0.01	77	77	0.14	0.15	3.57	3.53	128	117	17.88	17.88	3-demethylubiquinone-9 3-methyltransferase domain protein	S
OG0001337	717	0.05	77	77	0.24	0.24	3.57	3.58	90	90	21.77	21.77	-	-
OG0001397	933	0.03	76	76	0.22	0.22	3.57	3.57	86	86	18.5	18.5	Catalyzes the conversion of N-formimidoyl-L-glutamate to L-glutamate and formamide	E
OG0001419	345	0.07	76	76	0.18	0.18	3.57	3.56	107	103	18.75	18.75	Belongs to the UPF0342 family	S
OG0001433	447	0.05	76	76	0.22	0.22	3.57	3.56	107	105	23.36	23.36	biotin carboxyl carrier protein	I
OG0001457	297	0.03	76	76	0.24	0.24	3.57	3.56	88	86	20.92	20.92	-	-
OG0001549	1663.5	0.04	65	72	0.24	0.25	3.57	3.56	79	78	19.25	19.25	Catalyzes the conversion of urocanate to 4-imidazolone- 5-propionate	E
OG0001591	708	0.03	69	70	0.21	0.22	3.57	3.57	105	103	22.24	22.24	#N/A	#N/A
OG0001619	1632	0.01	69	69	0.33	0.33	3.57	3.56	73	72	23.81	23.81	"ABC transporter, ATP-binding protein"	V
OG0001657	147	0.02	65	65	0.23	0.23	3.57	3.57	103	103	23.22	23.22	-	-
OG0001658	276	0	65	65	0.19	0.19	3.57	3.57	103	103	19.18	19.18	-	-
OG0001697	180	0.03	62	62	0.23	0.23	3.57	3.58	101	100	23.44	23.44	-	-
OG0001889	171	0.07	46	46	0.26	0.27	3.57	3.56	81	79	21.41	21.41	Family of unknown function	S
OG0003189	1539	0	6	6	0.56	0.56	3.57	3.57	44	44	24.67	24.67	Recombinase	L
OG0003193	249	0	6	6	0.6	0.6	3.57	3.57	44	44	26.5	26.5	KaiB domain	S
OG0003215	960	0	6	6	0.53	0.53	3.57	3.57	45	45	23.83	23.83	-	-
OG0003479	1770	0	5	5	0.4	0.4	3.57	3.57	44	44	17.6	17.6	Converts the aldose L-fucose into the corresponding ketose L-fuculose	G
OG0003526	349.5	0.25	4	4	0.6	0.6	3.57	3.53	38	38	22.75	22.75	"Gas vesicles are small, hollow, gas filled protein structures that are found in several microbial planktonic microorganisms. They allow the positioning of the organism at the favorable depth for growth. GvpA type proteins form the essential core of the structure"	S
OG0003819	2178	0	3	3	0.53	0.53	3.57	3.57	40	40	21	21	the current gene model (or a revised gene model) may contain a frame shift	S
OG0003890	615	0	3	3	0.49	0.49	3.57	3.57	39	39	19	19	COG0745 Response regulators consisting of a CheY-like receiver domain and a winged-helix DNA-binding domain	T
OG0004018	858	0	3	3	0.62	0.62	3.57	3.57	40	40	24.67	24.67	COG1082 Sugar phosphate isomerases epimerases	G
OG0004203	5128.5	0	2	2	0.51	0.51	3.57	3.57	36	36	18.5	18.5	AAA domain	L
OG0004335	222	1	2	2	0.51	NA	3.57	NA	36	0	18.5	18.5	#N/A	#N/A
OG0004420	696	0	2	2	0.51	0.51	3.57	3.57	36	36	18.5	18.5	#N/A	#N/A
OG0004438	252	0.5	2	2	0.58	0.83	3.57	3.26	37	26	21.5	21.5	#N/A	#N/A
OG0004641	396	0	2	2	0.51	0.51	3.57	3.57	36	36	18.5	18.5	#N/A	#N/A
OG0004676	378	0	2	2	0.51	0.51	3.57	3.57	36	36	18.5	18.5	SnoaL-like polyketide cyclase	S
OG0004704	202.5	0	2	2	0.51	0.51	3.57	3.57	36	36	18.5	18.5	#N/A	#N/A
OG0000376	3570	0.04	77	81	0.18	0.18	3.58	3.59	116	115	20.3	20.3	Required for chromosome condensation and partitioning	D
OG0000435	2037	0.01	77	80	0.18	0.18	3.58	3.58	109	108	19.85	19.85	Serine threonine protein kinase	KLT
OG0000445	1065	0.07	77	80	0.26	0.27	3.58	3.57	91	89	23.82	23.82	NADH dehydrogenase	C
OG0000528	3174	0.05	77	79	0.17	0.17	3.58	3.57	119	116	20.22	20.22	Carbamoyl-phosphate synthetase ammonia chain	F
OG0000598	654	0.04	77	78	0.6	0.6	3.58	3.59	55	55	33.18	33.18	"Binds the lower part of the 30S subunit head. Binds mRNA in the 70S ribosome, positioning it for translation"	J
OG0000724	4093.5	0.08	77	78	0.2	0.2	3.58	3.57	95	94	18.67	18.67	"the rest of the oligosaccharide is released intact. Cleaves the peptidoglycan connecting the daughter cells at the end of the cell division cycle, resulting in the separation of the two newly divided cells. Acts as an autolysin in penicillin-induced lysis (By similarity)"	M
OG0000827	354	0.04	77	77	0.62	0.62	3.58	3.59	53	53	32.86	32.86	"The globular domain of the protein is located near the polypeptide exit tunnel on the outside of the subunit, while an extended beta-hairpin is found that lines the wall of the exit tunnel in the center of the 70S ribosome"	J
OG0000833	540	0.04	77	77	0.61	0.61	3.58	3.58	56	56	34.16	34.16	"This is 1 of the proteins that binds and probably mediates the attachment of the 5S RNA into the large ribosomal subunit, where it forms part of the central protuberance. In the 70S ribosome it contacts protein S13 of the 30S subunit (bridge B1b), connecting the 2 subunits"	J
OG0001327	1008	0.04	77	77	0.23	0.24	3.58	3.55	90	86	20.47	20.47	phosphate transporter	P
OG0001332	1092	0.01	77	77	0.17	0.17	3.58	3.58	106	106	18.03	18.03	teichoic acid biosynthesis protein	M
OG0001420	1189.5	0.07	76	76	0.18	0.19	3.58	3.57	107	103	19.53	19.53	DNA repair exonuclease	L
OG0001489	426	0.01	75	75	0.22	0.22	3.58	3.58	98	97	21.72	21.72	antiporter activity	P
OG0001630	1035	0.01	66	67	0.18	0.18	3.58	3.58	99	99	17.55	17.55	"Member of the two-component regulatory system NreB NreC involved in the control of dissimilatory nitrate nitrite reduction in response to oxygen. NreB functions as a direct oxygen sensor histidine kinase which is autophosphorylated, in the absence of oxygen, probably at the conserved histidine residue, and transfers its phosphate group probably to a conserved aspartate residue of NreC. NreB NreC activates the expression of the nitrate (narGHJI) and nitrite (nir) reductase operons, as well as the"	F
OG0001946	282	0	42	42	0.28	0.28	3.58	3.58	85	85	23.69	23.69	-	-
OG0003153	384	0.5	7	6	0.31	0.43	3.58	3.37	44	32	13.67	13.67	-	-
OG0003192	747	0	6	6	0.61	0.61	3.58	3.58	44	44	26.83	26.83	Phosphoribosyl-ATP pyrophosphohydrolase	S
OG0003270	360	0	6	6	0.47	0.47	3.58	3.58	46	46	21.5	21.5	#N/A	#N/A
OG0003354	102	0.6	4	5	0.25	0.26	3.58	3.69	41	40	10.2	10.2	#N/A	#N/A
OG0003793	1155	0	3	3	0.55	0.55	3.58	3.58	38	38	21	21	Major facilitator family	EGP
OG0003832	189	0.67	3	3	0.43	0.82	3.58	3	38	20	16.33	16.33	#N/A	#N/A
OG0003918	390	0.67	3	3	0.39	0.64	3.58	3.14	38	23	14.67	14.67	"Phosphoenolpyruvate-dependent sugar phosphotransferase system, EIIA 2"	G
OG0004110	618	0	2	2	0.62	0.62	3.58	3.58	38	38	23.5	23.5	CDP-alcohol phosphatidyltransferase	I
OG0004216	763.5	0.5	2	2	0.5	1.29	3.58	2.64	36	14	18	18	-	-
OG0004230	621	0.5	2	2	0.5	0.95	3.58	2.94	36	19	18	18	#N/A	#N/A
OG0004354	1831.5	0	2	2	0.54	0.54	3.58	3.58	37	37	20	20	A helicase nuclease that prepares dsDNA breaks (DSB) for recombinational DNA repair. Binds to DSBs and unwinds DNA via a highly rapid and processive ATP-dependent bidirectional helicase activity. Unwinds dsDNA until it encounters a Chi (crossover hotspot instigator) sequence from the 3' direction. Cuts ssDNA a few nucleotides 3' to the Chi site. The properties and activities of the enzyme are changed at Chi. The Chi-altered holoenzyme produces a long 3'-ssDNA overhang and facilitates RecA-binding to the ssDNA for homologous DNA recombination and repair. Holoenzyme degrades any linearized DNA that is unable to undergo homologous recombination. In the holoenzyme this subunit has ssDNA-dependent ATPase and 5'-3' helicase activity. When added to pre-assembled RecBC greatly stimulates nuclease activity and augments holoenzyme processivity. Negatively regulates the RecA-loading ability of RecBCD	L
OG0004385	322.5	0	1	2	0.5	0.5	3.58	3.58	36	36	18	18	#N/A	#N/A
OG0004394	322.5	0	2	2	0.5	0.5	3.58	3.58	36	36	18	18	#N/A	#N/A
OG0004407	324	0	2	2	0.5	0.5	3.58	3.58	36	36	18	18	"Toxin ToxN, type III toxin-antitoxin system"	S
OG0004434	954	0	2	2	0.54	0.54	3.58	3.58	37	37	20	20	Xylose isomerase-like TIM barrel	M
OG0004464	916.5	0	2	2	0.54	0.54	3.58	3.58	37	37	20	20	#N/A	#N/A
OG0004580	256.5	0	2	2	0.5	0.5	3.58	3.58	36	36	18	18	#N/A	#N/A
OG0004612	127.5	0	2	2	0.55	0.55	3.58	3.58	37	37	20.5	20.5	-	-
OG0004656	525	0.5	2	2	0.5	0.69	3.58	3.26	36	26	18	18	#N/A	#N/A
OG0004741	144	0	1	2	0.54	0.54	3.58	3.58	37	37	20	20	reverse transcriptase	L
OG0004817	360	1	2	2	0.88	NA	3.58	NA	37	0	32.5	32.5	#N/A	#N/A
OG0004864	171	0	1	1	1	1	3.58	3.58	36	36	36	36	#N/A	#N/A
OG0004903	267	0	1	1	1	1	3.58	3.58	36	36	36	36	#N/A	#N/A
OG0004905	678	0	1	1	1	1	3.58	3.58	36	36	36	36	Protein of unknown function (DUF559)	S
OG0004938	330	0	1	1	1	1	3.58	3.58	36	36	36	36	#N/A	#N/A
OG0005051	1128	0	1	1	1	1	3.58	3.58	36	36	36	36	Pfam:Caudo_bapla16	S
OG0005062	120	1	1	1	1	NA	3.58	NA	36	0	36	36	-	-
OG0005063	888	1	1	1	1	NA	3.58	NA	36	0	36	36	D12 class N6 adenine-specific DNA methyltransferase	S
OG0005064	315	1	1	1	1	NA	3.58	NA	36	0	36	36	-	-
OG0005065	510	1	1	1	1	NA	3.58	NA	36	0	36	36	-	-
OG0005066	216	1	1	1	1	NA	3.58	NA	36	0	36	36	-	-
OG0005067	360	1	1	1	1	NA	3.58	NA	36	0	36	36	Pfam:Phage_SSB	S
OG0005475	270	0	1	1	1	1	3.58	3.58	36	36	36	36	#N/A	#N/A
OG0005908	216	0	1	1	1	1	3.58	3.58	36	36	36	36	#N/A	#N/A
OG0005974	948	0	1	1	1	1	3.58	3.58	36	36	36	36	"Ribonucleotide reductase, small chain"	S
OG0006226	243	0	1	1	1	1	3.58	3.58	36	36	36	36	Catalyzes the reversible conversion of 2- phosphoglycerate into phosphoenolpyruvate. It is essential for the degradation of carbohydrates via glycolysis	G
OG0006227	219	0	1	1	1	1	3.58	3.58	36	36	36	36	#N/A	#N/A
OG0006305	210	0	1	1	1	1	3.58	3.58	36	36	36	36	COG1796 DNA polymerase IV (family X)	L
OG0006307	234	0	1	1	1	1	3.58	3.58	36	36	36	36	#N/A	#N/A
OG0006308	198	0	1	1	1	1	3.58	3.58	36	36	36	36	#N/A	#N/A
OG0006309	225	0	1	1	1	1	3.58	3.58	36	36	36	36	Endonuclease that is involved in the suppression of homologous recombination and may therefore have a key role in the control of bacterial genetic diversity	L
OG0006310	102	0	1	1	1	1	3.58	3.58	36	36	36	36	#N/A	#N/A
OG0006314	351	0	1	1	1	1	3.58	3.58	36	36	36	36	The UvrABC repair system catalyzes the recognition and processing of DNA lesions. UvrC both incises the 5' and 3' sides of the lesion. The N-terminal half is responsible for the 3' incision and the C-terminal half is responsible for the 5' incision	L
OG0006351	213	0	1	1	1	1	3.58	3.58	36	36	36	36	#N/A	#N/A
OG0006446	156	0	1	1	1	1	3.58	3.58	36	36	36	36	#N/A	#N/A
OG0006447	468	0	1	1	1	1	3.58	3.58	36	36	36	36	May be involved in recombinational repair of damaged DNA	L
OG0006449	132	0	1	1	1	1	3.58	3.58	36	36	36	36	Regulates arginine biosynthesis genes	K
OG0006460	228	0	1	1	1	1	3.58	3.58	36	36	36	36	#N/A	#N/A
OG0006461	498	0	1	1	1	1	3.58	3.58	36	36	36	36	penicillin-binding protein	M
OG0006472	153	0	1	1	1	1	3.58	3.58	36	36	36	36	#N/A	#N/A
OG0006473	207	0	1	1	1	1	3.58	3.58	36	36	36	36	#N/A	#N/A
OG0006474	282	0	1	1	1	1	3.58	3.58	36	36	36	36	"ATP binding to DnaK triggers the release of the substrate protein, thus completing the reaction cycle. Several rounds of ATP-dependent interactions between DnaJ, DnaK and GrpE are required for fully efficient folding. Also involved, together with DnaK and GrpE, in the DNA replication of plasmids through activation of initiation proteins"	O
OG0006621	252	0	1	1	1	1	3.58	3.58	36	36	36	36	intracellular protease	S
OG0006623	174	0	1	1	1	1	3.58	3.58	36	36	36	36	4Fe-4S single cluster domain	S
OG0006624	159	0	1	1	1	1	3.58	3.58	36	36	36	36	Radical SAM	S
OG0006826	105	0	1	1	1	1	3.58	3.58	36	36	36	36	#N/A	#N/A
OG0006902	249	0	1	1	1	1	3.58	3.58	36	36	36	36	#N/A	#N/A
OG0006913	417	0	1	1	1	1	3.58	3.58	36	36	36	36	-	-
OG0006916	276	0	1	1	1	1	3.58	3.58	36	36	36	36	#N/A	#N/A
OG0006946	183	0	1	1	1	1	3.58	3.58	36	36	36	36	#N/A	#N/A
OG0006968	612	0	1	1	1	1	3.58	3.58	36	36	36	36	HNH endonuclease	S
OG0006970	483	0	1	1	1	1	3.58	3.58	36	36	36	36	#N/A	#N/A
OG0006971	288	0	1	1	1	1	3.58	3.58	36	36	36	36	#N/A	#N/A
OG0007320	780	0	1	1	1	1	3.58	3.58	36	36	36	36	HNH endonuclease	V
OG0007781	141	1	1	1	1	NA	3.58	NA	36	0	36	36	#N/A	#N/A
OG0007968	282	0	1	1	1	1	3.58	3.58	36	36	36	36	#N/A	#N/A
OG0000368	600	0.02	77	81	0.24	0.24	3.59	3.6	91	90	22.05	22.05	radicals which are normally produced within the cells and which are toxic to biological systems	C
OG0000649	465	0.03	77	78	0.22	0.22	3.59	3.6	107	107	23.54	23.54	Domain of unknown function (DUF4930)	S
OG0000791	1284	0.01	77	77	0.12	0.12	3.59	3.6	150	150	17.39	17.39	Plays an important role in the de novo pathway of purine nucleotide biosynthesis. Catalyzes the first committed step in the biosynthesis of AMP from IMP	F
OG0000826	279	0.04	77	77	0.65	0.65	3.59	3.59	51	51	33.12	33.12	Protein S19 forms a complex with S13 that binds strongly to the 16S ribosomal RNA	J
OG0000828	435	0.04	77	77	0.61	0.61	3.59	3.59	55	55	33.66	33.66	Binds 23S rRNA and is also seen to make contacts with the A and possibly P site tRNAs	J
OG0001133	1674	0.04	77	77	0.13	0.13	3.59	3.6	148	146	18.66	18.66	Belongs to the FAD-dependent glycerol-3-phosphate dehydrogenase family	C
OG0001321	297	0.03	77	77	0.24	0.26	3.59	3.58	92	87	22.51	22.51	-	-
OG0001444	978	0.05	76	76	0.16	0.16	3.59	3.59	125	125	19.88	19.88	"Catalyzes the irreversible NADPH-dependent deamination of GMP to IMP. It functions in the conversion of nucleobase, nucleoside and nucleotide derivatives of G to A nucleotides, and in maintaining the intracellular balance of A and G nucleotides"	F
OG0001459	546	0.03	76	76	0.25	0.26	3.59	3.58	92	87	22.68	22.68	(GNAT) family	J
OG0001595	1675.5	0.01	69	70	0.32	0.32	3.59	3.58	75	74	23.71	23.71	"ABC transporter, ATP-binding protein"	V
OG0002034	1827	0.08	32	36	0.37	0.38	3.59	3.57	49	47	17.97	17.97	Amino acid permease	E
OG0002449	1767	0	17	17	0.28	0.28	3.59	3.59	62	62	17.12	17.12	IucA / IucC family	Q
OG0002846	492	0.3	9	10	0.32	0.33	3.59	3.69	53	51	16.7	16.7	Acetyltransferase (GNAT) domain	K
OG0003178	180	0	4	6	0.46	0.46	3.59	3.59	46	46	21	21	#N/A	#N/A
OG0003219	1044	0	6	6	0.53	0.53	3.59	3.59	46	46	24.33	24.33	"Phage integrase, N-terminal SAM-like domain"	L
OG0003375	315	0	5	5	0.85	0.85	3.59	3.59	38	38	32.2	32.2	-	-
OG0003421	657	0.6	5	5	0.36	0.55	3.59	3.35	46	30	16.6	16.6	Membrane	S
OG0003528	766.5	0	4	4	0.6	0.6	3.59	3.59	39	39	23.25	23.25	Gas vesicle synthesis protein GvpL/GvpF	O
OG0003529	255	0	4	4	0.59	0.59	3.59	3.59	39	39	23	23	Gas vesicle protein G	S
OG0003731	150	0	4	4	0.46	0.46	3.59	3.59	42	42	19.5	19.5	#N/A	#N/A
OG0003882	540	0	2	3	0.37	0.37	3.59	3.59	38	38	14	14	#N/A	#N/A
OG0003906	765	0	3	3	0.46	0.46	3.59	3.59	39	39	18	18	nicotinamide mononucleotide transporter	H
OG0004055	102	0.33	3	3	0.4	0.44	3.59	3.56	38	35	15.33	15.33	#N/A	#N/A
OG0004286	195	0	2	2	0.53	0.53	3.59	3.59	37	37	19.5	19.5	malate quinone oxidoreductase	C
OG0004719	792	0	2	2	0.59	0.59	3.59	3.59	38	38	22.5	22.5	Domain of unknown function (DUF4263)	S
OG0000369	1059	0.07	77	81	0.24	0.25	3.6	3.58	102	100	24.62	24.62	Belongs to the peptidase M24B family	E
OG0000541	1248	0.09	77	79	0.16	0.16	3.6	3.6	103	103	16.13	16.13	transcriptional	K
OG0000571	4500	0.18	68	79	0.16	0.18	3.6	3.6	107	96	17.44	17.44	Glutamate synthase	E
OG0000834	399	0.04	77	77	0.64	0.64	3.6	3.6	55	55	35.05	35.05	"One of the primary rRNA binding proteins, it binds directly to 16S rRNA central domain where it helps coordinate assembly of the platform of the 30S subunit"	J
OG0000835	537	0.04	77	77	0.63	0.63	3.6	3.6	56	56	35.08	35.08	"This protein binds to the 23S rRNA, and is important in its secondary structure. It is located near the subunit interface in the base of the L7 L12 stalk, and near the tRNA binding site of the peptidyltransferase center"	J
OG0001128	315	0.06	77	77	0.2	0.21	3.6	3.6	107	103	21.35	21.35	-	-
OG0001434	1362	0.05	76	76	0.28	0.28	3.6	3.59	90	88	24.88	24.88	Acetyl-CoA carboxylase (Biotin carboxylase subunit)	I
OG0001458	457.5	0.03	76	76	0.27	0.28	3.6	3.59	85	82	22.71	22.71	Belongs to the UPF0178 family	S
OG0001490	552	0.01	75	75	0.21	0.21	3.6	3.6	103	102	21.73	21.73	Integrase	L
OG0001628	678	0.01	66	67	0.15	0.15	3.6	3.61	112	112	17.36	17.36	"nitrate reductase, gamma subunit"	C
OG0001743	909	0.03	56	58	0.3	0.3	3.6	3.59	74	72	21.93	21.93	aldo keto reductase	S
OG0001747	147	0.03	58	58	0.22	0.22	3.6	3.61	99	99	21.4	21.4	D-Ala-teichoic acid biosynthesis protein	S
OG0003070	681	0	6	7	0.47	0.47	3.6	3.6	46	46	21.57	21.57	-	-
OG0003194	603	0	6	6	0.6	0.6	3.6	3.6	45	45	27.17	27.17	Phosphomevalonate kinase	H
OG0003342	921	0	5	5	0.5	0.5	3.6	3.6	44	44	21.8	21.8	LytTr DNA-binding domain	KT
OG0003368	2910	0	5	5	0.97	0.97	3.6	3.6	37	37	36	36	Hint (Hedgehog/Intein) domain C-terminal region	FL
OG0003564	435	0.25	4	4	0.43	0.51	3.6	3.49	44	37	19	19	#N/A	#N/A
OG0003811	396	0	3	3	0.6	0.6	3.6	3.6	41	41	24.67	24.67	#N/A	#N/A
OG0003815	516	0.33	3	3	0.42	0.55	3.6	3.38	40	31	17	17	-	-
OG0003887	1359	0.33	3	3	0.46	0.46	3.6	3.66	39	39	18	18	AAA ATPase domain	S
OG0004204	975	0	2	2	0.51	0.51	3.6	3.6	37	37	19	19	#N/A	#N/A
OG0004415	465	0	1	2	0.97	0.97	3.6	3.6	37	37	36	36	#N/A	#N/A
OG0000410	1113	0.12	75	80	0.15	0.15	3.61	3.63	120	118	18.26	18.26	Histidine kinase	T
OG0000426	975	0.05	76	80	0.26	0.26	3.61	3.6	99	98	25.61	25.61	competence protein comGA	NU
OG0000468	645	0.05	76	79	0.22	0.22	3.61	3.61	89	89	19.58	19.58	Haloacid dehalogenase-like hydrolase	S
OG0000615	1086	0.05	72	78	0.2	0.2	3.61	3.61	97	95	19.38	19.38	Sulphur transport	S
OG0000703	489	0.01	77	78	0.15	0.15	3.61	3.61	129	128	19.53	19.53	Removes the formyl group from the N-terminal Met of newly synthesized proteins. Requires at least a dipeptide for an efficient rate of reaction. N-terminal L-methionine is a prerequisite for activity but the enzyme has broad specificity at other positions	J
OG0000813	1005	0.01	77	77	0.3	0.3	3.61	3.61	80	80	24.36	24.36	molybdopterin biosynthesis protein moeB	H
OG0001015	732	0.06	77	77	0.2	0.2	3.61	3.59	112	110	22.52	22.52	allophanate hydrolase subunit 1	E
OG0001103	1362	0.03	77	77	0.2	0.2	3.61	3.61	108	108	21.42	21.42	Member of the two-component regulatory system ArlS ArlR. ArlS probably functions as a sensor protein kinase which is autophosphorylated at a histidine residue and transfers its phosphate group to ArlR (By similarity)	T
OG0001322	687	0.03	77	77	0.23	0.24	3.61	3.59	100	94	22.65	22.65	Protein of unknown function (DUF1129)	S
OG0002963	1200	0	8	8	0.32	0.32	3.61	3.61	58	58	18.62	18.62	#N/A	#N/A
OG0002993	486	0.12	8	8	0.27	0.28	3.61	3.6	51	50	13.75	13.75	"regulatory, ligand-binding protein related to C-terminal domains of K channels"	P
OG0003018	804	0.38	8	8	0.38	0.38	3.61	3.68	44	44	16.88	16.88	Carbon-nitrogen hydrolase	S
OG0003348	513	0	4	5	0.51	0.51	3.61	3.61	39	39	19.8	19.8	Nitroreductase family	C
OG0003756	627	0	3	3	0.51	0.51	3.61	3.61	41	41	21	21	Phosphate acyltransferases	I
OG0003757	579	0	3	3	0.52	0.52	3.61	3.61	41	41	21.33	21.33	-	-
OG0004017	249	0	3	3	0.55	0.55	3.61	3.61	41	41	22.67	22.67	-	-
OG0004206	1156.5	0	2	2	0.5	0.5	3.61	3.61	37	37	18.5	18.5	#N/A	#N/A
OG0004208	604.5	0	2	2	0.54	0.54	3.61	3.61	38	38	20.5	20.5	-	-
OG0004262	376.5	0	2	2	0.62	0.62	3.61	3.61	39	39	24	24	#N/A	#N/A
OG0004321	661.5	0	2	2	0.5	0.5	3.61	3.61	37	37	18.5	18.5	X-Pro dipeptidyl-peptidase C-terminal non-catalytic domain	S
OG0004432	876	0	2	2	0.5	0.5	3.61	3.61	37	37	18.5	18.5	Belongs to the agmatine deiminase family	E
OG0004486	165	0	2	2	0.55	0.55	3.61	3.61	38	38	21	21	-	-
OG0004578	286.5	0	2	2	0.54	0.54	3.61	3.61	38	38	20.5	20.5	Belongs to the D-glutamate cyclase family	S
OG0004604	96	0	2	2	0.6	0.6	3.61	3.61	39	39	23.5	23.5	23S rRNA methylase leader peptide (ErmC)	S
OG0004687	993	0	2	2	0.5	0.5	3.61	3.61	37	37	18.5	18.5	Reverse transcriptase (RNA-dependent DNA polymerase)	L
OG0004838	528	0	1	1	1	1	3.61	3.61	37	37	37	37	#N/A	#N/A
OG0004904	213	0	1	1	1	1	3.61	3.61	37	37	37	37	#N/A	#N/A
OG0005057	348	0	1	1	1	1	3.61	3.61	37	37	37	37	-	-
OG0005244	156	0	1	1	1	1	3.61	3.61	37	37	37	37	#N/A	#N/A
OG0005246	192	0	1	1	1	1	3.61	3.61	37	37	37	37	#N/A	#N/A
OG0005642	381	0	1	1	1	1	3.61	3.61	37	37	37	37	#N/A	#N/A
OG0005725	156	0	1	1	1	1	3.61	3.61	37	37	37	37	#N/A	#N/A
OG0005906	243	0	1	1	1	1	3.61	3.61	37	37	37	37	#N/A	#N/A
OG0005907	168	0	1	1	1	1	3.61	3.61	37	37	37	37	#N/A	#N/A
OG0005909	135	0	1	1	1	1	3.61	3.61	37	37	37	37	#N/A	#N/A
OG0005910	609	0	1	1	1	1	3.61	3.61	37	37	37	37	#N/A	#N/A
OG0005915	336	0	1	1	1	1	3.61	3.61	37	37	37	37	#N/A	#N/A
OG0006228	147	0	1	1	1	1	3.61	3.61	37	37	37	37	3'-5' exoribonuclease that releases 5'-nucleoside monophosphates and is involved in maturation of structured RNAs	K
OG0006229	228	0	1	1	1	1	3.61	3.61	37	37	37	37	#N/A	#N/A
OG0006230	195	0	1	1	1	1	3.61	3.61	37	37	37	37	#N/A	#N/A
OG0006231	156	0	1	1	1	1	3.61	3.61	37	37	37	37	#N/A	#N/A
OG0006232	216	0	1	1	1	1	3.61	3.61	37	37	37	37	#N/A	#N/A
OG0006304	123	0	1	1	1	1	3.61	3.61	37	37	37	37	Helix-hairpin-helix domain	L
OG0006306	588	0	1	1	1	1	3.61	3.61	37	37	37	37	Endonuclease that is involved in the suppression of homologous recombination and may therefore have a key role in the control of bacterial genetic diversity	L
OG0006311	117	0	1	1	1	1	3.61	3.61	37	37	37	37	#N/A	#N/A
OG0006312	135	0	1	1	1	1	3.61	3.61	37	37	37	37	#N/A	#N/A
OG0006313	303	0	1	1	1	1	3.61	3.61	37	37	37	37	The UvrABC repair system catalyzes the recognition and processing of DNA lesions. UvrC both incises the 5' and 3' sides of the lesion. The N-terminal half is responsible for the 3' incision and the C-terminal half is responsible for the 5' incision	L
OG0006450	567	0	1	1	1	1	3.61	3.61	37	37	37	37	"Bidirectionally degrades single-stranded DNA into large acid-insoluble oligonucleotides, which are then degraded further into small acid-soluble oligonucleotides"	L
OG0006481	96	0	1	1	1	1	3.61	3.61	37	37	37	37	#N/A	#N/A
OG0006619	315	0	1	1	1	1	3.61	3.61	37	37	37	37	ABC-type polysaccharide polyol phosphate transport system ATPase component	GM
OG0006620	240	0	1	1	1	1	3.61	3.61	37	37	37	37	#N/A	#N/A
OG0006688	105	0	1	1	1	1	3.61	3.61	37	37	37	37	#N/A	#N/A
OG0006869	243	0	1	1	1	1	3.61	3.61	37	37	37	37	#N/A	#N/A
OG0006912	420	0	1	1	1	1	3.61	3.61	37	37	37	37	synthase	H
OG0006915	582	0	1	1	1	1	3.61	3.61	37	37	37	37	Belongs to the N(4) N(6)-methyltransferase family	KL
OG0006952	393	0	1	1	1	1	3.61	3.61	37	37	37	37	#N/A	#N/A
OG0007268	312	0	1	1	1	1	3.61	3.61	37	37	37	37	#N/A	#N/A
OG0007406	243	0	1	1	1	1	3.61	3.61	37	37	37	37	#N/A	#N/A
OG0007659	309	0	1	1	1	1	3.61	3.61	37	37	37	37	#N/A	#N/A
OG0007969	474	0	1	1	1	1	3.61	3.61	37	37	37	37	#N/A	#N/A
OG0007970	243	1	1	1	1	NA	3.61	NA	37	0	37	37	#N/A	#N/A
OG0000362	2934	0.07	76	81	0.2	0.2	3.62	3.61	106	102	20.79	20.79	AAA domain	D
OG0000492	774	0.05	76	79	0.16	0.16	3.62	3.62	126	125	19.96	19.96	membrane transporter protein	S
OG0000590	1071	0.05	77	78	0.21	0.22	3.62	3.63	88	86	18.88	18.88	NAD NADP octopine nopaline dehydrogenase	C
OG0000825	834	0.04	77	77	0.67	0.67	3.62	3.62	51	51	34.06	34.06	"One of the primary rRNA binding proteins. Required for association of the 30S and 50S subunits to form the 70S ribosome, for tRNA binding and peptide bond formation. It has been suggested to have peptidyltransferase activity"	J
OG0000904	927	0.05	77	77	0.21	0.21	3.62	3.63	102	102	21.38	21.38	Inorganic pyrophosphatase	C
OG0001320	876	0.03	77	77	0.26	0.26	3.62	3.6	89	87	22.9	22.9	Catalyzes the dephosphorylation of undecaprenyl diphosphate (UPP). Confers resistance to bacitracin	V
OG0001418	465	0.08	76	76	0.16	0.16	3.62	3.61	113	109	17.76	17.76	Helix-turn-helix XRE-family like proteins	K
OG0001449	213	0	76	76	0.14	0.14	3.62	3.62	133	133	18.08	18.08	Promotes RNA polymerase assembly. Latches the N- and C- terminal regions of the beta' subunit thereby facilitating its interaction with the beta and alpha subunits	K
OG0001460	759	0.01	76	76	0.2	0.2	3.62	3.62	98	98	19.2	19.2	"Catalyzes the conversion of GlcNAc-PP-undecaprenol into ManNAc-GlcNAc-PP-undecaprenol, the first committed lipid intermediate in the de novo synthesis of teichoic acid"	M
OG0001518	483	0.01	74	74	0.23	0.23	3.62	3.62	87	87	19.85	19.85	Belongs to the prolyl-tRNA editing family. YbaK EbsC subfamily	S
OG0001982	465	0.03	39	39	0.27	0.27	3.62	3.62	63	63	16.85	16.85	-	-
OG0002168	582	0	27	28	0.27	0.27	3.62	3.62	73	73	19.86	19.86	-	-
OG0002203	345	0.04	26	26	0.39	0.39	3.62	3.61	57	57	21.96	21.96	ASCH	S
OG0002225	633	0.08	25	25	0.26	0.26	3.62	3.6	71	71	18.44	18.44	Dak2	S
OG0003531	285	0	4	4	0.59	0.59	3.62	3.62	40	40	23.75	23.75	"Gas vesicles are small, hollow, gas filled protein structures that are found in several microbial planktonic microorganisms. They allow the positioning of the organism at the favorable depth for growth"	S
OG0003866	189	0	3	3	0.52	0.52	3.62	3.62	42	42	22	22	-	-
OG0003914	772.5	0	3	2	0.53	0.53	3.62	3.62	38	38	20	20	reductase	IQ
OG0004062	252	0.33	2	3	0.43	0.43	3.62	3.68	40	40	17.33	17.33	#N/A	#N/A
OG0004075	300	0	3	3	0.47	0.47	3.62	3.62	40	40	19	19	#N/A	#N/A
OG0004720	1320	0	2	2	0.53	0.53	3.62	3.62	38	38	20	20	Radical SAM domain protein	C
OG0004730	768	0.5	2	2	0.53	0.95	3.62	3.04	38	21	20	20	#N/A	#N/A
OG0004830	499.5	0	2	2	0.53	0.53	3.62	3.62	38	38	20	20	"(4S)-4-hydroxy-5-phosphonooxypentane-2,3-dione isomerase activity"	S
OG0000751	507	0.06	77	78	0.19	0.22	3.63	3.6	112	98	21.81	21.81	-	-
OG0000810	786	0.01	77	77	0.29	0.29	3.63	3.64	80	80	23.56	23.56	ABC-type molybdate transport system periplasmic component	P
OG0000811	672	0.01	77	77	0.29	0.29	3.63	3.63	81	81	23.79	23.79	permease	P
OG0000812	606	0.01	77	77	0.3	0.3	3.63	3.63	79	79	23.77	23.77	ATP-binding protein	E
OG0000836	363	0.04	77	77	0.62	0.62	3.63	3.63	57	57	35.62	35.62	"This is one of the proteins that binds and probably mediates the attachment of the 5S RNA into the large ribosomal subunit, where it forms part of the central protuberance"	J
OG0000837	501	0.04	77	77	0.62	0.62	3.63	3.64	58	58	36.18	36.18	Located at the back of the 30S subunit body where it stabilizes the conformation of the head with respect to the body	J
OG0001016	759	0.05	77	77	0.24	0.25	3.63	3.62	104	100	25.1	25.1	Belongs to the UPF0271 (lamB) family	S
OG0001105	204	0.04	77	77	0.18	0.18	3.63	3.64	107	106	19.26	19.26	-	-
OG0001326	654	0.03	77	77	0.22	0.22	3.63	3.6	96	94	21.04	21.04	Belongs to the BI1 family	S
OG0001358	2082	0.03	77	77	0.13	0.13	3.63	3.64	121	121	15.79	15.79	"Catalyzes the GTP-dependent ribosomal translocation step during translation elongation. During this step, the ribosome changes from the pre-translocational (PRE) to the post- translocational (POST) state as the newly formed A-site-bound peptidyl-tRNA and P-site-bound deacylated tRNA move to the P and E sites, respectively. Catalyzes the coordinated movement of the two tRNA molecules, the mRNA and conformational changes in the ribosome"	J
OG0001487	483	0.01	75	75	0.22	0.23	3.63	3.63	98	97	21.99	21.99	subunit E	P
OG0001519	303	0.01	74	74	0.23	0.23	3.63	3.63	95	94	21.93	21.93	Subunit F	P
OG0001542	489	0.03	73	73	0.22	0.24	3.63	3.61	103	95	22.58	22.58	Protein of unknown function (DUF456)	S
OG0001618	237	0.03	69	69	0.21	0.21	3.63	3.64	102	102	21.58	21.58	"Carrier protein involved in the D-alanylation of lipoteichoic acid (LTA). The loading of thioester-linked D-alanine onto DltC is catalyzed by D-alanine--D-alanyl carrier protein ligase DltA. The DltC-carried D-alanyl group is further transferred to cell membrane phosphatidylglycerol (PG) by forming an ester bond, probably catalyzed by DltD. D-alanylation of LTA plays an important role in modulating the properties of the cell wall in Gram-positive bacteria, influencing the net charge of the cell wall"	IQ
OG0001652	315	0.02	65	65	0.17	0.17	3.63	3.63	100	100	17.37	17.37	Nitrite reductase	P
OG0002450	1719	0	17	17	0.26	0.26	3.63	3.63	67	67	17.41	17.41	IucA / IucC family	Q
OG0002653	327	0.15	13	13	0.25	0.25	3.63	3.65	56	55	13.77	13.77	#N/A	#N/A
OG0002671	819	0.08	12	12	0.37	0.38	3.63	3.62	57	55	21.17	21.17	Radical SAM superfamily	L
OG0002994	1173	0.12	8	8	0.26	0.27	3.63	3.6	53	51	13.88	13.88	Sodium/hydrogen exchanger family	P
OG0003003	816	0	6	8	0.32	0.32	3.63	3.63	51	51	16.12	16.12	alpha beta	S
OG0003214	969	0	6	6	0.52	0.52	3.63	3.63	47	47	24.33	24.33	AAA domain	L
OG0003530	810	0	4	4	0.6	0.6	3.63	3.63	40	40	24	24	Gas vesicle synthesis protein GvpL/GvpF	S
OG0003546	195	0	4	4	0.4	0.4	3.63	3.63	43	43	17	17	#N/A	#N/A
OG0003873	711	0.33	3	3	0.45	0.53	3.63	3.53	40	34	18	18	#N/A	#N/A
OG0004007	153	0	3	3	0.5	0.5	3.63	3.63	43	43	21.67	21.67	#N/A	#N/A
OG0004016	1275	0	3	3	0.55	0.55	3.63	3.63	42	42	23	23	C4-dicarboxylate transmembrane transporter activity	C
OG0004084	1101	0	2	3	0.48	0.48	3.63	3.63	40	40	19.33	19.33	Belongs to the glycosyl hydrolase 2 family	G
OG0004218	114	0	2	2	0.51	0.51	3.63	3.63	38	38	19.5	19.5	#N/A	#N/A
OG0004229	405	0	2	2	0.51	0.51	3.63	3.63	38	38	19.5	19.5	#N/A	#N/A
OG0004634	544.5	0	2	2	0.51	0.51	3.63	3.63	38	38	19.5	19.5	membrane transporter protein	S
OG0004706	510	0	2	2	0.55	0.55	3.63	3.63	39	39	21.5	21.5	#N/A	#N/A
OG0004708	223.5	0	2	2	0.75	0.75	3.63	3.63	40	40	30	30	#N/A	#N/A
OG0004760	175.5	0.5	2	2	0.51	0.81	3.63	3.18	38	24	19.5	19.5	#N/A	#N/A
OG0004816	819	1	2	2	0.86	NA	3.63	NA	39	0	33.5	33.5	#N/A	#N/A
OG0000682	1449	0.06	77	78	0.2	0.21	3.64	3.63	111	107	22.4	22.4	amino acid	E
OG0000804	1098	0.03	77	77	0.21	0.22	3.64	3.64	88	87	18.81	18.81	CAAX protease self-immunity	S
OG0000808	2955	0.05	76	77	0.2	0.2	3.64	3.65	104	103	20.53	20.53	formate dehydrogenase (NAD+) activity	C
OG0000838	180	0.03	77	77	0.61	0.61	3.64	3.64	59	59	36.22	36.22	Ribosomal protein L30	J
OG0001318	1350	0.01	77	77	0.23	0.23	3.64	3.64	98	98	22.18	22.18	COG1253 Hemolysins and related proteins containing CBS domains	S
OG0001486	447	0.01	75	75	0.23	0.23	3.64	3.64	97	96	21.97	21.97	subunit G	P
OG0001627	1557	0.01	66	67	0.15	0.15	3.64	3.64	116	116	17.94	17.94	Nitrate reductase beta subunit	C
OG0002967	306	0.12	8	8	0.36	0.4	3.64	3.55	52	47	18.75	18.75	Rhodanese Homology Domain	P
OG0003456	501	0.4	5	5	0.3	0.35	3.64	3.49	42	35	12.4	12.4	#N/A	#N/A
OG0003922	198	0.67	2	3	0.4	0.53	3.64	3.4	40	30	16	16	#N/A	#N/A
OG0003926	234	0.33	3	3	0.59	0.77	3.64	3.39	41	31	24	24	#N/A	#N/A
OG0004344	268.5	0	2	2	0.54	0.54	3.64	3.64	39	39	21	21	Belongs to the SEDS family	D
OG0004613	142.5	0	1	2	0.54	0.54	3.64	3.64	39	39	21	21	#N/A	#N/A
OG0004882	558	0	1	1	1	1	3.64	3.64	38	38	38	38	#N/A	#N/A
OG0004883	516	0	1	1	1	1	3.64	3.64	38	38	38	38	#N/A	#N/A
OG0004967	174	0	1	1	1	1	3.64	3.64	38	38	38	38	#N/A	#N/A
OG0005058	195	1	1	1	1	NA	3.64	NA	38	0	38	38	-	-
OG0005059	192	1	1	1	1	NA	3.64	NA	38	0	38	38	#N/A	#N/A
OG0005061	255	1	1	1	1	NA	3.64	NA	38	0	38	38	-	-
OG0005110	210	0	1	1	1	1	3.64	3.64	38	38	38	38	#N/A	#N/A
OG0005245	102	0	1	1	1	1	3.64	3.64	38	38	38	38	#N/A	#N/A
OG0005583	246	0	1	1	1	1	3.64	3.64	38	38	38	38	#N/A	#N/A
OG0005724	129	0	1	1	1	1	3.64	3.64	38	38	38	38	#N/A	#N/A
OG0005728	126	0	1	1	1	1	3.64	3.64	38	38	38	38	#N/A	#N/A
OG0005730	93	0	1	1	1	1	3.64	3.64	38	38	38	38	#N/A	#N/A
OG0005731	228	0	1	1	1	1	3.64	3.64	38	38	38	38	#N/A	#N/A
OG0005911	198	0	1	1	1	1	3.64	3.64	38	38	38	38	#N/A	#N/A
OG0005912	192	0	1	1	1	1	3.64	3.64	38	38	38	38	#N/A	#N/A
OG0005914	252	0	1	1	1	1	3.64	3.64	38	38	38	38	#N/A	#N/A
OG0006233	93	0	1	1	1	1	3.64	3.64	38	38	38	38	#N/A	#N/A
OG0006302	183	0	1	1	1	1	3.64	3.64	38	38	38	38	Endonuclease that specifically degrades the RNA of RNA- DNA hybrids	L
OG0006303	381	0	1	1	1	1	3.64	3.64	38	38	38	38	Endonuclease that specifically degrades the RNA of RNA- DNA hybrids	L
OG0006641	348	0	1	1	1	1	3.64	3.64	38	38	38	38	#N/A	#N/A
OG0006689	123	0	1	1	1	1	3.64	3.64	38	38	38	38	#N/A	#N/A
OG0006690	261	0	1	1	1	1	3.64	3.64	38	38	38	38	ATP-binding (A) component of a common energy-coupling factor (ECF) ABC-transporter complex. Unlike classic ABC transporters this ECF transporter provides the energy necessary to transport a number of different substrates	P
OG0006834	417	0	1	1	1	1	3.64	3.64	38	38	38	38	#N/A	#N/A
OG0006835	204	0	1	1	1	1	3.64	3.64	38	38	38	38	#N/A	#N/A
OG0006870	540	0	1	1	1	1	3.64	3.64	38	38	38	38	#N/A	#N/A
OG0006914	804	0	1	1	1	1	3.64	3.64	38	38	38	38	"Evidence 3 Function proposed based on presence of conserved amino acid motif, structural feature or limited homology"	S
OG0006945	207	0	1	1	1	1	3.64	3.64	38	38	38	38	#N/A	#N/A
OG0007384	261	0	1	1	1	1	3.64	3.64	38	38	38	38	#N/A	#N/A
OG0007756	132	0	1	1	1	1	3.64	3.64	38	38	38	38	#N/A	#N/A
OG0007782	228	1	1	1	1	NA	3.64	NA	38	0	38	38	#N/A	#N/A
OG0007789	363	0	1	1	1	1	3.64	3.64	38	38	38	38	#N/A	#N/A
OG0007815	192	0	1	1	1	1	3.64	3.64	38	38	38	38	#N/A	#N/A
OG0007816	177	0	1	1	1	1	3.64	3.64	38	38	38	38	#N/A	#N/A
OG0008095	486	0	1	1	1	1	3.64	3.64	38	38	38	38	#N/A	#N/A
OG0000346	1122	0.09	77	82	0.14	0.17	3.65	3.6	135	114	19.32	19.32	Catalyzes quinol oxidation with the concomitant reduction of oxygen to water. Subunit II transfers the electrons from a quinol to the binuclear center of the catalytic subunit I	C
OG0000386	702	0.02	77	81	0.25	0.26	3.65	3.64	91	88	23.2	23.2	-	-
OG0000516	792	0.04	77	79	0.18	0.18	3.65	3.65	109	108	19.72	19.72	ATPase activity	S
OG0000517	1890	0.04	77	79	0.19	0.2	3.65	3.65	107	106	20.86	20.86	Nitric oxide reductase activation protein	H
OG0000616	717	0.05	77	78	0.13	0.13	3.65	3.65	146	141	18.81	18.81	Regulator	K
OG0000631	624	0.09	75	78	0.15	0.15	3.65	3.65	120	117	17.99	17.99	response regulator	K
OG0000648	1266	0.04	77	78	0.2	0.2	3.65	3.64	113	112	22.95	22.95	Belongs to the folylpolyglutamate synthase family	H
OG0001118	516	0.04	77	77	0.15	0.15	3.65	3.65	110	110	16.12	16.12	Has an important function as a repair enzyme for proteins that have been inactivated by oxidation. Catalyzes the reversible oxidation-reduction of methionine sulfoxide in proteins to methionine	O
OG0001488	1500	0.01	75	75	0.22	0.22	3.65	3.65	104	103	23.15	23.15	subunit D	CP
OG0001499	1179	0.07	71	74	0.15	0.15	3.65	3.65	121	119	18.08	18.08	of the major facilitator superfamily	EGP
OG0001666	1239	0.02	61	64	0.2	0.2	3.65	3.65	100	100	19.72	19.72	"ABC-type Na efflux pump, permease component"	CP
OG0002507	1213.5	0	15	16	0.28	0.28	3.65	3.65	62	62	17.12	17.12	Aminotransferase class-V	E
OG0002543	285	0.07	14	15	0.34	0.35	3.65	3.64	65	64	22.27	22.27	#N/A	#N/A
OG0003520	939	0	5	5	0.37	0.37	3.65	3.65	47	47	17.6	17.6	Peptidase family S41	M
OG0003532	288	0	4	4	0.59	0.59	3.65	3.65	41	41	24.25	24.25	Gas vesicle protein K	S
OG0003639	382.5	0	4	4	0.53	0.53	3.65	3.65	45	45	23.75	23.75	#N/A	#N/A
OG0003875	1704	0.33	3	3	0.36	0.46	3.65	3.41	40	31	14.33	14.33	PD-(D/E)XK nuclease superfamily	S
OG0003915	255	0.67	3	3	0.47	0.92	3.65	3.04	41	21	19.33	19.33	#N/A	#N/A
OG0003937	1053	0	3	3	0.45	0.45	3.65	3.65	41	41	18.33	18.33	DNA recombination-mediator protein A	LU
OG0003993	633	0	2	3	0.67	0.67	3.65	3.65	42	42	28.33	28.33	#N/A	#N/A
OG0004041	225	0	3	3	0.46	0.46	3.65	3.65	41	41	19	19	PFAM SpoVT AbrB	T
OG0004047	531	0	3	3	0.46	0.46	3.65	3.65	41	41	18.67	18.67	#N/A	#N/A
OG0004264	213	0	2	2	0.57	0.57	3.65	3.65	40	40	23	23	#N/A	#N/A
OG0004284	966	0	2	2	0.51	0.51	3.65	3.65	39	39	20	20	LlaJI restriction endonuclease	S
OG0004314	111	0	2	2	0.51	0.51	3.65	3.65	39	39	20	20	#N/A	#N/A
OG0004351	189	0.5	2	2	0.53	0.79	3.65	3.26	39	26	20.5	20.5	#N/A	#N/A
OG0004405	465	0	2	2	0.51	0.51	3.65	3.65	39	39	20	20	#N/A	#N/A
OG0004544	483	0	2	2	0.51	0.51	3.65	3.65	39	39	20	20	Integron-associated effector binding protein	K
OG0004606	531	0	2	2	0.51	0.51	3.65	3.65	39	39	20	20	#N/A	#N/A
OG0000448	2106	0.05	77	80	0.13	0.13	3.66	3.67	155	154	19.73	19.73	Provides the precursors necessary for DNA synthesis. Catalyzes the biosynthesis of deoxyribonucleotides from the corresponding ribonucleotides	F
OG0000803	687	0.03	77	77	0.21	0.21	3.66	3.65	90	89	18.68	18.68	Catalyzes the reversible conversion of ribose-5- phosphate to ribulose 5-phosphate	G
OG0000902	174	0.05	77	77	0.2	0.2	3.66	3.65	106	103	20.79	20.79	-	-
OG0000939	909	0.05	77	77	0.15	0.16	3.66	3.65	142	137	21.56	21.56	Nuclease-related domain	S
OG0001323	1209	0.03	77	77	0.21	0.22	3.66	3.64	112	104	23.21	23.21	Major facilitator	EGP
OG0001338	705	0.05	77	77	0.2	0.2	3.66	3.67	110	110	21.49	21.49	Hydrolase	S
OG0001589	1167	0.01	67	70	0.15	0.15	3.66	3.67	116	116	17.64	17.64	Probably required for nitrate uptake under anoxic conditions. Also possibly involved in excretion of nitrite produced by the dissimilatory reduction of nitrate	P
OG0002213	498	0.04	25	25	0.29	0.29	3.66	3.67	70	70	20.56	20.56	-	-
OG0002288	1869	0.14	22	22	0.3	0.37	3.66	3.51	77	61	22.86	22.86	Catalyzes the acyloin condensation reaction between C atoms 2 and 3 of pyruvate and glyceraldehyde 3-phosphate to yield 1-deoxy-D-xylulose-5-phosphate (DXP)	H
OG0002890	144	0	7	9	0.3	0.3	3.66	3.66	52	52	15.78	15.78	#N/A	#N/A
OG0003117	606	0.14	7	7	0.45	0.45	3.66	3.68	48	48	21.57	21.57	Protein of unknown function (DUF4004)	K
OG0003199	306	0	6	6	0.63	0.63	3.66	3.66	47	47	29.83	29.83	-	-
OG0003213	525	0	6	6	0.51	0.51	3.66	3.66	48	48	24.33	24.33	-	-
OG0003278	93	0.17	6	6	0.39	0.42	3.66	3.6	46	43	18	18	#N/A	#N/A
OG0003540	759	0	4	4	0.44	0.44	3.66	3.66	44	44	19.5	19.5	CAAX protease self-immunity	S
OG0003599	472.5	0	4	4	0.42	0.42	3.66	3.66	48	48	20.25	20.25	#N/A	#N/A
OG0003649	564	0.25	4	4	0.38	0.41	3.66	3.64	44	41	16.75	16.75	BioY family	S
OG0003904	360	0.33	3	3	0.36	0.38	3.66	3.61	40	38	14.33	14.33	Belongs to the metallo-dependent hydrolases superfamily. NagA family	G
OG0004109	537	0	2	2	0.61	0.61	3.66	3.66	41	41	25	25	metal cluster binding	I
OG0004250	135	0	2	2	1	1	3.66	3.66	39	39	39	39	#N/A	#N/A
OG0004574	166.5	0	2	2	0.54	0.54	3.66	3.66	40	40	21.5	21.5	serves to protect cells from the toxic effects of hydrogen peroxide	P
OG0004705	286.5	0	2	2	0.55	0.55	3.66	3.66	40	40	22	22	#N/A	#N/A
OG0004709	198	0	2	2	0.74	0.74	3.66	3.66	41	41	30.5	30.5	#N/A	#N/A
OG0004823	207	0	1	2	0.5	0.5	3.66	3.66	39	39	19.5	19.5	Domain of unknown function (DUF4372)	L
OG0004845	615	0	1	1	1	1	3.66	3.66	39	39	39	39	#N/A	#N/A
OG0005060	177	1	1	1	1	NA	3.66	NA	39	0	39	39	-	-
OG0005109	216	0	1	1	1	1	3.66	3.66	39	39	39	39	#N/A	#N/A
OG0005318	237	0	1	1	1	1	3.66	3.66	39	39	39	39	#N/A	#N/A
OG0005635	129	0	1	1	1	1	3.66	3.66	39	39	39	39	#N/A	#N/A
OG0005637	438	0	1	1	1	1	3.66	3.66	39	39	39	39	#N/A	#N/A
OG0005640	525	0	1	1	1	1	3.66	3.66	39	39	39	39	#N/A	#N/A
OG0005729	171	0	1	1	1	1	3.66	3.66	39	39	39	39	#N/A	#N/A
OG0006234	480	0	1	1	1	1	3.66	3.66	39	39	39	39	#N/A	#N/A
OG0006301	147	0	1	1	1	1	3.66	3.66	39	39	39	39	#N/A	#N/A
OG0006498	237	0	1	1	1	1	3.66	3.66	39	39	39	39	COG0826 Collagenase and related proteases	O
OG0006833	306	0	1	1	1	1	3.66	3.66	39	39	39	39	#N/A	#N/A
OG0006841	183	0	1	1	1	1	3.66	3.66	39	39	39	39	#N/A	#N/A
OG0006951	273	0	1	1	1	1	3.66	3.66	39	39	39	39	#N/A	#N/A
OG0007720	120	0	1	1	1	1	3.66	3.66	39	39	39	39	#N/A	#N/A
OG0007757	192	0	1	1	1	1	3.66	3.66	39	39	39	39	#N/A	#N/A
OG0007855	108	1	1	1	1	NA	3.66	NA	39	0	39	39	#N/A	#N/A
OG0008231	123	0	1	1	1	1	3.66	3.66	39	39	39	39	#N/A	#N/A
OG0000633	1131	0.08	76	78	0.17	0.18	3.67	3.66	114	111	19.44	19.44	Belongs to the UPF0754 family	S
OG0000735	966	0.09	76	78	0.19	0.19	3.67	3.67	120	119	22.73	22.73	Belongs to the D-isomer specific 2-hydroxyacid dehydrogenase family	CH
OG0001324	615	0.03	77	77	0.21	0.22	3.67	3.65	110	102	22.87	22.87	Protein of unknown function (DUF402)	S
OG0001582	483	0.04	71	71	0.22	0.23	3.67	3.63	103	97	22.32	22.32	Cupin superfamily (DUF985)	S
OG0002307	894	0	22	22	0.2	0.2	3.67	3.67	90	90	18.36	18.36	"Uncharacterised 5xTM membrane BCR, YitT family COG1284"	S
OG0002641	318	0	12	13	0.37	0.37	3.67	3.67	61	61	22.46	22.46	-	-
OG0002836	291	0	10	10	0.4	0.4	3.67	3.67	51	51	20.5	20.5	-	-
OG0002868	1149	0.11	9	9	0.26	0.26	3.67	3.7	55	54	14.22	14.22	Belongs to the dicarboxylate amino acid cation symporter (DAACS) (TC 2.A.23) family	C
OG0002943	2280	0.12	8	8	0.33	0.34	3.67	3.65	53	52	17.75	17.75	Viral (Superfamily 1) RNA helicase	L
OG0003184	852	0	5	6	0.4	0.4	3.67	3.67	52	52	21	21	regulation of methylation-dependent chromatin silencing	O
OG0003195	1023	0	6	6	0.6	0.6	3.67	3.67	48	48	28.83	28.83	"Ribonucleotide reductase, small chain"	F
OG0003198	600	0	6	6	0.7	0.7	3.67	3.67	46	46	32.17	32.17	-	-
OG0003408	594	0	5	5	0.37	0.37	3.67	3.67	44	44	16.4	16.4	#N/A	#N/A
OG0004618	234	0	1	2	0.83	0.83	3.67	3.67	41	41	34	34	#N/A	#N/A
OG0000307	1245	0.08	77	84	0.11	0.15	3.68	3.51	145	110	16.24	16.24	Catalyzes the condensation reaction of fatty acid synthesis by the addition to an acyl acceptor of two carbons from malonyl-ACP	I
OG0000499	1008	0.06	77	79	0.22	0.22	3.68	3.67	112	111	24.1	24.1	allophanate hydrolase subunit 2	E
OG0000737	435	0.09	77	78	0.17	0.17	3.68	3.69	128	127	21.92	21.92	Protein of unknown function DUF86	S
OG0000897	138	0.05	77	77	0.13	0.13	3.68	3.67	149	144	18.69	18.69	Staphylococcal AgrD protein	S
OG0001117	345	0.08	77	77	0.18	0.18	3.68	3.68	96	95	16.97	16.97	-	-
OG0001238	801	0.05	77	76	0.13	0.13	3.68	3.67	141	140	18.36	18.36	"COG0861 Membrane protein TerC, possibly involved in tellurium resistance"	P
OG0001467	138	0.57	76	76	0.1	0.16	3.68	3.49	129	83	13.04	13.04	Belongs to the bacterial ribosomal protein bL34 family	J
OG0001497	1018.5	0.03	74	74	0.23	0.23	3.68	3.68	85	85	19.3	19.3	Aldose 1-epimerase	G
OG0001537	960	0.07	72	73	0.24	0.24	3.68	3.68	78	77	18.42	18.42	Part of the ABC transporter complex PstSACB involved in phosphate import	P
OG0001617	1155	0.03	69	69	0.22	0.22	3.68	3.69	103	103	22.41	22.41	COG3966 Protein involved in D-alanine esterification of lipoteichoic acid and wall teichoic acid (D-alanine transfer protein)	M
OG0001952	201	0.07	41	41	0.22	0.22	3.68	3.69	88	87	19.44	19.44	#N/A	#N/A
OG0002017	189	0.03	37	37	0.19	0.19	3.68	3.68	107	107	20.3	20.3	#N/A	#N/A
OG0002032	1000.5	0.08	30	36	0.19	0.19	3.68	3.7	101	100	19.47	19.47	Periplasmic binding protein-like domain	K
OG0002584	1125	0.07	13	14	0.27	0.27	3.68	3.69	51	51	13.86	13.86	-	-
OG0002780	1824	0.09	10	11	0.34	0.34	3.68	3.68	47	46	15.82	15.82	sulfuric ester hydrolase activity	M
OG0003043	849	0	7	7	0.36	0.36	3.68	3.68	44	44	15.71	15.71	-	-
OG0003101	552	0	6	7	0.4	0.4	3.68	3.68	44	44	17.71	17.71	-	-
OG0003200	288	0	6	6	0.62	0.62	3.68	3.68	48	48	30	30	-	-
OG0003201	267	0	6	6	0.62	0.62	3.68	3.68	48	48	30	30	-	-
OG0003341	705	0	5	5	0.45	0.45	3.68	3.68	48	48	21.4	21.4	Transport permease protein	V
OG0003462	282	0	5	5	0.38	0.38	3.68	3.68	48	48	18.4	18.4	#N/A	#N/A
OG0003476	201	0	5	5	0.4	0.4	3.68	3.68	49	49	19.6	19.6	#N/A	#N/A
OG0003533	417	0	4	4	0.58	0.58	3.68	3.68	43	43	24.75	24.75	"Gas vesicles are small, hollow, gas filled protein structures that are found in several microbial planktonic microorganisms. They allow the positioning of the organism at the favorable depth for growth"	S
OG0003658	616.5	0	4	4	0.41	0.41	3.68	3.68	45	45	18.25	18.25	-	-
OG0003664	222	0.5	4	4	0.37	0.44	3.68	3.61	45	38	16.75	16.75	-	-
OG0003779	1185	0	3	3	0.35	0.35	3.68	3.68	41	41	14.33	14.33	Sigma-70 region 2	K
OG0003853	93	0.33	2	3	0.49	0.68	3.68	3.37	43	31	21	21	#N/A	#N/A
OG0003881	2118	0	3	3	0.46	0.46	3.68	3.68	42	42	19.33	19.33	#N/A	#N/A
OG0004013	105	0.33	2	3	0.42	0.5	3.68	3.53	42	35	17.67	17.67	#N/A	#N/A
OG0004021	282	0	3	3	0.48	0.48	3.68	3.68	44	44	21.33	21.33	epimerase dehydratase family	M
OG0004073	516	0.33	3	3	0.4	0.5	3.68	3.51	43	35	17.33	17.33	#N/A	#N/A
OG0004263	156	0	2	2	0.55	0.55	3.68	3.68	41	41	22.5	22.5	#N/A	#N/A
OG0004555	351	0	2	2	0.65	0.65	3.68	3.68	42	42	27.5	27.5	succinate dehydrogenase	C
OG0004707	468	0	2	2	0.55	0.55	3.68	3.68	41	41	22.5	22.5	#N/A	#N/A
OG0004710	292.5	0	2	2	0.73	0.73	3.68	3.68	42	42	30.5	30.5	#N/A	#N/A
OG0004734	474	0.5	2	2	0.67	1.04	3.68	3.3	42	27	28	28	-	-
OG0004805	267	0.5	2	2	0.76	0.84	3.68	3.64	42	38	32	32	#N/A	#N/A
OG0000329	1386	0.05	77	83	0.12	0.12	3.69	3.7	160	159	19.54	19.54	Acts as a magnesium transporter	P
OG0000339	1380	0.05	77	82	0.2	0.21	3.69	3.69	106	105	21.65	21.65	Belongs to the aldehyde dehydrogenase family	C
OG0000347	1989	0.09	77	82	0.14	0.16	3.69	3.64	140	119	19.45	19.45	Belongs to the heme-copper respiratory oxidase family	C
OG0001175	1698	0.01	77	77	0.14	0.15	3.69	3.65	144	133	19.48	19.48	RNA-binding protein homologous to eukaryotic snRNP	K
OG0001333	750	0.01	77	77	0.19	0.19	3.69	3.69	109	109	20.26	20.26	Peptidase M50B-like	S
OG0001538	813	0.04	72	73	0.18	0.18	3.69	3.69	113	112	19.88	19.88	Lactoylglutathione lyase	E
OG0001851	327	0.02	46	48	0.27	0.27	3.69	3.69	73	73	19.4	19.4	UPF0060 membrane protein	S
OG0002250	1761	0.08	24	24	0.22	0.24	3.69	3.65	78	71	17.29	17.29	CoA-ligase	C
OG0003025	610.5	0.12	4	8	0.32	0.38	3.69	3.58	52	44	16.88	16.88	#N/A	#N/A
OG0003108	183	0.14	7	7	0.39	0.4	3.69	3.71	55	54	21.43	21.43	-	-
OG0003202	174	0	6	6	0.62	0.62	3.69	3.69	49	49	30.17	30.17	-	-
OG0003339	609	0	5	5	0.35	0.35	3.69	3.69	49	49	17.2	17.2	-	-
OG0003878	933	0.33	3	3	0.36	0.46	3.69	3.44	41	32	14.67	14.67	#N/A	#N/A
OG0004009	969	0.67	3	3	0.43	0.83	3.69	3.14	44	23	19	19	protein deglycation	S
OG0004249	642	0	2	2	1	1	3.69	3.69	40	40	40	40	#N/A	#N/A
OG0004348	141	0	2	2	0.58	0.58	3.69	3.69	42	42	24.5	24.5	#N/A	#N/A
OG0004667	184.5	0	2	2	0.5	0.5	3.69	3.69	40	40	20	20	#N/A	#N/A
OG0004806	354	0.5	2	2	0.79	0.87	3.69	3.64	42	38	33	33	#N/A	#N/A
OG0004814	330	1	2	2	0.83	NA	3.69	NA	42	0	35	35	#N/A	#N/A
OG0005258	213	0	1	1	1	1	3.69	3.69	40	40	40	40	#N/A	#N/A
OG0005471	177	0	1	1	1	1	3.69	3.69	40	40	40	40	#N/A	#N/A
OG0005638	189	0	1	1	1	1	3.69	3.69	40	40	40	40	#N/A	#N/A
OG0005639	489	0	1	1	1	1	3.69	3.69	40	40	40	40	#N/A	#N/A
OG0005723	378	0	1	1	1	1	3.69	3.69	40	40	40	40	#N/A	#N/A
OG0005930	231	0	1	1	1	1	3.69	3.69	40	40	40	40	#N/A	#N/A
OG0006235	522	0	1	1	1	1	3.69	3.69	40	40	40	40	#N/A	#N/A
OG0006238	132	0	1	1	1	1	3.69	3.69	40	40	40	40	#N/A	#N/A
OG0006485	120	0	1	1	1	1	3.69	3.69	40	40	40	40	#N/A	#N/A
OG0006486	126	0	1	1	1	1	3.69	3.69	40	40	40	40	#N/A	#N/A
OG0006497	141	0	1	1	1	1	3.69	3.69	40	40	40	40	#N/A	#N/A
OG0006598	165	0	1	1	1	1	3.69	3.69	40	40	40	40	#N/A	#N/A
OG0006691	195	0	1	1	1	1	3.69	3.69	40	40	40	40	#N/A	#N/A
OG0006825	213	0	1	1	1	1	3.69	3.69	40	40	40	40	-	-
OG0006917	183	0	1	1	1	1	3.69	3.69	40	40	40	40	#N/A	#N/A
OG0006953	486	0	1	1	1	1	3.69	3.69	40	40	40	40	#N/A	#N/A
OG0007356	234	0	1	1	1	1	3.69	3.69	40	40	40	40	#N/A	#N/A
OG0007377	162	0	1	1	1	1	3.69	3.69	40	40	40	40	#N/A	#N/A
OG0007788	186	0	1	1	1	1	3.69	3.69	40	40	40	40	#N/A	#N/A
OG0007819	192	0	1	1	1	1	3.69	3.69	40	40	40	40	#N/A	#N/A
OG0008208	297	0	1	1	1	1	3.69	3.69	40	40	40	40	#N/A	#N/A
OG0008237	129	0	1	1	1	1	3.69	3.69	40	40	40	40	#N/A	#N/A
OG0000365	2631	0.02	77	81	0.21	0.21	3.7	3.71	113	113	23.99	23.99	"amino acids such as threonine, to avoid such errors, it has a posttransfer editing activity that hydrolyzes mischarged Thr-tRNA(Val) in a tRNA-dependent manner"	J
OG0000527	624	0	77	79	0.13	0.13	3.7	3.7	146	146	18.61	18.61	"Essential for recycling GMP and indirectly, cGMP"	F
OG0000736	783	0.09	77	78	0.17	0.17	3.7	3.7	129	128	22.28	22.28	Catalyzes the dephosphorylation of 2-6 carbon acid sugars in vitro	G
OG0000903	1038	0.05	77	77	0.2	0.21	3.7	3.68	107	101	21.44	21.44	"Lactonase, 7-bladed beta-propeller"	G
OG0001270	267	0.06	77	77	0.17	0.17	3.7	3.7	130	129	21.77	21.77	Protein of unknown function (DUF3055)	S
OG0001325	717	0.04	77	77	0.21	0.23	3.7	3.66	107	100	22.6	22.6	transcriptional regulatory protein	K
OG0001334	648	0.01	77	77	0.18	0.18	3.7	3.69	113	113	20.64	20.64	"Iron dependent repressor, metal binding and dimerisation domain"	K
OG0001339	951	0.05	77	77	0.19	0.19	3.7	3.71	117	117	21.95	21.95	Belongs to the binding-protein-dependent transport system permease family. FecCD subfamily	P
OG0001514	186	0.03	74	74	0.14	0.14	3.7	3.7	118	117	16.86	16.86	4-oxalocrotonate tautomerase	G
OG0001592	1215	0.04	69	70	0.2	0.2	3.7	3.7	111	110	22.2	22.2	"Catalyzes the first step in the D-alanylation of lipoteichoic acid (LTA), the activation of D-alanine and its transfer onto the D-alanyl carrier protein (Dcp) DltC. In an ATP- dependent two-step reaction, forms a high energy D-alanyl-AMP intermediate, followed by transfer of the D-alanyl residue as a thiol ester to the phosphopantheinyl prosthetic group of the Dcp. D-alanylation of LTA plays an important role in modulating the properties of the cell wall in Gram-positive bacteria, influencing the net charge of the cell wall"	Q
OG0001832	286.5	0.04	47	50	0.15	0.15	3.7	3.7	105	102	15.78	15.78	Antibiotic biosynthesis monooxygenase	S
OG0002228	189	0.04	25	25	0.24	0.24	3.7	3.69	88	88	21.08	21.08	#N/A	#N/A
OG0002561	894	0.13	14	15	0.24	0.25	3.7	3.66	64	62	15.53	15.53	Pyridine nucleotide-disulphide oxidoreductase	O
OG0002789	369	0	10	11	0.35	0.35	3.7	3.7	63	63	22.36	22.36	glyoxalase	E
OG0003173	481.5	0	6	6	0.36	0.36	3.7	3.7	56	56	20.17	20.17	#N/A	#N/A
OG0003197	702	0	6	6	0.72	0.72	3.7	3.7	47	47	34	34	-	-
OG0003602	528	0.25	4	4	0.36	0.37	3.7	3.68	45	44	16.25	16.25	purine ribonucleoside salvage	F
OG0003820	315	0	3	3	0.43	0.43	3.7	3.7	45	45	19.33	19.33	Bacterial protein of unknown function (DUF961)	S
OG0003874	1917	0.33	3	3	0.36	0.45	3.7	3.5	42	34	15.33	15.33	AAA domain (dynein-related subfamily)	V
OG0004050	105	0	3	3	0.4	0.4	3.7	3.7	43	43	17	17	#N/A	#N/A
OG0004149	132	0.5	2	2	0.51	1	3.7	3.04	41	21	21	21	#N/A	#N/A
OG0004150	159	0.5	2	2	0.51	1	3.7	3.04	41	21	21	21	#N/A	#N/A
OG0004170	145.5	0	2	2	0.51	0.51	3.7	3.7	41	41	21	21	#N/A	#N/A
OG0004228	657	0	2	2	0.52	0.52	3.7	3.7	41	41	21.5	21.5	#N/A	#N/A
OG0004368	1699.5	0	2	2	0.51	0.51	3.7	3.7	41	41	21	21	#N/A	#N/A
OG0004669	426	0	2	2	0.51	0.51	3.7	3.7	41	41	21	21	-	-
OG0004804	216	0.5	2	2	0.74	0.84	3.7	3.64	43	38	32	32	#N/A	#N/A
OG0000367	1233	0.04	77	81	0.24	0.24	3.71	3.71	107	106	25.6	25.6	COG1914 Mn2 and Fe2 transporters of the NRAMP family	P
OG0000521	804	0.08	77	79	0.17	0.18	3.71	3.7	127	120	21.87	21.87	Sucrose-6F-phosphate phosphohydrolase	S
OG0000839	441	0.03	77	77	0.47	0.48	3.71	3.71	78	77	36.9	36.9	binds to the 23S rRNA	J
OG0001104	1272	0.04	77	77	0.17	0.17	3.71	3.72	120	120	20.17	20.17	The 2-oxoglutarate dehydrogenase complex catalyzes the overall conversion of 2-oxoglutarate to succinyl-CoA and CO(2)	C
OG0001561	1572	0.1	61	72	0.15	0.17	3.71	3.61	130	113	18.85	18.85	Sodium alanine symporter family protein	U
OG0001581	888	0.03	68	71	0.11	0.11	3.71	3.72	141	140	14.94	14.94	Transcriptional regulator	K
OG0001610	654	0.01	66	69	0.15	0.15	3.71	3.72	120	120	17.48	17.48	"Member of the two-component regulatory system NreB NreC involved in the control of dissimilatory nitrate nitrite reduction in response to oxygen. Phosphorylated NreC binds to a GC-rich palindromic sequence at the promoters of the nitrate (narGHJI) and nitrite (nir) reductase operons, as well as the"	K
OG0001864	627	0.02	46	48	0.18	0.18	3.71	3.71	116	115	20.42	20.42	Nitroreductase family	S
OG0002173	999	0.11	25	28	0.24	0.24	3.71	3.68	78	77	18.82	18.82	Dak1 domain	G
OG0002929	942	0	8	9	0.31	0.31	3.71	3.71	53	53	16.56	16.56	DSBA-like thioredoxin domain	Q
OG0003121	4566	0	7	7	0.34	0.34	3.71	3.71	59	59	19.86	19.86	Glycosyl hydrolase 101 beta sandwich domain	G
OG0003567	150	0	4	4	0.48	0.48	3.71	3.71	49	49	23.5	23.5	#N/A	#N/A
OG0003579	384	0.25	4	4	0.33	0.34	3.71	3.7	46	45	15.25	15.25	Bacterial protein of unknown function (DUF961)	S
OG0003593	1101	0	4	4	0.43	0.43	3.71	3.71	47	47	20	20	-	-
OG0003780	1122	0	3	3	0.36	0.36	3.71	3.71	43	43	15.67	15.67	regulation of methylation-dependent chromatin silencing	V
OG0003827	252	0	3	3	0.98	0.98	3.71	3.71	41	41	40.33	40.33	#N/A	#N/A
OG0003854	486	0	3	3	0.49	0.49	3.71	3.71	45	45	22	22	Recombinase	L
OG0003933	315	0.33	2	3	0.47	0.58	3.71	3.53	45	36	21	21	#N/A	#N/A
OG0004121	156	0	2	2	0.5	0.5	3.71	3.71	41	41	20.5	20.5	#N/A	#N/A
OG0004209	169.5	0	2	2	0.5	0.5	3.71	3.71	41	41	20.5	20.5	#N/A	#N/A
OG0004429	135	0	2	2	0.55	0.55	3.71	3.71	42	42	23	23	response regulator	K
OG0004582	390	0	2	2	0.5	0.5	3.71	3.71	41	41	20.5	20.5	#N/A	#N/A
OG0004772	111	0	2	2	0.5	0.5	3.71	3.71	41	41	20.5	20.5	#N/A	#N/A
OG0004807	582	0.5	2	2	0.78	0.86	3.71	3.66	43	39	33.5	33.5	#N/A	#N/A
OG0004808	306	0.5	2	2	0.79	0.87	3.71	3.66	43	39	34	34	#N/A	#N/A
OG0004968	192	0	1	1	1	1	3.71	3.71	41	41	41	41	#N/A	#N/A
OG0005115	147	0	1	1	1	1	3.71	3.71	41	41	41	41	#N/A	#N/A
OG0005180	210	0	1	1	1	1	3.71	3.71	41	41	41	41	#N/A	#N/A
OG0005259	192	0	1	1	1	1	3.71	3.71	41	41	41	41	#N/A	#N/A
OG0005291	201	0	1	1	1	1	3.71	3.71	41	41	41	41	#N/A	#N/A
OG0005931	270	0	1	1	1	1	3.71	3.71	41	41	41	41	#N/A	#N/A
OG0006482	270	0	1	1	1	1	3.71	3.71	41	41	41	41	#N/A	#N/A
OG0006483	264	0	1	1	1	1	3.71	3.71	41	41	41	41	GTPase YqeH	S
OG0006484	177	0	1	1	1	1	3.71	3.71	41	41	41	41	In Bacillus subtilis this enzyme appears to be involved in 30S ribosomal RNA subunit biogenesis	S
OG0006496	234	0	1	1	1	1	3.71	3.71	41	41	41	41	"Necessary for efficient RNA polymerase transcription elongation past template-encoded arresting sites. The arresting sites in DNA have the property of trapping a certain fraction of elongating RNA polymerases that pass through, resulting in locked ternary complexes. Cleavage of the nascent transcript by cleavage factors such as GreA or GreB allows the resumption of elongation from the new 3'terminus. GreA releases sequences of 2 to 3 nucleotides"	K
OG0006692	93	0	1	1	1	1	3.71	3.71	41	41	41	41	#N/A	#N/A
OG0006698	189	0	1	1	1	1	3.71	3.71	41	41	41	41	Binds to 23S rRNA. Forms part of two intersubunit bridges in the 70S ribosome	J
OG0007200	123	0	1	1	1	1	3.71	3.71	41	41	41	41	#N/A	#N/A
OG0007292	204	0	1	1	1	1	3.71	3.71	41	41	41	41	#N/A	#N/A
OG0007294	159	0	1	1	1	1	3.71	3.71	41	41	41	41	#N/A	#N/A
OG0007783	156	1	1	1	1	NA	3.71	NA	41	0	41	41	#N/A	#N/A
OG0007787	297	0	1	1	1	1	3.71	3.71	41	41	41	41	#N/A	#N/A
OG0007817	186	0	1	1	1	1	3.71	3.71	41	41	41	41	#N/A	#N/A
OG0007856	117	0	1	1	1	1	3.71	3.71	41	41	41	41	#N/A	#N/A
OG0008096	435	0	1	1	1	1	3.71	3.71	41	41	41	41	#N/A	#N/A
OG0008097	396	0	1	1	1	1	3.71	3.71	41	41	41	41	#N/A	#N/A
OG0008121	429	0	1	1	1	1	3.71	3.71	41	41	41	41	#N/A	#N/A
OG0008209	582	0	1	1	1	1	3.71	3.71	41	41	41	41	#N/A	#N/A
OG0008249	96	0	1	1	1	1	3.71	3.71	41	41	41	41	#N/A	#N/A
OG0000246	1230	0.03	76	93	0.1	0.11	3.72	3.7	159	158	16.65	16.65	Malic enzyme	C
OG0000348	606	0.09	77	82	0.13	0.15	3.72	3.68	140	122	18.59	18.59	"quinol oxidase, subunit"	C
OG0001116	1809	0.06	77	77	0.18	0.19	3.72	3.73	98	97	18.09	18.09	Oligoendopeptidase F	E
OG0001189	402	0.08	77	77	0.11	0.11	3.72	3.73	166	164	18.75	18.75	Cell division protein FtsL	D
OG0002252	777	0.08	24	24	0.2	0.22	3.72	3.68	82	74	16.54	16.54	Protein of unknown function (DUF2877)	S
OG0002496	966	0.12	16	16	0.28	0.29	3.72	3.71	62	60	17.56	17.56	Alpha/beta hydrolase family	I
OG0002527	418.5	0	16	16	0.28	0.28	3.72	3.72	68	68	19.38	19.38	-	-
OG0003196	153	0	6	6	0.71	0.71	3.72	3.72	48	48	34	34	-	-
OG0003220	429	0	6	6	0.43	0.43	3.72	3.72	54	54	23.17	23.17	-	-
OG0003415	576	0	3	5	0.43	0.43	3.72	3.72	45	45	19.4	19.4	SIR2-like domain	S
OG0003534	385.5	0	4	4	0.56	0.56	3.72	3.72	45	45	25.25	25.25	gas vesicle protein	S
OG0003852	231	0.33	3	3	0.49	0.63	3.72	3.5	45	35	22	22	Short C-terminal domain	S
OG0003880	687	0	3	3	0.48	0.48	3.72	3.72	44	44	21.33	21.33	#N/A	#N/A
OG0003949	960	0	3	3	0.45	0.45	3.72	3.72	47	47	21	21	#N/A	#N/A
OG0003969	1275	0	2	3	0.45	0.45	3.72	3.72	44	44	19.67	19.67	Histidinol dehydrogenase	E
OG0004466	165	0	2	2	0.69	0.69	3.72	3.72	44	44	30.5	30.5	#N/A	#N/A
OG0004678	453	0	2	2	0.52	0.52	3.72	3.72	42	42	22	22	#N/A	#N/A
OG0004812	303	1	2	2	0.83	NA	3.72	NA	43	0	35.5	35.5	#N/A	#N/A
OG0004813	267	1	2	2	0.83	NA	3.72	NA	43	0	35.5	35.5	#N/A	#N/A
OG0004815	255	1	2	2	0.83	NA	3.72	NA	43	0	35.5	35.5	#N/A	#N/A
OG0000083	1188	0.07	77	163	0.1	0.1	3.73	3.73	207	203	20.45	20.45	Peptidase dimerisation domain	F
OG0000318	1407	0.08	77	84	0.12	0.13	3.73	3.68	149	143	18.58	18.58	"Catalyzes the oxidative decarboxylation of 6- phosphogluconate to ribulose 5-phosphate and CO(2), with concomitant reduction of NADP to NADPH"	G
OG0000408	1293	0.05	77	80	0.12	0.13	3.73	3.73	157	151	19.61	19.61	GHKL domain	T
OG0000471	1956	0.06	76	79	0.15	0.15	3.73	3.72	124	122	18.73	18.73	Siderophore biosynthesis protein	Q
OG0001336	930	0.03	73	77	0.16	0.17	3.73	3.7	136	132	22.31	22.31	"Putative inner membrane exporter, YdcZ"	S
OG0001511	927	0.08	72	74	0.22	0.22	3.73	3.74	85	84	18.28	18.28	probably responsible for the translocation of the substrate across the membrane	P
OG0001844	486	0.04	49	49	0.2	0.2	3.73	3.73	111	110	21.88	21.88	-	-
OG0002251	1266	0.08	24	24	0.2	0.22	3.73	3.7	83	76	17	17	Protein of unknown function (DUF1116)	C
OG0002738	1143	0.09	11	11	0.25	0.26	3.73	3.72	69	66	17.18	17.18	Glycosyl transferases group 1	G
OG0003002	138	0	8	8	0.36	0.36	3.73	3.73	56	56	20.38	20.38	-	-
OG0003376	375	0	5	5	0.64	0.64	3.73	3.73	46	46	29.6	29.6	#N/A	#N/A
OG0003760	852	0	3	3	0.5	0.5	3.73	3.73	47	47	23.67	23.67	Protease prsW family	S
OG0003826	228	0	3	3	0.96	0.96	3.73	3.73	42	42	40.33	40.33	#N/A	#N/A
OG0003975	147	0.67	3	3	0.52	0.6	3.73	3.64	44	38	22.67	22.67	#N/A	#N/A
OG0004423	169.5	0	2	2	0.51	0.51	3.73	3.73	42	42	21.5	21.5	#N/A	#N/A
OG0004426	669	0.5	2	2	0.55	1.38	3.73	2.83	43	17	23.5	23.5	#N/A	#N/A
OG0004496	147	0	2	2	0.73	0.73	3.73	3.73	44	44	32	32	#N/A	#N/A
OG0004497	486	0	2	2	0.73	0.73	3.73	3.73	44	44	32	32	#N/A	#N/A
OG0004498	736.5	0	2	2	0.73	0.73	3.73	3.73	44	44	32	32	#N/A	#N/A
OG0004562	165	0	2	2	0.75	0.75	3.73	3.73	44	44	33	33	#N/A	#N/A
OG0004596	190.5	0	2	2	0.51	0.51	3.73	3.73	42	42	21.5	21.5	#N/A	#N/A
OG0004809	264	1	2	2	0.78	NA	3.73	NA	44	0	34.5	34.5	#N/A	#N/A
OG0000467	609	0.04	77	79	0.2	0.21	3.74	3.74	100	98	20.15	20.15	Belongs to the DNA glycosylase MPG family	L
OG0000535	2235	0.08	77	79	0.13	0.13	3.74	3.76	163	162	21.85	21.85	penicillin-binding protein	M
OG0000704	1209	0.01	77	78	0.11	0.11	3.74	3.73	167	167	18.82	18.82	"Catalyzes two steps in the biosynthesis of coenzyme A. In the first step cysteine is conjugated to 4'-phosphopantothenate to form 4-phosphopantothenoylcysteine, in the latter compound is decarboxylated to form 4'-phosphopantotheine"	H
OG0000863	1302	0.08	74	77	0.21	0.22	3.74	3.69	95	92	20.36	20.36	phosphorylase	F
OG0002574	240	0	15	15	0.32	0.32	3.74	3.74	63	63	20.07	20.07	-	-
OG0003091	933	0	7	7	0.35	0.35	3.74	3.74	56	56	19.71	19.71	"lactate/malate dehydrogenase, alpha/beta C-terminal domain"	C
OG0003571	420	0.25	4	4	0.35	0.4	3.74	3.67	50	44	17.5	17.5	SCO1/SenC	CO
OG0003590	576	0.25	4	4	0.32	0.42	3.74	3.5	47	36	15.25	15.25	Fructosamine kinase	G
OG0003729	1068	0	4	4	0.4	0.4	3.74	3.74	49	49	19.75	19.75	"Acyl-protein synthetase, LuxE"	IQ
OG0003730	573	0	4	4	0.41	0.41	3.74	3.74	49	49	20	20	"ABC-type cobalt transport system, permease component"	S
OG0003848	231	0	3	3	0.47	0.47	3.74	3.74	48	48	22.33	22.33	#N/A	#N/A
OG0003925	273	0.33	3	3	0.43	0.43	3.74	3.78	45	45	19.33	19.33	#N/A	#N/A
OG0003935	1272	0	3	3	0.43	0.43	3.74	3.74	45	45	19.33	19.33	#N/A	#N/A
OG0003972	879	0	2	3	0.43	0.43	3.74	3.74	46	46	20	20	Phosphotransferase	GT
OG0004081	933	0	3	3	0.41	0.41	3.74	3.74	45	45	18.67	18.67	Histidine carboxylase PI chain	E
OG0004184	846	0.5	2	2	0.58	0.67	3.74	3.64	44	38	25.5	25.5	#N/A	#N/A
OG0004213	175.5	0	2	2	0.5	0.5	3.74	3.74	42	42	21	21	#N/A	#N/A
OG0004395	526.5	0	2	2	0.5	0.5	3.74	3.74	42	42	21	21	#N/A	#N/A
OG0004686	94.5	0	2	2	0.5	0.5	3.74	3.74	42	42	21	21	#N/A	#N/A
OG0004810	144	1	2	2	0.81	NA	3.74	NA	44	0	35.5	35.5	#N/A	#N/A
OG0004811	510	1	2	2	0.82	NA	3.74	NA	44	0	36	36	#N/A	#N/A
OG0004987	147	0	1	1	1	1	3.74	3.74	42	42	42	42	#N/A	#N/A
OG0005225	171	0	1	1	1	1	3.74	3.74	42	42	42	42	#N/A	#N/A
OG0005226	159	0	1	1	1	1	3.74	3.74	42	42	42	42	#N/A	#N/A
OG0005227	282	0	1	1	1	1	3.74	3.74	42	42	42	42	#N/A	#N/A
OG0005293	96	0	1	1	1	1	3.74	3.74	42	42	42	42	#N/A	#N/A
OG0005320	213	0	1	1	1	1	3.74	3.74	42	42	42	42	#N/A	#N/A
OG0005636	228	0	1	1	1	1	3.74	3.74	42	42	42	42	#N/A	#N/A
OG0006239	444	0	1	1	1	1	3.74	3.74	42	42	42	42	#N/A	#N/A
OG0006487	207	0	1	1	1	1	3.74	3.74	42	42	42	42	Belongs to the UPF0271 (lamB) family	S
OG0006488	210	0	1	1	1	1	3.74	3.74	42	42	42	42	Belongs to the UPF0271 (lamB) family	S
OG0006489	96	0	1	1	1	1	3.74	3.74	42	42	42	42	#N/A	#N/A
OG0006495	213	0	1	1	1	1	3.74	3.74	42	42	42	42	allophanate hydrolase subunit 1	E
OG0006638	144	0	1	1	1	1	3.74	3.74	42	42	42	42	#N/A	#N/A
OG0007293	207	0	1	1	1	1	3.74	3.74	42	42	42	42	-	-
OG0008122	471	0	1	1	1	1	3.74	3.74	42	42	42	42	#N/A	#N/A
OG0008248	153	0	1	1	1	1	3.74	3.74	42	42	42	42	#N/A	#N/A
OG0008250	150	0	1	1	1	1	3.74	3.74	42	42	42	42	#N/A	#N/A
OG0000289	705	0.01	77	88	0.08	0.08	3.75	3.72	219	208	16.7	16.7	short chain dehydrogenase reductase family	IQ
OG0000349	291	0.09	77	82	0.13	0.15	3.75	3.71	142	124	18.17	18.17	"quinol oxidase, subunit"	C
OG0000678	981	0.04	77	78	0.14	0.14	3.75	3.75	123	122	16.94	16.94	Peptide methionine sulfoxide reductase regulator MsrR	K
OG0000686	936	0.04	77	78	0.1	0.11	3.75	3.76	176	173	18.26	18.26	"Serine aminopeptidase, S33"	I
OG0001319	1947	0.01	77	77	0.22	0.22	3.75	3.75	103	103	22.62	22.62	"PTS system, fructose-specific"	G
OG0001728	615	0.07	57	59	0.26	0.27	3.75	3.75	71	69	18.46	18.46	Peptidase_C39 like family	S
OG0001786	732	0.11	52	55	0.21	0.21	3.75	3.77	92	91	19.35	19.35	Calcineurin-like phosphoesterase superfamily domain	T
OG0002735	1383	0	10	11	0.32	0.32	3.75	3.75	61	61	19.45	19.45	-	-
OG0003135	390	0.14	6	7	0.32	0.33	3.75	3.75	57	55	18.14	18.14	#N/A	#N/A
OG0003434	867	0	5	5	0.33	0.33	3.75	3.75	51	51	16.6	16.6	Polyphosphate kinase 2 (PPK2)	S
OG0003661	327	0.25	4	4	0.34	0.41	3.75	3.58	45	38	15.5	15.5	COG1145 Ferredoxin	C
OG0003722	183	0.25	4	4	0.32	0.4	3.75	3.57	49	39	15.75	15.75	#N/A	#N/A
OG0003831	2013	0.67	3	3	0.49	0.84	3.75	3.3	46	27	22.67	22.67	type IV secretory pathway VirB4	U
OG0003903	684	0	3	3	0.34	0.34	3.75	3.75	43	43	14.67	14.67	#N/A	#N/A
OG0003955	765	0	3	3	0.47	0.47	3.75	3.75	45	45	21.33	21.33	membrane transporter protein	S
OG0004189	129	0	2	2	0.51	0.51	3.75	3.75	43	43	22	22	#N/A	#N/A
OG0004495	537	0	2	2	0.71	0.71	3.75	3.75	45	45	32	32	#N/A	#N/A
OG0004499	400.5	0	2	2	0.72	0.72	3.75	3.75	45	45	32.5	32.5	-	-
OG0004677	817.5	0	2	2	0.52	0.52	3.75	3.75	43	43	22.5	22.5	#N/A	#N/A
OG0000898	570	0.05	77	77	0.12	0.12	3.76	3.75	163	158	19.22	19.22	"Essential for the production of a quorum sensing system signal molecule, the autoinducing peptide (AIP). This quorum sensing system is responsible for the regulation of the expression of virulence factor genes. Involved in the proteolytic processing of AgrD, the precursor of AIP"	KOT
OG0001174	2409	0.01	77	77	0.13	0.13	3.76	3.74	158	157	20.23	20.23	"Involved in the restart of stalled replication forks. Recognizes and binds the arrested nascent DNA chain at stalled replication forks. It can open the DNA duplex, via its helicase activity, and promote assembly of the primosome and loading of the major replicative helicase DnaB onto DNA"	L
OG0001234	819	0.09	77	77	0.12	0.13	3.76	3.74	151	145	18.34	18.34	"Converts o-succinylbenzoyl-CoA (OSB-CoA) to 1,4- dihydroxy-2-naphthoyl-CoA (DHNA-CoA)"	H
OG0001271	384	0.06	77	77	0.14	0.15	3.76	3.75	148	146	21.3	21.3	Protein of unknown function (DUF1027)	S
OG0001340	885	0.06	77	77	0.19	0.19	3.76	3.76	117	115	22.22	22.22	ABC transporter	P
OG0002348	264	0	19	20	0.21	0.21	3.76	3.76	82	82	17.15	17.15	#N/A	#N/A
OG0002379	453	0	19	19	0.27	0.27	3.76	3.76	73	73	19.68	19.68	-	-
OG0002420	201	0	18	18	0.3	0.3	3.76	3.76	69	69	20.39	20.39	-	-
OG0002510	210	0.06	16	16	0.49	0.49	3.76	3.78	62	62	30.44	30.44	-	-
OG0002542	498	0.07	14	15	0.31	0.31	3.76	3.76	76	75	23.47	23.47	"Phage tail assembly chaperone protein, TAC"	S
OG0002954	1759.5	0	7	8	0.28	0.28	3.76	3.76	55	55	15.38	15.38	phosphodiesterase	C
OG0002982	813	0	8	8	0.38	0.38	3.76	3.76	58	58	22.12	22.12	#N/A	#N/A
OG0003092	1362	0	7	7	0.35	0.35	3.76	3.76	57	57	19.86	19.86	protein conserved in bacteria	S
OG0003130	552	0	7	7	0.4	0.4	3.76	3.76	47	47	18.86	18.86	Acetyltransferase (GNAT) domain	K
OG0003317	1056	0	4	6	0.39	0.39	3.76	3.76	51	51	19.83	19.83	Acyl-CoA reductase (LuxC)	C
OG0003431	516	0	5	5	0.38	0.38	3.76	3.76	49	49	18.4	18.4	#N/A	#N/A
OG0003478	411	0	5	5	0.41	0.41	3.76	3.76	53	53	21.6	21.6	protein encoded in hypervariable junctions of pilus gene clusters	K
OG0003594	721.5	0.5	4	4	0.27	0.35	3.76	3.52	45	34	12	12	-	-
OG0003683	249	0	4	4	0.45	0.45	3.76	3.76	50	50	22.25	22.25	#N/A	#N/A
OG0003851	168	0.33	3	3	0.49	0.62	3.76	3.56	47	37	23	23	-	-
OG0004029	402	0.33	3	3	0.39	0.5	3.76	3.56	45	35	17.33	17.33	-	-
OG0004063	201	0.67	3	3	0.4	0.92	3.76	3	46	20	18.33	18.33	Belongs to the TPP enzyme family	GH
OG0004185	120	0.5	2	2	0.55	0.6	3.76	3.69	44	40	24	24	#N/A	#N/A
OG0004186	600	0.5	2	2	0.55	0.6	3.76	3.69	44	40	24	24	-	-
OG0004317	531	0	2	2	0.5	0.5	3.76	3.76	43	43	21.5	21.5	dithiol-disulfide isomerase involved in polyketide biosynthesis	Q
OG0004338	385.5	0.5	2	2	0.55	0.69	3.76	3.56	44	35	24	24	#N/A	#N/A
OG0004469	493.5	0	2	2	0.5	0.5	3.76	3.76	43	43	21.5	21.5	#N/A	#N/A
OG0004559	225	0	2	2	0.59	0.59	3.76	3.76	45	45	26.5	26.5	The 2-oxoglutarate dehydrogenase complex catalyzes the overall conversion of 2-oxoglutarate to succinyl-CoA and CO(2)	C
OG0004680	196.5	0	2	2	0.5	0.5	3.76	3.76	43	43	21.5	21.5	#N/A	#N/A
OG0005116	216	0	1	1	1	1	3.76	3.76	43	43	43	43	#N/A	#N/A
OG0005292	261	0	1	1	1	1	3.76	3.76	43	43	43	43	#N/A	#N/A
OG0005913	390	0	1	1	1	1	3.76	3.76	43	43	43	43	#N/A	#N/A
OG0006490	234	0	1	1	1	1	3.76	3.76	43	43	43	43	#N/A	#N/A
OG0006494	267	0	1	1	1	1	3.76	3.76	43	43	43	43	allophanate hydrolase subunit 2	E
OG0006639	195	0	1	1	1	1	3.76	3.76	43	43	43	43	#N/A	#N/A
OG0006693	132	0	1	1	1	1	3.76	3.76	43	43	43	43	#N/A	#N/A
OG0006694	108	0	1	1	1	1	3.76	3.76	43	43	43	43	#N/A	#N/A
OG0006697	168	0	1	1	1	1	3.76	3.76	43	43	43	43	"This is 1 of the proteins that binds and probably mediates the attachment of the 5S RNA into the large ribosomal subunit, where it forms part of the central protuberance. In the 70S ribosome it contacts protein S13 of the 30S subunit (bridge B1b), connecting the 2 subunits"	J
OG0007308	306	0	1	1	1	1	3.76	3.76	43	43	43	43	#N/A	#N/A
OG0007784	192	1	1	1	1	NA	3.76	NA	43	0	43	43	#N/A	#N/A
OG0007785	171	1	1	1	1	NA	3.76	NA	43	0	43	43	#N/A	#N/A
OG0007818	234	0	1	1	1	1	3.76	3.76	43	43	43	43	#N/A	#N/A
OG0008251	144	0	1	1	1	1	3.76	3.76	43	43	43	43	#N/A	#N/A
OG0000280	1134	0.02	77	89	0.17	0.17	3.77	3.77	139	138	23.55	23.55	Belongs to the UDP-N-acetylglucosamine 2-epimerase family	M
OG0000447	1440	0.05	77	80	0.12	0.12	3.77	3.78	154	154	19.11	19.11	Tetratricopeptide repeat	S
OG0000802	639	0.04	77	77	0.18	0.18	3.77	3.78	109	109	19.56	19.56	-	-
OG0000935	1224	0.06	76	77	0.11	0.11	3.77	3.79	181	179	19.08	19.08	ABC transporter	U
OG0000938	1197	0.05	77	77	0.13	0.13	3.77	3.77	170	165	21.84	21.84	"Catalyzes the formation of S-adenosylmethionine (AdoMet) from methionine and ATP. The overall synthetic reaction is composed of two sequential steps, AdoMet formation and the subsequent tripolyphosphate hydrolysis which occurs prior to release of AdoMet from the enzyme"	H
OG0001290	1008	0.06	77	77	0.11	0.11	3.77	3.77	177	177	20.27	20.27	Belongs to the glyceraldehyde-3-phosphate dehydrogenase family	G
OG0001533	1044	0.05	72	73	0.19	0.2	3.77	3.76	102	99	19.74	19.74	"Involved in the biosynthesis of isoprenoids. Catalyzes the 1,3-allylic rearrangement of the homoallylic substrate isopentenyl (IPP) to its allylic isomer, dimethylallyl diphosphate (DMAPP)"	C
OG0002441	351	0.06	14	18	0.3	0.3	3.77	3.77	73	73	22.11	22.11	-	-
OG0002684	438	0	12	12	0.27	0.27	3.77	3.77	64	64	17.5	17.5	"WXG100 protein secretion system (Wss), protein EssA"	S
OG0002685	243	0	12	12	0.28	0.28	3.77	3.77	63	63	17.67	17.67	"WXG100 protein secretion system (Wss), protein YukD"	S
OG0002686	1329	0	12	12	0.3	0.3	3.77	3.77	63	63	19.17	19.17	Type VII secretion protein EssB	S
OG0003116	525	0.14	7	7	0.4	0.4	3.77	3.8	55	55	21.86	21.86	-	-
OG0003154	1830	0	5	7	0.4	0.4	3.77	3.77	48	48	19.14	19.14	alpha beta	S
OG0003285	1497	0.17	6	6	0.29	0.29	3.77	3.84	56	56	16.5	16.5	Type I phosphodiesterase / nucleotide pyrophosphatase	P
OG0003496	1134	0	3	5	0.37	0.37	3.77	3.77	46	46	17.2	17.2	Periplasmic binding protein	P
OG0003524	243	0	1	5	0.45	0.45	3.77	3.77	57	57	25.4	25.4	#N/A	#N/A
OG0003598	1137	0	4	4	0.41	0.41	3.77	3.77	53	53	21.5	21.5	#N/A	#N/A
OG0003807	735	0.33	3	3	0.35	0.4	3.77	3.64	44	38	15.33	15.33	-	-
OG0003849	867	0	3	3	0.45	0.45	3.77	3.77	47	47	21.33	21.33	DNA methyltransferase	L
OG0003879	2646	0.33	2	3	0.35	0.45	3.77	3.52	44	34	15.33	15.33	"ATP-dependent Clp protease, ATP-binding subunit ClpC"	O
OG0003950	1098	0	3	3	0.44	0.44	3.77	3.77	49	49	21.67	21.67	#N/A	#N/A
OG0004416	697.5	0	2	2	0.52	0.52	3.77	3.77	44	44	23	23	#N/A	#N/A
OG0004485	264	0	2	2	0.52	0.52	3.77	3.77	44	44	23	23	#N/A	#N/A
OG0004500	922.5	0	2	2	0.7	0.7	3.77	3.77	46	46	32	32	#N/A	#N/A
OG0004502	190.5	0	2	2	0.72	0.72	3.77	3.77	46	46	33	33	#N/A	#N/A
OG0004504	258	0	2	2	0.74	0.74	3.77	3.77	46	46	34	34	#N/A	#N/A
OG0004505	133.5	0	2	2	0.74	0.74	3.77	3.77	46	46	34	34	#N/A	#N/A
OG0000251	1428	0.08	77	92	0.12	0.12	3.78	3.72	171	164	20.2	20.2	Belongs to the aldehyde dehydrogenase family	C
OG0000297	1389	0.07	77	86	0.16	0.16	3.78	3.79	123	122	19.69	19.69	permease	E
OG0000683	921	0.08	77	78	0.16	0.17	3.78	3.76	141	134	22.18	22.18	Catalyzes the ATP-dependent phosphorylation of L- homoserine to L-homoserine phosphate	F
OG0001553	918	0.06	72	72	0.21	0.21	3.78	3.79	90	90	18.89	18.89	Phosphate transport system permease	P
OG0001932	1005	0.02	40	43	0.2	0.2	3.78	3.78	105	105	21.3	21.3	"Bacterial regulatory proteins, lacI family"	K
OG0002122	102	0	31	31	0.2	0.2	3.78	3.78	102	102	20.61	20.61	#N/A	#N/A
OG0002439	468	0	7	18	0.24	0.24	3.78	3.78	75	75	17.94	17.94	#N/A	#N/A
OG0003183	1155	0.33	6	6	0.38	0.75	3.78	3.25	56	28	21	21	PrpF protein	S
OG0003298	228	0	6	6	0.34	0.34	3.78	3.78	53	53	18	18	response to toxic substance	S
OG0003340	477	0	5	5	0.36	0.36	3.78	3.78	49	49	17.8	17.8	-	-
OG0003515	234	0.2	5	5	0.4	0.4	3.78	3.84	51	51	20.4	20.4	-	-
OG0003572	681	0.25	4	4	0.35	0.39	3.78	3.72	52	46	18	18	Cytochrome C biogenesis protein transmembrane region	O
OG0003798	120	0	3	3	0.43	0.43	3.78	3.78	47	47	20.33	20.33	#N/A	#N/A
OG0003855	168	0	3	3	0.4	0.4	3.78	3.78	47	47	18.67	18.67	P-type ATPase	P
OG0003940	705	0.33	3	3	0.38	0.5	3.78	3.56	47	36	18	18	"Involved in the biosynthesis of pulcherrimin, a red extracellular pigment. It uses activated amino acids in the form of aminoacyl-tRNAs (aa-tRNAs) as substrates to catalyze the ATP- independent formation of cyclodipeptides which are intermediates in diketopiperazine (DKP) biosynthetic pathways. Catalyzes the formation of cyclo(L-Leu-L-Leu) (cLL) from L-leucyl-tRNA(Leu). Can also incorporate various nonpolar residues, such as L- phenylalanine, L-leucine and methionine, into cyclodipeptides"	S
OG0004051	294	0	3	3	0.46	0.46	3.78	3.78	49	49	22.33	22.33	#N/A	#N/A
OG0004187	325.5	0	2	2	0.54	0.54	3.78	3.78	45	45	24.5	24.5	#N/A	#N/A
OG0004256	678	0	2	2	0.54	0.54	3.78	3.78	45	45	24.5	24.5	-	-
OG0004307	315	0	2	2	0.51	0.51	3.78	3.78	44	44	22.5	22.5	#N/A	#N/A
OG0004526	715.5	0	2	2	0.53	0.53	3.78	3.78	45	45	24	24	#N/A	#N/A
OG0004569	217.5	0	2	2	0.5	0.5	3.78	3.78	44	44	22	22	pfkB family carbohydrate kinase	G
OG0006236	132	0	1	1	1	1	3.78	3.78	44	44	44	44	#N/A	#N/A
OG0006491	237	0	1	1	1	1	3.78	3.78	44	44	44	44	Biotin carboxylase	I
OG0006492	360	0	1	1	1	1	3.78	3.78	44	44	44	44	Acetyl-CoA carboxylase (Biotin carboxylase subunit)	I
OG0006493	324	0	1	1	1	1	3.78	3.78	44	44	44	44	Acetyl-CoA carboxylase (Biotin carboxylase subunit)	I
OG0006640	147	0	1	1	1	1	3.78	3.78	44	44	44	44	#N/A	#N/A
OG0006823	159	0	1	1	1	1	3.78	3.78	44	44	44	44	#N/A	#N/A
OG0007272	366	0	1	1	1	1	3.78	3.78	44	44	44	44	#N/A	#N/A
OG0007307	186	0	1	1	1	1	3.78	3.78	44	44	44	44	#N/A	#N/A
OG0000361	1089	0.07	77	81	0.14	0.16	3.79	3.7	154	134	21.05	21.05	Pectate lyase superfamily protein	M
OG0000518	1260	0.08	77	79	0.17	0.18	3.79	3.78	107	105	18.53	18.53	Methicillin resistance	V
OG0000840	1293	0.03	77	77	0.37	0.38	3.79	3.79	100	98	37.23	37.23	"The central subunit of the protein translocation channel SecYEG. Consists of two halves formed by TMs 1-5 and 6-10. These two domains form a lateral gate at the front which open onto the bilayer between TMs 2 and 7, and are clamped together by SecE at the back. The channel is closed by both a pore ring composed of hydrophobic SecY resides and a short helix (helix 2A) on the extracellular side of the membrane which forms a plug. The plug probably moves laterally to allow the channel to open. The ring and the pore may move independently"	U
OG0001197	1788	0.1	77	77	0.1	0.1	3.79	3.83	194	194	18.71	18.71	The UvrABC repair system catalyzes the recognition and processing of DNA lesions. UvrC both incises the 5' and 3' sides of the lesion. The N-terminal half is responsible for the 3' incision and the C-terminal half is responsible for the 5' incision	L
OG0001291	1020	0.06	77	77	0.11	0.11	3.79	3.79	182	181	20.08	20.08	"COG2390 Transcriptional regulator, contains sigma factor-related N-terminal domain"	K
OG0001526	330	0.03	73	73	0.12	0.12	3.79	3.77	131	131	15.84	15.84	Branched-chain amino acid transport protein (AzlD)	S
OG0001554	876	0.07	72	72	0.21	0.21	3.79	3.8	91	91	18.79	18.79	Part of the ABC transporter complex PstSACB involved in phosphate import. Responsible for energy coupling to the transport system	P
OG0001745	597	0.07	57	58	0.19	0.19	3.79	3.81	100	100	19.16	19.16	"Bacteriocin-protection, YdeI or OmpD-Associated"	S
OG0002404	780	0	18	18	0.21	0.21	3.79	3.79	82	82	17.33	17.33	HpcH/HpaI aldolase/citrate lyase family	G
OG0002832	790.5	0	10	10	0.42	0.42	3.79	3.79	65	65	27.2	27.2	-	-
OG0002996	1687.5	0.12	8	8	0.34	0.35	3.79	3.8	54	53	18.5	18.5	-	-
OG0003297	456	0	6	6	0.33	0.33	3.79	3.79	54	54	18	18	-	-
OG0003455	159	0.2	5	5	0.34	0.46	3.79	3.5	52	39	17.8	17.8	#N/A	#N/A
OG0003568	1182	0	4	4	0.37	0.37	3.79	3.79	47	47	17.5	17.5	ABC-2 family transporter protein	S
OG0003847	1017	0	3	3	0.53	0.53	3.79	3.79	49	49	26	26	-	-
OG0004032	384	0	1	3	0.52	0.52	3.79	3.79	47	47	24.33	24.33	#N/A	#N/A
OG0004319	198	0	2	2	0.52	0.52	3.79	3.79	45	45	23.5	23.5	Nucleotidyltransferase domain	S
OG0004503	996	0	2	2	0.73	0.73	3.79	3.79	47	47	34.5	34.5	-	-
OG0004506	525	0	2	2	0.72	0.72	3.79	3.79	47	47	34	34	#N/A	#N/A
OG0004591	177	0	2	2	0.74	0.74	3.79	3.79	47	47	35	35	#N/A	#N/A
OG0004630	597	0	2	2	0.52	0.52	3.79	3.79	45	45	23.5	23.5	ThiJ/PfpI family-like	S
OG0000778	1113	0.04	77	78	0.1	0.1	3.8	3.8	146	144	14.81	14.81	YibE F-like protein	S
OG0000841	651	0.01	77	77	0.31	0.32	3.8	3.79	114	112	35.9	35.9	Catalyzes the reversible transfer of the terminal phosphate group between ATP and AMP. Plays an important role in cellular energy homeostasis and in adenine nucleotide metabolism	F
OG0000842	219	0	77	77	0.28	0.28	3.8	3.8	124	124	35.21	35.21	"One of the essential components for the initiation of protein synthesis. Stabilizes the binding of IF-2 and IF-3 on the 30S subunit to which N-formylmethionyl-tRNA(fMet) subsequently binds. Helps modulate mRNA selection, yielding the 30S pre- initiation complex (PIC). Upon addition of the 50S ribosomal subunit IF-1, IF-2 and IF-3 are released leaving the mature 70S translation initation complex"	J
OG0001593	228	0.07	70	70	0.12	0.12	3.8	3.8	166	165	20.53	20.53	-	-
OG0001965	1059	0.03	39	40	0.21	0.21	3.8	3.81	84	84	17.35	17.35	Membrane	S
OG0002040	459	0.06	35	35	0.21	0.21	3.8	3.8	103	101	21.34	21.34	DeoR C terminal sensor domain	S
OG0003484	801	0	5	5	0.38	0.38	3.8	3.8	50	50	19.2	19.2	ABC-2 type transporter	V
OG0003537	397.5	0.25	4	4	0.42	0.42	3.8	3.85	50	50	21.25	21.25	Protein of unknown function (DUF1232)	S
OG0003573	355.5	0.25	4	4	0.34	0.39	3.8	3.74	53	47	18.25	18.25	#N/A	#N/A
OG0003677	3109.5	0	4	4	0.33	0.33	3.8	3.8	50	50	16.5	16.5	Haloacid dehalogenase-like hydrolase	M
OG0003836	273	0	3	3	0.47	0.47	3.8	3.8	48	48	22.33	22.33	-	-
OG0003850	1719	0.33	3	3	0.45	0.57	3.8	3.62	48	38	21.67	21.67	AAA ATPase domain	S
OG0003923	351	0.33	2	3	0.58	0.66	3.8	3.69	48	42	27.67	27.67	#N/A	#N/A
OG0003959	1026	0.33	3	3	0.42	0.43	3.8	3.82	47	46	19.67	19.67	#N/A	#N/A
OG0003976	129	0.33	3	3	0.4	0.42	3.8	3.78	47	44	18.67	18.67	#N/A	#N/A
OG0004031	282	0	3	3	0.42	0.42	3.8	3.8	47	47	19.67	19.67	#N/A	#N/A
OG0004631	846	0.5	2	2	0.51	0.79	3.8	3.37	45	29	23	23	#N/A	#N/A
OG0004775	528	0	2	2	0.51	0.51	3.8	3.8	45	45	23	23	#N/A	#N/A
OG0004776	963	0	2	2	0.51	0.51	3.8	3.8	45	45	23	23	#N/A	#N/A
OG0004826	720	0	2	2	0.54	0.54	3.8	3.8	46	46	25	25	YqcI/YcgG family	S
OG0000294	399	0.03	76	87	0.13	0.13	3.81	3.78	128	128	16.95	16.95	Glycerol-3-phosphate cytidylyltransferase	IM
OG0000302	1728	0.05	77	86	0.11	0.14	3.81	3.7	164	137	18.52	18.52	ABC transporter	V
OG0000479	1041	0.05	77	79	0.17	0.17	3.81	3.8	131	128	22.16	22.16	Acyl-coenzyme A:6-aminopenicillanic acid acyl-transferase	S
OG0000843	114	0	77	77	0.28	0.28	3.81	3.81	124	124	35.29	35.29	Belongs to the bacterial ribosomal protein bL36 family	J
OG0001297	921	0.05	77	77	0.11	0.11	3.81	3.82	171	171	18.21	18.21	Displays ATPase and GTPase activities	S
OG0001357	1188	0.03	77	77	0.11	0.11	3.81	3.81	147	146	15.62	15.62	This protein promotes the GTP-dependent binding of aminoacyl-tRNA to the A-site of ribosomes during protein biosynthesis	J
OG0001441	1092	0.05	76	76	0.13	0.13	3.81	3.79	142	136	18.05	18.05	prephenate dehydrogenase	E
OG0001555	651	0.07	72	72	0.19	0.19	3.81	3.81	96	96	18.6	18.6	Plays a role in the regulation of phosphate uptake	P
OG0001608	789	0.07	68	69	0.16	0.16	3.81	3.83	123	121	19.36	19.36	"ABC transporter, ATP-binding protein"	P
OG0001823	105	0.02	51	51	0.25	0.25	3.81	3.81	85	85	21.51	21.51	-	-
OG0002364	1275	0	6	20	0.15	0.15	3.81	3.81	91	91	13.65	13.65	#N/A	#N/A
OG0002768	249	0	11	11	0.31	0.31	3.81	3.81	66	66	20.27	20.27	-	-
OG0002771	135	0.09	11	11	0.48	0.48	3.81	3.82	63	63	30.09	30.09	#N/A	#N/A
OG0002822	327	0.1	10	10	0.35	0.35	3.81	3.84	63	63	22.3	22.3	#N/A	#N/A
OG0003477	2193	0	5	5	0.41	0.41	3.81	3.81	55	55	22.6	22.6	-	-
OG0003483	882	0	5	5	0.39	0.39	3.81	3.81	50	50	19.4	19.4	ATPases associated with a variety of cellular activities	D
OG0003721	465	0	4	4	0.31	0.31	3.81	3.81	52	52	16	16	#N/A	#N/A
OG0003727	580.5	0	4	4	0.43	0.43	3.81	3.81	51	51	22	22	#N/A	#N/A
OG0003737	1044	0	1	4	0.34	0.34	3.81	3.81	49	49	16.5	16.5	Transposase	L
OG0003742	354	0.25	4	4	0.39	0.68	3.81	3.26	51	29	19.75	19.75	Cyclophilin-like	S
OG0003912	273	0	3	3	0.49	0.49	3.81	3.81	50	50	24.33	24.33	#N/A	#N/A
OG0003921	561	0.33	3	3	0.42	0.51	3.81	3.66	48	40	20.33	20.33	#N/A	#N/A
OG0003951	1275	0	3	3	0.44	0.44	3.81	3.81	51	51	22.33	22.33	#N/A	#N/A
OG0003973	1644	0	2	3	0.43	0.43	3.81	3.81	49	49	21	21	Phosphotransferase	GT
OG0004123	589.5	0	2	2	0.52	0.52	3.81	3.81	46	46	24	24	#N/A	#N/A
OG0004126	115.5	0	2	2	0.5	0.5	3.81	3.81	45	45	22.5	22.5	#N/A	#N/A
OG0004289	246	0	2	2	0.56	0.56	3.81	3.81	47	47	26.5	26.5	#N/A	#N/A
OG0004437	939	0.5	2	2	0.56	0.98	3.81	3.3	47	27	26.5	26.5	#N/A	#N/A
OG0004534	703.5	0	2	2	0.5	0.5	3.81	3.81	45	45	22.5	22.5	-	-
OG0004605	1051.5	0	2	2	0.5	0.5	3.81	3.81	45	45	22.5	22.5	#N/A	#N/A
OG0004655	291	0	2	2	0.5	0.5	3.81	3.81	45	45	22.5	22.5	#N/A	#N/A
OG0004839	297	0	1	1	1	1	3.81	3.81	45	45	45	45	#N/A	#N/A
OG0006593	117	0	1	1	1	1	3.81	3.81	45	45	45	45	#N/A	#N/A
OG0006824	252	0	1	1	1	1	3.81	3.81	45	45	45	45	#N/A	#N/A
OG0000276	519	0.06	77	90	0.11	0.14	3.82	3.71	194	160	22.29	22.29	intracellular protease	S
OG0000450	444	0.04	77	80	0.17	0.19	3.82	3.76	129	118	22.38	22.38	transcriptional	K
OG0000795	1155	0.08	73	77	0.19	0.19	3.82	3.8	110	107	20.74	20.74	L-lysine 6-monooxygenase (NADPH-requiring)	P
OG0001190	936	0.08	77	77	0.1	0.1	3.82	3.84	184	182	19.09	19.09	Specifically methylates the N4 position of cytidine in position 1402 (C1402) of 16S rRNA	J
OG0001388	348	0.56	77	77	0.08	0.13	3.82	3.64	156	105	13.14	13.14	RNaseP catalyzes the removal of the 5'-leader sequence from pre-tRNA to produce the mature 5'-terminus. It can also cleave other RNA substrates such as 4.5S RNA. The protein component plays an auxiliary but essential role in vivo by binding to the 5'-leader sequence and broadening the substrate specificity of the ribozyme	J
OG0001392	696	0.04	74	76	0.12	0.12	3.82	3.8	132	131	16.16	16.16	Azaleucine resistance	E
OG0001717	471	0.03	59	60	0.22	0.22	3.82	3.82	92	92	20.63	20.63	Activator of Hsp90 ATPase homolog 1-like protein	S
OG0002415	1269	0.06	16	18	0.23	0.27	3.82	3.7	77	65	17.72	17.72	Cytochrome P450	Q
OG0002511	135	0.06	16	16	0.42	0.42	3.82	3.84	71	71	29.81	29.81	-	-
OG0002618	192	0	14	14	0.23	0.23	3.82	3.82	77	77	17.57	17.57	-	-
OG0002786	249	0	11	11	0.35	0.35	3.82	3.82	54	54	19.09	19.09	-	-
OG0003010	1635	0.12	8	8	0.28	0.29	3.82	3.79	63	61	17.62	17.62	Transcriptional	K
OG0003074	780	0.14	7	7	0.29	0.3	3.82	3.81	58	57	16.86	16.86	ABC transporter	HP
OG0003182	486	0	6	6	0.37	0.37	3.82	3.82	58	58	21.5	21.5	Tripartite tricarboxylate transporter TctB family	S
OG0003212	1533	0	6	6	0.5	0.5	3.82	3.82	55	55	27.5	27.5	DnaB-like helicase C terminal domain	L
OG0003300	594	0	6	6	0.34	0.34	3.82	3.82	55	55	18.5	18.5	Flavin prenyltransferase that catalyzes the synthesis of the prenylated FMN cofactor (prenyl-FMN) for 4-hydroxy-3- polyprenylbenzoic acid decarboxylase UbiD. The prenyltransferase is metal-independent and links a dimethylallyl moiety from dimethylallyl monophosphate (DMAP) to the flavin N5 and C6 atoms of FMN	H
OG0003489	171	0	5	5	0.38	0.38	3.82	3.82	54	54	20.4	20.4	#N/A	#N/A
OG0003654	132	0	4	4	0.35	0.35	3.82	3.82	53	53	18.5	18.5	Bacteriocin subtilosin A	S
OG0003672	240	0	4	4	0.39	0.39	3.82	3.82	48	48	18.5	18.5	#N/A	#N/A
OG0003734	627	0.5	3	4	0.27	0.36	3.82	3.55	47	35	12.5	12.5	Winged helix DNA-binding domain	S
OG0003825	357	0	3	3	0.52	0.52	3.82	3.82	49	49	25.67	25.67	#N/A	#N/A
OG0003843	639	0	3	3	0.35	0.35	3.82	3.82	47	47	16.33	16.33	Isochorismatase family	Q
OG0004099	531	0.33	3	3	0.34	0.44	3.82	3.58	46	36	15.67	15.67	#N/A	#N/A
OG0004155	217.5	0	2	2	0.51	0.51	3.82	3.82	46	46	23.5	23.5	#N/A	#N/A
OG0004255	889.5	0	2	2	0.54	0.54	3.82	3.82	47	47	25.5	25.5	COG0697 Permeases of the drug metabolite transporter (DMT) superfamily	EG
OG0004633	234	0.5	2	2	0.51	0.9	3.82	3.26	46	26	23.5	23.5	#N/A	#N/A
OG0000343	2802	0.04	77	82	0.19	0.19	3.83	3.84	121	121	23.01	23.01	"The 2-oxoglutarate dehydrogenase complex catalyzes the overall conversion of 2-oxoglutarate to succinyl-CoA and CO(2). It contains multiple copies of three enzymatic components 2- oxoglutarate dehydrogenase (E1), dihydrolipoamide succinyltransferase (E2) and lipoamide dehydrogenase (E3)"	C
OG0000809	798	0.03	77	77	0.26	0.26	3.83	3.83	87	87	22.74	22.74	Required for formate dehydrogenase (FDH) activity. Acts as a sulfur carrier protein that transfers sulfur from IscS to the molybdenum cofactor prior to its insertion into FDH	C
OG0000844	366	0.01	77	77	0.26	0.26	3.83	3.83	134	134	34.74	34.74	"Located at the top of the head of the 30S subunit, it contacts several helices of the 16S rRNA. In the 70S ribosome it contacts the 23S rRNA (bridge B1a) and protein L5 of the 50S subunit (bridge B1b), connecting the 2 subunits"	J
OG0001272	921	0.05	77	77	0.13	0.13	3.83	3.83	166	165	21.74	21.74	"Catalyzes the radical-mediated insertion of two sulfur atoms into the C-6 and C-8 positions of the octanoyl moiety bound to the lipoyl domains of lipoate-dependent enzymes, thereby converting the octanoylated domains into lipoylated derivatives"	H
OG0001609	3684	0.01	66	69	0.15	0.15	3.83	3.84	141	141	20.88	20.88	belongs to the prokaryotic molybdopterin-containing oxidoreductase family	C
OG0001633	561	0.06	66	67	0.16	0.16	3.83	3.83	134	131	21.51	21.51	Thioredoxin	CO
OG0001727	924	0.08	58	59	0.16	0.16	3.83	3.83	132	129	20.93	20.93	Mevalonate kinase	I
OG0002339	846	0	20	20	0.22	0.22	3.83	3.83	82	82	18.1	18.1	Haloacid dehalogenase-like hydrolase	S
OG0002560	429	0.13	15	15	0.26	0.26	3.83	3.88	72	72	18.67	18.67	Rifampin ADP-ribosyl transferase	S
OG0002714	849	0.08	10	12	0.26	0.26	3.83	3.82	63	61	16.08	16.08	-	-
OG0002871	378	0.11	8	9	0.37	0.37	3.83	3.86	66	65	24.33	24.33	"Bacteriophage HK97-gp10, putative tail-component"	S
OG0002988	894	0	7	8	0.37	0.37	3.83	3.83	58	58	21.25	21.25	3-demethylubiquinone-9 3-methyltransferase	S
OG0003203	1299	0	6	6	0.58	0.58	3.83	3.83	57	57	32.83	32.83	ATP dependent DNA ligase domain	L
OG0003211	570	0	5	6	0.61	0.61	3.83	3.83	49	49	30	30	Metallo-beta-lactamase superfamily	S
OG0003332	219	0	5	5	0.33	0.33	3.83	3.83	55	55	18.2	18.2	#N/A	#N/A
OG0003343	240	0	5	5	0.31	0.31	3.83	3.83	55	55	17.2	17.2	#N/A	#N/A
OG0003361	930	0.2	5	5	0.33	0.33	3.83	3.83	52	52	17.4	17.4	Conjugative transposon protein TcpC	S
OG0003662	520.5	0.25	4	4	0.31	0.33	3.83	3.76	49	45	15	15	#N/A	#N/A
OG0003752	801	0	3	3	0.39	0.39	3.83	3.83	48	48	18.67	18.67	#N/A	#N/A
OG0003857	600	0	3	3	0.41	0.41	3.83	3.83	49	49	20.33	20.33	#N/A	#N/A
OG0003861	108	0	3	3	0.41	0.41	3.83	3.83	51	51	21	21	#N/A	#N/A
OG0003862	441	0	3	3	0.41	0.41	3.83	3.83	51	51	21	21	#N/A	#N/A
OG0003868	165	0.67	3	3	0.33	0.64	3.83	3.18	46	24	15.33	15.33	#N/A	#N/A
OG0004290	463.5	0	2	2	0.56	0.56	3.83	3.83	48	48	27	27	#N/A	#N/A
OG0004291	742.5	0	2	2	0.5	0.5	3.83	3.83	46	46	23	23	"Uncharacterised protein, DegV family COG1307"	S
OG0004458	247.5	0	2	2	0.57	0.57	3.83	3.83	48	48	27.5	27.5	Pectate lyase superfamily protein	M
OG0004533	702	0	2	2	0.5	0.5	3.83	3.83	46	46	23	23	SNARE associated Golgi protein	S
OG0005117	210	0	1	1	1	1	3.83	3.83	46	46	46	46	#N/A	#N/A
OG0006237	441	0	1	1	1	1	3.83	3.83	46	46	46	46	#N/A	#N/A
OG0006594	246	0	1	1	1	1	3.83	3.83	46	46	46	46	#N/A	#N/A
OG0006595	225	0	1	1	1	1	3.83	3.83	46	46	46	46	#N/A	#N/A
OG0006597	111	0	1	1	1	1	3.83	3.83	46	46	46	46	#N/A	#N/A
OG0006696	114	0	1	1	1	1	3.83	3.83	46	46	46	46	#N/A	#N/A
OG0000323	963	0.04	76	83	0.09	0.1	3.84	3.78	199	181	18.17	18.17	DUF218 domain	S
OG0000845	390	0.01	77	77	0.25	0.25	3.84	3.84	138	138	34.14	34.14	"Located on the platform of the 30S subunit, it bridges several disparate RNA helices of the 16S rRNA. Forms part of the Shine-Dalgarno cleft in the 70S ribosome"	J
OG0000936	504	0.06	76	77	0.09	0.09	3.84	3.86	198	195	18.48	18.48	Signal transduction protein	S
OG0001378	786	0.03	77	77	0.1	0.1	3.84	3.85	149	148	14.74	14.74	YibE F-like protein	S
OG0001695	1038	0.03	60	62	0.12	0.13	3.84	3.81	151	145	18.52	18.52	M42 glutamyl aminopeptidase	E
OG0001956	1113	0.05	39	41	0.3	0.3	3.84	3.82	75	74	22.27	22.27	"Cobalamin-independent synthase, Catalytic domain"	E
OG0003163	1317	0	5	6	0.33	0.33	3.84	3.84	58	58	19	19	Peptidase M30	M
OG0003204	381	0	6	6	0.57	0.57	3.84	3.84	57	57	32.5	32.5	-	-
OG0003503	315	0	5	5	0.31	0.31	3.84	3.84	58	58	18.2	18.2	Involved in the anomeric conversion of L-rhamnose	G
OG0003601	1285.5	0.5	4	4	0.38	0.39	3.84	3.88	50	49	19	19	#N/A	#N/A
OG0003606	912	0.5	4	4	0.32	0.47	3.84	3.52	51	35	16.5	16.5	#N/A	#N/A
OG0003920	246	0.67	2	3	0.36	0.51	3.84	3.53	48	34	17.33	17.33	#N/A	#N/A
OG0003927	540	0.67	3	3	0.36	0.79	3.84	3.09	48	22	17.33	17.33	#N/A	#N/A
OG0004010	642	0.33	3	3	0.34	0.36	3.84	3.81	47	45	16	16	#N/A	#N/A
OG0004122	454.5	0	2	2	0.52	0.52	3.84	3.84	47	47	24.5	24.5	#N/A	#N/A
OG0004135	225	0	2	2	0.51	0.51	3.84	3.84	47	47	24	24	#N/A	#N/A
OG0004166	783	0	2	2	0.54	0.54	3.84	3.84	48	48	26	26	#N/A	#N/A
OG0004257	1104	0	2	2	0.54	0.54	3.84	3.84	48	48	26	26	Aminotransferase class-V	E
OG0004511	439.5	0	2	2	0.64	0.64	3.84	3.84	49	49	31.5	31.5	#N/A	#N/A
OG0000401	756	0.03	77	80	0.26	0.26	3.85	3.85	87	87	22.27	22.27	Acetyltransferase (GNAT) domain	K
OG0001473	597	0.08	75	75	0.12	0.12	3.85	3.83	145	141	17.61	17.61	COG0512 Anthranilate para-aminobenzoate synthases component II	EH
OG0001572	960	0.08	68	71	0.15	0.16	3.85	3.86	126	123	19.2	19.2	Belongs to the binding-protein-dependent transport system permease family. FecCD subfamily	P
OG0001645	667.5	0.05	63	66	0.15	0.15	3.85	3.85	147	145	21.64	21.64	ABC-2 family transporter protein	S
OG0001715	984	0.08	58	60	0.16	0.16	3.85	3.86	130	128	20.65	20.65	decarboxylase	I
OG0002552	630	0.07	10	15	0.29	0.29	3.85	3.87	80	80	23.27	23.27	Phage tail tube protein	S
OG0003338	615	0	5	5	0.29	0.29	3.85	3.85	54	54	15.6	15.6	-	-
OG0003510	2046	0.2	4	5	0.31	0.39	3.85	3.64	56	44	17.2	17.2	nuclear chromosome segregation	D
OG0003671	144	0.25	4	4	0.32	0.37	3.85	3.71	51	44	16.25	16.25	#N/A	#N/A
OG0003689	358.5	0	4	4	0.42	0.42	3.85	3.85	49	49	20.5	20.5	-	-
OG0003830	486	0.33	3	3	0.48	0.5	3.85	3.87	51	49	24.33	24.33	#N/A	#N/A
OG0003860	750	0	3	3	0.41	0.41	3.85	3.85	52	52	21.33	21.33	#N/A	#N/A
OG0003946	267	0	3	3	0.45	0.45	3.85	3.85	50	50	22.33	22.33	"Catalyzes the cyclization of GTP to (8S)-3',8-cyclo-7,8- dihydroguanosine 5'-triphosphate"	H
OG0003957	168	0.67	2	3	0.5	1.09	3.85	3.14	50	23	25	25	#N/A	#N/A
OG0003961	267	0.33	3	3	0.45	0.61	3.85	3.58	52	38	23.33	23.33	#N/A	#N/A
OG0004082	393	0.33	3	3	0.38	0.56	3.85	3.51	50	34	19	19	"Part of the Sec protein translocase complex. Interacts with the SecYEG preprotein conducting channel. Has a central role in coupling the hydrolysis of ATP to the transfer of proteins into and across the cell membrane, serving as an ATP-driven molecular motor driving the stepwise translocation of polypeptide chains across the membrane"	U
OG0004083	156	0	3	3	0.53	0.53	3.85	3.85	51	51	27	27	#N/A	#N/A
OG0004165	439.5	0	2	2	0.53	0.53	3.85	3.85	48	48	25.5	25.5	#N/A	#N/A
OG0004509	415.5	0	2	2	0.65	0.65	3.85	3.85	50	50	32.5	32.5	#N/A	#N/A
OG0004510	360	0	2	2	0.65	0.65	3.85	3.85	50	50	32.5	32.5	#N/A	#N/A
OG0004622	396	0	2	2	0.5	0.5	3.85	3.85	47	47	23.5	23.5	Cell-cycle regulation histidine triad HIT protein	FG
OG0006596	201	0	1	1	1	1	3.85	3.85	47	47	47	47	#N/A	#N/A
OG0006695	165	0	1	1	1	1	3.85	3.85	47	47	47	47	#N/A	#N/A
OG0000240	1938	0.02	77	95	0.08	0.09	3.86	3.77	221	198	18.39	18.39	Catalyzes the attachment of threonine to tRNA(Thr) in a two-step reaction L-threonine is first activated by ATP to form Thr-AMP and then transferred to the acceptor end of tRNA(Thr)	J
OG0000290	531	0.22	76	88	0.06	0.06	3.86	3.94	194	186	11.14	11.14	(GNAT) family	S
OG0000589	732	0.08	76	78	0.14	0.14	3.86	3.84	131	127	18.26	18.26	The alpha subunit is responsible for the aldol cleavage of indoleglycerol phosphate to indole and glyceraldehyde 3- phosphate	E
OG0001132	957	0.04	77	77	0.1	0.1	3.86	3.86	189	187	19.17	19.17	"Catalyzes the transfer of a dimethylallyl group onto the adenine at position 37 in tRNAs that read codons beginning with uridine, leading to the formation of N6-(dimethylallyl)adenosine (i(6)A)"	J
OG0001191	432	0.08	77	77	0.1	0.1	3.86	3.88	192	190	18.26	18.26	Belongs to the MraZ family	K
OG0001289	1191	0.06	77	77	0.1	0.1	3.86	3.87	201	201	20.35	20.35	Belongs to the phosphoglycerate kinase family	F
OG0002397	366	0.05	15	19	0.3	0.3	3.86	3.86	78	78	23.05	23.05	"Phage tail assembly chaperone protein, TAC"	S
OG0003052	900	0	7	7	0.33	0.33	3.86	3.86	54	54	17.71	17.71	Phosphoribulokinase / Uridine kinase family	H
OG0003299	1431	0	6	6	0.34	0.34	3.86	3.86	57	57	19.33	19.33	Belongs to the UbiD family	H
OG0003401	1725	0.6	5	5	0.34	0.42	3.86	3.71	51	41	17.2	17.2	"Psort location Cytoplasmic, score"	L
OG0003485	1674	0	4	5	0.41	0.41	3.86	3.86	50	50	20.6	20.6	ADP-ribosylglycohydrolase	O
OG0003574	651	0.25	4	4	0.33	0.39	3.86	3.72	54	46	18	18	Helix-turn-helix domain of alkylmercury lyase	C
OG0003726	213	0	4	4	0.38	0.38	3.86	3.86	54	54	20.75	20.75	-	-
OG0003799	1626	0	3	3	0.36	0.36	3.86	3.86	49	49	17.67	17.67	UvrD/REP helicase N-terminal domain	L
OG0003883	975	0.33	3	3	0.4	0.51	3.86	3.65	50	39	20	20	Nucleotidyltransferase domain	J
OG0003901	972	0	3	3	0.4	0.4	3.86	3.86	50	50	20	20	#N/A	#N/A
OG0004371	288	0.5	2	2	0.51	1.07	3.86	3.14	48	23	24.5	24.5	#N/A	#N/A
OG0004547	117	0	2	2	0.51	0.51	3.86	3.86	48	48	24.5	24.5	#N/A	#N/A
OG0000315	792	0.05	76	84	0.14	0.14	3.87	3.87	144	143	19.81	19.81	Inositol monophosphatase	G
OG0000430	1062	0.06	77	80	0.14	0.15	3.87	3.86	154	149	22.18	22.18	Catalyzes the gamma-elimination of phosphate from L- phosphohomoserine and the beta-addition of water to produce L- threonine	E
OG0000591	552	0.03	77	78	0.24	0.24	3.87	3.88	90	90	22.05	22.05	BioY family	S
OG0001288	762	0.05	77	77	0.1	0.1	3.87	3.88	209	207	19.9	19.9	Involved in the gluconeogenesis. Catalyzes stereospecifically the conversion of dihydroxyacetone phosphate (DHAP) to D-glyceraldehyde-3-phosphate (G3P)	G
OG0001475	783	0.08	75	75	0.13	0.14	3.87	3.85	137	133	18.27	18.27	Belongs to the TrpC family	E
OG0001712	939	0.03	59	60	0.16	0.16	3.87	3.84	127	125	20.42	20.42	Catalyzes the reversible oxidation of malate to oxaloacetate	C
OG0001740	1248	0	50	58	0.19	0.19	3.87	3.87	95	95	18.24	18.24	resistance protein CopC	P
OG0002463	99	0.06	17	17	0.24	0.25	3.87	3.86	84	82	20.12	20.12	#N/A	#N/A
OG0002656	933	0.08	13	13	0.26	0.29	3.87	3.8	81	73	21.08	21.08	"D-isomer specific 2-hydroxyacid dehydrogenase, NAD binding domain"	EH
OG0002727	1039.5	0.17	10	12	0.25	0.26	3.87	3.85	72	68	18	18	Glycosyl transferases group 1	M
OG0002801	835.5	0	7	10	0.3	0.3	3.87	3.87	60	60	17.9	17.9	-	-
OG0002852	631.5	0.2	9	10	0.32	0.34	3.87	3.82	51	48	16.2	16.2	SAM-dependent methyltransferase	Q
OG0002895	753	0.11	9	9	0.21	0.21	3.87	3.9	78	76	16.33	16.33	CRISPR-associated endoribonuclease Cas6	S
OG0003247	532.5	0	6	6	0.3	0.3	3.87	3.87	59	59	17.83	17.83	#N/A	#N/A
OG0003349	567	0	4	5	0.31	0.31	3.87	3.87	58	58	17.8	17.8	#N/A	#N/A
OG0003359	474	0	5	5	0.33	0.33	3.87	3.87	56	56	18.4	18.4	Domain of unknown function (DUF5083)	S
OG0003391	198	0	5	5	0.76	0.76	3.87	3.87	51	51	38.6	38.6	-	-
OG0003587	790.5	0.25	4	4	0.32	0.4	3.87	3.65	52	41	16.5	16.5	-	-
OG0003631	156	0	3	4	0.58	0.58	3.87	3.87	56	56	32.5	32.5	#N/A	#N/A
OG0003670	189	0.5	4	4	0.33	0.51	3.87	3.52	54	35	17.75	17.75	#N/A	#N/A
OG0004131	225	0	2	2	0.67	0.67	3.87	3.87	51	51	34	34	#N/A	#N/A
OG0004164	522	0	2	2	0.53	0.53	3.87	3.87	49	49	26	26	#N/A	#N/A
OG0004507	255	0	2	2	0.66	0.66	3.87	3.87	51	51	33.5	33.5	Glutaredoxin	O
OG0004508	205.5	0	2	2	0.66	0.66	3.87	3.87	51	51	33.5	33.5	#N/A	#N/A
OG0004530	132	0	2	2	0.69	0.69	3.87	3.87	51	51	35	35	#N/A	#N/A
OG0007786	279	0	1	1	1	1	3.87	3.87	48	48	48	48	#N/A	#N/A
OG0000396	630	0.07	74	80	0.13	0.14	3.88	3.87	135	130	18.19	18.19	Belongs to the TrpF family	E
OG0001131	219	0.04	77	77	0.1	0.1	3.88	3.88	191	188	19.03	19.03	"RNA chaperone that binds small regulatory RNA (sRNAs) and mRNAs to facilitate mRNA translational regulation in response to envelope stress, environmental stress and changes in metabolite concentrations. Also binds with high specificity to tRNAs"	J
OG0001296	996	0.05	77	77	0.1	0.1	3.88	3.89	184	184	19.25	19.25	Required for morphogenesis under gluconeogenic growth conditions	S
OG0001474	1014	0.08	75	75	0.12	0.13	3.88	3.87	146	142	18.12	18.12	Catalyzes the transfer of the phosphoribosyl group of 5- phosphorylribose-1-pyrophosphate (PRPP) to anthranilate to yield N-(5'-phosphoribosyl)-anthranilate (PRA)	F
OG0001632	1602	0.03	62	67	0.15	0.15	3.88	3.89	132	132	19.18	19.18	ATPase domain of DNA mismatch repair MUTS family	L
OG0001744	1077	0.07	58	58	0.16	0.16	3.88	3.89	135	134	21.22	21.22	phosphomevalonate kinase	I
OG0001767	594	0	51	56	0.19	0.19	3.88	3.88	93	93	17.41	17.41	Domain of unkown function (DUF1775)	S
OG0002338	1725	0	20	20	0.21	0.21	3.88	3.88	88	88	18.65	18.65	Glycosyl hydrolase family 3 N terminal domain	G
OG0002522	237	0	16	16	0.35	0.35	3.88	3.88	82	82	29	29	-	-
OG0002541	558	0.07	14	15	0.29	0.29	3.88	3.89	87	86	25.2	25.2	"domain, Protein"	N
OG0003129	180	0.29	6	7	0.4	0.41	3.88	3.85	58	56	23.14	23.14	-	-
OG0003356	2106	0.2	5	5	0.29	0.3	3.88	3.86	54	53	15.8	15.8	Glycosyl hydrolases family 31	G
OG0003416	288	0	5	5	0.33	0.33	3.88	3.88	58	58	19	19	#N/A	#N/A
OG0003500	210	0.6	4	5	0.21	0.27	3.88	3.69	50	40	10.6	10.6	-	-
OG0003502	831	0	5	5	0.31	0.31	3.88	3.88	60	60	18.8	18.8	Catalyzes the reversible cleavage of L-rhamnulose-1- phosphate to dihydroxyacetone phosphate (DHAP) and L-lactaldehyde	G
OG0003808	987	0	3	3	0.35	0.35	3.88	3.88	49	49	17	17	HNH endonuclease	L
OG0003893	585	0	3	3	0.55	0.55	3.88	3.88	53	53	29	29	-	-
OG0000308	399	0.05	77	85	0.12	0.12	3.89	3.91	157	156	18.78	18.78	Probably involved in ribonucleotide reductase function	F
OG0000446	943.5	0.07	77	80	0.1	0.1	3.89	3.85	192	180	18.56	18.56	Belongs to the class-II pyridine nucleotide-disulfide oxidoreductase family	C
OG0000547	1320	0.05	77	79	0.13	0.13	3.89	3.89	175	174	22.08	22.08	Belongs to the 5'-nucleotidase family	F
OG0001710	1440	0.03	59	60	0.14	0.15	3.89	3.9	128	127	18.52	18.52	"The phosphoenolpyruvate-dependent sugar phosphotransferase system (sugar PTS), a major carbohydrate active -transport system, catalyzes the phosphorylation of incoming sugar substrates concomitantly with their translocation across the cell membrane"	G
OG0002410	177	0.11	18	18	0.29	0.29	3.89	3.88	74	72	21.11	21.11	#N/A	#N/A
OG0002865	246	0.7	4	10	0.28	0.57	3.89	3.3	62	30	17.2	17.2	#N/A	#N/A
OG0003071	849	0	7	7	0.35	0.35	3.89	3.89	56	56	19.71	19.71	S-adenosyl-l-methionine hydroxide adenosyltransferase	K
OG0003286	282	0	6	6	0.25	0.25	3.89	3.89	57	57	14.17	14.17	#N/A	#N/A
OG0003388	192	0	5	5	0.77	0.77	3.89	3.89	53	53	40.6	40.6	-	-
OG0003390	276	0	5	5	0.76	0.76	3.89	3.89	52	52	39.6	39.6	-	-
OG0003441	1302	0	5	5	0.31	0.31	3.89	3.89	54	54	17	17	-	-
OG0003463	693	0	5	5	0.39	0.39	3.89	3.89	54	54	20.8	20.8	CAAX protease self-immunity	S
OG0003584	133.5	0	4	4	0.77	0.77	3.89	3.89	52	52	40	40	#N/A	#N/A
OG0003586	1126.5	0.25	4	4	0.32	0.4	3.89	3.67	53	42	16.75	16.75	AAA domain (Cdc48 subfamily)	O
OG0003713	654	0	4	4	0.35	0.35	3.89	3.89	52	52	18	18	Protein of unknown function (DUF2848)	Q
OG0003835	675	0.33	3	3	0.33	0.42	3.89	3.66	49	39	16.33	16.33	-	-
OG0003863	705	0	3	3	0.39	0.39	3.89	3.89	51	51	19.67	19.67	FRG domain	S
OG0004072	303	0.33	1	3	0.49	0.51	3.89	3.87	53	51	26	26	#N/A	#N/A
OG0004414	619.5	0.5	2	2	0.5	0.66	3.89	3.61	49	37	24.5	24.5	#N/A	#N/A
OG0000237	2136	0.08	77	95	0.15	0.16	3.9	3.82	179	167	26.98	26.98	"Releases the supercoiling and torsional tension of DNA, which is introduced during the DNA replication and transcription, by transiently cleaving and rejoining one strand of the DNA duplex. Introduces a single-strand break via transesterification at a target site in duplex DNA. The scissile phosphodiester is attacked by the catalytic tyrosine of the enzyme, resulting in the formation of a DNA-(5'-phosphotyrosyl)-enzyme intermediate and the expulsion of a 3'-OH DNA strand. The free DNA strand then undergoes passage around the unbroken strand, thus removing DNA supercoils. Finally, in the religation step, the DNA 3'-OH attacks the covalent intermediate to expel the active-site tyrosine and restore the DNA phosphodiester backbone"	L
OG0000287	1161	0.02	74	88	0.11	0.11	3.9	3.9	176	175	18.53	18.53	Aminotransferase	E
OG0000846	369	0.01	77	77	0.2	0.2	3.9	3.9	162	162	32.43	32.43	Ribosomal protein L17	J
OG0001575	1209	0.07	66	71	0.15	0.16	3.9	3.83	131	125	20.11	20.11	Catalyzes the sodium-dependent transport of glutamate	P
OG0002270	258	0	23	23	0.32	0.32	3.9	3.9	90	90	28.57	28.57	-	-
OG0002280	660	0	22	23	0.2	0.2	3.9	3.9	80	80	16.35	16.35	Ring-cleavage extradiol dioxygenase	E
OG0002901	291	0.11	9	9	0.29	0.29	3.9	3.91	72	70	20.56	20.56	#N/A	#N/A
OG0002962	669	0.12	8	8	0.27	0.27	3.9	3.93	64	64	17	17	RNA pseudouridylate synthase	J
OG0003065	252	0	7	7	0.44	0.44	3.9	3.9	65	65	28.43	28.43	-	-
OG0003090	363	0.14	7	7	0.32	0.33	3.9	3.94	65	64	21	21	-	-
OG0003362	156	0	3	5	0.44	0.44	3.9	3.9	60	60	26.2	26.2	-	-
OG0003378	723	0	5	5	0.73	0.73	3.9	3.9	53	53	38.8	38.8	-	-
OG0003387	180	0	5	5	0.77	0.77	3.9	3.9	53	53	40.8	40.8	-	-
OG0003580	219	0	2	4	0.47	0.47	3.9	3.9	60	60	28	28	#N/A	#N/A
OG0003676	195	0	4	4	0.38	0.38	3.9	3.9	57	57	21.75	21.75	#N/A	#N/A
OG0003693	567	0.25	4	4	0.33	0.34	3.9	3.88	53	52	17.5	17.5	-	-
OG0004003	1674	0	3	3	0.54	0.54	3.9	3.9	57	57	31	31	-	-
OG0004059	180	0.33	3	3	0.52	0.6	3.9	3.79	55	47	28.33	28.33	#N/A	#N/A
OG0004463	789	0	2	2	0.51	0.51	3.9	3.9	50	50	25.5	25.5	#N/A	#N/A
OG0001571	969	0.06	68	71	0.15	0.15	3.91	3.92	132	130	19.35	19.35	Belongs to the binding-protein-dependent transport system permease family. FecCD subfamily	P
OG0001694	414	0.02	62	62	0.14	0.14	3.91	3.91	121	120	16.77	16.77	Uncharacterized protein conserved in bacteria (DUF2188)	S
OG0002163	363	0	24	28	0.22	0.22	3.91	3.91	94	94	21.11	21.11	-	-
OG0002304	945	0	22	22	0.22	0.22	3.91	3.91	89	89	19.64	19.64	helix_turn _helix lactose operon repressor	K
OG0002585	1272	0	14	14	0.29	0.29	3.91	3.91	64	64	18.36	18.36	4Fe-4S dicluster domain	C
OG0003037	243	0.14	7	7	0.35	0.39	3.91	3.82	54	48	18.86	18.86	#N/A	#N/A
OG0003174	594	0.17	6	6	0.32	0.32	3.91	3.87	59	59	19	19	competence protein COMEC	N
OG0003407	117	0.4	5	5	0.34	0.67	3.91	3.3	57	29	19.4	19.4	#N/A	#N/A
OG0003749	192	0	4	4	0.31	0.31	3.91	3.91	55	55	17	17	#N/A	#N/A
OG0003859	426	0	3	3	0.37	0.37	3.91	3.91	53	53	19.67	19.67	Tetratricopeptide repeat	S
OG0004046	1146	0	3	3	0.39	0.39	3.91	3.91	54	54	21	21	"Mandelate racemase / muconate lactonizing enzyme, C-terminal domain"	M
OG0004125	127.5	0	2	2	0.5	0.5	3.91	3.91	50	50	25	25	#N/A	#N/A
OG0004501	2227.5	0	2	2	0.7	0.7	3.91	3.91	53	53	37	37	3'-5' exonuclease	L
OG0004543	270	0	1	2	0.5	0.5	3.91	3.91	50	50	25	25	"Catalyzes the GTP-dependent ribosomal translocation step during translation elongation. During this step, the ribosome changes from the pre-translocational (PRE) to the post- translocational (POST) state as the newly formed A-site-bound peptidyl-tRNA and P-site-bound deacylated tRNA move to the P and E sites, respectively. Catalyzes the coordinated movement of the two tRNA molecules, the mRNA and conformational changes in the ribosome"	J
OG0004623	559.5	0	2	2	0.5	0.5	3.91	3.91	50	50	25	25	phosphoglycerate mutase	G
OG0000264	795	0	77	91	0.15	0.15	3.92	3.92	126	126	18.67	18.67	Part of the ABC transporter complex TagGH involved in teichoic acids export. Responsible for energy coupling to the transport system	GM
OG0001342	414	0.06	77	77	0.15	0.16	3.92	3.92	132	129	20.19	20.19	Domain of unknown function (DUF1934)	S
OG0001993	405	0.03	38	38	0.27	0.27	3.92	3.91	77	77	20.76	20.76	Thioesterase-like superfamily	S
OG0002514	510	0	16	16	0.22	0.22	3.92	3.92	86	86	18.56	18.56	"Tripartite ATP-independent periplasmic transporters, DctQ component"	G
OG0002992	96	0.12	8	8	0.33	0.41	3.92	3.74	64	51	21	21	#N/A	#N/A
OG0003118	441	0.29	7	7	0.31	0.32	3.92	3.89	60	58	18.43	18.43	DNA mismatch endonuclease Vsr	L
OG0003360	1920	0.2	5	5	0.32	0.32	3.92	3.93	57	57	18	18	"Catalyzes the GTP-dependent ribosomal translocation step during translation elongation. During this step, the ribosome changes from the pre-translocational (PRE) to the post- translocational (POST) state as the newly formed A-site-bound peptidyl-tRNA and P-site-bound deacylated tRNA move to the P and E sites, respectively. Catalyzes the coordinated movement of the two tRNA molecules, the mRNA and conformational changes in the ribosome"	J
OG0003444	549	1	5	5	0.28	NA	3.92	NA	57	0	16.2	16.2	-	-
OG0003501	1260	0	5	5	0.31	0.31	3.92	3.92	62	62	19.4	19.4	Belongs to the rhamnose isomerase family	G
OG0003621	1065	0	4	4	0.4	0.4	3.92	3.92	59	59	23.75	23.75	Phage major capsid protein E	S
OG0003916	123	1	3	3	0.38	NA	3.92	NA	53	0	20	20	#N/A	#N/A
OG0003977	174	0	3	3	0.45	0.45	3.92	3.92	57	57	25.67	25.67	#N/A	#N/A
OG0003983	165	0	3	3	0.47	0.47	3.92	3.92	54	54	25.33	25.33	#N/A	#N/A
OG0004278	138	0	2	2	0.76	0.76	3.92	3.92	53	53	40.5	40.5	#N/A	#N/A
OG0004390	154.5	0	2	2	0.59	0.59	3.92	3.92	53	53	31.5	31.5	#N/A	#N/A
OG0004668	328.5	0	2	2	0.56	0.56	3.92	3.92	52	52	29	29	#N/A	#N/A
OG0001196	612	0.1	77	77	0.09	0.09	3.93	3.97	220	220	18.79	18.79	succinate dehydrogenase	C
OG0001465	273	0.01	76	76	0.1	0.1	3.93	3.94	152	152	15.07	15.07	-	-
OG0002218	264	0.04	25	25	0.29	0.29	3.93	3.94	100	100	29.4	29.4	-	-
OG0002513	1296	0	16	16	0.22	0.22	3.93	3.93	86	86	19.19	19.19	"Tripartite ATP-independent periplasmic transporter, DctM component"	G
OG0002690	972	0.08	12	12	0.24	0.24	3.93	3.88	75	74	17.83	17.83	FecCD transport family	P
OG0002817	1263	0.2	9	10	0.2	0.21	3.93	3.99	83	80	17	17	CRISPR-associated protein (Cas_Csm6)	S
OG0002972	177	0	8	8	0.3	0.3	3.93	3.93	65	65	19.38	19.38	-	-
OG0003093	1326	0	7	7	0.27	0.27	3.93	3.93	71	71	19.29	19.29	MatE	V
OG0003152	1338	0	5	7	0.33	0.33	3.93	3.93	64	64	21.29	21.29	Major Facilitator	EGP
OG0003253	276	0.67	6	6	0.28	0.57	3.93	3.45	67	33	18.67	18.67	COG0695 Glutaredoxin and related proteins	O
OG0003334	201	0.4	5	5	0.27	0.32	3.93	3.79	57	47	15.2	15.2	-	-
OG0003392	1038	0	5	5	0.76	0.76	3.93	3.93	54	54	40.8	40.8	-	-
OG0003420	519	0	5	5	0.36	0.36	3.93	3.93	61	61	22	22	Protein of unknown function (DUF1706)	S
OG0003651	177	0.25	4	4	0.34	0.38	3.93	3.87	57	51	19.5	19.5	#N/A	#N/A
OG0003652	301.5	0.25	4	4	0.34	0.38	3.93	3.87	57	51	19.5	19.5	#N/A	#N/A
OG0003792	1827	0	3	3	0.33	0.33	3.93	3.93	51	51	17	17	Protein of unknown function DUF262	U
OG0004048	258	0	3	3	0.33	0.33	3.93	3.93	51	51	17	17	Sporulation delaying protein SdpA	S
OG0004061	450	0	3	3	0.38	0.38	3.93	3.93	54	54	20.33	20.33	Acetyltransferase GNAT Family	K
OG0004153	363	0	1	2	0.65	0.65	3.93	3.93	54	54	35	35	#N/A	#N/A
OG0004217	160.5	0	1	2	0.57	0.57	3.93	3.93	53	53	30	30	#N/A	#N/A
OG0004222	237	0	2	2	0.71	0.71	3.93	3.93	54	54	38.5	38.5	#N/A	#N/A
OG0004761	1062	0.5	2	2	0.5	1.11	3.93	3.14	51	23	25.5	25.5	Type I restriction enzyme R protein N terminus (HSDR_N)	S
OG0000800	417	0.03	77	77	0.15	0.15	3.94	3.94	117	114	17.32	17.32	Protein of unknown function (DUF2871)	S
OG0001292	681	0.06	77	77	0.1	0.11	3.94	3.92	198	197	20.78	20.78	#N/A	#N/A
OG0001295	945	0.05	77	77	0.1	0.1	3.94	3.95	198	198	19.27	19.27	May be required for sporulation	K
OG0001341	1662	0.06	77	77	0.16	0.16	3.94	3.95	136	134	21.61	21.61	Arginyl-tRNA synthetase	J
OG0001411	729	0.05	76	76	0.13	0.13	3.94	3.93	166	163	21.83	21.83	-	-
OG0001886	1665	0.04	44	46	0.19	0.2	3.94	3.91	96	89	17.96	17.96	Na+/Pi-cotransporter	P
OG0001918	198	0	44	44	0.18	0.18	3.94	3.94	119	119	21.36	21.36	-	-
OG0002116	1209	0.06	27	31	0.18	0.18	3.94	3.98	103	103	18.13	18.13	UDP-glucoronosyl and UDP-glucosyl transferase	CG
OG0002208	894	0	24	26	0.21	0.21	3.94	3.94	96	96	19.77	19.77	ROK family	GK
OG0002297	519	0	22	22	0.17	0.17	3.94	3.94	85	85	14.73	14.73	#N/A	#N/A
OG0002337	1203	0.05	20	20	0.19	0.19	3.94	3.92	87	87	16.8	16.8	"Pyridoxal-dependent decarboxylase, pyridoxal binding domain"	E
OG0002540	423	0.07	14	15	0.28	0.29	3.94	3.94	91	90	25.73	25.73	Protein of unknown function (DUF3168)	S
OG0003096	756	0	6	7	0.23	0.23	3.94	3.94	66	66	15.43	15.43	Saccharopine dehydrogenase NADP binding domain	E
OG0003258	2239.5	0	6	6	0.28	0.28	3.94	3.94	63	63	17.33	17.33	Glycosyl hydrolase family 3 C-terminal domain	G
OG0003591	2986.5	0.25	4	4	0.31	0.37	3.94	3.78	57	47	17.5	17.5	tRNA synthetases class I (K)	J
OG0003712	237	0	4	4	0.34	0.34	3.94	3.94	58	58	20	20	#N/A	#N/A
OG0003902	396	0	3	3	0.39	0.39	3.94	3.94	54	54	21.33	21.33	#N/A	#N/A
OG0004411	544.5	0	2	2	0.52	0.52	3.94	3.94	52	52	27	27	#N/A	#N/A
OG0004462	376.5	0	2	2	0.56	0.56	3.94	3.94	53	53	29.5	29.5	#N/A	#N/A
OG0004632	661.5	0	2	2	0.51	0.51	3.94	3.94	52	52	26.5	26.5	#N/A	#N/A
OG0000402	945	0.04	77	80	0.21	0.21	3.95	3.94	162	161	34.36	34.36	DNA-dependent RNA polymerase catalyzes the transcription of DNA into RNA using the four ribonucleoside triphosphates as substrates	K
OG0000684	1281	0.04	77	78	0.13	0.13	3.95	3.96	168	167	22.44	22.44	Homoserine dehydrogenase	E
OG0001347	366	0.05	77	77	0.12	0.12	3.95	3.95	169	168	20.81	20.81	membrane	S
OG0001953	1797	0.07	41	41	0.15	0.15	3.95	3.94	112	112	16.88	16.88	Sodium/hydrogen exchanger family	P
OG0002689	882	0.08	12	12	0.24	0.24	3.95	3.9	77	76	18.33	18.33	Periplasmic binding protein	P
OG0003261	729	0.33	6	6	0.27	0.36	3.95	3.7	61	46	16.67	16.67	#N/A	#N/A
OG0003380	441	0	5	5	0.74	0.74	3.95	3.95	56	56	41.4	41.4	-	-
OG0003384	222	0	5	5	0.76	0.76	3.95	3.95	56	56	42.8	42.8	-	-
OG0003386	273	0	5	5	0.75	0.75	3.95	3.95	56	56	42.2	42.2	-	-
OG0003600	1209	0.75	4	4	0.29	0.72	3.95	3.09	55	22	15.75	15.75	#N/A	#N/A
OG0003607	526.5	0.25	4	4	0.28	0.28	3.95	3.95	54	53	15	15	-	-
OG0003700	471	0.5	4	4	0.29	0.38	3.95	3.73	55	42	15.75	15.75	#N/A	#N/A
OG0004117	195	0.5	2	2	0.54	0.75	3.95	3.64	53	38	28.5	28.5	#N/A	#N/A
OG0004118	228	0.5	2	2	0.54	0.75	3.95	3.64	53	38	28.5	28.5	-	-
OG0000466	357	0.01	77	79	0.14	0.14	3.96	3.95	133	129	18.7	18.7	Protein of unknown function (DUF3139)	S
OG0001536	180	0.05	73	73	0.12	0.12	3.96	3.96	180	177	20.82	20.82	-	-
OG0001865	471	0.04	45	48	0.18	0.18	3.96	3.95	103	103	18.23	18.23	GyrI-like small molecule binding domain	K
OG0002398	570	0.05	15	19	0.26	0.27	3.96	3.96	91	90	24.11	24.11	Phage tail tube protein	S
OG0002515	1038	0	16	16	0.21	0.21	3.96	3.96	91	91	19.06	19.06	"Bacterial extracellular solute-binding protein, family 7"	G
OG0002885	1239	0	9	9	0.31	0.31	3.96	3.96	66	66	20.44	20.44	O-Antigen ligase	M
OG0002892	117	0.22	8	9	0.26	0.28	3.96	3.97	79	73	20.33	20.33	-	-
OG0003028	669	0	7	7	0.31	0.31	3.96	3.96	67	67	20.71	20.71	COG0745 Response regulators consisting of a CheY-like receiver domain and a winged-helix DNA-binding domain	T
OG0003060	1050	0	7	7	0.27	0.27	3.96	3.96	76	76	20.43	20.43	#N/A	#N/A
OG0003383	321	0	5	5	0.75	0.75	3.96	3.96	57	57	42.8	42.8	-	-
OG0003385	543	0	5	5	0.74	0.74	3.96	3.96	57	57	42	42	-	-
OG0003445	144	0.2	5	5	0.31	0.37	3.96	3.78	62	52	19.4	19.4	cell redox homeostasis	C
OG0003467	1302	0.8	4	5	0.3	1.02	3.96	2.89	61	18	18.4	18.4	#N/A	#N/A
OG0003592	1647	0.5	4	4	0.33	0.72	3.96	3.21	56	26	18.75	18.75	TraM recognition site of TraD and TraG	U
OG0003805	201	0.33	2	3	0.52	0.53	3.96	3.99	58	57	30	30	#N/A	#N/A
OG0003990	588	0	3	3	0.34	0.34	3.96	3.96	53	53	18	18	Bacitracin ABC transporter permease	I
OG0004471	1737	0	2	2	0.58	0.58	3.96	3.96	55	55	32	32	DNA polymerase elongation subunit (Family B)	L
OG0004588	768	0	2	2	0.61	0.61	3.96	3.96	55	55	33.5	33.5	helicase activity	S
OG0000358	1215	0.09	77	81	0.12	0.12	3.97	3.95	154	149	18.56	18.56	The beta subunit is responsible for the synthesis of L- tryptophan from indole and L-serine	E
OG0000753	369	0.05	77	78	0.12	0.12	3.97	3.98	174	173	21.01	21.01	Family of unknown function (DUF5327)	S
OG0000799	939	0.03	77	77	0.17	0.18	3.97	3.95	107	102	18.19	18.19	Transporter	P
OG0000847	810	0.01	77	77	0.18	0.18	3.97	3.97	177	177	32.4	32.4	ATP-binding (A) component of a common energy-coupling factor (ECF) ABC-transporter complex. Unlike classic ABC transporters this ECF transporter provides the energy necessary to transport a number of different substrates	P
OG0001273	849	0.05	77	77	0.11	0.11	3.97	3.97	188	187	21.45	21.45	Protein of unknown function DUF72	S
OG0001294	585	0.06	77	77	0.09	0.09	3.97	3.97	216	215	19.79	19.79	Cleaves peptides in various proteins in a process that requires ATP hydrolysis. Has a chymotrypsin-like activity. Plays a major role in the degradation of misfolded proteins	OU
OG0002966	196.5	0	8	8	0.24	0.24	3.97	3.97	67	67	16.25	16.25	#N/A	#N/A
OG0002981	1440	0	6	8	0.26	0.26	3.97	3.97	64	64	16.88	16.88	-	-
OG0003124	105	0.14	7	7	0.26	0.3	3.97	3.86	66	57	17.29	17.29	#N/A	#N/A
OG0003133	456	0.29	6	7	0.36	0.39	3.97	3.9	64	58	22.86	22.86	-	-
OG0003324	303	0	2	6	0.31	0.31	3.97	3.97	74	74	22.67	22.67	#N/A	#N/A
OG0003355	468	0	5	5	0.33	0.33	3.97	3.97	63	63	20.8	20.8	Acetyltransferase (GNAT) domain	K
OG0003381	522	0	5	5	0.75	0.75	3.97	3.97	57	57	43	43	Calcineurin-like phosphoesterase	S
OG0003446	612	0	4	5	0.49	0.49	3.97	3.97	65	65	32	32	Domain of unknown function (DUF4355)	S
OG0003585	279	0	4	4	0.41	0.41	3.97	3.97	61	61	25	25	#N/A	#N/A
OG0003666	144	0.25	3	4	0.32	0.38	3.97	3.86	61	52	19.5	19.5	#N/A	#N/A
OG0004023	243	0	2	3	0.35	0.35	3.97	3.97	54	54	18.67	18.67	Malate:quinone oxidoreductase (Mqo)	S
OG0004085	639	0	3	3	0.4	0.4	3.97	3.97	56	56	22.67	22.67	Lysine transporter LysE	E
OG0004152	196.5	0	2	2	0.62	0.62	3.97	3.97	56	56	35	35	#N/A	#N/A
OG0004274	160.5	0	2	2	0.67	0.67	3.97	3.97	56	56	37.5	37.5	#N/A	#N/A
OG0004353	147	0	2	2	0.62	0.62	3.97	3.97	56	56	34.5	34.5	#N/A	#N/A
OG0004683	210	0	2	2	0.74	0.74	3.97	3.97	56	56	41.5	41.5	#N/A	#N/A
OG0000359	1152	0.02	77	81	0.19	0.19	3.98	3.99	116	115	21.57	21.57	acyl-CoA dehydrogenase	I
OG0000388	1923	0.07	77	81	0.12	0.12	3.98	3.96	126	125	15.47	15.47	Fusaric acid resistance protein-like	S
OG0002219	1701	0	25	25	0.18	0.18	3.98	3.98	92	92	16.8	16.8	Belongs to the IlvD Edd family	E
OG0002532	1125	0	15	15	0.2	0.2	3.98	3.98	98	98	19.33	19.33	UDP-N-acetylglucosamine 2-epimerase	G
OG0003015	279	0	8	8	0.29	0.29	3.98	3.98	73	73	21	21	component	G
OG0003048	375	0	7	7	0.24	0.24	3.98	3.98	69	69	16.86	16.86	-	-
OG0003379	495	0	5	5	0.71	0.71	3.98	3.98	58	58	41.2	41.2	-	-
OG0003494	774	0.2	5	5	0.31	0.31	3.98	3.98	58	58	18	18	-	-
OG0003839	156	0	3	3	0.37	0.37	3.98	3.98	57	57	21.33	21.33	#N/A	#N/A
OG0003910	261	0	3	3	0.49	0.49	3.98	3.98	59	59	29	29	-	-
OG0004024	198	0	3	3	0.36	0.36	3.98	3.98	55	55	20	20	PFAM Amino acid	E
OG0000350	807	0.09	77	82	0.09	0.1	3.99	3.98	198	190	18.79	18.79	"Catalyzes a proton abstraction reaction that results in 2,5-elimination of pyruvate from 2-succinyl-5-enolpyruvyl-6- hydroxy-3-cyclohexene-1-carboxylate (SEPHCHC) and the formation of 2-succinyl-6-hydroxy-2,4-cyclohexadiene-1-carboxylate (SHCHC)"	S
OG0000381	1761	0.05	77	81	0.1	0.11	3.99	3.99	195	192	20.2	20.2	"COG0265 Trypsin-like serine proteases, typically periplasmic, contain C-terminal PDZ domain"	O
OG0000411	240	0.05	76	80	0.09	0.09	3.99	4.01	188	186	17.11	17.11	Small integral membrane protein (DUF2273)	S
OG0000412	1590	0.06	77	80	0.11	0.11	3.99	3.99	212	206	22.6	22.6	Involved in the gluconeogenesis. Catalyzes the conversion of oxaloacetate (OAA) to phosphoenolpyruvate (PEP) through direct phosphoryl transfer between the nucleoside triphosphate and OAA	F
OG0000583	702	0.03	77	78	0.07	0.07	3.99	4	234	233	16.55	16.55	Transcriptional regulatory protein WalR	K
OG0000899	1623	0.05	76	77	0.12	0.12	3.99	3.99	186	182	21.51	21.51	"transferase activity, transferring acyl groups other than amino-acyl groups"	DZ
OG0001293	900	0.08	76	77	0.09	0.1	3.99	3.98	211	210	20.01	20.01	epimerase dehydratase family	S
OG0001343	510	0.06	77	77	0.14	0.14	3.99	4	141	140	20.08	20.08	YwhD family	S
OG0001348	658.5	0.05	77	76	0.12	0.12	3.99	3.99	174	173	21.37	21.37	Excises uracil residues from the DNA which can arise as a result of misincorporation of dUMP residues by DNA polymerase or due to deamination of cytosine	L
OG0001520	648	0.07	73	74	0.14	0.15	3.99	3.99	138	135	19.64	19.64	COG1566 Multidrug resistance efflux pump	V
OG0001547	447	0.08	68	73	0.12	0.14	3.99	3.86	160	139	19.68	19.68	Belongs to the Dps family	P
OG0001682	954	0.06	61	63	0.11	0.11	3.99	3.99	179	177	19.32	19.32	helix_turn _helix lactose operon repressor	K
OG0002442	390	0	15	18	0.26	0.26	3.99	3.99	96	96	25	25	-	-
OG0002633	3030	0	12	13	0.24	0.24	3.99	3.99	83	83	19.54	19.54	this gene contains a nucleotide ambiguity which may be the result of a sequencing error	V
OG0002760	261	0.09	7	11	0.24	0.24	3.99	3.99	96	94	22.64	22.64	-	-
OG0002816	1011	0.2	9	10	0.2	0.21	3.99	4.05	88	85	17.5	17.5	RAMP superfamily	L
OG0003169	1122	0	6	6	0.27	0.27	3.99	3.99	67	67	18.33	18.33	-	-
OG0003205	2487	0	6	6	0.53	0.53	3.99	3.99	66	66	35.17	35.17	Helix-hairpin-helix motif	L
OG0003337	525	0	5	5	0.32	0.32	3.99	3.99	62	62	19.8	19.8	-	-
OG0003345	1635	0	5	5	0.31	0.31	3.99	3.99	62	62	19.2	19.2	"Malic enzyme, N-terminal domain"	C
OG0003382	651	0	5	5	0.76	0.76	3.99	3.99	58	58	43.8	43.8	-	-
OG0003653	282	0	4	4	0.36	0.36	3.99	3.99	60	60	21.5	21.5	#N/A	#N/A
OG0003824	354	0.33	3	3	0.35	0.41	3.99	3.82	55	46	19	19	#N/A	#N/A
OG0003891	585	0.33	3	3	0.35	0.47	3.99	3.69	55	40	19	19	#N/A	#N/A
OG0003960	1161	0	3	3	0.45	0.45	3.99	3.99	59	59	26.67	26.67	#N/A	#N/A
OG0004039	315	0	3	3	0.37	0.37	3.99	3.99	57	57	21	21	#N/A	#N/A
OG0004567	339	0	2	2	0.75	0.75	3.99	3.99	57	57	43	43	#N/A	#N/A
OG0000364	504	0.05	76	81	0.09	0.09	4	4.01	192	189	17.51	17.51	Alkaline shock protein 23	S
OG0000398	993	0.04	76	80	0.12	0.12	4	3.98	151	145	18.09	18.09	COG0604 NADPH quinone reductase and related Zn-dependent oxidoreductases	C
OG0000542	1674	0.1	77	79	0.1	0.1	4	3.98	203	192	19.3	19.3	Catalyzes the thiamine diphosphate-dependent decarboxylation of 2-oxoglutarate and the subsequent addition of the resulting succinic semialdehyde-thiamine pyrophosphate anion to isochorismate to yield 2-succinyl-5-enolpyruvyl-6-hydroxy-3- cyclohexene-1-carboxylate (SEPHCHC)	H
OG0000900	288	0.05	77	77	0.11	0.11	4	4	189	186	20.73	20.73	Binds to Cpn60 in the presence of Mg-ATP and suppresses the ATPase activity of the latter	O
OG0001477	543	0.01	64	75	0.09	0.09	4	3.96	224	216	19.55	19.55	Putative zincin peptidase	S
OG0001588	2406	0.03	67	70	0.12	0.12	4	4	160	159	19.63	19.63	Belongs to the nitrite and sulfite reductase 4Fe-4S domain family	C
OG0001646	1599	0.03	50	66	0.16	0.16	4	4	123	122	19.18	19.18	PTS system	G
OG0002367	765	0	18	19	0.17	0.17	4	4	98	98	16.68	16.68	ParB-like nuclease domain	K
OG0002675	456	0	11	12	0.24	0.24	4	4	81	81	19.25	19.25	Domain of unknown function (DUF5085)	S
OG0002720	591	0.08	11	12	0.27	0.27	4	4.03	67	67	18.33	18.33	Alkylmercury lyase	S
OG0002894	909	0.11	9	9	0.21	0.22	4	4.03	85	83	17.89	17.89	"CRISPR-associated RAMP protein, Csm4 family"	L
OG0003001	372	0.12	8	8	0.28	0.28	4	4.04	73	73	20.25	20.25	-	-
OG0003141	1605	0.14	7	7	0.28	0.29	4	4.01	70	68	19.71	19.71	ATPases associated with a variety of cellular activities	V
OG0003344	801	0	5	5	0.29	0.29	4	4	64	64	18.8	18.8	Abortive infection C-terminus	S
OG0003358	573	0	5	5	0.3	0.3	4	4	67	67	20.2	20.2	-	-
OG0003488	774	0	5	5	0.29	0.29	4	4	61	61	17.6	17.6	Catalyzes the reduction of 1-pyrroline-5-carboxylate (PCA) to L-proline	E
OG0003705	1071	0	4	4	0.32	0.32	4	4	60	60	19.25	19.25	#N/A	#N/A
OG0003865	285	0.33	3	3	0.4	0.49	4	3.85	58	48	23.33	23.33	#N/A	#N/A
OG0003894	357	0.33	3	3	0.35	0.44	4	3.8	56	45	19.67	19.67	#N/A	#N/A
OG0003939	591	0	3	3	0.35	0.35	4	4	56	56	19.67	19.67	"Transcriptional regulator, AbiEi antitoxin"	K
OG0003965	243	0	3	3	0.41	0.41	4	4	59	59	24.33	24.33	#N/A	#N/A
OG0004038	627	0	2	3	0.62	0.62	4	4	61	61	38	38	HNH endonuclease	L
OG0000848	864	0.01	77	77	0.16	0.16	4.01	4.01	188	188	30.92	30.92	ATP-binding (A) component of a common energy-coupling factor (ECF) ABC-transporter complex. Unlike classic ABC transporters this ECF transporter provides the energy necessary to transport a number of different substrates	P
OG0002539	414	0.07	14	15	0.28	0.28	4.01	4.02	96	95	27	27	"Bacteriophage HK97-gp10, putative tail-component"	S
OG0002759	387	0.09	7	11	0.23	0.24	4.01	4.02	99	97	23.18	23.18	#N/A	#N/A
OG0002931	633	0.33	8	9	0.22	0.32	4.01	3.69	76	52	16.56	16.56	-	-
OG0002969	1281	0	8	8	0.3	0.3	4.01	4.01	77	77	22.88	22.88	DNA-sulfur modification-associated	S
OG0003029	1149	0	7	7	0.3	0.3	4.01	4.01	70	70	21.14	21.14	His Kinase A (phosphoacceptor) domain	T
OG0003064	192	0	7	7	0.4	0.4	4.01	4.01	75	75	30	30	-	-
OG0003120	273	0	7	7	0.26	0.26	4.01	4.01	71	71	18.43	18.43	#N/A	#N/A
OG0003148	750	0	7	7	0.25	0.25	4.01	4.01	73	73	18.14	18.14	KDGP aldolase	S
OG0003206	1443	0	6	6	0.46	0.46	4.01	4.01	68	68	31.33	31.33	DNA polymerase alpha chain like domain	L
OG0003292	657	0.33	6	6	0.28	0.39	4.01	3.75	66	48	18.67	18.67	Response regulators consisting of a CheY-like receiver domain and a winged-helix DNA-binding domain	T
OG0003435	150	0.2	5	5	0.28	0.29	4.01	3.98	64	60	17.6	17.6	-	-
OG0003452	495	0	5	5	0.35	0.35	4.01	4.01	66	66	23.2	23.2	#N/A	#N/A
OG0003457	162	0	5	5	0.41	0.41	4.01	4.01	63	63	25.8	25.8	Helix-turn-helix domain	S
OG0003596	513	0.25	4	4	0.31	0.32	4.01	4.04	58	57	18.25	18.25	#N/A	#N/A
OG0003703	225	0.25	4	4	0.35	0.45	4.01	3.78	63	48	21.75	21.75	#N/A	#N/A
OG0003810	384	0	3	3	0.4	0.4	4.01	4.01	58	58	23.33	23.33	Single-stranded DNA-binding protein	L
OG0003822	153	0	3	3	0.33	0.33	4.01	4.01	55	55	18.33	18.33	#N/A	#N/A
OG0003897	642	0	3	3	0.37	0.37	4.01	4.01	57	57	21.33	21.33	#N/A	#N/A
OG0000451	930	0.01	76	80	0.14	0.14	4.02	4.01	158	157	21.61	21.61	Belongs to the bacterial solute-binding protein 9 family	P
OG0000484	1035	0.06	76	79	0.08	0.09	4.02	4.04	232	229	19.49	19.49	Catalyzes the decarboxylation of four acetate groups of uroporphyrinogen-III to yield coproporphyrinogen-III	H
OG0000725	1356	0.1	77	78	0.09	0.1	4.02	4	209	198	19.62	19.62	Isochorismate synthase	HQ
OG0000849	807	0.01	77	77	0.15	0.15	4.02	4.02	199	199	29.17	29.17	Transmembrane (T) component of an energy-coupling factor (ECF) ABC-transporter complex. Unlike classic ABC transporters this ECF transporter provides the energy necessary to transport a number of different substrates	P
OG0001557	591	0.03	72	72	0.12	0.12	4.02	4.03	176	175	21.11	21.11	lactoylglutathione lyase activity	E
OG0001746	1281	0.03	58	58	0.18	0.18	4.02	4.02	107	105	18.83	18.83	Belongs to the HMG-CoA reductase family	C
OG0001788	1224	0.22	42	54	0.06	0.07	4.02	3.92	203	167	11.5	11.5	Part of the accessory SecA2 SecY2 system specifically required for export of	U
OG0001793	318	0.02	51	54	0.16	0.16	4.02	4.03	120	120	19.35	19.35	-	-
OG0002893	426	0.11	9	9	0.21	0.22	4.02	4.05	86	84	18.22	18.22	Csm2 Type III-A	L
OG0003144	999	0.43	6	7	0.26	0.36	4.02	3.75	67	48	17.14	17.14	His Kinase A (phosphoacceptor) domain	T
OG0003283	255	0.33	6	6	0.25	0.3	4.02	3.94	69	57	17.17	17.17	-	-
OG0003295	1197	0.17	6	6	0.28	0.32	4.02	3.89	63	55	17.5	17.5	-	-
OG0003414	735	0	4	5	0.28	0.28	4.02	4.02	62	62	17.4	17.4	restriction endonuclease	L
OG0003454	219	0	4	5	0.34	0.34	4.02	4.02	67	67	22.6	22.6	#N/A	#N/A
OG0003552	879	0	4	4	0.46	0.46	4.02	4.02	63	63	28.75	28.75	Domain of unknown function (DUF1963)	S
OG0003628	138	0	3	4	0.39	0.39	4.02	4.02	63	63	24.75	24.75	#N/A	#N/A
OG0003869	249	0	3	3	0.34	0.34	4.02	4.02	56	56	19	19	#N/A	#N/A
OG0003909	285	0	3	3	0.49	0.49	4.02	4.02	61	61	30	30	#N/A	#N/A
OG0003928	147	0	3	3	0.51	0.51	4.02	4.02	61	61	31.33	31.33	#N/A	#N/A
OG0003963	177	0	3	3	0.36	0.36	4.02	4.02	57	57	20.67	20.67	#N/A	#N/A
OG0004679	249	0	2	2	0.72	0.72	4.02	4.02	59	59	42.5	42.5	#N/A	#N/A
OG0000377	1614	0.07	77	81	0.09	0.09	4.03	4.06	220	219	19.53	19.53	"Involved in bacillithiol (BSH) biosynthesis. May catalyze the last step of the pathway, the addition of cysteine to glucosamine malate (GlcN-Mal) to generate BSH"	S
OG0000469	804	0.01	77	79	0.13	0.13	4.03	4.03	205	205	27.63	27.63	"Formation of pseudouridine at positions 38, 39 and 40 in the anticodon stem and loop of transfer RNAs"	J
OG0001349	831	0.06	77	77	0.12	0.12	4.03	4.02	184	182	21.66	21.66	Phosphomethylpyrimidine kinase	H
OG0001616	861	0.01	69	69	0.12	0.12	4.03	4.03	173	172	21.28	21.28	-	-
OG0002035	465	0.08	33	36	0.16	0.2	4.03	3.88	105	85	16.61	16.61	Protein of unknown function (DUF1307)	S
OG0002344	1198.5	0.15	18	20	0.19	0.21	4.03	4	94	88	18.1	18.1	#N/A	#N/A
OG0002443	351	0	15	18	0.26	0.26	4.03	4.03	98	98	25.72	25.72	-	-
OG0002466	150	0	17	17	0.15	0.15	4.03	4.03	91	91	13.59	13.59	-	-
OG0002497	1110	0	16	16	0.19	0.19	4.03	4.03	99	99	18.69	18.69	NAD dependent epimerase/dehydratase family	GM
OG0002610	873	0	13	14	0.2	0.2	4.03	4.03	83	83	16.79	16.79	#N/A	#N/A
OG0002635	729	0.08	13	13	0.2	0.21	4.03	3.99	85	84	17.23	17.23	Sortase family	S
OG0003019	1101	0.12	7	8	0.25	0.29	4.03	3.89	78	66	19.12	19.12	amidohydrolase	S
OG0003115	903	0	4	7	0.27	0.27	4.03	4.03	66	66	17.57	17.57	Mechanosensitive ion channel	M
OG0003123	1500	0.14	7	7	0.26	0.3	4.03	3.91	70	60	18	18	Sodium:solute symporter family	E
OG0003273	660	0	6	6	0.25	0.25	4.03	4.03	67	67	16.67	16.67	SdpI/YhfL protein family	S
OG0003309	708	0	6	6	0.29	0.29	4.03	4.03	65	65	18.83	18.83	"Thiol-specific peroxidase that catalyzes the reduction of hydrogen peroxide and organic hydroperoxides to water and alcohols, respectively. Plays a role in cell protection against oxidative stress by detoxifying peroxides"	O
OG0003719	366	0	3	4	0.36	0.36	4.03	4.03	62	62	22.5	22.5	#N/A	#N/A
OG0004146	207	0	2	2	0.56	0.56	4.03	4.03	58	58	32.5	32.5	#N/A	#N/A
OG0004266	178.5	0	2	2	0.59	0.59	4.03	4.03	59	59	35	35	#N/A	#N/A
OG0004531	268.5	0	2	2	0.58	0.58	4.03	4.03	59	59	34.5	34.5	#N/A	#N/A
OG0000319	1368	0.04	77	84	0.12	0.12	4.04	4.04	189	187	22.05	22.05	Belongs to the aspartokinase family	E
OG0000850	438	0.01	77	77	0.13	0.13	4.04	4.04	207	207	26	26	"This protein is one of the early assembly proteins of the 50S ribosomal subunit, although it is not seen to bind rRNA by itself. It is important during the early stages of 50S assembly"	J
OG0001481	447	0.08	75	75	0.08	0.08	4.04	4.07	224	223	18.53	18.53	N-acetyltransferase	K
OG0002056	390	0.15	33	34	0.18	0.2	4.04	3.98	133	117	23.47	23.47	-	-
OG0002455	546	0.06	15	17	0.26	0.26	4.04	4.04	80	79	20.71	20.71	Belongs to the dCTP deaminase family	F
OG0002538	336	0.07	14	15	0.28	0.29	4.04	4.05	98	97	27.87	27.87	-	-
OG0002815	645	0.1	9	10	0.21	0.21	4.04	4.06	89	87	18.5	18.5	RAMP superfamily	L
OG0002862	519	0	9	10	0.24	0.24	4.04	4.04	71	71	16.8	16.8	#N/A	#N/A
OG0002970	390	0.12	8	8	0.27	0.27	4.04	4.04	71	71	19.5	19.5	-	-
OG0003011	1665	0.12	8	8	0.24	0.24	4.04	4.09	81	81	19.5	19.5	Rhodanese Homology Domain	P
OG0003149	1107	0	7	7	0.25	0.25	4.04	4.04	75	75	18.43	18.43	L-seryl-tRNA selenium transferase	E
OG0003440	2976	0	5	5	0.25	0.25	4.04	4.04	64	64	16	16	RNA polymerase activity	K
OG0003521	855	0	5	5	0.27	0.27	4.04	4.04	61	61	16.6	16.6	Arginase family	E
OG0003840	1221	0	3	3	0.37	0.37	4.04	4.04	60	60	22.33	22.33	-	-
OG0003911	1191	0	3	3	0.33	0.33	4.04	4.04	57	57	19	19	Belongs to the monovalent cation proton antiporter 2 (CPA2) transporter (TC 2.A.37) family	P
OG0004025	750	0	3	3	0.37	0.37	4.04	4.04	59	59	22	22	Adenylate and Guanylate cyclase catalytic domain	T
OG0000148	972	0.05	59	124	0.11	0.11	4.05	4.05	183	182	19.41	19.41	Bacterial protein of unknown function (DUF871)	S
OG0000239	1485	0.07	77	95	0.08	0.08	4.05	4.06	244	240	19.21	19.21	invertase	G
OG0000265	999	0.03	77	91	0.11	0.12	4.05	4.02	177	176	20.25	20.25	COG0463 Glycosyltransferases involved in cell wall biogenesis	M
OG0000452	1299	0.06	77	80	0.14	0.14	4.05	4.04	151	150	20.39	20.39	Metal dependent phosphohydrolases with conserved 'HD' motif.	S
OG0000851	393	0.01	77	77	0.12	0.12	4.05	4.05	210	210	25.39	25.39	Belongs to the universal ribosomal protein uS9 family	J
OG0001344	342	0.05	77	77	0.12	0.12	4.05	4.05	168	167	19.4	19.4	Belongs to the UPF0741 family	S
OG0001775	885	0.22	42	55	0.06	0.07	4.05	3.98	195	165	11.95	11.95	Accessory Sec secretory system ASP3	S
OG0002707	318	0	12	12	0.21	0.21	4.05	4.05	83	83	17.33	17.33	YCII-related domain	S
OG0003412	1050	0.2	5	5	0.24	0.24	4.05	4.03	60	59	14.4	14.4	Specifically methylates position 8 of adenine 2503 in 23S rRNA. Confers resistance to some classes of antibiotics	J
OG0003424	843	0	4	5	0.31	0.31	4.05	4.05	68	68	21	21	TIR domain	S
OG0003447	213	0	5	5	0.39	0.39	4.05	4.05	69	69	27	27	-	-
OG0003841	450	0	3	3	0.37	0.37	4.05	4.05	61	61	22.67	22.67	-	-
OG0003877	642	0	3	3	0.34	0.34	4.05	4.05	58	58	20	20	#N/A	#N/A
OG0004119	156	0	2	2	0.66	0.66	4.05	4.05	61	61	40	40	#N/A	#N/A
OG0000233	1245	0.03	77	96	0.09	0.09	4.06	4.06	184	182	17.28	17.28	Belongs to the Glu Leu Phe Val dehydrogenases family	E
OG0000363	537	0.05	76	81	0.09	0.09	4.06	4.07	202	200	17.47	17.47	Protein conserved in bacteria	S
OG0000556	1479	0.05	77	79	0.11	0.11	4.06	4.06	199	198	21.99	21.99	amino acid	E
OG0002418	2490	0.06	18	18	0.17	0.17	4.06	4.06	110	109	18.61	18.61	MMPL family	S
OG0002769	210	0.09	11	11	0.26	0.26	4.06	4.05	81	80	20.91	20.91	#N/A	#N/A
OG0002798	474	0	10	10	0.24	0.24	4.06	4.06	74	74	17.5	17.5	-	-
OG0002919	315	0	9	9	0.32	0.32	4.06	4.06	77	77	25	25	Helix-turn-helix domain	L
OG0003021	954	0.12	8	8	0.24	0.29	4.06	3.88	70	57	16.62	16.62	Belongs to the bacterial solute-binding protein 9 family	P
OG0003164	573	0.17	6	6	0.25	0.27	4.06	4.05	69	66	17.5	17.5	-	-
OG0003167	1128	0	6	6	0.28	0.28	4.06	4.06	66	66	18.33	18.33	Peptidase dimerisation domain	E
OG0003168	885	0	6	6	0.28	0.28	4.06	4.06	66	66	18.17	18.17	Deacylase	S
OG0003377	795	0	5	5	0.4	0.4	4.06	4.06	67	67	26.8	26.8	Phosphotransferase enzyme family	J
OG0003436	963	0.2	5	5	0.27	0.29	4.06	4.01	67	62	18	18	Phosphotransferase enzyme family	S
OG0003437	879	0.2	5	5	0.27	0.29	4.06	4.01	67	62	18	18	-	-
OG0003474	1167	0	5	5	0.28	0.28	4.06	4.06	66	66	18.6	18.6	SIR2-like domain	S
OG0003619	183	0.25	4	4	0.3	0.42	4.06	3.73	61	44	18.5	18.5	#N/A	#N/A
OG0004568	213	0	1	2	0.5	0.5	4.06	4.06	58	58	29	29	response regulator	K
OG0000357	1407	0.1	76	81	0.08	0.09	4.07	4.03	215	194	18.14	18.14	anthranilate synthase component I	EH
OG0000574	1383	0.56	77	79	0.08	0.11	4.07	3.87	191	127	14.34	14.34	"Exhibits a very high intrinsic GTPase hydrolysis rate. Involved in the addition of a carboxymethylaminomethyl (cmnm) group at the wobble position (U34) of certain tRNAs, forming tRNA- cmnm(5)s(2)U34"	J
OG0001426	780	0.07	76	76	0.09	0.1	4.07	4.08	227	222	21.53	21.53	Prolyl oligopeptidase family	E
OG0001626	543	0.04	65	68	0.12	0.12	4.07	4.07	165	163	20.18	20.18	NADPH-dependent FMN reductase	S
OG0001892	495	0	8	46	0.19	0.19	4.07	4.07	99	99	18.48	18.48	"Protein of unknown function, DUF600"	S
OG0002095	1197	0	30	32	0.17	0.17	4.07	4.07	103	103	17.84	17.84	Protein of unknown function (DUF819)	S
OG0002903	1005	0	8	9	0.29	0.29	4.07	4.07	76	76	22	22	-	-
OG0003081	1629	0	6	7	0.26	0.26	4.07	4.07	67	67	17.29	17.29	-	-
OG0003509	750	0.2	5	5	0.33	0.35	4.07	4.01	65	62	21.6	21.6	Xylose isomerase domain protein TIM barrel	G
OG0003543	3231	0	4	4	0.26	0.26	4.07	4.07	60	60	15.75	15.75	helicase superfamily c-terminal domain	L
OG0003791	189	0	3	3	0.34	0.34	4.07	4.07	59	59	20	20	#N/A	#N/A
OG0003796	246	0	2	3	0.62	0.62	4.07	4.07	64	64	40	40	#N/A	#N/A
OG0003900	192	0	3	3	0.43	0.43	4.07	4.07	63	63	27.33	27.33	#N/A	#N/A
OG0004026	564	0	3	3	0.4	0.4	4.07	4.07	62	62	25	25	#N/A	#N/A
OG0000238	687	0.06	77	95	0.12	0.12	4.08	4.06	185	182	22.08	22.08	"Catalyzes an amino-pyrimidine hydrolysis reaction at the C5' of the pyrimidine moiety of thiamine compounds, a reaction that is part of a thiamine salvage pathway"	F
OG0000263	957	0.07	77	91	0.09	0.09	4.08	4.06	221	213	18.81	18.81	Belongs to the D-isomer specific 2-hydroxyacid dehydrogenase family	CH
OG0000283	1164	0.08	77	89	0.08	0.08	4.08	4.09	217	217	18	18	Aminotransferase	E
OG0000543	1359	0.06	77	79	0.09	0.1	4.08	4.05	216	205	19.95	19.95	transport protein	P
OG0000901	1620	0.05	77	77	0.11	0.11	4.08	4.09	203	200	22.39	22.39	Prevents misfolding and promotes the refolding and proper assembly of unfolded polypeptides generated under stress conditions	O
OG0001235	939	0.09	77	77	0.09	0.1	4.08	4.06	220	208	20.42	20.42	Belongs to the MenA family. Type 1 subfamily	H
OG0001345	750	0.06	77	77	0.12	0.13	4.08	4.07	175	166	21.01	21.01	May function as heme-dependent peroxidase	C
OG0001532	1032	0.01	72	73	0.12	0.12	4.08	4.09	153	153	17.99	17.99	reductase	C
OG0002141	546	0.03	28	30	0.17	0.17	4.08	4.08	100	100	17	17	-	-
OG0002396	306	0	19	19	0.17	0.17	4.08	4.08	112	112	19.21	19.21	Putative mono-oxygenase ydhR	S
OG0002411	1080	0	18	18	0.17	0.17	4.08	4.08	92	92	15.44	15.44	Belongs to the Glu Leu Phe Val dehydrogenases family	E
OG0002537	297	0.07	14	15	0.28	0.28	4.08	4.09	102	101	28.33	28.33	-	-
OG0002839	777	0	10	10	0.21	0.21	4.08	4.08	87	87	18.2	18.2	-	-
OG0002857	1311	0.5	5	10	0.19	0.25	4.08	3.85	73	57	14.2	14.2	#N/A	#N/A
OG0002921	312	0.11	5	9	0.21	0.21	4.08	4.11	87	87	18.11	18.11	#N/A	#N/A
OG0003426	177	0	5	5	0.35	0.35	4.08	4.08	62	62	21.6	21.6	#N/A	#N/A
OG0003576	495	0	4	4	0.54	0.54	4.08	4.08	69	69	37	37	DNA packaging	L
OG0003657	126	0.25	4	4	0.28	0.3	4.08	4.04	61	57	17	17	-	-
OG0003699	327	0	4	4	0.37	0.37	4.08	4.08	67	67	24.75	24.75	#N/A	#N/A
OG0003720	237	0	3	4	0.3	0.3	4.08	4.08	62	62	18.75	18.75	#N/A	#N/A
OG0003823	507	0	3	3	0.33	0.33	4.08	4.08	59	59	19.67	19.67	Staphylokinase/Streptokinase family	M
OG0004116	387	0	2	2	0.6	0.6	4.08	4.08	62	62	37.5	37.5	#N/A	#N/A
OG0004279	607.5	0	2	2	0.58	0.58	4.08	4.08	62	62	36	36	Domain of unknown function (DUF4145)	S
OG0004280	162	0	2	2	0.58	0.58	4.08	4.08	62	62	36	36	#N/A	#N/A
OG0000182	1383	0.18	77	109	0.06	0.06	4.09	4.21	201	200	12.26	12.26	Transcriptional regulator	K
OG0000617	1290	0.06	77	78	0.11	0.11	4.09	4.09	213	207	22.55	22.55	Aminotransferase	E
OG0000685	1239	0.04	77	78	0.09	0.09	4.09	4.09	232	226	20.71	20.71	GTPase that associates with the 50S ribosomal subunit and may have a role during protein synthesis or ribosome biogenesis	S
OG0001346	840	0.06	77	77	0.11	0.12	4.09	4.09	185	180	21.25	21.25	Catalyzes the amidotransfer (transamidation) of the octanoyl moiety from octanoyl-GcvH to the lipoyl domain of the E2 subunit of lipoate-dependent enzymes	H
OG0002553	582	0	9	15	0.22	0.22	4.09	4.09	95	95	20.6	20.6	Domain of unknown function (DUF2479)	S
OG0002582	819	0	14	14	0.17	0.17	4.09	4.09	104	104	18.14	18.14	KduI/IolB family	G
OG0002739	186	0	11	11	0.24	0.24	4.09	4.09	81	81	19.18	19.18	-	-
OG0002939	1938	0.11	9	9	0.22	0.24	4.09	3.98	75	67	16.22	16.22	Right handed beta helix region	G
OG0003402	330	0.6	5	5	0.27	0.41	4.09	3.78	67	44	18.2	18.2	#N/A	#N/A
OG0003470	96	0.6	5	5	0.23	0.33	4.09	3.74	62	42	14	14	#N/A	#N/A
OG0003669	172.5	0	4	4	0.42	0.42	4.09	4.09	67	67	28.25	28.25	#N/A	#N/A
OG0003867	132	0	3	3	0.39	0.39	4.09	4.09	63	63	24.33	24.33	-	-
OG0003892	384	0.33	3	3	0.33	0.43	4.09	3.83	60	46	20	20	Integron-associated effector binding protein	K
OG0003929	183	0	3	3	0.58	0.58	4.09	4.09	66	66	38.33	38.33	#N/A	#N/A
OG0000085	786	0.04	77	158	0.15	0.15	4.1	4.1	134	134	19.88	19.88	Mannosyl-glycoprotein endo-beta-N-acetylglucosaminidase	G
OG0000195	420	0.04	77	106	0.08	0.09	4.1	4.07	199	182	16.37	16.37	Transcriptional regulator	K
OG0000324	786	0.05	77	83	0.08	0.09	4.1	4.1	240	235	20.02	20.02	Carbon-nitrogen hydrolase	S
OG0000548	1068	0.06	71	79	0.1	0.1	4.1	4.09	214	209	21.06	21.06	2-nitropropane dioxygenase	S
OG0001277	696	0.03	77	77	0.11	0.11	4.1	4.1	222	222	24.96	24.96	ABC transporter permease	P
OG0001578	393	0.01	70	71	0.14	0.14	4.1	4.1	184	182	26.11	26.11	TOPRIM	L
OG0001680	264	0.06	63	63	0.12	0.12	4.1	4.09	186	184	21.49	21.49	-	-
OG0001696	852	0.03	62	62	0.11	0.12	4.1	4.08	206	199	23.19	23.19	Domain of unknown function (DUF368)	S
OG0001732	1233	0.05	30	59	0.11	0.11	4.1	4.1	160	158	16.81	16.81	Peptidase family M28	E
OG0002569	480	0.07	15	15	0.17	0.17	4.1	4.09	110	109	18.4	18.4	PTS system sorbose subfamily IIB component	G
OG0002805	348	0.1	10	10	0.2	0.2	4.1	4.14	94	94	18.8	18.8	arsenical resistance operon	S
OG0002850	1275	0	8	10	0.23	0.23	4.1	4.1	92	92	21	21	Domain of unknown function (DUF2479)	S
OG0002980	781.5	0	8	8	0.23	0.23	4.1	4.1	72	72	16.25	16.25	-	-
OG0003013	1065	0	8	8	0.27	0.27	4.1	4.1	83	83	22.25	22.25	Beta-lactamase superfamily domain	S
OG0003047	762	0.14	7	7	0.23	0.3	4.1	3.82	79	60	18	18	ABC-2 family transporter protein	S
OG0003486	474	0	5	5	0.31	0.31	4.1	4.1	70	70	21.8	21.8	-	-
OG0003702	609	0.5	4	4	0.32	0.44	4.1	3.82	64	46	20.25	20.25	endonuclease distantly related to archaeal Holliday junction resolvase and Mrr-like restriction enzymes	V
OG0003954	741	0	3	3	0.35	0.35	4.1	4.1	62	62	22	22	Nitroreductase family	C
OG0003966	501	0	3	3	0.52	0.52	4.1	4.1	66	66	34.33	34.33	#N/A	#N/A
OG0004027	1023	0	3	3	0.41	0.41	4.1	4.1	64	64	26.33	26.33	#N/A	#N/A
OG0004035	411	0	3	3	0.34	0.34	4.1	4.1	61	61	21	21	-	-
OG0004124	219	0	2	2	0.63	0.63	4.1	4.1	64	64	40.5	40.5	#N/A	#N/A
OG0004492	243	0	2	2	0.52	0.52	4.1	4.1	61	61	31.5	31.5	#N/A	#N/A
OG0004570	181.5	0	2	2	0.67	0.67	4.1	4.1	64	64	43	43	#N/A	#N/A
OG0000752	990	0.06	77	78	0.12	0.12	4.11	4.11	185	180	21.36	21.36	phosphate acetyltransferase activity	C
OG0001636	1020	0.06	65	67	0.1	0.1	4.11	4.11	210	206	21.48	21.48	Domain of unknown function DUF21	P
OG0001937	778.5	0.02	41	42	0.15	0.15	4.11	4.12	146	146	21.26	21.26	hydratase	Q
OG0002194	1491	0.12	20	26	0.17	0.17	4.11	4.09	121	116	20.19	20.19	Phage tail protein	S
OG0002400	897	0.05	19	19	0.21	0.23	4.11	4.03	87	77	18.05	18.05	peptidase U32	O
OG0002602	330	0.07	14	14	0.25	0.25	4.11	4.13	76	76	19.21	19.21	-	-
OG0002609	1773	0.07	14	14	0.18	0.19	4.11	4.09	107	105	19.43	19.43	Beta-galactosidase	G
OG0002670	825	0.08	11	12	0.32	0.32	4.11	4.12	97	96	30.92	30.92	-	-
OG0002732	474	0	8	11	0.23	0.23	4.11	4.11	76	76	17.82	17.82	Protein of unknown function (DUF2975)	S
OG0003014	1428	0	8	8	0.27	0.27	4.11	4.11	83	83	22.38	22.38	PTS system sugar-specific permease component	S
OG0003046	699	0.14	7	7	0.23	0.29	4.11	3.85	79	61	17.86	17.86	-	-
OG0003126	573	0.29	7	7	0.22	0.28	4.11	3.85	72	57	16	16	-	-
OG0003267	946.5	0	5	6	0.4	0.4	4.11	4.11	78	78	31	31	Phage capsid family	S
OG0003331	3828	0	5	5	0.31	0.31	4.11	4.11	64	64	19.8	19.8	Collagen binding domain	M
OG0003333	1209	0.2	5	5	0.29	0.3	4.11	4.13	67	65	19.2	19.2	-	-
OG0003460	963	0	5	5	0.27	0.27	4.11	4.11	67	67	17.8	17.8	Aids in the defense against invading fungal pathogens by degrading their cell wall chitosan	M
OG0003508	1083	0.2	5	5	0.25	0.28	4.11	3.99	64	57	15.8	15.8	Flavin containing amine oxidoreductase	E
OG0003544	2004	0	4	4	0.26	0.26	4.11	4.11	62	62	16.25	16.25	EVE domain	S
OG0003876	657	0	3	3	0.36	0.36	4.11	4.11	63	63	22.67	22.67	#N/A	#N/A
OG0004049	543	0	3	3	0.34	0.34	4.11	4.11	62	62	21.33	21.33	-	-
OG0004281	219	0	2	2	0.61	0.61	4.11	4.11	64	64	39	39	#N/A	#N/A
OG0000322	1602	0.02	71	83	0.09	0.09	4.12	4.09	215	206	18.51	18.51	L-lactate permease	C
OG0001278	300	0.03	77	77	0.12	0.13	4.12	4.11	204	202	25.31	25.31	Thioredoxin	CO
OG0001700	1554	0.25	42	61	0.06	0.07	4.12	4.01	214	178	12.05	12.05	Accessory Sec system protein Asp1	S
OG0002465	1167	0.12	15	17	0.19	0.2	4.12	4.1	100	95	18.53	18.53	O-Antigen ligase	M
OG0002952	687	0.25	8	8	0.31	0.55	4.12	3.67	80	46	25.12	25.12	ubiE/COQ5 methyltransferase family	J
OG0002977	681	0.12	6	8	0.21	0.24	4.12	4.02	77	68	16.25	16.25	#N/A	#N/A
OG0002978	1221	0.12	6	8	0.19	0.22	4.12	4.01	79	70	15.25	15.25	#N/A	#N/A
OG0003012	534	0.25	7	8	0.28	0.28	4.12	4.14	68	67	18.88	18.88	"Psort location Cytoplasmic, score"	S
OG0003114	2631	0	7	7	0.25	0.25	4.12	4.12	76	76	19	19	FtsX-like permease family	V
OG0003128	645	0.14	7	7	0.24	0.24	4.12	4.08	72	70	17.14	17.14	Protein of unknown function (DUF2975)	S
OG0003142	813	0	6	7	0.26	0.26	4.12	4.12	71	71	18.14	18.14	Nitroreductase family	C
OG0003461	1233	0	5	5	0.32	0.32	4.12	4.12	77	77	24.6	24.6	Phage capsid family	S
OG0003643	943.5	0	4	4	0.31	0.31	4.12	4.12	66	66	20.5	20.5	"Serine aminopeptidase, S33"	I
OG0004022	489	0	3	3	0.38	0.38	4.12	4.12	64	64	24.33	24.33	DinB family	S
OG0004234	159	0	2	2	0.65	0.65	4.12	4.12	65	65	42.5	42.5	#N/A	#N/A
OG0004532	141	0	2	2	0.54	0.54	4.12	4.12	63	63	34	34	#N/A	#N/A
OG0004746	165	0	2	2	0.53	0.53	4.12	4.12	63	63	33.5	33.5	#N/A	#N/A
OG0002149	201	0.07	29	29	0.16	0.16	4.13	4.11	124	123	19.83	19.83	#N/A	#N/A
OG0002378	390	0.89	8	19	0.15	1.21	4.13	2.48	96	12	14.47	14.47	-	-
OG0002575	1353	0.07	10	15	0.2	0.24	4.13	4.01	99	85	20.2	20.2	-	-
OG0002593	1092	0.07	14	14	0.24	0.25	4.13	4.1	73	72	17.86	17.86	membrane	S
OG0002724	3817.5	0.58	7	12	0.15	0.18	4.13	4.15	77	66	11.92	11.92	#N/A	#N/A
OG0003004	150	0	7	8	0.39	0.39	4.13	4.13	82	82	32.25	32.25	#N/A	#N/A
OG0003056	528	0.14	7	7	0.26	0.26	4.13	4.18	80	80	20.71	20.71	Acetyltransferase (GNAT) family	K
OG0003172	396	0	5	6	0.25	0.25	4.13	4.13	71	71	17.67	17.67	DNA/RNA non-specific endonuclease	S
OG0003316	232.5	0	6	6	0.35	0.35	4.13	4.13	78	78	27.67	27.67	-	-
OG0003353	498	0.2	5	5	0.28	0.32	4.13	3.98	66	57	18.2	18.2	#N/A	#N/A
OG0003569	444	0	4	4	0.31	0.31	4.13	4.13	69	69	21.5	21.5	FR47-like protein	K
OG0003597	141	0	4	4	0.41	0.41	4.13	4.13	69	69	28.25	28.25	#N/A	#N/A
OG0003610	793.5	0.25	4	4	0.31	0.34	4.13	4.1	66	61	20.75	20.75	#N/A	#N/A
OG0003837	531	0	3	3	0.5	0.5	4.13	4.13	68	68	34	34	Bsp6I restriction endonuclease	L
OG0004590	174	0	1	2	0.63	0.63	4.13	4.13	66	66	41.5	41.5	#N/A	#N/A
OG0000228	1167	0.02	76	98	0.1	0.1	4.14	4.14	187	185	19.28	19.28	Quinolone resistance protein norA	EGP
OG0000344	1263	0.07	75	82	0.08	0.1	4.14	4.04	221	186	17.98	17.98	Belongs to the DNA polymerase type-Y family	L
OG0000739	1026	0.03	77	78	0.12	0.12	4.14	4.14	224	223	25.79	25.79	Part of the ABC transporter complex MetNIQ involved in methionine import. Responsible for energy coupling to the transport system	P
OG0001425	241.5	0.08	76	76	0.08	0.09	4.14	4.15	238	232	20.12	20.12	Could be involved in insertion of integral membrane proteins into the membrane	S
OG0001531	1176	0.07	64	73	0.11	0.11	4.14	4.15	165	165	18.62	18.62	Autolysis and methicillin resistant-related protein	V
OG0001912	1599	0.02	40	44	0.21	0.21	4.14	4.15	93	93	19.91	19.91	Peptidase family M20/M25/M40	E
OG0002082	693	0	33	33	0.16	0.16	4.14	4.14	128	128	20.12	20.12	Acetyltransferase (GNAT) domain	J
OG0002308	1470	0.05	20	21	0.17	0.17	4.14	4.16	111	111	18.52	18.52	Histidine kinase	T
OG0002368	1374	0	18	19	0.18	0.18	4.14	4.14	96	96	17.68	17.68	Histidine kinase	T
OG0002509	1422	0.12	16	16	0.18	0.2	4.14	4.13	94	89	17.38	17.38	Catalyzes the conversion of L-arabinose to L-ribulose	G
OG0002578	819	0	14	15	0.18	0.18	4.14	4.14	99	99	17.4	17.4	Thioesterase-like superfamily	I
OG0002657	1920	0	10	13	0.21	0.21	4.14	4.14	90	90	18.77	18.77	#N/A	#N/A
OG0003050	189	0	7	7	0.22	0.22	4.14	4.14	70	70	15.14	15.14	#N/A	#N/A
OG0003150	1533	0	7	7	0.25	0.25	4.14	4.14	78	78	19.43	19.43	prohibitin homologues	S
OG0003413	672	0	3	5	0.28	0.28	4.14	4.14	70	70	19.6	19.6	-	-
OG0003616	106.5	0	4	4	0.31	0.31	4.14	4.14	67	67	20.75	20.75	#N/A	#N/A
OG0003665	1218	0.5	4	4	0.27	0.43	4.14	3.71	65	41	17.75	17.75	Primase C terminal 1 (PriCT-1)	K
OG0003816	180	0	3	3	0.39	0.39	4.14	4.14	67	67	26.33	26.33	#N/A	#N/A
OG0004004	1710	0	3	3	0.5	0.5	4.14	4.14	72	72	36.33	36.33	-	-
OG0004044	105	0	1	3	0.33	0.33	4.14	4.14	63	63	21	21	#N/A	#N/A
OG0004115	207	0	1	2	0.61	0.61	4.14	4.14	66	66	40.5	40.5	#N/A	#N/A
OG0001287	1518	0.05	77	77	0.08	0.08	4.15	4.15	280	278	21.32	21.32	Catalyzes the interconversion of 2-phosphoglycerate and 3-phosphoglycerate	G
OG0002004	222	0.03	37	37	0.16	0.16	4.15	4.12	113	111	17.62	17.62	Part of the twin-arginine translocation (Tat) system that transports large folded proteins containing a characteristic twin-arginine motif in their signal peptide across membranes. TatA could form the protein-conducting channel of the Tat system	U
OG0002049	1584	0	20	35	0.15	0.15	4.15	4.15	137	137	20.43	20.43	Prophage endopeptidase tail	S
OG0002096	876	0.06	31	32	0.18	0.18	4.15	4.12	104	101	18.31	18.31	thiolester hydrolase activity	S
OG0002406	1239	0	18	18	0.18	0.18	4.15	4.15	99	99	17.56	17.56	"Ethanolamine utilisation protein, EutH"	E
OG0002474	621	0.06	17	17	0.19	0.19	4.15	4.13	99	99	19.12	19.12	Bacterial transferase hexapeptide (six repeats)	S
OG0002503	4428	0.06	14	16	0.2	0.25	4.15	3.97	105	83	20.62	20.62	the current gene model (or a revised gene model) may contain a frame shift	D
OG0002810	1434	0	10	10	0.25	0.25	4.15	4.15	83	83	21.1	21.1	Polysaccharide biosynthesis protein	S
OG0002841	111	0.9	8	10	0.16	0.64	4.15	2.94	77	19	12.2	12.2	-	-
OG0003252	591	0.5	5	6	0.18	0.22	4.15	3.96	65	54	11.83	11.83	Plasmid replication protein	S
OG0003262	411	0.17	6	6	0.27	0.3	4.15	4.06	72	64	19.5	19.5	#N/A	#N/A
OG0003274	1368	0	6	6	0.27	0.27	4.15	4.15	72	72	19.67	19.67	Major Facilitator Superfamily	EGP
OG0003403	1041	0.6	5	5	0.27	0.41	4.15	3.82	71	46	19	19	#N/A	#N/A
OG0003632	408	0.25	4	4	0.38	0.4	4.15	4.11	70	66	26.25	26.25	-	-
OG0003701	216	0	3	4	0.29	0.29	4.15	4.15	67	67	19.75	19.75	-	-
OG0003964	165	0	3	3	0.42	0.42	4.15	4.15	67	67	28	28	#N/A	#N/A
OG0003970	606	0.33	3	3	0.35	0.52	4.15	3.78	65	44	23	23	#N/A	#N/A
OG0004113	234	0	2	2	0.6	0.6	4.15	4.15	67	67	40.5	40.5	#N/A	#N/A
OG0004265	585	0	2	2	0.64	0.64	4.15	4.15	67	67	43	43	endonuclease activity	V
OG0004282	234	0	2	2	0.57	0.57	4.15	4.15	66	66	37.5	37.5	#N/A	#N/A
OG0004684	172.5	0	2	2	0.64	0.64	4.15	4.15	67	67	43	43	#N/A	#N/A
OG0001766	729	0.02	54	56	0.11	0.11	4.16	4.16	153	153	17.3	17.3	Belongs to the PAPS reductase family. CysH subfamily	EH
OG0002154	1491	0.04	28	28	0.16	0.17	4.16	4.17	115	113	18.86	18.86	"ABC transporter, ATP-binding protein"	G
OG0002182	216	0	27	27	0.18	0.18	4.16	4.16	129	129	22.81	22.81	-	-
OG0002506	2103	0	16	16	0.21	0.21	4.16	4.16	91	91	18.81	18.81	"C-terminal, D2-small domain, of ClpB protein"	O
OG0002834	1512	0.2	8	10	0.21	0.22	4.16	4.16	81	78	17.4	17.4	-	-
OG0002878	192	0	9	9	0.33	0.33	4.16	4.16	95	95	31.33	31.33	-	-
OG0002914	855	0.11	7	9	0.23	0.25	4.16	4.09	81	75	18.67	18.67	CAAX protease self-immunity	S
OG0002953	166.5	0	8	8	0.25	0.25	4.16	4.16	73	73	18.5	18.5	#N/A	#N/A
OG0003082	276	0.57	7	7	0.23	0.38	4.16	3.85	84	50	19	19	Metal-sensitive transcriptional repressor	S
OG0003491	555	0	5	5	0.26	0.26	4.16	4.16	69	69	18	18	"Bacterial regulatory proteins, tetR family"	K
OG0003612	291	0	4	4	0.32	0.32	4.16	4.16	68	68	22	22	#N/A	#N/A
OG0003896	639	0	3	3	0.38	0.38	4.16	4.16	67	67	25.67	25.67	#N/A	#N/A
OG0000098	348	0.03	77	151	0.12	0.12	4.17	4.17	180	178	21.15	21.15	subunit C	P
OG0001907	1245	0	43	45	0.15	0.15	4.17	4.17	121	121	18.11	18.11	ammonium transporter	P
OG0002127	942	0.03	28	30	0.15	0.16	4.17	4.18	120	118	18.57	18.57	Belongs to the binding-protein-dependent transport system permease family	G
OG0002405	1401	0	18	18	0.18	0.18	4.17	4.17	100	100	17.83	17.83	"Glutamine synthetase, catalytic domain"	E
OG0002599	294	0.07	14	14	0.17	0.21	4.17	3.97	100	81	17.14	17.14	Proteins of 100 residues with WXG	S
OG0002615	261	0.29	9	14	0.17	0.17	4.17	4.31	104	104	17.86	17.86	-	-
OG0002716	900	0.17	11	12	0.22	0.22	4.17	4.19	89	89	19.92	19.92	-	-
OG0002935	864	0	9	9	0.23	0.23	4.17	4.17	89	89	20.78	20.78	Xylose isomerase-like TIM barrel	G
OG0003059	468	0	7	7	0.26	0.26	4.17	4.17	78	78	20	20	MafB19-like deaminase	FJ
OG0003134	609	0	6	7	0.26	0.26	4.17	4.17	75	75	19.71	19.71	-	-
OG0003263	1158	0.17	6	6	0.27	0.31	4.17	4.05	73	63	19.83	19.83	"COG0577 ABC-type antimicrobial peptide transport system, permease component"	V
OG0003275	703.5	0	6	6	0.24	0.24	4.17	4.17	76	76	18.33	18.33	Domain of unknown function (DUF4433)	S
OG0003405	711	0.4	5	5	0.21	0.26	4.17	3.99	67	55	14.2	14.2	ABC transporter	V
OG0003499	309	0	4	5	0.29	0.29	4.17	4.17	69	69	20	20	#N/A	#N/A
OG0004145	855	0	2	2	0.54	0.54	4.17	4.17	66	66	35.5	35.5	Domain of unknown function (DUF4393)	S
OG0004221	294	0	2	2	0.6	0.6	4.17	4.17	68	68	41	41	#N/A	#N/A
OG0004529	409.5	0	2	2	0.62	0.62	4.17	4.17	68	68	42	42	-	-
OG0000133	150	0.03	72	131	0.14	0.14	4.18	4.18	157	157	22.5	22.5	Belongs to the bacterial ribosomal protein bL33 family	J
OG0000229	861	0.05	74	98	0.08	0.08	4.18	4.19	247	246	19.13	19.13	aldolase	G
OG0001195	1767	0.1	77	77	0.08	0.08	4.18	4.23	269	269	20.62	20.62	succinate dehydrogenase	C
OG0001590	660	0.03	68	70	0.12	0.12	4.18	4.17	156	156	18.27	18.27	MOSC domain	S
OG0002041	702	0.03	35	35	0.16	0.16	4.18	4.15	115	113	18.29	18.29	Part of the twin-arginine translocation (Tat) system that transports large folded proteins containing a characteristic twin-arginine motif in their signal peptide across membranes	U
OG0002290	865.5	0.82	8	22	0.15	0.46	4.18	3.4	97	31	14.14	14.14	-	-
OG0002444	306	0	14	18	0.22	0.22	4.18	4.18	117	117	25.94	25.94	-	-
OG0002755	264	0.09	11	11	0.19	0.19	4.18	4.2	100	98	18.82	18.82	-	-
OG0002886	168	0	9	9	0.24	0.24	4.18	4.18	79	79	18.89	18.89	-	-
OG0003033	438	0	7	7	0.25	0.25	4.18	4.18	77	77	19.29	19.29	-	-
OG0003119	465	0.14	7	7	0.32	0.33	4.18	4.18	80	78	25.71	25.71	-	-
OG0003170	1164	0	6	6	0.25	0.25	4.18	4.18	79	79	20	20	Putative DNA-binding domain	K
OG0003186	393	0	6	6	0.26	0.26	4.18	4.18	77	77	20.33	20.33	Domain of unknown function (DUF5084)	S
OG0003276	657	0	6	6	0.24	0.24	4.18	4.18	77	77	18.5	18.5	site-specific DNA-methyltransferase (adenine-specific) activity	V
OG0003277	1123.5	0.17	6	6	0.21	0.25	4.18	4	72	61	15	15	#N/A	#N/A
OG0003281	1258.5	0	5	6	0.25	0.25	4.18	4.18	73	73	18.5	18.5	Belongs to the glycosyl hydrolase 5 (cellulase A) family	G
OG0003432	426	0.4	4	5	0.3	0.92	4.18	3.12	74	24	22.2	22.2	#N/A	#N/A
OG0003450	531	0	5	5	0.28	0.28	4.18	4.18	73	73	20.6	20.6	#N/A	#N/A
OG0003709	282	0.25	4	4	0.27	0.33	4.18	4	68	56	18.5	18.5	-	-
OG0004112	228	0.5	2	2	0.58	0.94	4.18	3.74	68	42	39.5	39.5	Uncharacterized protein conserved in bacteria (DUF2188)	S
OG0004315	252	0	2	2	0.57	0.57	4.18	4.18	68	68	38.5	38.5	#N/A	#N/A
OG0004473	309	1	2	2	0.52	NA	4.18	NA	66	0	34	34	#N/A	#N/A
OG0004611	228	0	1	2	0.57	0.57	4.18	4.18	68	68	39	39	#N/A	#N/A
OG0000201	1323	0.06	77	105	0.06	0.07	4.19	4.14	227	207	14.34	14.34	Catalyzes specifically the NADPH-dependent reduction of coenzyme A disulfide	C
OG0000285	378	0.07	70	88	0.08	0.09	4.19	4.19	223	212	18.3	18.3	Domain of unknown function (DUF4870)	S
OG0001776	162	0.04	54	55	0.13	0.13	4.19	4.18	150	149	18.96	18.96	-	-
OG0001835	1782	0.06	45	49	0.16	0.17	4.19	4.18	109	107	17.92	17.92	"COG1132 ABC-type multidrug transport system, ATPase and permease components"	V
OG0001839	270	0	49	49	0.15	0.15	4.19	4.19	121	121	17.98	17.98	Domain of unknown function (DUF1413)	S
OG0002152	354	0.14	29	29	0.15	0.15	4.19	4.17	113	110	16.97	16.97	Uncharacterized protein conserved in bacteria (DUF2200)	S
OG0002313	627	0.05	20	21	0.18	0.18	4.19	4.19	120	119	21.1	21.1	-	-
OG0002440	183	0.11	18	18	0.24	0.24	4.19	4.17	114	112	27.17	27.17	-	-
OG0002855	639	0.3	9	10	0.28	0.32	4.19	4.09	86	74	23.9	23.9	-	-
OG0002973	1176	0	8	8	0.26	0.26	4.19	4.19	74	74	19	19	Major Facilitator Superfamily	G
OG0003304	309	0.5	6	6	0.23	0.34	4.19	3.86	78	52	17.83	17.83	#N/A	#N/A
OG0003451	402	0	5	5	0.28	0.28	4.19	4.19	73	73	20.4	20.4	#N/A	#N/A
OG0003609	90	0.25	4	4	0.29	0.36	4.19	4.03	73	60	21.5	21.5	#N/A	#N/A
OG0003668	654	0.25	4	4	0.31	0.34	4.19	4.16	70	64	22	22	-	-
OG0003735	157.5	0	4	4	0.3	0.3	4.19	4.19	69	69	20.5	20.5	#N/A	#N/A
OG0003761	285	0.33	3	3	0.42	0.44	4.19	4.15	70	66	29.33	29.33	-	-
OG0003945	351	0	3	3	0.35	0.35	4.19	4.19	67	67	23.33	23.33	#N/A	#N/A
OG0004020	111	0.33	2	3	0.34	0.42	4.19	4.01	67	55	23	23	#N/A	#N/A
OG0004694	432	0	2	2	0.58	0.58	4.19	4.19	69	69	40	40	-	-
OG0001130	1239	0.04	77	77	0.09	0.09	4.2	4.2	250	243	21.26	21.26	aluminum resistance protein	P
OG0001279	381	0.03	77	77	0.12	0.12	4.2	4.2	213	211	26.25	26.25	Is also involved in protein lipoylation via its role as an octanoyl lipoyl carrier protein intermediate	E
OG0002010	822	0.11	32	37	0.14	0.14	4.2	4.19	117	112	16.22	16.22	alpha/beta hydrolase fold	I
OG0002189	1362	0.07	25	27	0.13	0.14	4.2	4.18	129	123	16.63	16.63	Catalyzes the conversion of allantoin (5- ureidohydantoin) to allantoic acid by hydrolytic cleavage of the five-member hydantoin ring	F
OG0002549	450	0.07	13	15	0.18	0.2	4.2	4.11	106	95	18.67	18.67	Domain of unknown function (DUF5085)	S
OG0002745	258	0.09	11	11	0.23	0.23	4.2	4.19	89	89	20.91	20.91	#N/A	#N/A
OG0002803	672	0.1	10	10	0.19	0.19	4.2	4.23	81	81	15.2	15.2	MgtC family	S
OG0003251	1317	0	6	6	0.27	0.27	4.2	4.2	76	76	20.17	20.17	GntP family permease	EG
OG0003301	252	0	1	6	0.18	0.18	4.2	4.2	68	68	12.17	12.17	-	-
OG0003570	900	0.25	4	4	0.25	0.32	4.2	3.96	67	53	17	17	Phosphotransferase enzyme family	S
OG0003710	994.5	0	4	4	0.32	0.32	4.2	4.2	72	72	23.25	23.25	Belongs to the glycosyl hydrolase 43 family	G
OG0004008	384	0.33	2	3	0.54	0.58	4.2	4.2	74	70	40.33	40.33	#N/A	#N/A
OG0004058	303	0.33	3	3	0.38	0.4	4.2	4.14	69	65	26	26	#N/A	#N/A
OG0004624	174	0	2	2	0.57	0.57	4.2	4.2	69	69	39	39	#N/A	#N/A
OG0004685	256.5	0	2	2	0.6	0.6	4.2	4.2	70	70	42	42	#N/A	#N/A
OG0000465	363	0.06	76	79	0.1	0.1	4.21	4.18	175	172	17.46	17.46	transporter subunit IIA	S
OG0000584	1833	0.04	77	78	0.06	0.06	4.21	4.22	273	270	17.29	17.29	WalK functions as a sensor protein kinase which is autophosphorylated at a histidine residue and transfers its phosphate group to WalR	T
OG0001286	1305	0.04	77	77	0.07	0.07	4.21	4.21	290	288	21.3	21.3	Catalyzes the reversible conversion of 2- phosphoglycerate into phosphoenolpyruvate. It is essential for the degradation of carbohydrates via glycolysis	G
OG0001709	1071	0.03	55	60	0.12	0.13	4.21	4.2	156	155	19.48	19.48	Bacterial capsule synthesis protein PGA_cap	M
OG0002064	1239	0.03	34	34	0.16	0.19	4.21	4.14	104	89	17.03	17.03	"Catalyzes two activities which are involved in the cyclic version of arginine biosynthesis the synthesis of N- acetylglutamate from glutamate and acetyl-CoA as the acetyl donor, and of ornithine by transacetylation between N(2)-acetylornithine and glutamate"	E
OG0002761	303	0.09	7	11	0.18	0.19	4.21	4.22	115	113	21.27	21.27	-	-
OG0003069	1767	0	7	7	0.35	0.35	4.21	4.21	85	85	30	30	single-stranded DNA 5'-3' exodeoxyribonuclease activity	L
OG0003185	1642.5	0.33	5	6	0.23	0.26	4.21	4.14	80	70	18.5	18.5	"Pyridine nucleotide-disulphide oxidoreductase, dimerisation domain"	C
OG0003438	690	0.2	5	5	0.22	0.24	4.21	4.16	72	67	15.8	15.8	ABC-2 family transporter protein	S
OG0003490	513	0	5	5	0.34	0.34	4.21	4.21	73	73	24.8	24.8	#N/A	#N/A
OG0003673	219	0	4	4	0.41	0.41	4.21	4.21	76	76	31.25	31.25	#N/A	#N/A
OG0003698	321	0	4	4	0.3	0.3	4.21	4.21	71	71	21.25	21.25	-	-
OG0000485	924	0.06	76	79	0.07	0.07	4.22	4.25	283	281	19.86	19.86	Catalyzes the ferrous insertion into protoporphyrin IX	H
OG0001350	363	0.08	77	77	0.1	0.11	4.22	4.21	204	197	20.82	20.82	Protein of unknown function (DUF1806)	S
OG0001691	537	0.02	58	62	0.14	0.14	4.22	4.22	135	135	18.61	18.61	"Acetyltransferase, gnat family"	K
OG0001764	453	0.04	55	56	0.12	0.12	4.22	4.21	155	154	19.05	19.05	Capsule biosynthesis CapC	S
OG0002069	888	0.12	34	34	0.14	0.15	4.22	4.2	144	135	20.06	20.06	beta-keto acid cleavage enzyme	S
OG0002146	915	0	28	29	0.15	0.15	4.22	4.22	124	124	18.72	18.72	Periplasmic binding protein domain	G
OG0002471	1338	0.12	16	17	0.16	0.16	4.22	4.24	102	101	16.59	16.59	Amino acid permease	E
OG0002583	1914	0	14	14	0.17	0.17	4.22	4.22	114	114	19.5	19.5	CO dehydrogenase beta subunit/acetyl-CoA synthase epsilon subunit	E
OG0002642	1575	0.08	13	13	0.18	0.18	4.22	4.25	107	106	19.08	19.08	FAD binding domain	H
OG0002726	1035	0.33	9	12	0.19	0.21	4.22	4.17	94	83	17.5	17.5	"Glycosyl hydrolase family 20, catalytic domain"	G
OG0002762	336	0.09	7	11	0.18	0.18	4.22	4.23	116	114	21.09	21.09	Bacterial protein of unknown function (DUF961)	S
OG0003250	652.5	0	5	6	0.25	0.25	4.22	4.22	73	73	18	18	Protein of unknown function with HXXEE motif	S
OG0003411	207	0	5	5	0.34	0.34	4.22	4.22	79	79	26.6	26.6	#N/A	#N/A
OG0003895	450	0	3	3	0.5	0.5	4.22	4.22	76	76	38.33	38.33	#N/A	#N/A
OG0000383	825	0.05	77	81	0.09	0.09	4.23	4.23	226	225	21.1	21.1	membrane transporter protein	S
OG0000549	762	0.04	77	79	0.09	0.09	4.23	4.21	259	251	23.13	23.13	FeS assembly ATPase SufC	O
OG0001194	822	0.1	77	77	0.07	0.07	4.23	4.28	274	273	19.4	19.4	succinate dehydrogenase	C
OG0001280	354	0.01	77	77	0.12	0.12	4.23	4.23	217	217	26.21	26.21	Belongs to the ArsC family	P
OG0001598	369	0.06	69	70	0.11	0.11	4.23	4.23	196	195	21.5	21.5	-	-
OG0001836	1776	0.06	45	49	0.14	0.14	4.23	4.22	126	124	17.33	17.33	"COG1132 ABC-type multidrug transport system, ATPase and permease components"	V
OG0002037	970.5	0.06	34	36	0.16	0.16	4.23	4.2	127	126	20.08	20.08	Luciferase-like monooxygenase	C
OG0002226	648	0	25	25	0.14	0.14	4.23	4.23	132	132	19.12	19.12	Coenzyme A transferase	I
OG0002562	906	0.07	15	15	0.16	0.16	4.23	4.26	106	106	17.27	17.27	Homocysteine S-methyltransferase	E
OG0002904	507	0	7	9	0.2	0.2	4.23	4.23	108	108	21.44	21.44	"transposase and inactivated derivatives, IS30 family"	L
OG0002932	1368	0	7	9	0.24	0.24	4.23	4.23	89	89	21.67	21.67	protoporphyrinogen oxidase activity	H
OG0002983	744	0.25	8	8	0.2	0.22	4.23	4.17	86	77	17	17	KNTase C-terminal domain	S
OG0003040	618	0	7	7	0.29	0.29	4.23	4.23	79	79	23.14	23.14	guanosine tetraphosphate metabolic process	S
OG0003312	636	0.17	3	6	0.3	0.31	4.23	4.21	75	71	22.17	22.17	acetyltransferases and hydrolases with the alpha beta hydrolase fold	S
OG0003336	369	0	4	5	0.27	0.27	4.23	4.23	74	74	20	20	Cation efflux family	P
OG0003583	204	0	4	4	0.51	0.51	4.23	4.23	79	79	40.25	40.25	#N/A	#N/A
OG0003595	579	0.25	4	4	0.25	0.27	4.23	4.17	69	65	17.25	17.25	Clp protease	O
OG0003650	786	0.25	4	4	0.25	0.31	4.23	4.03	69	56	17.5	17.5	-	-
OG0003675	727.5	0	4	4	0.27	0.27	4.23	4.23	72	72	19.75	19.75	Peptidase M50	S
OG0004011	180	0	3	3	0.34	0.34	4.23	4.23	69	69	23.33	23.33	#N/A	#N/A
OG0004043	144	0	2	3	0.54	0.54	4.23	4.23	77	77	41.33	41.33	#N/A	#N/A
OG0004412	375	0	2	2	0.52	0.52	4.23	4.23	70	70	36.5	36.5	-	-
OG0000219	1542	0.05	77	100	0.08	0.09	4.24	4.18	215	197	17.59	17.59	Belongs to the sodium solute symporter (SSF) (TC 2.A.21) family	E
OG0000252	861	0.04	77	92	0.08	0.09	4.24	4.17	283	251	22.5	22.5	Transcriptional regulator	K
OG0000299	354	0.05	74	86	0.08	0.08	4.24	4.24	244	242	19.35	19.35	Membrane	S
OG0001351	666	0.08	77	77	0.1	0.1	4.24	4.23	211	202	21	21	GlcNAc-PI de-N-acetylase	S
OG0002005	1227	0.03	36	37	0.15	0.15	4.24	4.23	127	127	18.81	18.81	Dyp-type peroxidase family	P
OG0002399	330	0	15	19	0.22	0.22	4.24	4.24	125	125	26.89	26.89	Phage gp6-like head-tail connector protein	S
OG0002508	1080	0.12	16	16	0.18	0.18	4.24	4.24	102	98	18	18	Periplasmic binding protein domain	K
OG0002605	1101	0.07	14	14	0.17	0.17	4.24	4.27	112	111	18.5	18.5	Catalyzes the condensation of iminoaspartate with dihydroxyacetone phosphate to form quinolinate	H
OG0002870	198	0.11	8	9	0.31	0.31	4.24	4.27	100	99	30.56	30.56	-	-
OG0003718	766.5	0.25	4	4	0.27	0.34	4.24	4.03	72	57	19.5	19.5	#N/A	#N/A
OG0003846	180	0	3	3	0.54	0.54	4.24	4.24	78	78	42.33	42.33	#N/A	#N/A
OG0003908	288	0	2	3	0.41	0.41	4.24	4.24	73	73	29.67	29.67	"Catalyzes a 2-step reaction, involving the ATP-dependent carboxylation of the covalently attached biotin in the first step and the transfer of the carboxyl group to pyruvate in the second"	C
OG0004190	189	0	2	2	0.56	0.56	4.24	4.24	72	72	40.5	40.5	#N/A	#N/A
OG0000303	744	0.02	75	86	0.09	0.1	4.25	4.21	224	211	20.24	20.24	"ABC transporter, ATP-binding protein"	P
OG0000389	1389	0.04	77	81	0.08	0.08	4.25	4.25	248	247	20.07	20.07	Belongs to the dicarboxylate amino acid cation symporter (DAACS) (TC 2.A.23) family	U
OG0000575	948	0.05	57	79	0.12	0.12	4.25	4.25	159	157	19.49	19.49	Mediates influx of magnesium ions	P
OG0000635	1005	0.08	77	78	0.08	0.08	4.25	4.27	264	258	20.68	20.68	"Converts 2-succinyl-6-hydroxy-2,4-cyclohexadiene-1- carboxylate (SHCHC) to 2-succinylbenzoate (OSB)"	M
OG0001576	681	0.04	71	71	0.11	0.11	4.25	4.24	157	154	17.39	17.39	Gluconate operon transcriptional repressor	K
OG0001749	1158	0.04	55	57	0.12	0.12	4.25	4.25	161	160	19.49	19.49	Mur ligase middle domain	M
OG0002030	1032	0.03	34	36	0.17	0.19	4.25	4.18	107	93	17.69	17.69	Catalyzes the NADPH-dependent reduction of N-acetyl-5- glutamyl phosphate to yield N-acetyl-L-glutamate 5-semialdehyde	E
OG0002199	945	0.08	26	26	0.14	0.14	4.25	4.26	122	121	17.38	17.38	Arginase family	E
OG0002518	489	0.12	14	16	0.19	0.21	4.25	4.23	109	102	21	21	#N/A	#N/A
OG0002525	693	0	16	16	0.17	0.17	4.25	4.25	116	116	19.19	19.19	Methyltransferase domain	Q
OG0002530	309	0	15	15	0.18	0.18	4.25	4.25	92	92	16.53	16.53	-	-
OG0002704	1624.5	0	10	12	0.18	0.18	4.25	4.25	100	100	18.5	18.5	Binding-protein-dependent transport system inner membrane component	P
OG0003051	738	0.29	6	7	0.21	0.25	4.25	4.15	83	71	17.57	17.57	-	-
OG0003058	699	0.29	6	7	0.21	0.24	4.25	4.13	79	71	16.86	16.86	Major Facilitator Superfamily	G
OG0003088	270	0.43	6	7	0.21	0.28	4.25	4.02	80	61	17.14	17.14	#N/A	#N/A
OG0003176	873	0.33	3	6	0.29	0.36	4.25	4.07	81	65	23.17	23.17	#N/A	#N/A
OG0003423	1932	0.4	5	5	0.25	0.35	4.25	3.91	74	52	18.2	18.2	helicase involved in DNA repair and perhaps also replication	L
OG0003505	1272	0	4	5	0.26	0.26	4.25	4.25	76	76	19.4	19.4	Psort location	S
OG0003751	1536	0	1	4	0.28	0.28	4.25	4.25	74	74	20.75	20.75	Integrase core domain	L
OG0004120	357	0	2	2	0.56	0.56	4.25	4.25	73	73	41	41	-	-
OG0004430	201	0	2	2	0.57	0.57	4.25	4.25	73	73	41.5	41.5	#N/A	#N/A
OG0001157	384	0.08	76	77	0.14	0.14	4.26	4.24	141	137	19.56	19.56	GtrA-like protein	S
OG0001281	321	0.01	77	77	0.12	0.12	4.26	4.26	223	223	26.31	26.31	Thioredoxin	CO
OG0001387	1878	0.56	77	77	0.07	0.11	4.26	4	221	145	15.87	15.87	"NAD-binding protein involved in the addition of a carboxymethylaminomethyl (cmnm) group at the wobble position (U34) of certain tRNAs, forming tRNA-cmnm(5)s(2)U34"	D
OG0001528	636	0.07	65	73	0.1	0.11	4.26	4.25	189	179	19.15	19.15	ABC transporter permease	P
OG0002009	762	0.05	36	37	0.16	0.16	4.26	4.19	105	102	16.41	16.41	Belongs to the acetylglutamate kinase family. ArgB subfamily	E
OG0002499	337.5	0	11	16	0.16	0.16	4.26	4.26	114	114	18.62	18.62	Extracellular fibrinogen binding protein C terminal	S
OG0002606	834	0.07	14	14	0.16	0.16	4.26	4.29	114	113	18.43	18.43	Belongs to the NadC ModD family	H
OG0002608	1039.5	0.21	7	14	0.21	0.23	4.26	4.17	93	85	19.29	19.29	helicase	L
OG0002874	669	0.11	9	9	0.2	0.2	4.26	4.28	93	92	18.56	18.56	peptidase	S
OG0003207	801	0	6	6	0.46	0.46	4.26	4.26	86	86	39.83	39.83	Calcineurin-like phosphoesterase superfamily domain	S
OG0003254	553.5	0.33	4	6	0.33	0.38	4.26	4.17	82	71	26.67	26.67	#N/A	#N/A
OG0003265	369	0	5	6	0.27	0.27	4.26	4.26	82	82	22.5	22.5	-	-
OG0003582	940.5	0.25	4	4	0.29	0.32	4.26	4.19	75	67	21.75	21.75	Exonuclease	L
OG0003617	156	0.5	4	4	0.25	0.4	4.26	3.81	71	45	18	18	#N/A	#N/A
OG0004763	240	0	2	2	0.53	0.53	4.26	4.26	72	72	38	38	#N/A	#N/A
OG0000249	1068	0.04	74	93	0.07	0.07	4.27	4.26	256	250	18.33	18.33	membrane	S
OG0000309	837	0.02	76	85	0.09	0.1	4.27	4.23	225	212	20.44	20.44	ABC 3 transport family	P
OG0000390	756	0.02	77	81	0.09	0.09	4.27	4.28	233	232	20.27	20.27	"Reduces FMN, organic nitro compounds and disulfide DTNB. Involved in maintenance of the cellular redox state and the disulfide stress response"	C
OG0000486	1398	0.06	76	79	0.08	0.08	4.27	4.3	275	273	21.35	21.35	Catalyzes the 6-electron oxidation of protoporphyrinogen-IX to form protoporphyrin-IX	H
OG0000796	1956	0.05	77	77	0.11	0.11	4.27	4.27	155	154	17.1	17.1	"D-fructose-1,6-bisphosphate 1-phosphohydrolase class 3"	G
OG0001470	1188	0.08	65	75	0.1	0.11	4.27	4.26	193	182	19.56	19.56	Glycine betaine	P
OG0001495	687	0.07	65	74	0.1	0.11	4.27	4.25	192	179	18.97	18.97	ABC transporter (permease)	P
OG0001587	579	0.07	69	70	0.1	0.11	4.27	4.25	171	168	17.81	17.81	Dihydroxyacetone kinase	S
OG0001987	855	0.08	36	38	0.15	0.16	4.27	4.23	128	122	18.92	18.92	Imelysin	P
OG0002028	1719	0.03	36	36	0.15	0.16	4.27	4.25	125	123	19.31	19.31	Iron permease FTR1 family	P
OG0002176	1332	0.11	24	27	0.15	0.18	4.27	4.16	116	98	17.89	17.89	Glycosyl transferases group 1	M
OG0002209	477	0.12	24	26	0.14	0.14	4.27	4.28	123	122	17.46	17.46	Activator of Hsp90 ATPase homolog 1-like protein	S
OG0002240	150	0.17	18	24	0.1	0.11	4.27	4.24	144	131	14.75	14.75	-	-
OG0002648	1098	0.23	9	13	0.17	0.21	4.27	4.1	128	104	21.92	21.92	Conjugative transposon protein TcpC	S
OG0002660	819	0.08	10	13	0.24	0.24	4.27	4.27	87	86	20.54	20.54	NLPA lipoprotein	P
OG0002683	1305	0	12	12	0.17	0.17	4.27	4.27	105	105	17.33	17.33	Binding-protein-dependent transport system inner membrane component	EP
OG0002908	423	0	9	9	0.23	0.23	4.27	4.27	90	90	20.56	20.56	Lipocalin-like domain	G
OG0002942	417	0	8	8	0.23	0.23	4.27	4.27	91	91	21.25	21.25	-	-
OG0003208	270	0	6	6	0.46	0.46	4.27	4.27	87	87	40	40	-	-
OG0003427	498	0	5	5	0.28	0.28	4.27	4.27	79	79	22	22	glyoxalase III activity	J
OG0003740	384	0.25	4	4	0.36	0.37	4.27	4.26	78	77	28.25	28.25	-	-
OG0004034	216	0	3	3	0.46	0.46	4.27	4.27	79	79	36	36	#N/A	#N/A
OG0004528	244.5	0	2	2	0.56	0.56	4.27	4.27	74	74	41.5	41.5	#N/A	#N/A
OG0000086	2406	0.03	77	158	0.11	0.11	4.28	4.29	206	204	22.58	22.58	monovalent cation H antiporter subunit A	P
OG0000244	852	0.07	72	94	0.06	0.06	4.28	4.26	244	238	14.85	14.85	antiterminator	K
OG0000557	879	0.08	77	79	0.1	0.1	4.28	4.27	220	208	21.39	21.39	"Converts GTP to 7,8-dihydroneopterin triphosphate"	S
OG0001237	186	0.05	77	77	0.08	0.08	4.28	4.3	262	259	20.34	20.34	Uncharacterized protein conserved in bacteria (DUF2187)	S
OG0001586	966	0.07	69	70	0.1	0.11	4.28	4.26	172	168	18.06	18.06	Dihydroxyacetone kinase	G
OG0002581	708	0.14	14	14	0.16	0.17	4.28	4.2	106	96	16.79	16.79	Phosphorylase superfamily	F
OG0002763	285	0.09	7	11	0.18	0.18	4.28	4.3	122	120	21.36	21.36	#N/A	#N/A
OG0002814	2274	0.1	10	10	0.18	0.18	4.28	4.31	109	107	19.5	19.5	HD domain	S
OG0003140	402	0	5	7	0.22	0.22	4.28	4.28	85	85	19	19	#N/A	#N/A
OG0003566	186	0	4	4	0.29	0.29	4.28	4.28	75	75	21.5	21.5	#N/A	#N/A
OG0003630	523.5	0	3	4	0.35	0.35	4.28	4.28	77	77	27.25	27.25	-	-
OG0003688	625.5	0.25	4	4	0.27	0.44	4.28	3.8	74	45	19.75	19.75	-	-
OG0000134	658.5	0.01	76	130	0.12	0.12	4.29	4.3	156	156	18.82	18.82	-	-
OG0000277	909	0.06	65	90	0.11	0.11	4.29	4.3	171	169	18.56	18.56	inosine-uridine preferring nucleoside hydrolase	F
OG0000326	474	0.07	77	83	0.08	0.08	4.29	4.31	267	261	20.66	20.66	Belongs to the Nudix hydrolase family	L
OG0000632	870	0.06	77	78	0.12	0.13	4.29	4.28	161	158	19.77	19.77	Belongs to the cation diffusion facilitator (CDF) transporter (TC 2.A.4) family	P
OG0000728	603	0.05	77	77	0.08	0.08	4.29	4.3	263	260	20.4	20.4	protease	S
OG0001285	465	0.05	77	77	0.07	0.07	4.29	4.27	299	291	20.3	20.3	-	-
OG0001641	1527	0.05	66	66	0.12	0.12	4.29	4.3	154	153	17.73	17.73	Exopolyphosphatase	FP
OG0001750	630	0.07	57	57	0.1	0.11	4.29	4.28	194	185	20	20	Histidine biosynthesis bifunctional protein hisIE	E
OG0001825	636	0.02	39	50	0.14	0.14	4.29	4.29	171	171	24.08	24.08	Phage tail tube protein	S
OG0002014	594	0.03	35	37	0.15	0.16	4.29	4.25	140	131	21.3	21.3	Ketosteroid isomerase-related protein	S
OG0002107	759	0.03	32	32	0.15	0.15	4.29	4.3	126	126	19.12	19.12	AIR carboxylase	S
OG0002536	951	0.07	14	15	0.28	0.28	4.29	4.3	119	118	33.53	33.53	Phage Mu protein F like protein	S
OG0002884	990	0	9	9	0.21	0.21	4.29	4.29	99	99	20.44	20.44	-	-
OG0003166	172.5	0	6	6	0.24	0.24	4.29	4.29	85	85	20.33	20.33	#N/A	#N/A
OG0003425	792	0.2	5	5	0.26	0.26	4.29	4.28	80	79	20.8	20.8	#N/A	#N/A
OG0003679	109.5	0	2	4	0.25	0.25	4.29	4.29	73	73	18.5	18.5	#N/A	#N/A
OG0003690	694.5	0	4	4	0.26	0.26	4.29	4.29	75	75	19.75	19.75	"Nucleotidyl transferase AbiEii toxin, Type IV TA system"	S
OG0003716	454.5	0.25	4	4	0.34	0.46	4.29	4.02	81	60	27.5	27.5	IrrE N-terminal-like domain	E
OG0003962	246	0	3	3	0.5	0.5	4.29	4.29	81	81	40.67	40.67	#N/A	#N/A
OG0004535	226.5	0	2	2	0.5	0.5	4.29	4.29	73	73	36.5	36.5	#N/A	#N/A
OG0000178	507	0.04	72	113	0.12	0.12	4.3	4.31	158	156	18.88	18.88	Acetyltransferase (GNAT) domain	M
OG0000191	675	0.05	77	107	0.08	0.08	4.3	4.29	232	226	18	18	COG0745 Response regulators consisting of a CheY-like receiver domain and a winged-helix DNA-binding domain	K
OG0000205	2610	0.08	77	103	0.07	0.07	4.3	4.28	246	239	17.75	17.75	overlaps another CDS with the same product name	S
OG0001098	906	0.04	76	77	0.09	0.09	4.3	4.28	209	205	19.17	19.17	RarD protein	S
OG0002108	825	0.03	32	32	0.15	0.15	4.3	4.3	128	128	19.31	19.31	NAD synthase	S
OG0002191	963	0.07	24	27	0.2	0.2	4.3	4.31	138	136	27.37	27.37	Sodium Bile acid symporter family	P
OG0002607	1104	0.07	14	14	0.16	0.16	4.3	4.33	116	115	18.14	18.14	Aminotransferase class-V	E
OG0002632	1779	0	12	13	0.17	0.17	4.3	4.3	107	107	18.15	18.15	"Bacterial extracellular solute-binding proteins, family 5 Middle"	E
OG0002651	318	0.08	13	13	0.2	0.2	4.3	4.28	89	89	17.54	17.54	-	-
OG0002699	1914	0.08	8	12	0.18	0.21	4.3	4.19	135	120	24.67	24.67	maturation of SSU-rRNA	S
OG0002784	804	0.18	11	11	0.24	0.27	4.3	4.2	105	93	24.82	24.82	"hydrolase activity, acting on acid anhydrides"	S
OG0002877	1047	0.22	8	9	0.18	0.21	4.3	4.12	86	74	15.89	15.89	#N/A	#N/A
OG0002920	906	0	6	9	0.19	0.19	4.3	4.3	93	93	17.56	17.56	Recognizes the double-stranded unmethylated sequence GATC and cleaves before G-1	L
OG0003008	621	0	8	8	0.2	0.2	4.3	4.3	86	86	17.12	17.12	-	-
OG0003072	474	0.29	5	7	0.22	0.25	4.3	4.23	81	74	18.14	18.14	#N/A	#N/A
OG0003095	1629	0	6	7	0.22	0.22	4.3	4.3	83	83	18.43	18.43	helicase activity	S
OG0003210	237	0	6	6	0.44	0.44	4.3	4.3	92	92	40.83	40.83	-	-
OG0003289	1572	0.17	6	6	0.23	0.23	4.3	4.32	83	82	19.17	19.17	ABC transporter transmembrane region	V
OG0003492	390	0	5	5	0.28	0.28	4.3	4.3	80	80	22.4	22.4	#N/A	#N/A
OG0003553	186	0	4	4	0.47	0.47	4.3	4.3	87	87	41	41	Protein of unknown function (DUF3113)	S
OG0003715	1083	0	4	4	0.26	0.26	4.3	4.3	76	76	20	20	-	-
OG0003913	225	0	3	3	0.46	0.46	4.3	4.3	81	81	37.33	37.33	#N/A	#N/A
OG0003952	240	0	2	3	0.52	0.52	4.3	4.3	82	82	42.67	42.67	#N/A	#N/A
OG0004005	462	0	3	3	0.45	0.45	4.3	4.3	81	81	36.67	36.67	Transposase	L
OG0000248	339	0.02	76	93	0.07	0.08	4.31	4.31	299	295	22.39	22.39	#N/A	#N/A
OG0001129	1341	0.04	77	77	0.08	0.08	4.31	4.3	274	267	21.53	21.53	Glutamine synthetase	E
OG0001276	1308	0.04	77	77	0.09	0.09	4.31	4.3	278	270	23.71	23.71	assembly protein SufD	O
OG0001752	579	0.07	57	57	0.1	0.11	4.31	4.31	196	187	20	20	"IGPS catalyzes the conversion of PRFAR and glutamine to IGP, AICAR and glutamate. The HisH subunit provides the glutamine amidotransferase activity that produces the ammonia necessary to HisF for the synthesis of IGP and AICAR"	E
OG0001801	507	0	51	53	0.1	0.1	4.31	4.31	195	195	18.72	18.72	Acetyltransferase (GNAT) domain	S
OG0002042	903	0.06	13	35	0.17	0.17	4.31	4.28	99	96	16.49	16.49	Pfam PF07901	S
OG0002624	1404	0	10	14	0.2	0.2	4.31	4.31	101	101	20.36	20.36	"FGGY family of carbohydrate kinases, N-terminal domain"	G
OG0002703	786	0	12	12	0.17	0.17	4.31	4.31	105	105	17.92	17.92	Belongs to the HAD-like hydrolase superfamily. PhnX family	S
OG0002708	247.5	0.08	11	12	0.19	0.19	4.31	4.33	90	89	16.92	16.92	#N/A	#N/A
OG0002783	1611	0.09	11	11	0.25	0.25	4.31	4.31	104	104	25.91	25.91	-	-
OG0002875	1371	0.11	9	9	0.2	0.2	4.31	4.33	96	96	19.56	19.56	His Kinase A (phosphoacceptor) domain	T
OG0002924	510	0.33	6	9	0.18	0.2	4.31	4.24	82	75	15.11	15.11	#N/A	#N/A
OG0002950	319.5	0	8	8	0.23	0.23	4.31	4.31	81	81	18.5	18.5	Staphostatin A	S
OG0002997	339	0.25	8	8	0.24	0.27	4.31	4.24	96	85	22.88	22.88	-	-
OG0003020	573	0	8	8	0.24	0.24	4.31	4.31	92	92	22	22	#N/A	#N/A
OG0003036	987	0	7	7	0.2	0.2	4.31	4.31	86	86	17	17	phosphatidylinositol-specific phospholipase C	U
OG0003053	267	0.29	7	7	0.26	0.27	4.31	4.27	85	80	21.71	21.71	glyoxalase III activity	K
OG0003475	1176	0.2	5	5	0.22	0.22	4.31	4.32	76	76	16.4	16.4	#N/A	#N/A
OG0003506	198	0	4	5	0.27	0.27	4.31	4.31	85	85	22.6	22.6	#N/A	#N/A
OG0003885	483	0	3	3	0.49	0.49	4.31	4.31	83	83	41	41	#N/A	#N/A
OG0004066	219	0	2	3	0.49	0.49	4.31	4.31	83	83	41	41	#N/A	#N/A
OG0004589	264	0	2	2	0.56	0.56	4.31	4.31	77	77	43	43	#N/A	#N/A
OG0004762	177	0.5	2	2	0.53	1.01	4.31	3.69	76	40	40.5	40.5	#N/A	#N/A
OG0000057	570	0.04	77	194	0.03	0.04	4.32	4.28	421	405	14.61	14.61	Belongs to the peptidase S26 family	U
OG0000089	801	0.06	77	155	0.05	0.06	4.32	4.3	423	402	22.17	22.17	Alpha beta	I
OG0000119	1641	0.16	76	140	0.06	0.06	4.32	4.3	270	253	15.07	15.07	Alpha-amylase domain	G
OG0000235	663	0.12	77	95	0.09	0.1	4.32	4.28	213	199	18.98	18.98	Catalyzes a reversible aldol reaction between acetaldehyde and D-glyceraldehyde 3-phosphate to generate 2-deoxy- D-ribose 5-phosphate	F
OG0000242	567	0.06	77	95	0.08	0.09	4.32	4.19	297	256	22.68	22.68	Belongs to the LOG family	S
OG0000550	540	0.03	77	79	0.12	0.12	4.32	4.31	230	229	26.52	26.52	nitroreductase	C
OG0000784	720	0.56	77	78	0.07	0.11	4.32	4.06	233	149	15.71	15.71	Specifically methylates the N7 position of guanine in position 535 of 16S rRNA	J
OG0001483	774	0.08	75	75	0.1	0.1	4.32	4.3	186	177	18.4	18.4	YbbM seven transmembrane helix protein	S
OG0001751	759	0.07	57	57	0.1	0.11	4.32	4.32	199	190	20.26	20.26	"IGPS catalyzes the conversion of PRFAR and glutamine to IGP, AICAR and glutamate. The HisF subunit catalyzes the cyclization activity that produces IGP and AICAR from PRFAR using the ammonia provided by the HisH subunit"	E
OG0002106	1179	0.03	32	32	0.15	0.15	4.32	4.32	128	128	19.34	19.34	"Involved in the biosynthesis of a nickel-pincer cofactor ((SCS)Ni(II) pincer complex). Binds Ni(2 ), and functions in nickel delivery to pyridinium-3,5-bisthiocarboxylic acid mononucleotide (P2TMN), to form the mature cofactor. Is thus probably required for the activation of nickel-pincer cofactor- dependent enzymes"	S
OG0002302	1029	0.05	22	22	0.17	0.19	4.32	4.25	133	120	23.27	23.27	Domain of unknown function DUF21	S
OG0002837	957	0	9	10	0.22	0.22	4.32	4.32	93	93	20.8	20.8	WYL domain	K
OG0002847	552	0	10	10	0.2	0.2	4.32	4.32	102	102	20.3	20.3	PTS system enzyme II sorbitol-specific factor	G
OG0002848	474	0	10	10	0.2	0.2	4.32	4.32	102	102	20.4	20.4	Glucitol operon activator protein (GutM)	K
OG0003157	2287.5	0	6	6	0.25	0.25	4.32	4.32	80	80	20	20	Cytochrome C and Quinol oxidase polypeptide I	P
OG0003209	267	0	6	6	0.44	0.44	4.32	4.32	95	95	41.33	41.33	-	-
OG0003257	934.5	0	6	6	0.22	0.22	4.32	4.32	81	81	17.67	17.67	Chlorophyllase	S
OG0003266	373.5	0	5	6	0.28	0.28	4.32	4.32	92	92	26.17	26.17	#N/A	#N/A
OG0003319	291	0.17	5	6	0.28	0.29	4.32	4.31	92	90	25.67	25.67	"hydrolase activity, acting on ester bonds"	S
OG0003663	198	0.25	4	4	0.29	0.32	4.32	4.21	78	69	22.25	22.25	#N/A	#N/A
OG0003704	186	0.75	4	4	0.36	1.19	4.32	3.18	80	24	28.5	28.5	#N/A	#N/A
OG0000174	1362	0.07	77	115	0.07	0.07	4.33	4.37	299	298	20.43	20.43	"Involved in cell wall formation. Catalyzes the final step in the synthesis of UDP-N-acetylmuramoyl-pentapeptide, the precursor of murein"	M
OG0000300	957	0.05	76	86	0.1	0.1	4.33	4.36	185	184	18.13	18.13	Belongs to the LDH MDH superfamily. LDH family	C
OG0000444	963	0.06	65	80	0.06	0.07	4.33	4.24	265	244	16.81	16.81	glycerophosphoryl diester phosphodiesterase	C
OG0001284	234	0.05	77	77	0.07	0.07	4.33	4.32	305	298	19.95	19.95	Preprotein translocase subunit SecG	U
OG0001521	1368	0.07	70	74	0.1	0.11	4.33	4.3	215	203	22.28	22.28	acyl-CoA synthetases (AMP-forming) AMP-acid ligases II	IQ
OG0001736	705	0.07	57	58	0.1	0.11	4.33	4.33	201	192	20.29	20.29	1-(5-phosphoribosyl)-5- (5-phosphoribosylamino)methylideneamino imidazole-4-carboxamide isomerase	E
OG0001753	579	0.07	57	57	0.1	0.11	4.33	4.33	199	190	20.3	20.3	Imidazoleglycerol-phosphate dehydratase	E
OG0001887	1035	0.09	41	46	0.09	0.1	4.33	4.25	194	180	17.89	17.89	LD-carboxypeptidase	V
OG0002134	1080	0	22	30	0.14	0.14	4.33	4.33	125	125	17.97	17.97	membrane	S
OG0002188	1491	0.07	26	27	0.12	0.12	4.33	4.33	141	136	16.89	16.89	"Permease for cytosine/purines, uracil, thiamine, allantoin"	FH
OG0002276	369	0.09	20	23	0.14	0.14	4.33	4.34	148	145	20.3	20.3	-	-
OG0002710	493.5	0.83	10	12	0.14	0.39	4.33	3.59	100	37	14.33	14.33	-	-
OG0003747	105	0.5	2	4	0.25	0.45	4.33	3.74	76	42	19	19	#N/A	#N/A
OG0003759	219	0	3	3	0.5	0.5	4.33	4.33	82	82	40.67	40.67	-	-
OG0003944	282	0	3	3	0.33	0.33	4.33	4.33	76	76	25.33	25.33	#N/A	#N/A
OG0004033	243	0.33	3	3	0.36	0.56	4.33	3.91	78	50	28	28	#N/A	#N/A
OG0000634	1395	0.08	77	78	0.07	0.07	4.34	4.36	280	274	20.54	20.54	Belongs to the ATP-dependent AMP-binding enzyme family. MenE subfamily	H
OG0001193	801	0.1	77	77	0.06	0.07	4.34	4.36	290	281	18.64	18.64	Provides the (R)-glutamate required for cell wall biosynthesis	M
OG0001275	1242	0.05	77	77	0.08	0.09	4.34	4.33	277	268	23.51	23.51	"Catalyzes the removal of elemental sulfur and selenium atoms from L-cysteine, L-cystine, L-selenocysteine, and L- selenocystine to produce L-alanine"	E
OG0001412	1542	0.04	75	76	0.11	0.11	4.34	4.33	172	169	18.34	18.34	Belongs to the FGGY kinase family	G
OG0001416	1743	0.05	76	76	0.16	0.17	4.34	4.32	129	126	21.01	21.01	Belongs to the TPP enzyme family	C
OG0001546	207	0.05	72	73	0.11	0.12	4.34	4.31	143	142	16.41	16.41	-	-
OG0002084	288	0	28	33	0.16	0.16	4.34	4.34	175	175	27.18	27.18	-	-
OG0002086	1263	0.03	32	33	0.15	0.15	4.34	4.34	130	130	20	20	Domain of unknown function (DUF2088)	S
OG0002171	1618.5	0.07	20	28	0.14	0.14	4.34	4.35	155	152	21.46	21.46	Phage plasmid primase P4 family	S
OG0002661	1752	0	8	13	0.17	0.17	4.34	4.34	103	103	17.15	17.15	"Type III restriction enzyme, res subunit"	L
OG0002715	855	0	11	12	0.17	0.17	4.34	4.34	107	107	18	18	Calcineurin-like phosphoesterase	S
OG0002821	1605	0.2	10	10	0.2	0.2	4.34	4.3	89	87	17.8	17.8	Amidohydrolase family	S
OG0002879	399	0.11	9	9	0.18	0.18	4.34	4.32	91	89	16.22	16.22	-	-
OG0003054	312	0	7	7	0.25	0.25	4.34	4.34	97	97	24.14	24.14	Phage head-tail joining protein	S
OG0003143	1221	0	7	7	0.22	0.22	4.34	4.34	92	92	20.57	20.57	"YcaO cyclodehydratase, ATP-ad Mg2+-binding"	S
OG0003335	582	0.6	5	5	0.22	0.42	4.34	3.72	80	42	17.6	17.6	#N/A	#N/A
OG0003469	891	0.2	4	5	0.25	0.28	4.34	4.25	81	74	20.6	20.6	DNA/RNA non-specific endonuclease	F
OG0003535	162	0	4	4	0.43	0.43	4.34	4.34	90	90	38.75	38.75	#N/A	#N/A
OG0003667	634.5	0.25	4	4	0.33	0.34	4.34	4.34	81	80	27	27	#N/A	#N/A
OG0003872	222	0	2	3	0.5	0.5	4.34	4.34	84	84	42.33	42.33	#N/A	#N/A
OG0004114	306	0	2	2	0.54	0.54	4.34	4.34	79	79	42.5	42.5	#N/A	#N/A
OG0000012	1005	0.08	77	337	0.07	0.07	4.35	4.37	252	249	18.53	18.53	Belongs to the binding-protein-dependent transport system permease family. FecCD subfamily	U
OG0000727	990	0.05	77	78	0.08	0.08	4.35	4.36	274	271	21.26	21.26	Lipoate-protein ligase	H
OG0000738	450	0.05	77	78	0.08	0.08	4.35	4.35	271	264	22.31	22.31	NifU homolog involved in Fe-S cluster formation	C
OG0000782	904.5	0.03	77	78	0.07	0.07	4.35	4.36	288	288	19.71	19.71	protein ubiquitination	A
OG0001604	810	0.04	67	70	0.12	0.12	4.35	4.35	161	161	18.79	18.79	Calcineurin-like phosphoesterase superfamily domain	S
OG0001735	2391	0.26	43	58	0.06	0.07	4.35	4.22	233	189	13.33	13.33	"Part of the Sec protein translocase complex. Interacts with the SecYEG preprotein conducting channel. Has a central role in coupling the hydrolysis of ATP to the transfer of proteins into and across the cell membrane, serving as an ATP-driven molecular motor driving the stepwise translocation of polypeptide chains across the membrane"	U
OG0001804	1644	0.08	51	53	0.13	0.14	4.35	4.31	142	126	17.94	17.94	amino acid	E
OG0002565	1299	0.13	15	15	0.15	0.16	4.35	4.33	107	101	15.8	15.8	Family 4 glycosyl hydrolase C-terminal domain	G
OG0002979	1189.5	0.12	6	8	0.2	0.21	4.35	4.31	88	84	17.5	17.5	PD-(D/E)XK nuclease superfamily	S
OG0003057	756	0.14	7	7	0.23	0.24	4.35	4.36	92	88	20.86	20.86	Enoyl-(Acyl carrier protein) reductase	IQ
OG0003517	708	0.2	4	5	0.24	0.25	4.35	4.34	82	79	20	20	Domain of unknown function (DUF4396)	Q
OG0003565	426	0	4	4	0.26	0.26	4.35	4.35	78	78	20	20	Activator of Hsp90 ATPase	S
OG0003608	396	0.25	4	4	0.28	0.32	4.35	4.24	81	70	22.5	22.5	Glyoxalase/Bleomycin resistance protein/Dioxygenase superfamily	E
OG0003656	633	0.25	4	4	0.27	0.29	4.35	4.31	80	75	21.75	21.75	GTP cyclohydrolase I	H
OG0003884	291	0	3	3	0.45	0.45	4.35	4.35	86	86	39	39	#N/A	#N/A
OG0003899	324	0	3	3	0.49	0.49	4.35	4.35	87	87	42.33	42.33	#N/A	#N/A
OG0004304	154.5	0	2	2	0.51	0.51	4.35	4.35	78	78	39.5	39.5	#N/A	#N/A
OG0001282	720	0.03	77	77	0.11	0.11	4.36	4.37	240	240	27.05	27.05	"Involved in the third step of the chorismate pathway, which leads to the biosynthesis of aromatic amino acids. Catalyzes the cis-dehydration of 3-dehydroquinate (DHQ) and introduces the first double bond of the aromatic ring to yield 3- dehydroshikimate"	E
OG0001452	219	0.07	76	76	0.08	0.08	4.36	4.36	265	259	20.04	20.04	IDEAL domain protein	S
OG0002100	543	0.38	32	32	0.12	0.14	4.36	4.41	149	126	18.09	18.09	Transcriptional regulator	K
OG0002224	1101	0.12	20	25	0.13	0.13	4.36	4.37	154	150	20.04	20.04	-	-
OG0002285	678	0.05	21	22	0.13	0.13	4.36	4.38	137	137	18.41	18.41	COG0745 Response regulators consisting of a CheY-like receiver domain and a winged-helix DNA-binding domain	T
OG0002296	1167	0.05	21	22	0.13	0.13	4.36	4.35	123	122	16.45	16.45	ABC-2 family transporter protein	S
OG0002380	1116	0.11	19	19	0.13	0.14	4.36	4.33	134	129	17.95	17.95	SIS domain	M
OG0002452	1539	0	13	17	0.12	0.12	4.36	4.36	108	108	12.53	12.53	-	-
OG0002586	912	0	13	14	0.18	0.18	4.36	4.36	109	109	19.79	19.79	Predicted Zn-dependent protease (DUF2268)	O
OG0002729	1476	0.08	11	12	0.17	0.17	4.36	4.36	110	109	18.25	18.25	Mur ligase middle domain	M
OG0002777	291	0	11	11	0.21	0.21	4.36	4.36	101	101	20.91	20.91	-	-
OG0002835	838.5	0	8	10	0.22	0.22	4.36	4.36	91	91	19.8	19.8	ADP-ribosylglycohydrolase	O
OG0002900	354	0	8	9	0.2	0.2	4.36	4.36	91	91	18.33	18.33	#N/A	#N/A
OG0002956	724.5	0.12	8	8	0.21	0.21	4.36	4.34	89	88	18.5	18.5	#N/A	#N/A
OG0003007	601.5	0	8	8	0.18	0.18	4.36	4.36	96	96	17.25	17.25	Protein of unknown function (DUF2812)	S
OG0003482	759	0.2	5	5	0.22	0.23	4.36	4.34	82	78	18.2	18.2	Zeta toxin	S
OG0003758	249	0	2	3	0.48	0.48	4.36	4.36	87	87	41.67	41.67	#N/A	#N/A
OG0000167	237	0.06	77	118	0.09	0.09	4.37	4.37	226	225	19.27	19.27	UPF0291 protein	S
OG0000198	1023	0.04	77	105	0.07	0.07	4.37	4.37	253	249	18.56	18.56	Member of the two-component regulatory system GraR GraS involved in resistance against cationic antimicrobial peptides (CAMPs). GraS probably functions as a sensor protein kinase which is autophosphorylated at a histidine residue and transfers its phosphate group to GraR	T
OG0000266	315	0.04	68	91	0.09	0.09	4.37	4.4	224	224	19.49	19.49	COG2076 Membrane transporters of cations and cationic drugs	P
OG0000269	423	0.06	64	90	0.08	0.11	4.37	4.22	223	167	18.63	18.63	Belongs to the small heat shock protein (HSP20) family	O
OG0000585	1335	0.04	77	78	0.06	0.06	4.37	4.37	303	296	16.96	16.96	YycH protein	S
OG0001236	570	0.05	77	77	0.07	0.08	4.37	4.38	271	267	20.27	20.27	Competence transcription factor	K
OG0001396	699	0.03	71	76	0.1	0.1	4.37	4.37	183	181	17.71	17.71	Region found in RelA / SpoT proteins	S
OG0001723	1710	0.02	54	59	0.11	0.11	4.37	4.37	175	175	18.97	18.97	Component of the sulfite reductase complex that catalyzes the 6-electron reduction of sulfite to sulfide. This is one of several activities required for the biosynthesis of L- cysteine from sulfate	H
OG0001803	405	0.02	38	53	0.12	0.12	4.37	4.37	205	205	24.87	24.87	-	-
OG0002478	399	0.12	17	17	0.14	0.15	4.37	4.33	136	127	19.06	19.06	PTS system fructose IIA component	G
OG0002557	402	0.07	15	15	0.16	0.17	4.37	4.29	131	122	20.47	20.47	#N/A	#N/A
OG0002625	432	0	6	14	0.21	0.21	4.37	4.37	95	95	20.21	20.21	"Putative inner membrane exporter, YdcZ"	S
OG0002807	214.5	0.1	10	10	0.19	0.21	4.37	4.27	96	87	18.3	18.3	-	-
OG0003009	426	0.12	8	8	0.22	0.26	4.37	4.22	87	74	19.38	19.38	#N/A	#N/A
OG0003898	417	0	3	3	0.48	0.48	4.37	4.37	88	88	42.67	42.67	#N/A	#N/A
OG0000162	1410	0.03	77	120	0.06	0.06	4.38	4.38	307	306	18.99	18.99	ABC-type cobalt transport system ATPase component	P
OG0000267	327	0.05	68	91	0.09	0.09	4.38	4.41	222	221	19.35	19.35	Multidrug resistance protein	P
OG0001724	1305	0.07	51	59	0.08	0.08	4.38	4.36	233	223	18.34	18.34	Nucleoside recognition	S
OG0001737	615	0.09	57	58	0.1	0.1	4.38	4.4	211	204	20.48	20.48	Catalyzes the condensation of ATP and 5-phosphoribose 1- diphosphate to form N'-(5'-phosphoribosyl)-ATP (PR-ATP). Has a crucial role in the pathway because the rate of histidine biosynthesis seems to be controlled primarily by regulation of HisG enzymatic activity	F
OG0001856	187.5	0.02	48	48	0.15	0.15	4.38	4.38	191	191	29.12	29.12	#N/A	#N/A
OG0002495	1455	0.06	15	16	0.15	0.17	4.38	4.23	134	116	19.94	19.94	Aldehyde dehydrogenase family	C
OG0002571	1197	0	15	15	0.2	0.2	4.38	4.38	102	102	20.13	20.13	Aminotransferase class I and II	E
OG0002700	1669.5	0.67	8	12	0.18	0.28	4.38	4	94	60	16.67	16.67	MobA MobL family protein	L
OG0002744	1185	0.18	10	11	0.21	0.21	4.38	4.4	91	91	19.09	19.09	"AAA domain, putative AbiEii toxin, Type IV TA system"	S
OG0002916	240	0.22	9	9	0.17	0.25	4.38	3.99	100	69	17.44	17.44	-	-
OG0003005	829.5	0.25	5	8	0.18	0.21	4.38	4.3	97	86	17.88	17.88	Major facilitator superfamily	G
OG0003080	1929	0.14	5	7	0.2	0.22	4.38	4.32	90	83	18.43	18.43	"domain, Protein"	O
OG0003271	450	0	6	6	0.24	0.24	4.38	4.38	91	91	21.83	21.83	Domain of unknown function (DU1801)	S
OG0003523	351	0	4	5	0.31	0.31	4.38	4.38	97	97	30.4	30.4	#N/A	#N/A
OG0003845	285	0	3	3	0.5	0.5	4.38	4.38	89	89	44.67	44.67	#N/A	#N/A
OG0003886	294	0	2	3	0.46	0.46	4.38	4.38	87	87	40.33	40.33	#N/A	#N/A
OG0001192	585	0.1	77	77	0.06	0.06	4.39	4.4	303	294	19.09	19.09	"Pyrophosphatase that catalyzes the hydrolysis of nucleoside triphosphates to their monophosphate derivatives, with a high preference for the non-canonical purine nucleotides XTP (xanthosine triphosphate), dITP (deoxyinosine triphosphate) and ITP. Seems to function as a house-cleaning enzyme that removes non-canonical purine nucleotides from the nucleotide pool, thus preventing their incorporation into DNA RNA and avoiding chromosomal lesions"	F
OG0001755	816	0.09	57	57	0.09	0.1	4.39	4.41	216	209	20.47	20.47	Required for the first step of histidine biosynthesis. May allow the feedback regulation of ATP phosphoribosyltransferase activity by histidine	E
OG0001765	1005	0.07	55	56	0.1	0.1	4.39	4.4	210	204	20.62	20.62	COG0079 Histidinol-phosphate aromatic aminotransferase and cobyric acid decarboxylase	E
OG0002121	1023	0	31	31	0.13	0.13	4.39	4.39	150	150	19.97	19.97	Bacterial lipoate protein ligase C-terminus	H
OG0002243	666	0.04	13	24	0.15	0.16	4.39	4.33	123	113	18.29	18.29	Domain of unknown function (DUF5079)	S
OG0002531	1659	0.07	15	15	0.16	0.17	4.39	4.29	110	99	17.27	17.27	FAD binding domain	C
OG0002665	819	0.08	12	13	0.16	0.17	4.39	4.39	110	109	18.15	18.15	Anti-sigma-K factor rskA	K
OG0002717	1173	0	11	12	0.2	0.2	4.39	4.39	99	99	20.08	20.08	glutamate:sodium symporter activity	E
OG0002790	918	0.09	11	11	0.18	0.18	4.39	4.41	99	99	18.18	18.18	Ketopantoate reductase PanE/ApbA	H
OG0002917	1215	0	8	9	0.17	0.17	4.39	4.39	93	93	15.78	15.78	DNA binding	K
OG0003139	273	0.43	6	7	0.2	0.24	4.39	4.27	90	74	17.71	17.71	"ParE toxin of type II toxin-antitoxin system, parDE"	DJ
OG0003181	298.5	0.33	6	6	0.19	0.22	4.39	4.28	88	75	16.5	16.5	Protein of unknown function (DUF2089)	S
OG0003307	412.5	0	6	6	0.25	0.25	4.39	4.39	86	86	21.67	21.67	-	-
OG0003497	312	0	5	5	0.31	0.31	4.39	4.39	92	92	28.2	28.2	-	-
OG0003636	174	0.25	4	4	0.26	0.34	4.39	4.14	82	63	21.25	21.25	#N/A	#N/A
OG0003660	159	0	2	4	0.26	0.26	4.39	4.39	81	81	20.75	20.75	#N/A	#N/A
OG0003800	156	0	3	3	0.5	0.5	4.39	4.39	88	88	43.67	43.67	#N/A	#N/A
OG0003871	177	0	2	3	0.45	0.45	4.39	4.39	89	89	39.67	39.67	#N/A	#N/A
OG0000781	411	0.03	77	78	0.06	0.07	4.4	4.4	290	289	18.82	18.82	Heat induced stress protein YflT	S
OG0001402	360	0.03	75	76	0.11	0.11	4.4	4.39	175	175	19.21	19.21	-	-
OG0001634	2166	0.04	66	67	0.11	0.12	4.4	4.4	164	161	18.73	18.73	Catalyzes the reversible transfer of the terminal phosphate of ATP to form a long-chain polyphosphate (polyP)	P
OG0001756	600	0.02	54	57	0.1	0.1	4.4	4.4	183	183	19.12	19.12	Catalyzes the synthesis of activated sulfate	F
OG0001821	1629	0.04	35	51	0.15	0.15	4.4	4.41	134	133	19.75	19.75	Belongs to the ribulokinase family	F
OG0002001	360	0.46	37	37	0.11	0.14	4.4	4.45	164	129	17.73	17.73	Protein of unknown function (DUF3147)	S
OG0002227	840	0	25	25	0.13	0.13	4.4	4.4	145	145	19.32	19.32	"Carbohydrate esterase, sialic acid-specific acetylesterase"	S
OG0002922	726	0.11	9	9	0.18	0.19	4.4	4.37	97	94	17.78	17.78	Peptidase C26	S
OG0003035	225	0.29	6	7	0.21	0.28	4.4	4.1	94	69	19.57	19.57	Protein of unknown function (DUF3955)	S
OG0003433	2370	0.2	3	5	0.29	0.3	4.4	4.38	88	86	25.6	25.6	Belongs to the FtsK SpoIIIE SftA family	D
OG0003495	609	0	5	5	0.26	0.26	4.4	4.4	88	88	23.2	23.2	#N/A	#N/A
OG0001274	1398	0.05	77	77	0.08	0.08	4.41	4.41	284	279	23.19	23.19	assembly protein SufB	O
OG0001579	510	0.01	70	71	0.12	0.12	4.41	4.41	227	227	27.8	27.8	Acetyltransferase (GNAT) domain	J
OG0001583	1170	0.04	61	71	0.09	0.09	4.41	4.42	192	188	17.61	17.61	Hydroxymethylglutaryl-CoA synthase	I
OG0001754	1260	0.07	57	57	0.1	0.1	4.41	4.42	212	206	21	21	Catalyzes the sequential NAD-dependent oxidations of L- histidinol to L-histidinaldehyde and then to L-histidine	E
OG0002119	333	0	31	31	0.13	0.13	4.41	4.41	149	149	19.87	19.87	Glycine cleavage H-protein	E
OG0002130	169.5	0.03	25	30	0.16	0.16	4.41	4.42	158	158	25.23	25.23	#N/A	#N/A
OG0002235	912	0	24	24	0.13	0.13	4.41	4.41	134	134	17.21	17.21	"Catalyzes the reversible cleavage of pseudouridine 5'- phosphate (PsiMP) to ribose 5-phosphate and uracil. Functions biologically in the cleavage direction, as part of a pseudouridine degradation pathway"	Q
OG0002306	492	0	19	22	0.15	0.15	4.41	4.41	142	142	22	22	Chloramphenicol phosphotransferase-like protein	S
OG0002371	1251	0.05	17	19	0.21	0.22	4.41	4.42	141	140	30.11	30.11	peptidase activity	S
OG0002630	2310	0.15	11	13	0.15	0.19	4.41	4.19	107	86	16.08	16.08	CDP-Glycerol:Poly(glycerophosphate) glycerophosphotransferase	M
OG0002985	765	0.25	6	8	0.21	0.25	4.41	4.24	93	77	19.12	19.12	2OG-Fe dioxygenase	S
OG0003259	505.5	0.33	6	6	0.18	0.21	4.41	4.3	88	76	15.67	15.67	-	-
OG0003351	486	0	4	5	0.36	0.36	4.41	4.41	100	100	35.8	35.8	COG1235 Metal-dependent hydrolases of the beta-lactamase superfamily I	S
OG0003681	960	0.75	4	4	0.25	0.82	4.41	3.22	82	25	20.5	20.5	#N/A	#N/A
OG0003696	147	0.25	3	4	0.43	0.45	4.41	4.4	95	90	40.75	40.75	#N/A	#N/A
OG0003795	195	0	3	3	0.39	0.39	4.41	4.41	87	87	34.33	34.33	#N/A	#N/A
OG0003967	459	0	3	3	0.39	0.39	4.41	4.41	86	86	33.67	33.67	#N/A	#N/A
OG0004413	430.5	0	2	2	0.51	0.51	4.41	4.41	83	83	42	42	#N/A	#N/A
OG0000194	1224	0.04	77	107	0.07	0.07	4.42	4.41	268	260	19.31	19.31	Belongs to the SEDS family	D
OG0000274	741	0.02	76	90	0.09	0.09	4.42	4.42	203	203	18.72	18.72	CbiX	S
OG0000572	669	0.04	77	79	0.06	0.06	4.42	4.42	300	298	19.25	19.25	-	-
OG0001684	615	0.05	63	63	0.11	0.11	4.42	4.41	184	180	20.56	20.56	"Facilitates the functional incorporation of the urease nickel metallocenter. This process requires GTP hydrolysis, probably effectuated by UreG"	KO
OG0001686	453	0.05	63	63	0.11	0.11	4.42	4.42	189	186	20.51	20.51	Involved in urease metallocenter assembly. Binds nickel. Probably functions as a nickel donor during metallocenter assembly	O
OG0001863	1084.5	0.15	14	48	0.12	0.13	4.42	4.32	152	137	18.46	18.46	Iron Transport-associated domain	M
OG0002015	171	0.05	20	37	0.14	0.16	4.42	4.35	204	189	29.3	29.3	-	-
OG0002319	1506	0	21	21	0.13	0.13	4.42	4.42	130	130	17.38	17.38	-	-
OG0002407	882	0	16	18	0.14	0.14	4.42	4.42	136	136	18.5	18.5	Xylose isomerase-like TIM barrel	G
OG0002464	2007	0.18	16	17	0.14	0.16	4.42	4.31	128	113	18.06	18.06	NTF2-like N-terminal transpeptidase domain	M
OG0002897	216	0.11	8	9	0.19	0.19	4.42	4.4	103	103	19.67	19.67	#N/A	#N/A
OG0003291	724.5	0.5	6	6	0.19	0.25	4.42	4.17	89	66	16.5	16.5	ABC-2 family transporter protein	S
OG0003518	411	0	5	5	0.23	0.23	4.42	4.42	89	89	20.2	20.2	Cupin	S
OG0003838	378	0	3	3	0.44	0.44	4.42	4.42	90	90	39.67	39.67	#N/A	#N/A
OG0004037	465	0	3	3	0.42	0.42	4.42	4.42	89	89	37	37	methyltransferase	Q
OG0000185	804	0.05	77	110	0.07	0.07	4.43	4.37	269	251	18.03	18.03	Transport permease protein	GM
OG0000262	345	0.02	77	91	0.12	0.12	4.43	4.42	162	155	18.71	18.71	Domain of unknown function (DUF4889)	S
OG0000321	1545	0.02	77	84	0.13	0.13	4.43	4.42	145	144	18.55	18.55	Belongs to the aldehyde dehydrogenase family	C
OG0000783	840	0.56	77	78	0.06	0.1	4.43	4.16	254	159	16.14	16.14	Belongs to the ParB family	K
OG0001738	1179	0.02	54	58	0.1	0.1	4.43	4.43	187	187	19.36	19.36	Belongs to the sulfate adenylyltransferase family	H
OG0001996	822	0	32	37	0.12	0.12	4.43	4.43	160	160	18.54	18.54	Belongs to the short-chain dehydrogenases reductases (SDR) family	IQ
OG0002002	396	0.46	37	37	0.11	0.14	4.43	4.47	169	132	17.89	17.89	Protein of unknown function (DUF3147)	S
OG0002331	900	0.19	16	21	0.12	0.13	4.43	4.38	144	131	17.33	17.33	"PTS system, galactosamine-specific IIC component"	G
OG0002438	147	0.06	16	18	0.14	0.14	4.43	4.44	130	129	18.39	18.39	#N/A	#N/A
OG0002785	1272	0.09	11	11	0.17	0.18	4.43	4.34	101	91	16.82	16.82	Amidohydrolase family	F
OG0002889	2982	0	9	9	0.18	0.18	4.43	4.43	105	105	18.89	18.89	Lantibiotic biosynthesis dehydratase C-term	C
OG0002915	150	0.11	7	9	0.18	0.19	4.43	4.36	104	96	18.56	18.56	#N/A	#N/A
OG0004036	282	0	3	3	0.43	0.43	4.43	4.43	90	90	38.33	38.33	-	-
OG0000160	1029	0.08	68	120	0.08	0.08	4.44	4.43	254	234	19.73	19.73	"COG4607 ABC-type enterochelin transport system, periplasmic component"	P
OG0000247	474	0.04	77	93	0.06	0.06	4.44	4.44	303	299	19.04	19.04	Belongs to the glutathione peroxidase family	O
OG0000461	570	0.01	77	80	0.09	0.09	4.44	4.45	241	241	21.9	21.9	"Thiol-specific peroxidase that catalyzes the reduction of hydrogen peroxide and organic hydroperoxides to water and alcohols, respectively. Plays a role in cell protection against oxidative stress by detoxifying peroxides"	O
OG0000536	510	0.1	77	79	0.06	0.06	4.44	4.45	307	298	19.06	19.06	Phosphoesterase	S
OG0001352	489	0.09	77	77	0.08	0.08	4.44	4.43	271	256	20.35	20.35	Catalyzes the deamination of adenosine to inosine at the wobble position 34 of tRNA(Arg2)	FJ
OG0001462	618	0.09	76	76	0.07	0.08	4.44	4.44	274	258	20.46	20.46	deoxynucleoside kinase	F
OG0001685	690	0.05	63	63	0.11	0.11	4.44	4.44	193	189	20.6	20.6	Required for maturation of urease via the functional incorporation of the urease nickel metallocenter	O
OG0001687	702	0.06	61	63	0.1	0.1	4.44	4.46	193	193	18.48	18.48	"Inhibits the expression or activity of extracellular murein hydrolases by interacting, possibly with LrgA, with the holin-like proteins CidA and or CidB. The LrgAB and CidAB proteins may affect the proton motive force of the membrane. May be involved in programmed cell death (PCD), possibly triggering PCD in response to antibiotics and environmental stresses"	M
OG0001689	303	0.06	61	62	0.11	0.12	4.44	4.41	180	169	20.68	20.68	Belongs to the urease gamma subunit family	E
OG0001802	402	0.02	38	53	0.12	0.12	4.44	4.44	218	218	25.74	25.74	-	-
OG0001983	1035	0	32	38	0.11	0.11	4.44	4.44	163	163	18.63	18.63	Catalyzes the dehydration of D-mannonate	G
OG0002120	792	0	31	31	0.13	0.13	4.44	4.44	153	153	20.32	20.32	Appr-1'-p processing enzyme	S
OG0002563	1008	0.07	15	15	0.15	0.15	4.44	4.43	124	122	18.27	18.27	Fatty acid desaturase	I
OG0002644	1590	0	12	13	0.17	0.17	4.44	4.44	111	111	19	19	Single cache domain 3	T
OG0003303	379.5	0.33	5	6	0.19	0.19	4.44	4.43	89	87	16.67	16.67	-	-
OG0003404	210	0.2	5	5	0.22	0.23	4.44	4.39	87	81	18.8	18.8	#N/A	#N/A
OG0003464	438	0	4	5	0.3	0.3	4.44	4.44	96	96	29	29	Protein of unknown function (DUF4231)	S
OG0003511	240	0	4	5	0.37	0.37	4.44	4.44	101	101	37.8	37.8	#N/A	#N/A
OG0003674	195	0	3	4	0.39	0.39	4.44	4.44	96	96	37.5	37.5	-	-
OG0003733	171	0	2	4	0.43	0.43	4.44	4.44	97	97	41.25	41.25	#N/A	#N/A
OG0000199	1818	0.09	74	105	0.06	0.06	4.45	4.42	248	246	15.81	15.81	Acyltransferase family	EI
OG0000453	870	0.09	77	80	0.08	0.08	4.45	4.44	275	260	21.1	21.1	Sucrose-6F-phosphate phosphohydrolase	S
OG0001664	906	0.05	63	64	0.13	0.13	4.45	4.46	170	170	21.27	21.27	urea transporter	E
OG0001683	840	0.05	63	63	0.11	0.11	4.45	4.45	190	186	20.6	20.6	Required for maturation of urease via the functional incorporation of the urease nickel metallocenter	O
OG0001690	408	0.06	61	62	0.11	0.12	4.45	4.43	184	173	20.79	20.79	Belongs to the urease beta subunit family	E
OG0001783	807	0.02	27	55	0.11	0.11	4.45	4.45	168	167	17.67	17.67	"Phosphonate ABC transporter, permease protein"	P
OG0001899	252	0	45	45	0.12	0.12	4.45	4.45	155	155	18.4	18.4	#N/A	#N/A
OG0002170	774	0.04	27	28	0.11	0.11	4.45	4.45	158	157	16.89	16.89	Part of the ABC transporter complex PhnCDE involved in phosphonates import. Responsible for energy coupling to the transport system	P
OG0002234	1215	0	24	24	0.13	0.13	4.45	4.45	138	138	17.29	17.29	Na+ dependent nucleoside transporter C-terminus	F
OG0002295	922.5	0	22	22	0.13	0.13	4.45	4.45	134	134	17.45	17.45	-	-
OG0002332	894	0.19	16	21	0.12	0.13	4.45	4.4	145	134	17.48	17.48	PTS system mannose/fructose/sorbose family IID component	G
OG0002362	249	0.15	13	20	0.12	0.13	4.45	4.39	143	127	16.95	16.95	SPP1 phage holin	S
OG0002492	1383	0	13	17	0.16	0.16	4.45	4.45	128	128	20.59	20.59	GntP family permease	EG
OG0002825	372	0	10	10	0.16	0.16	4.45	4.45	109	109	17.9	17.9	DoxX-like family	S
OG0002854	210	0.2	10	10	0.22	0.24	4.45	4.41	113	104	25	25	#N/A	#N/A
OG0002940	762	0	8	9	0.18	0.18	4.45	4.45	100	100	18	18	Belongs to the short-chain dehydrogenases reductases (SDR) family	M
OG0003352	1944	0	4	5	0.35	0.35	4.45	4.45	104	104	36.8	36.8	"Psort location Cytoplasmic, score"	D
OG0003542	613.5	0.25	4	4	0.3	0.36	4.45	4.25	90	74	26.75	26.75	-	-
OG0000193	678	0.05	77	107	0.07	0.07	4.46	4.42	312	304	22.4	22.4	Belongs to the UPF0758 family	E
OG0001621	423	0.04	67	69	0.1	0.1	4.46	4.43	274	264	26.94	26.94	response to oxidative stress	O
OG0001853	594	0.19	48	48	0.11	0.12	4.46	4.32	167	150	17.73	17.73	Phospholipase/Carboxylesterase	S
OG0001984	1008	0.05	38	38	0.11	0.11	4.46	4.43	148	147	16.89	16.89	"Phosphotransferase system, EIIC"	S
OG0002059	693	0.12	30	34	0.09	0.1	4.46	4.47	169	164	15.62	15.62	Putative esterase	S
OG0002645	783	0.15	7	13	0.16	0.17	4.46	4.43	115	112	18.85	18.85	Domain of unknown function (DUF4111)	S
OG0002743	240	0.36	9	11	0.16	0.16	4.46	4.59	106	104	17.09	17.09	-	-
OG0002965	216	0.12	8	8	0.24	0.26	4.46	4.41	101	94	24.38	24.38	-	-
OG0003453	297	0	4	5	0.37	0.37	4.46	4.46	103	103	37.8	37.8	Pfam:DUF5052	S
OG0003465	408	0	4	5	0.3	0.3	4.46	4.46	98	98	29	29	MTH538 TIR-like domain (DUF1863)	S
OG0003732	249	0	2	4	0.42	0.42	4.46	4.46	98	98	41.25	41.25	#N/A	#N/A
OG0000214	663	0.02	77	101	0.06	0.06	4.47	4.47	350	350	20.78	20.78	response regulator ArlR	K
OG0000215	942	0.04	77	101	0.05	0.05	4.47	4.48	326	324	17.1	17.1	Catalyzes the condensation reaction of fatty acid synthesis by the addition to an acyl acceptor of two carbons from malonyl-ACP. Catalyzes the first condensation reaction which initiates fatty acid synthesis and may therefore play a role in governing the total rate of fatty acid production. Possesses both acetoacetyl-ACP synthase and acetyl transacylase activities. Its substrate specificity determines the biosynthesis of branched- chain and or straight-chain of fatty acids	I
OG0001492	582	0.01	75	75	0.06	0.06	4.47	4.47	300	300	19.11	19.11	"Converts the preformed base xanthine, a product of nucleic acid breakdown, to xanthosine 5'-monophosphate (XMP), so it can be reused for RNA or DNA synthesis"	F
OG0002080	822	0	31	33	0.09	0.09	4.47	4.47	191	191	17.94	17.94	Diaminopimelate epimerase	E
OG0002254	142.5	0.42	8	24	0.13	0.18	4.47	4.24	110	80	14.21	14.21	#N/A	#N/A
OG0002357	204	0.25	13	20	0.15	0.15	4.47	4.57	138	137	20.9	20.9	-	-
OG0002517	534	0.06	16	16	0.14	0.14	4.47	4.49	132	131	18	18	3H domain	S
OG0002792	207	0	10	10	0.17	0.17	4.47	4.47	98	98	16.5	16.5	-	-
OG0002833	910.5	0	10	10	0.21	0.21	4.47	4.47	94	94	20.1	20.1	PAP2 superfamily	I
OG0002845	370.5	0	8	10	0.18	0.18	4.47	4.47	108	108	19.6	19.6	Fatty acid desaturase	I
OG0003147	183	0	7	7	0.27	0.27	4.47	4.47	99	99	26.86	26.86	#N/A	#N/A
OG0003363	627	0	4	5	0.23	0.23	4.47	4.47	95	95	22.2	22.2	acetyltransferase	K
OG0003409	249	0	4	5	0.38	0.38	4.47	4.47	105	105	40.2	40.2	#N/A	#N/A
OG0003514	1320	0	1	5	0.23	0.23	4.47	4.47	91	91	21.2	21.2	Transposase DDE domain group 1	L
OG0003687	301.5	0.25	4	4	0.26	0.36	4.47	4.14	88	63	22.5	22.5	#N/A	#N/A
OG0000183	2043	0.05	62	110	0.1	0.1	4.48	4.48	211	208	20.75	20.75	NhaP-type Na H and K H	P
OG0000586	783	0.06	77	78	0.05	0.05	4.48	4.46	314	301	16.46	16.46	protein conserved in bacteria	S
OG0000741	741	0.06	77	78	0.06	0.07	4.48	4.47	330	318	20.87	20.87	Carboxylesterase	S
OG0001353	663	0.09	77	77	0.07	0.08	4.48	4.47	286	271	20.51	20.51	deoxynucleoside kinase	F
OG0001476	180	0.03	67	75	0.08	0.08	4.48	4.49	228	228	19.08	19.08	-	-
OG0001947	1324.5	0.14	23	42	0.1	0.11	4.48	4.41	201	182	19.64	19.64	-	-
OG0001967	1407	0.03	32	39	0.11	0.11	4.48	4.47	171	170	18.69	18.69	glucuronate isomerase	G
OG0001992	1188	0	28	38	0.16	0.16	4.48	4.48	195	195	30.58	30.58	peptidase activity	S
OG0002087	540	0.06	33	33	0.2	0.2	4.48	4.48	122	121	24.21	24.21	-	-
OG0002204	805.5	0.12	23	26	0.11	0.12	4.48	4.47	137	131	15.31	15.31	Protein of unknown function (DUF3100)	S
OG0002266	453	0.13	23	23	0.11	0.12	4.48	4.47	130	124	14.91	14.91	An automated process has identified a potential problem with this gene model	S
OG0003087	651	0	7	7	0.19	0.19	4.48	4.48	100	100	19.14	19.14	#N/A	#N/A
OG0003160	177	0	3	6	0.26	0.26	4.48	4.48	103	103	26.5	26.5	#N/A	#N/A
OG0003180	412.5	0	6	6	0.23	0.23	4.48	4.48	103	103	23.5	23.5	intein-mediated protein splicing	L
OG0003314	334.5	0	2	6	0.18	0.18	4.48	4.48	90	90	15.83	15.83	-	-
OG0003389	174	0	4	5	0.41	0.41	4.48	4.48	100	100	40.6	40.6	#N/A	#N/A
OG0003614	208.5	0.25	3	4	0.35	0.39	4.48	4.38	99	88	34.25	34.25	#N/A	#N/A
OG0003706	279	0	3	4	0.4	0.4	4.48	4.48	101	101	40.5	40.5	#N/A	#N/A
OG0000726	651	0.08	75	78	0.08	0.08	4.49	4.48	233	225	18.36	18.36	"ABC transporter, ATP-binding protein"	S
OG0001468	687	0.09	70	76	0.09	0.1	4.49	4.47	208	202	19.3	19.3	"Increases the activity of extracellular murein hydrolases possibly by mediating their export via hole formation. Inhibited by the antiholin-like proteins LrgAB. In an unstressed cell, the LrgAB products probably inhibit the function of the CidAB proteins. When a cell is stressed by the addition of antibiotics or by other factors in the environment, the CidAB proteins possibly oligomerize within the bacterial cell membrane, creating lesions that disrupt the proton motive force, which in turn results in loss of cell viability. These lesions are also hypothesized to regulate the subsequent cell lysis by either allowing the murein hydrolases access to the cell wall substrate and or regulating their activity by a"	M
OG0001478	1581	0.11	70	75	0.1	0.1	4.49	4.48	172	170	17.53	17.53	Belongs to the glutamate synthase family	E
OG0001566	744	0.08	70	72	0.07	0.07	4.49	4.51	256	252	17.43	17.43	Metal-dependent hydrolase	S
OG0002022	1197	0.11	32	36	0.11	0.12	4.49	4.48	156	149	17.33	17.33	Glycosyl transferases group 1	M
OG0002567	1089	0.13	9	15	0.14	0.14	4.49	4.5	150	147	20.27	20.27	Replication initiation factor	L
OG0002776	1866	0	8	11	0.15	0.15	4.49	4.49	115	115	17.09	17.09	helicase activity	L
OG0002806	264	0	9	10	0.17	0.17	4.49	4.49	111	111	18.5	18.5	-	-
OG0002823	516	0	10	10	0.18	0.18	4.49	4.49	109	109	19.5	19.5	Phenolic acid decarboxylase (PAD)	Q
OG0002934	162	0.22	9	9	0.16	0.18	4.49	4.42	108	94	17.33	17.33	#N/A	#N/A
OG0002968	177	0	7	8	0.39	0.39	4.49	4.49	99	99	38.38	38.38	-	-
OG0002976	1233	0	8	8	0.17	0.17	4.49	4.49	103	103	17.38	17.38	ATPases associated with a variety of cellular activities	E
OG0002984	390	0.12	8	8	0.19	0.2	4.49	4.46	102	98	19.38	19.38	Glyoxalase-like domain	E
OG0003313	519	0.17	5	6	0.21	0.21	4.49	4.49	95	93	19.83	19.83	#N/A	#N/A
OG0003410	135	0.2	5	5	0.23	0.25	4.49	4.44	94	86	21.6	21.6	#N/A	#N/A
OG0003695	240	0	3	4	0.4	0.4	4.49	4.49	103	103	41.25	41.25	#N/A	#N/A
OG0003728	468	0.25	3	4	0.33	0.39	4.49	4.32	97	82	32	32	-	-
OG0004006	972	0.33	3	3	0.42	0.66	4.49	4.06	97	61	40.33	40.33	YqaJ-like viral recombinase domain	L
OG0000087	1437	0.13	77	157	0.05	0.06	4.5	4.52	286	273	15.45	15.45	PTS system	G
OG0000335	1158	0.06	76	82	0.1	0.1	4.5	4.48	177	176	18.1	18.1	Aminotransferase	E
OG0001665	1795.5	0.03	38	64	0.1	0.1	4.5	4.5	189	188	19.59	19.59	Polysaccharide biosynthesis protein	GM
OG0002058	924	0.03	26	34	0.11	0.11	4.5	4.5	153	153	17.15	17.15	Membrane transport protein	S
OG0002099	819	0	32	32	0.09	0.09	4.5	4.5	198	198	17.94	17.94	alcohol dehydrogenase	S
OG0002267	369	0.04	22	23	0.15	0.15	4.5	4.49	146	146	21.83	21.83	-	-
OG0002349	1611	0	19	20	0.14	0.14	4.5	4.5	150	150	21.05	21.05	"BCCT, betaine/carnitine/choline family transporter"	M
OG0002386	132	0.11	19	19	0.14	0.16	4.5	4.46	128	119	18.53	18.53	#N/A	#N/A
OG0002416	1128	0	17	18	0.17	0.17	4.5	4.5	119	119	20.39	20.39	Polysaccharide deacetylase	G
OG0002425	378	0.11	13	18	0.12	0.13	4.5	4.46	151	141	18.5	18.5	#N/A	#N/A
OG0002818	544.5	0.3	9	10	0.16	0.22	4.5	4.17	110	81	17.6	17.6	Membrane	S
OG0002863	367.5	0	10	10	0.18	0.18	4.5	4.5	105	105	19.2	19.2	#N/A	#N/A
OG0003296	702	0.17	6	6	0.21	0.23	4.5	4.39	98	88	20.33	20.33	ABC transporter	V
OG0003302	418.5	0	6	6	0.25	0.25	4.5	4.5	97	97	24.67	24.67	#N/A	#N/A
OG0003357	1107	0.2	5	5	0.21	0.25	4.5	4.34	92	78	19.4	19.4	epoxide hydrolase	S
OG0003513	240	0.2	4	5	0.37	0.37	4.5	4.54	106	106	38.8	38.8	#N/A	#N/A
OG0003538	304.5	0	4	4	0.32	0.32	4.5	4.5	95	95	30.25	30.25	-	-
OG0000207	798	0.02	60	103	0.09	0.09	4.51	4.51	207	206	18.14	18.14	Glyoxalase bleomycin resistance protein dioxygenase superfamily protein	S
OG0000577	5775	0	17	79	0.1	0.1	4.51	4.51	151	151	15.54	15.54	Domain of Unknown Function (DUF1542)	D
OG0001389	639	0.08	59	77	0.09	0.09	4.51	4.51	225	222	19.29	19.29	endonuclease III	L
OG0001611	165	0.07	31	69	0.07	0.07	4.51	4.47	240	227	16.87	16.87	-	-
OG0001675	1716	0.06	62	63	0.11	0.12	4.51	4.49	195	185	21.56	21.56	Belongs to the metallo-dependent hydrolases superfamily. Urease alpha subunit family	E
OG0001739	900	0.02	54	58	0.09	0.09	4.51	4.51	209	209	18.78	18.78	membrane transporter protein	S
OG0001855	249	0.02	48	48	0.14	0.14	4.51	4.52	206	206	28.02	28.02	-	-
OG0001950	1209	0	41	41	0.09	0.09	4.51	4.51	178	178	16.44	16.44	"Acyl-CoA dehydrogenase, N-terminal domain"	I
OG0002098	1296	0	32	32	0.09	0.09	4.51	4.51	197	197	18.34	18.34	Staphylopine dehydrogenase	S
OG0002102	225	0	32	32	0.14	0.14	4.51	4.51	172	172	23.62	23.62	-	-
OG0002103	1162.5	0	24	32	0.13	0.13	4.51	4.51	146	146	18.59	18.59	Glycosyl transferase 4-like domain	M
OG0002156	1864.5	0	23	28	0.14	0.14	4.51	4.51	146	146	21.07	21.07	endonuclease exonuclease phosphatase	S
OG0002516	1323	0.06	16	16	0.13	0.14	4.51	4.47	135	131	18.06	18.06	Xylose isomerase-like TIM barrel	G
OG0002688	273	0	11	12	0.17	0.17	4.51	4.51	114	114	19.58	19.58	-	-
OG0002747	1554	0	9	11	0.17	0.17	4.51	4.51	131	131	22.64	22.64	#N/A	#N/A
OG0002830	1039.5	0	9	10	0.23	0.23	4.51	4.51	117	117	26.7	26.7	DNA primase activity	L
OG0003127	165	0.43	6	7	0.21	0.33	4.51	4.05	102	64	21.14	21.14	Omega Transcriptional Repressor	S
OG0003138	1506	0	5	7	0.18	0.18	4.51	4.51	99	99	18.14	18.14	"Sialidase, N-terminal domain"	G
OG0003522	153	0.2	4	5	0.23	0.25	4.51	4.46	96	89	22	22	#N/A	#N/A
OG0003536	117	0	3	4	0.39	0.39	4.51	4.51	102	102	40.25	40.25	#N/A	#N/A
OG0003611	225	0.25	4	4	0.31	0.4	4.51	4.28	99	77	30.5	30.5	#N/A	#N/A
OG0003615	204	0	3	4	0.43	0.43	4.51	4.51	104	104	44.75	44.75	-	-
OG0003659	787.5	0	3	4	0.26	0.26	4.51	4.51	92	92	23.75	23.75	#N/A	#N/A
OG0003697	162	0.25	3	4	0.33	0.41	4.51	4.31	100	80	32.75	32.75	#N/A	#N/A
OG0000173	939	0.03	72	115	0.07	0.07	4.52	4.52	281	279	18.81	18.81	mannose-6-phosphate isomerase	G
OG0000305	1176	0.05	77	85	0.07	0.07	4.52	4.54	249	248	18.53	18.53	Major facilitator family	EGP
OG0000798	1077	0.03	77	77	0.11	0.11	4.52	4.53	170	169	18.17	18.17	M42 glutamyl aminopeptidase	G
OG0001354	699	0.09	77	77	0.07	0.08	4.52	4.5	288	271	20.44	20.44	HAD-hyrolase-like	S
OG0001394	663	0.03	75	76	0.1	0.1	4.52	4.52	185	185	18.16	18.16	nitroreductase	C
OG0002186	1341	0.07	26	27	0.15	0.15	4.52	4.47	137	130	20	20	PepSY-associated TM region	S
OG0002193	1110	0.04	24	26	0.12	0.13	4.52	4.42	151	135	17.62	17.62	pfkB family carbohydrate kinase	GK
OG0002200	487.5	0.04	21	26	0.16	0.16	4.52	4.53	147	147	22.88	22.88	Bacterial Ig-like domain 2	N
OG0002272	249	0	16	23	0.14	0.14	4.52	4.52	153	153	22.04	22.04	-	-
OG0002329	279	0	17	21	0.12	0.12	4.52	4.52	167	167	20.14	20.14	#N/A	#N/A
OG0002366	696	0	19	19	0.11	0.11	4.52	4.52	147	147	16.21	16.21	"Transcriptional regulatory protein, C terminal"	KT
OG0002616	1041	0.07	14	14	0.13	0.13	4.52	4.54	132	130	17.29	17.29	"Transketolase, C-terminal domain"	C
OG0002881	1002	0.44	8	9	0.15	0.22	4.52	4.12	101	68	15.22	15.22	NlpC p60 family protein	M
OG0002957	577.5	0.38	8	8	0.18	0.25	4.52	4.19	103	75	18.38	18.38	-	-
OG0003068	225	0	7	7	0.36	0.36	4.52	4.52	114	114	41	41	-	-
OG0003098	912	0	7	7	0.19	0.19	4.52	4.52	98	98	18.57	18.57	NMT1/THI5 like	P
OG0003125	585	0.14	6	7	0.24	0.25	4.52	4.5	109	105	26.43	26.43	Helix-turn-helix	K
OG0003321	555	0	5	6	0.27	0.27	4.52	4.52	114	114	30.67	30.67	Protein of unknown function (DUF2815)	S
OG0003493	246	0	4	5	0.31	0.31	4.52	4.52	102	102	32	32	#N/A	#N/A
OG0003655	420	0	3	4	0.37	0.37	4.52	4.52	102	102	38	38	"DNA-dependent transcription, initiation"	S
OG0000146	837	0.06	77	125	0.08	0.08	4.53	4.52	270	266	21.48	21.48	Putative adhesin	S
OG0000192	951	0.05	77	107	0.07	0.07	4.53	4.51	301	292	19.73	19.73	transcriptional	K
OG0001941	477	0.02	39	42	0.1	0.1	4.53	4.52	187	182	17.86	17.86	carotenoid biosynthetic process	S
OG0001955	522	0.1	41	41	0.12	0.12	4.53	4.55	159	158	19.05	19.05	Short repeat of unknown function (DUF308)	S
OG0001959	1302	0.07	41	41	0.1	0.1	4.53	4.47	162	157	15.95	15.95	Anaerobic c4-dicarboxylate	S
OG0002012	1026	0.05	35	37	0.12	0.13	4.53	4.45	187	176	22.05	22.05	Beta-eliminating lyase	E
OG0002094	1591.5	0.06	32	32	0.11	0.11	4.53	4.51	150	149	16.34	16.34	L-lactate permease	C
OG0002118	1041	0.13	31	31	0.12	0.13	4.53	4.43	163	143	19.13	19.13	acyl-CoA dehydrogenase	I
OG0002137	762	0.13	30	30	0.12	0.13	4.53	4.44	161	144	19.07	19.07	Binding-protein-dependent transport system inner membrane component	P
OG0002245	1548	0	21	24	0.12	0.12	4.53	4.53	154	154	18.21	18.21	"PFAM nucleic acid binding, OB-fold, tRNA"	S
OG0002551	327	0	11	15	0.11	0.11	4.53	4.53	135	135	14.53	14.53	-	-
OG0002664	570	0	12	13	0.15	0.15	4.53	4.53	126	126	19.31	19.31	ECF sigma factor	K
OG0002693	276	0.17	12	12	0.19	0.21	4.53	4.47	133	122	25.33	25.33	-	-
OG0002721	351	0	10	12	0.17	0.17	4.53	4.53	127	127	21.08	21.08	PTS system glucitol/sorbitol-specific IIA component	G
OG0002756	1518	0.18	8	11	0.15	0.17	4.53	4.43	106	96	16.09	16.09	#N/A	#N/A
OG0002775	810	0.18	9	11	0.16	0.17	4.53	4.41	118	108	18.45	18.45	ABC-2 family transporter protein	CP
OG0002782	795	0	11	11	0.16	0.16	4.53	4.53	124	124	20.27	20.27	NAD dependent epimerase/dehydratase family	IQ
OG0002891	303	0	9	9	0.15	0.15	4.53	4.53	107	107	15.78	15.78	#N/A	#N/A
OG0002986	1114.5	0.12	7	8	0.18	0.2	4.53	4.46	105	96	18.88	18.88	alcohol dehydrogenase	C
OG0003322	1167	0	5	6	0.26	0.26	4.53	4.53	116	116	30.33	30.33	Protein of unknown function (DUF2800)	S
OG0003498	279	0	3	5	0.2	0.2	4.53	4.53	93	93	18.8	18.8	#N/A	#N/A
OG0003637	207	0	4	4	0.34	0.34	4.53	4.53	104	104	35	35	#N/A	#N/A
OG0001711	345	0.03	41	60	0.11	0.11	4.54	4.54	240	240	26.45	26.45	-	-
OG0001820	1899	0.02	32	51	0.09	0.09	4.54	4.53	219	219	19.51	19.51	#N/A	#N/A
OG0002075	300	0	32	33	0.13	0.13	4.54	4.54	154	154	20.03	20.03	Uncharacterized protein conserved in bacteria (DUF2316)	S
OG0002393	189	0.05	19	19	0.16	0.16	4.54	4.51	123	120	19.47	19.47	#N/A	#N/A
OG0002500	1585.5	0.06	16	16	0.13	0.15	4.54	4.42	145	129	19.44	19.44	LXG domain of WXG superfamily	S
OG0002556	924	0.07	13	15	0.16	0.17	4.54	4.48	113	107	18.4	18.4	-	-
OG0002617	948	0.07	14	14	0.13	0.13	4.54	4.56	135	133	17.29	17.29	Dehydrogenase E1 component	C
OG0002694	507	0	12	12	0.17	0.17	4.54	4.54	118	118	19.92	19.92	Cupin	S
OG0002737	555	0	8	11	0.19	0.19	4.54	4.54	107	107	19.91	19.91	"Staphylococcal/Streptococcal toxin, beta-grasp domain"	S
OG0002788	1497	0	11	11	0.18	0.18	4.54	4.54	112	112	20.27	20.27	CoA-transferase family III	C
OG0003006	186	0	8	8	0.19	0.19	4.54	4.54	100	100	18.62	18.62	#N/A	#N/A
OG0003188	178.5	0	5	6	0.19	0.19	4.54	4.54	101	101	19.5	19.5	#N/A	#N/A
OG0003310	109.5	0.17	6	6	0.18	0.21	4.54	4.42	100	88	18.33	18.33	#N/A	#N/A
OG0003439	1389	0	5	5	0.22	0.22	4.54	4.54	98	98	21.4	21.4	MFS/sugar transport protein	P
OG0003992	213	0	1	3	0.37	0.37	4.54	4.54	97	97	35.67	35.67	#N/A	#N/A
OG0000257	1188	0.11	77	91	0.08	0.08	4.55	4.54	242	241	19.02	19.02	Phosphotransfer between the C1 and C5 carbon atoms of pentose	G
OG0000282	1146	0.03	77	89	0.07	0.07	4.55	4.52	265	261	19.09	19.09	Belongs to the globin family	C
OG0002051	582	0.03	30	35	0.08	0.08	4.55	4.54	191	190	15.26	15.26	Hypothetical bacterial integral membrane protein (Trep_Strep)	S
OG0002117	954	0.13	30	31	0.12	0.13	4.55	4.47	167	150	19.39	19.39	NMT1-like family	P
OG0002361	219	0.2	17	20	0.16	0.2	4.55	4.4	141	108	21.95	21.95	-	-
OG0002401	561	0	18	18	0.11	0.11	4.55	4.55	148	148	16.67	16.67	"Part of the high-affinity ATP-driven potassium transport (or Kdp) system, which catalyzes the hydrolysis of ATP coupled with the electrogenic transport of potassium into the cytoplasm. This subunit acts as a catalytic chaperone that increases the ATP- binding affinity of the ATP-hydrolyzing subunit KdpB by the formation of a transient KdpB KdpC ATP ternary complex"	P
OG0002595	1434	0.29	12	14	0.12	0.14	4.55	4.45	136	117	16.5	16.5	copper ion binding	Q
OG0002842	361.5	0	9	10	0.21	0.21	4.55	4.55	122	122	25.2	25.2	-	-
OG0002859	793.5	0	5	10	0.2	0.2	4.55	4.55	123	123	24	24	-	-
OG0003305	654	0	6	6	0.2	0.2	4.55	4.55	100	100	19.67	19.67	Protein tyrosine kinase	KLT
OG0000213	1162.5	0.02	46	102	0.1	0.1	4.56	4.57	162	161	16.89	16.89	conserved protein (DUF2267)	S
OG0001563	900	0.03	66	72	0.1	0.1	4.56	4.55	186	185	18.62	18.62	Cysteine synthase	E
OG0001928	786	0.05	43	43	0.1	0.1	4.56	4.51	175	171	17.3	17.3	Belongs to the D-glutamate cyclase family	S
OG0001981	165	0	39	39	0.12	0.12	4.56	4.56	153	153	17.72	17.72	#N/A	#N/A
OG0002013	1161	0	28	37	0.16	0.16	4.56	4.56	209	209	33.7	33.7	Phage portal protein	S
OG0002071	720	0.03	30	34	0.08	0.08	4.56	4.55	192	191	15.79	15.79	Cobalt transport protein	P
OG0002115	582	0.03	29	31	0.12	0.13	4.56	4.49	224	207	26.45	26.45	-	-
OG0002136	741	0.13	30	30	0.11	0.13	4.56	4.5	169	154	19.3	19.3	ATPases associated with a variety of cellular activities	P
OG0002215	312	0.12	25	25	0.11	0.11	4.56	4.57	170	164	18.48	18.48	-	-
OG0002387	216	0.11	17	19	0.14	0.14	4.56	4.51	132	128	18.21	18.21	-	-
OG0002446	399	0.06	13	18	0.16	0.18	4.56	4.45	132	116	20.61	20.61	-	-
OG0002573	312	0.07	9	15	0.12	0.12	4.56	4.59	149	149	18.13	18.13	"Bacteriophage A118-like holin, Hol118"	S
OG0002697	598.5	0.08	11	12	0.16	0.17	4.56	4.55	122	121	20	20	Antirestriction protein (ArdA)	S
OG0002702	661.5	0	8	12	0.19	0.19	4.56	4.56	132	132	24.83	24.83	-	-
OG0002927	333	0	9	9	0.15	0.15	4.56	4.56	115	115	17.44	17.44	Transcriptional regulator PadR-like family	K
OG0003022	210	0.38	8	8	0.19	0.28	4.56	4.18	110	73	20.38	20.38	#N/A	#N/A
OG0003031	213	0	6	7	0.19	0.19	4.56	4.56	108	108	20.57	20.57	#N/A	#N/A
OG0003038	210	0	7	7	0.3	0.3	4.56	4.56	123	123	37.43	37.43	#N/A	#N/A
OG0003328	618	0	4	5	0.29	0.29	4.56	4.56	107	107	30.6	30.6	-	-
OG0003429	189	0	3	5	0.38	0.38	4.56	4.56	112	112	42.2	42.2	#N/A	#N/A
OG0000152	816	0.02	76	123	0.07	0.07	4.57	4.57	261	261	18.44	18.44	Belongs to the precorrin methyltransferase family	H
OG0000190	480	0.06	77	108	0.08	0.08	4.57	4.58	233	232	19.6	19.6	acetyltransferase (GNAT) family	K
OG0001916	660	0.05	44	44	0.08	0.08	4.57	4.57	204	203	17.07	17.07	ABC transporter permease	P
OG0001926	171	0.05	42	43	0.11	0.12	4.57	4.52	168	156	18.56	18.56	Virus attachment protein p12 family	S
OG0002072	288	0.03	33	33	0.1	0.1	4.57	4.58	176	176	17.64	17.64	YrhK-like protein	S
OG0002345	390	0	20	20	0.17	0.17	4.57	4.57	112	112	19.55	19.55	Protein of unknown function (DUF1398)	S
OG0002403	1677	0	18	18	0.11	0.11	4.57	4.57	152	152	16.67	16.67	"Part of the high-affinity ATP-driven potassium transport (or Kdp) system, which catalyzes the hydrolysis of ATP coupled with the electrogenic transport of potassium into the cytoplasm. This subunit binds and transports the potassium across the cytoplasmic membrane"	P
OG0002409	444	0.06	18	18	0.1	0.1	4.57	4.57	152	151	15.28	15.28	Tripartite tricarboxylate transporter TctB family	S
OG0002733	753	0	10	11	0.17	0.17	4.57	4.57	126	126	20.91	20.91	-	-
OG0002913	492	0	9	9	0.21	0.21	4.57	4.57	119	119	25	25	Chromatin associated protein KTI12	S
OG0003458	156	0.2	5	5	0.28	0.29	4.57	4.56	109	107	30.6	30.6	#N/A	#N/A
OG0003821	438	0	3	3	0.39	0.39	4.57	4.57	101	101	39.67	39.67	DNA N-6-adenine-methyltransferase (Dam)	S
OG0001385	831	0.03	77	77	0.06	0.06	4.58	4.59	298	297	19.06	19.06	Belongs to the ParB family	K
OG0001545	330	0.03	71	73	0.09	0.09	4.58	4.56	227	220	19.86	19.86	Thioredoxin	CO
OG0001898	1425	0.09	45	45	0.12	0.12	4.58	4.55	162	156	19.07	19.07	Polyphosphate kinase 2 (PPK2)	S
OG0001978	807	0.03	39	39	0.1	0.1	4.58	4.59	209	209	20.38	20.38	Glycosyl hydrolases family 25	M
OG0002470	285	0.12	16	17	0.14	0.16	4.58	4.46	129	113	18.12	18.12	Bacteriocin (Lactococcin_972)	S
OG0002594	708	0.07	13	14	0.18	0.18	4.58	4.57	122	122	22.14	22.14	#N/A	#N/A
OG0002643	1353	0.08	13	13	0.14	0.15	4.58	4.59	127	125	18.38	18.38	2-hydroxycarboxylate transporter family	U
OG0002677	277.5	0	12	12	0.16	0.16	4.58	4.58	129	129	20.25	20.25	-	-
OG0002951	1218	0	8	8	0.19	0.19	4.58	4.58	105	105	19.5	19.5	-	-
OG0003066	483	0	7	7	0.33	0.33	4.58	4.58	127	127	41.43	41.43	-	-
OG0003085	231	0	7	7	0.33	0.33	4.58	4.58	128	128	42.43	42.43	#N/A	#N/A
OG0003428	150	0	4	5	0.31	0.31	4.58	4.58	111	111	34.2	34.2	#N/A	#N/A
OG0003466	369	0.2	5	5	0.21	0.26	4.58	4.36	99	79	20.6	20.6	Phospholipase A2	S
OG0000158	561	0.06	77	121	0.07	0.07	4.59	4.59	296	293	21.21	21.21	Protein of unknown function (DUF1700)	S
OG0000314	1851	0.02	63	84	0.08	0.08	4.59	4.58	232	228	17.52	17.52	Component of the sulfite reductase complex that catalyzes the 6-electron reduction of sulfite to sulfide. This is one of several activities required for the biosynthesis of L- cysteine from sulfate. The flavoprotein component catalyzes the electron flow from NADPH - FAD - FMN to the hemoprotein component	C
OG0000573	1524	0.01	77	79	0.08	0.08	4.59	4.59	273	273	22.99	22.99	Alkyl hydroperoxide reductase	O
OG0001356	960	0.05	77	77	0.07	0.07	4.59	4.6	270	269	19.94	19.94	epimerase dehydratase family	M
OG0001491	1269	0.01	75	75	0.06	0.06	4.59	4.59	326	326	19.73	19.73	xanthine	F
OG0001551	877.5	0.03	49	72	0.09	0.09	4.59	4.59	239	237	20.79	20.79	Phage tail protein	S
OG0001602	1104	0.03	70	70	0.07	0.07	4.59	4.58	289	281	19.79	19.79	COG0626 Cystathionine beta-lyases cystathionine gamma-synthases	E
OG0001931	1113	0.02	39	43	0.09	0.09	4.59	4.58	203	197	18.35	18.35	"Catalyzes the glycosylation of 4,4'- diaponeurosporenoate, i.e. the esterification of glucose at the C1'' position with the carboxyl group of 4,4'-diaponeurosporenic acid, to form glycosyl-4,4'-diaponeurosporenoate. This is a step in the biosynthesis of staphyloxanthin, an orange pigment present in most staphylococci strains (By similarity)"	M
OG0001944	768	0	31	42	0.13	0.13	4.59	4.59	231	231	30.64	30.64	Belongs to the peptidase S14 family	OU
OG0002277	1212	0	21	23	0.12	0.12	4.59	4.59	159	159	19.83	19.83	Uncharacterised MFS-type transporter YbfB	EGP
OG0002326	423	0.1	21	21	0.1	0.1	4.59	4.66	158	157	16.05	16.05	Protein of unknown function (DUF2871)	S
OG0002462	564	0.06	16	17	0.13	0.13	4.59	4.61	124	123	15.82	15.82	"Protein of unknown function, DUF488"	S
OG0002663	360	0.15	13	13	0.14	0.15	4.59	4.56	127	119	17.54	17.54	Cupin	S
OG0003063	522	0	7	7	0.18	0.18	4.59	4.59	107	107	19.29	19.29	-	-
OG0003158	273	0	5	6	0.19	0.19	4.59	4.59	103	103	19.83	19.83	-	-
OG0003179	409.5	0	6	6	0.2	0.2	4.59	4.59	105	105	21	21	-	-
OG0000245	1498.5	0.03	42	94	0.08	0.08	4.6	4.58	250	241	18.94	18.94	"Catalyzes the oxidation of the terminal methyl side group of 4,4'-diaponeurosporene to form 4,4'-diaponeurosporenoate (4,4'-diaponeurosporenic acid), via the aldehyde intermediate 4,4'-diaponeurosporenal. This is an intermediate step in the biosynthesis of staphyloxanthin, an orange pigment present in most staphylococci strains"	Q
OG0001860	468	0.04	48	48	0.1	0.1	4.6	4.63	211	209	20.4	20.4	DinB family	S
OG0001903	843	0.04	44	45	0.08	0.08	4.6	4.6	202	200	16.98	16.98	Belongs to the nlpA lipoprotein family	P
OG0002083	705	0.09	33	33	0.1	0.11	4.6	4.57	188	173	19.7	19.7	-	-
OG0002166	309	0.07	28	28	0.11	0.11	4.6	4.58	162	156	17.61	17.61	-	-
OG0002238	300	0.08	16	24	0.09	0.1	4.6	4.55	177	163	15.96	15.96	Protein of unknown function (DUF2951)	S
OG0002286	396	0.09	20	22	0.14	0.14	4.6	4.61	136	135	19.09	19.09	-	-
OG0002293	2067	0.09	14	22	0.13	0.14	4.6	4.56	130	127	17.18	17.18	this gene contains a nucleotide ambiguity which may be the result of a sequencing error	S
OG0002391	333	0.05	14	19	0.14	0.15	4.6	4.58	137	135	19.63	19.63	Heat induced stress protein YflT	S
OG0002459	828	0.06	12	17	0.14	0.14	4.6	4.58	123	121	17.53	17.53	VanW like protein	V
OG0002529	1276.5	0.06	15	16	0.12	0.12	4.6	4.62	144	143	17.56	17.56	Component of pyruvate dehydrogenase complex	C
OG0002937	399	0.33	7	9	0.14	0.14	4.6	4.63	115	112	16	16	-	-
OG0003320	1957.5	0	5	6	0.27	0.27	4.6	4.6	122	122	33.5	33.5	DNA polymerase family A	S
OG0003364	195	0	5	5	0.32	0.32	4.6	4.6	116	116	37.6	37.6	-	-
OG0003504	1398	0	4	5	0.3	0.3	4.6	4.6	112	112	34	34	Terminase RNaseH-like domain	S
OG0003581	210	0.25	3	4	0.33	0.41	4.6	4.39	109	87	35.75	35.75	#N/A	#N/A
OG0000142	882	0.06	76	127	0.08	0.08	4.61	4.6	228	227	17.84	17.84	COG1028 Dehydrogenases with different specificities (related to short-chain alcohol dehydrogenases)	IQ
OG0000189	1032	0.06	75	108	0.05	0.05	4.61	4.58	400	385	18.11	18.11	Carboxylesterase family	I
OG0000260	963	0.04	73	91	0.06	0.06	4.61	4.6	333	328	18.89	18.89	"COG0524 Sugar kinases, ribokinase family"	G
OG0002027	360	0.03	35	36	0.1	0.11	4.61	4.54	179	165	17.58	17.58	Uncharacterized conserved protein (DUF2294)	S
OG0002196	696	0.04	26	26	0.11	0.11	4.61	4.63	149	149	16.65	16.65	esterase lipase	E
OG0002412	813	0.11	18	18	0.13	0.13	4.61	4.66	158	156	20.67	20.67	hydrolase activity	S
OG0002601	1149	0.07	11	14	0.18	0.18	4.61	4.62	154	153	27.57	27.57	peptidase activity	S
OG0002658	333	0.08	10	13	0.19	0.19	4.61	4.62	133	133	25.08	25.08	-	-
OG0003083	921	0	6	7	0.18	0.18	4.61	4.61	108	108	19	19	SEFIR domain	F
OG0003177	861	0.17	6	6	0.2	0.24	4.61	4.44	105	89	21	21	"Bacterial transcription activator, effector binding domain"	K
OG0003575	217.5	0	3	4	0.32	0.32	4.61	4.61	110	110	35.5	35.5	-	-
OG0000139	1407	0.05	77	129	0.07	0.08	4.62	4.6	252	238	18.86	18.86	Na H antiporter	C
OG0000203	558	0.05	77	104	0.07	0.07	4.62	4.63	321	318	20.9	20.9	Serine hydrolase	S
OG0000236	612	0.04	65	95	0.08	0.08	4.62	4.61	211	208	17.67	17.67	SNARE associated Golgi protein	S
OG0000356	1695	0.05	77	81	0.07	0.08	4.62	4.6	227	219	16.63	16.63	Involved in the biosynthesis of the osmoprotectant glycine betaine. Catalyzes the oxidation of choline to betaine aldehyde and betaine aldehyde to glycine betaine at the same rate	E
OG0000392	1008	0.05	61	81	0.07	0.07	4.62	4.6	281	280	20.49	20.49	N-terminal domain of oxidoreductase	S
OG0001677	867	0.03	63	63	0.1	0.1	4.62	4.62	193	192	19.35	19.35	ROK family	GK
OG0002359	516	0.15	19	20	0.13	0.15	4.62	4.54	141	127	18.6	18.6	GrpB protein	S
OG0002413	594	0.06	16	18	0.18	0.18	4.62	4.64	170	169	30.39	30.39	Phage minor structural protein GP20	S
OG0002436	642	0	13	18	0.16	0.16	4.62	4.62	159	159	26	26	Putative mobile pathogenicity island	S
OG0002623	570	0.07	13	14	0.15	0.15	4.62	4.64	133	132	19.5	19.5	#N/A	#N/A
OG0002672	349.5	0.25	11	12	0.19	0.19	4.62	4.65	129	126	24.25	24.25	MazG nucleotide pyrophosphohydrolase domain	S
OG0002797	2418	0	8	10	0.17	0.17	4.62	4.62	118	118	19.5	19.5	"Polysaccharide lyase family 8, N terminal alpha-helical domain"	N
OG0002880	411	0	8	9	0.17	0.17	4.62	4.62	121	121	21	21	Carboxymuconolactone decarboxylase family	S
OG0003248	1186.5	0.17	6	6	0.19	0.21	4.62	4.55	109	99	20.33	20.33	Major Facilitator Superfamily	EGP
OG0003287	96	0.17	5	6	0.2	0.22	4.62	4.58	111	102	22	22	#N/A	#N/A
OG0003294	558	0	6	6	0.18	0.18	4.62	4.62	106	106	19.17	19.17	-	-
OG0003443	573	0.2	5	5	0.2	0.22	4.62	4.53	101	93	20.2	20.2	#N/A	#N/A
OG0003844	195	0	3	3	0.35	0.35	4.62	4.62	104	104	36.33	36.33	#N/A	#N/A
OG0000147	825	0.03	76	124	0.09	0.09	4.63	4.64	211	211	19.32	19.32	COG2116 Formate nitrite family of transporters	P
OG0000220	765	0.05	77	100	0.07	0.07	4.63	4.63	311	302	20.68	20.68	Putative threonine/serine exporter	S
OG0000222	1338	0.07	69	99	0.06	0.07	4.63	4.55	307	277	18.94	18.94	"H( )-stimulated, divalent metal cation uptake system"	P
OG0000332	1842	0.06	77	83	0.06	0.07	4.63	4.62	307	297	19.33	19.33	"Bifunctional homocysteine S-methyltransferase 5,10-methylenetetrahydrofolate reductase protein"	H
OG0000705	1065	0.05	77	78	0.1	0.1	4.63	4.63	198	195	20.21	20.21	Catalyzes the conversion of dihydroorotate to orotate with quinone as electron acceptor	F
OG0001384	213	0.04	77	77	0.06	0.06	4.63	4.64	301	300	19.44	19.44	Bacterial protein of unknown function (DUF951)	S
OG0001726	717	0.02	49	59	0.09	0.09	4.63	4.62	194	193	17.9	17.9	Catalyzes the transfer of the cytidylyl group of CTP to D-ribitol 5-phosphate	I
OG0001862	369	0.02	48	48	0.08	0.08	4.63	4.62	215	212	17.79	17.79	Uncharacterized conserved protein (DUF2294)	S
OG0001910	1518	0.02	42	44	0.09	0.09	4.63	4.63	193	192	16.75	16.75	AMP-binding enzyme	IQ
OG0002328	405	0.05	21	21	0.14	0.14	4.63	4.62	178	174	24.38	24.38	Activator of Hsp90 ATPase homolog 1-like protein	S
OG0002676	363	0	12	12	0.16	0.16	4.63	4.63	133	133	20.67	20.67	#N/A	#N/A
OG0002774	159	0	9	11	0.18	0.18	4.63	4.63	138	138	24.73	24.73	#N/A	#N/A
OG0002804	723	0	10	10	0.16	0.16	4.63	4.63	121	121	19.7	19.7	ABC-2 family transporter protein	S
OG0002831	279	0	9	10	0.21	0.21	4.63	4.63	136	136	28.4	28.4	#N/A	#N/A
OG0002860	354	0	8	10	0.15	0.15	4.63	4.63	114	114	17.1	17.1	Glyoxalase/Bleomycin resistance protein/Dioxygenase superfamily	E
OG0003044	747	0.14	7	7	0.18	0.22	4.63	4.47	111	94	20.43	20.43	Novel toxin 21	S
OG0003306	156	0	3	6	0.31	0.31	4.63	4.63	123	123	38.33	38.33	#N/A	#N/A
OG0003717	208.5	0	4	4	0.29	0.29	4.63	4.63	107	107	30.75	30.75	-	-
OG0003723	298.5	0	4	4	0.36	0.36	4.63	4.63	115	115	41	41	-	-
OG0000254	864	0.05	65	92	0.07	0.07	4.64	4.61	306	303	20.83	20.83	Glucose uptake protein	G
OG0000255	603	0.18	77	91	0.07	0.08	4.64	4.49	286	234	19.34	19.34	Thioredoxin	O
OG0001355	1077	0.05	77	77	0.07	0.07	4.64	4.65	291	290	20.68	20.68	Aminotransferase	E
OG0001796	723	0.02	53	53	0.1	0.1	4.64	4.63	171	171	17.81	17.81	"Catalyzes the conversion of epoxyqueuosine (oQ) to queuosine (Q), which is a hypermodified base found in the wobble positions of tRNA(Asp), tRNA(Asn), tRNA(His) and tRNA(Tyr)"	C
OG0001871	1281	0.04	47	47	0.11	0.11	4.64	4.63	164	163	18.17	18.17	O-acetylhomoserine	E
OG0002026	270	0.03	29	36	0.16	0.16	4.64	4.64	172	171	26.94	26.94	"Rho termination factor, N-terminal domain"	S
OG0002131	291	0.13	23	30	0.08	0.08	4.64	4.65	207	195	15.93	15.93	-	-
OG0002220	1272	0	21	25	0.1	0.1	4.64	4.64	182	182	18.92	18.92	Bacterial extracellular solute-binding protein	G
OG0002278	441	0.13	22	23	0.15	0.17	4.64	4.59	173	154	26.48	26.48	Acetyltransferase (GNAT) domain	S
OG0002365	2643	0	19	19	0.11	0.11	4.64	4.64	162	162	17.79	17.79	Domain of unknown function (DUF4118)	T
OG0002458	672	0	17	17	0.15	0.15	4.64	4.64	129	129	19.71	19.71	Metallo-beta-lactamase superfamily	S
OG0002480	1002	0.06	17	17	0.11	0.11	4.64	4.63	152	150	17.12	17.12	-	-
OG0002680	673.5	0.08	12	12	0.14	0.14	4.64	4.6	121	117	16.92	16.92	2-Nitropropane dioxygenase	S
OG0002722	1012.5	0	10	12	0.17	0.17	4.64	4.64	133	133	22.08	22.08	Sorbitol phosphotransferase enzyme II N-terminus	G
OG0002882	102	0.11	7	9	0.16	0.19	4.64	4.47	120	102	19.11	19.11	#N/A	#N/A
OG0002909	159	0.22	8	9	0.14	0.15	4.64	4.64	112	109	16.11	16.11	#N/A	#N/A
OG0002910	210	0	9	9	0.18	0.18	4.64	4.64	113	113	19.78	19.78	-	-
OG0003264	192	0	5	6	0.33	0.33	4.64	4.64	126	126	41.17	41.17	-	-
OG0003743	171	0	4	4	0.31	0.31	4.64	4.64	112	112	34.5	34.5	-	-
OG0000154	912	0.04	70	122	0.07	0.08	4.65	4.59	291	256	20.16	20.16	Steryl acetyl hydrolase	I
OG0001980	399	0.08	28	39	0.08	0.08	4.65	4.58	225	206	17.13	17.13	-	-
OG0002077	291	0.03	26	33	0.12	0.12	4.65	4.66	213	213	25.97	25.97	Phage gp6-like head-tail connector protein	S
OG0002139	1665	0.03	29	30	0.09	0.1	4.65	4.62	192	186	17.87	17.87	Belongs to the TPP enzyme family	EH
OG0002298	1372.5	0	21	22	0.11	0.11	4.65	4.65	173	173	19.27	19.27	Putative nucleotide-binding of sugar-metabolising enzyme	S
OG0002421	1653	0	16	18	0.12	0.12	4.65	4.65	152	152	18.94	18.94	Binding-protein-dependent transport system inner membrane component	P
OG0002590	1248	0.29	12	14	0.13	0.18	4.65	4.31	130	92	16.79	16.79	Lanthionine synthetase C-like protein	V
OG0003030	192	0	4	7	0.3	0.3	4.65	4.65	131	131	39.71	39.71	-	-
OG0003075	162	0	7	7	0.28	0.28	4.65	4.65	133	133	37.71	37.71	#N/A	#N/A
OG0003516	546	0	5	5	0.32	0.32	4.65	4.65	120	120	38.8	38.8	Bacteriophage Mu Gam like protein	S
OG0000275	607.5	0.01	76	90	0.08	0.08	4.66	4.67	233	233	17.61	17.61	COG1648 Siroheme synthase (precorrin-2 oxidase ferrochelatase domain)	H
OG0001842	1518	0.02	48	49	0.09	0.09	4.66	4.64	210	207	18.18	18.18	Proton-conducting membrane transporter	CP
OG0001876	1530	0	47	47	0.1	0.1	4.66	4.66	187	187	18.32	18.32	COG3227 Zinc metalloprotease (elastase)	E
OG0001904	1023	0.04	44	45	0.08	0.08	4.66	4.66	222	221	17.53	17.53	Part of the ABC transporter complex MetNIQ involved in methionine import. Responsible for energy coupling to the transport system	P
OG0002104	513	0.12	32	32	0.1	0.11	4.66	4.61	189	174	19.19	19.19	Protein of unknown function (DUF4242)	S
OG0002212	465	0	25	25	0.12	0.12	4.66	4.66	154	154	18.72	18.72	Protein of unknown function (DUF1648)	S
OG0002352	1068	0.15	20	20	0.12	0.16	4.66	4.34	150	109	17.6	17.6	cellulose binding	S
OG0002402	2022	0	18	18	0.11	0.11	4.66	4.66	163	163	17.72	17.72	"Part of the high-affinity ATP-driven potassium transport (or Kdp) system, which catalyzes the hydrolysis of ATP coupled with the electrogenic transport of potassium into the cytoplasm. This subunit is responsible for energy coupling to the transport system"	P
OG0002419	288	0.06	13	18	0.1	0.11	4.66	4.59	150	139	14.94	14.94	-	-
OG0002911	405	0.22	9	9	0.16	0.2	4.66	4.46	116	95	19.11	19.11	Phosphate-starvation-inducible E	S
OG0003039	729	0.14	7	7	0.17	0.17	4.66	4.66	110	108	18.43	18.43	-	-
OG0003487	216	0.2	5	5	0.28	0.33	4.66	4.5	121	101	33.6	33.6	-	-
OG0000168	678	0.02	77	117	0.08	0.08	4.67	4.66	259	259	19.43	19.43	L-serine dehydratase	E
OG0000171	891	0.02	77	116	0.07	0.07	4.67	4.65	262	262	19.07	19.07	L-serine dehydratase	E
OG0000268	1191	0.03	57	91	0.06	0.06	4.67	4.62	322	306	19.6	19.6	Sulfate permease	P
OG0000310	321	0.19	69	85	0.06	0.06	4.67	4.79	274	271	16.41	16.41	"Allows bacterial pathogens to use the host heme as an iron source. Catalyzes the oxidative degradation of the heme macrocyclic porphyrin ring to the oxo-bilirubin chromophore staphylobilin (a mixture of the linear tetrapyrroles 5-oxo-delta- bilirubin and 15-oxo-beta-bilirubin) in the presence of a suitable electron donor such as ascorbate or NADPH--cytochrome P450 reductase, with subsequent release of free iron"	C
OG0001383	1098	0.04	77	77	0.06	0.06	4.67	4.69	312	311	20.12	20.12	ATPase that binds to both the 70S ribosome and the 50S ribosomal subunit in a nucleotide-independent manner	J
OG0001977	276	0.03	36	39	0.09	0.1	4.67	4.63	199	189	18.15	18.15	#N/A	#N/A
OG0002048	1356	0.03	30	35	0.12	0.13	4.67	4.64	166	159	19.89	19.89	Multidrug export protein MepA	V
OG0002062	291	0.06	30	34	0.09	0.09	4.67	4.67	222	218	19.29	19.29	Domain of unknown function (DUF1413)	S
OG0002065	969	0	25	34	0.12	0.12	4.67	4.67	168	168	19.85	19.85	AP endonuclease family 2 C terminus	G
OG0002205	279	0.08	25	26	0.09	0.09	4.67	4.67	169	168	15.27	15.27	"PTS system, Lactose/Cellobiose specific IIB subunit"	G
OG0002476	696	0	16	17	0.1	0.1	4.67	4.67	146	146	14.71	14.71	Thioesterase domain	Q
OG0002622	1167	0	12	14	0.15	0.15	4.67	4.67	130	130	20	20	Amidohydrolase family	Q
OG0002748	486	0.09	11	11	0.2	0.21	4.67	4.61	121	113	23.73	23.73	-	-
OG0002936	96	0.22	7	9	0.16	0.2	4.67	4.46	121	99	19.33	19.33	#N/A	#N/A
OG0003084	1011	0	6	7	0.18	0.18	4.67	4.67	120	120	22	22	Type I restriction modification DNA specificity domain	V
OG0000325	522	0.08	77	83	0.08	0.08	4.68	4.68	234	230	17.7	17.7	Involved in the cellular defense against the biological effects of O6-methylguanine (O6-MeG) and O4-methylthymine (O4-MeT) in DNA. Repairs the methylated nucleobase in DNA by stoichiometrically transferring the methyl group to a cysteine residue in the enzyme. This is a suicide reaction the enzyme is irreversibly inactivated	L
OG0000462	2244	0.07	76	80	0.06	0.06	4.68	4.69	311	304	19.6	19.6	Catalyzes the transfer of a methyl group from 5- methyltetrahydrofolate to homocysteine resulting in methionine formation	E
OG0000779	1329	0	77	78	0.08	0.08	4.68	4.68	238	238	18.94	18.94	Belongs to the sodium neurotransmitter symporter (SNF) (TC 2.A.22) family	S
OG0001703	1539	0.02	57	61	0.08	0.08	4.68	4.69	221	220	18.25	18.25	transporter	H
OG0002067	840	0.79	15	33	0.06	0.09	4.68	4.61	159	109	10.15	10.15	Replication initiation factor	L
OG0002257	315	0.04	21	24	0.11	0.11	4.68	4.68	161	160	18.21	18.21	"PTS system, Lactose/Cellobiose specific IIB subunit"	G
OG0002568	594	0.13	11	15	0.13	0.16	4.68	4.44	174	139	21.8	21.8	-	-
OG0002646	579	0.08	10	13	0.17	0.18	4.68	4.64	157	150	27.23	27.23	-	-
OG0002649	741	0.08	13	13	0.12	0.13	4.68	4.63	143	135	17.62	17.62	Domain of unknown function (DUF4811)	S
OG0002824	385.5	0	8	10	0.16	0.16	4.68	4.68	136	136	21.1	21.1	NYN domain	S
OG0002905	522	0	8	9	0.19	0.19	4.68	4.68	127	127	23.89	23.89	-	-
OG0002960	183	0.25	8	8	0.14	0.16	4.68	4.5	111	92	15.12	15.12	-	-
OG0003017	186	0	4	8	0.18	0.18	4.68	4.68	118	118	21.12	21.12	#N/A	#N/A
OG0003629	300	0.5	4	4	0.33	0.52	4.68	4.27	115	74	38.25	38.25	#N/A	#N/A
OG0000186	942	0.06	66	109	0.08	0.08	4.69	4.67	253	239	20.16	20.16	Amino acid ABC transporter amino acid-binding protein	M
OG0001720	735	0.03	59	60	0.09	0.09	4.69	4.67	211	208	18.5	18.5	"Serine aminopeptidase, S33"	S
OG0001808	429	0.04	52	52	0.1	0.1	4.69	4.7	189	189	18.54	18.54	6-pyruvoyl tetrahydropterin synthase	H
OG0002045	426	0.03	35	35	0.12	0.12	4.69	4.67	152	152	18.09	18.09	-	-
OG0002317	225	0	21	21	0.13	0.13	4.69	4.69	151	151	20	20	-	-
OG0002640	159	0.15	13	13	0.15	0.18	4.69	4.58	136	119	21.08	21.08	#N/A	#N/A
OG0003146	855	0	5	7	0.18	0.18	4.69	4.69	118	118	20.86	20.86	"Transcriptional activator, Rgg GadR MutR family"	K
OG0003329	231	0	4	5	0.3	0.3	4.69	4.69	125	125	38	38	-	-
OG0000243	549	0.09	74	95	0.06	0.06	4.7	4.65	349	328	21	21	SIS domain	M
OG0001569	942	0.04	71	72	0.09	0.1	4.7	4.68	209	196	19.29	19.29	inosine-uridine preferring nucleoside hydrolase	F
OG0001644	201	0.02	65	66	0.09	0.09	4.7	4.69	222	219	19.67	19.67	Thiamine biosynthesis protein ThiS	H
OG0001881	423	0.09	32	47	0.07	0.07	4.7	4.65	257	237	17.06	17.06	-	-
OG0002187	1689	0.04	27	27	0.1	0.11	4.7	4.64	192	178	19.48	19.48	X-Pro dipeptidyl-peptidase C-terminal non-catalytic domain	S
OG0002246	967.5	0	21	24	0.1	0.1	4.7	4.7	182	182	18.96	18.96	Binding-protein-dependent transport system inner membrane component	P
OG0002603	273	0.14	14	14	0.16	0.2	4.7	4.53	141	119	23.21	23.21	-	-
OG0002866	417	0.11	8	9	0.15	0.15	4.7	4.69	121	120	17.78	17.78	Reclaims exogenous and endogenous cytidine and 2'-deoxycytidine molecules for UMP synthesis	F
OG0003024	852	0.25	8	8	0.18	0.23	4.7	4.48	119	95	21.75	21.75	Belongs to the short-chain dehydrogenases reductases (SDR) family	IQ
OG0003155	198	0.43	5	7	0.17	0.28	4.7	4.21	115	71	19.71	19.71	#N/A	#N/A
OG0003468	237	0.2	5	5	0.21	0.29	4.7	4.37	112	81	23.8	23.8	#N/A	#N/A
OG0001597	591	0.04	66	70	0.08	0.09	4.71	4.7	229	225	19.27	19.27	Thiamine monophosphate synthase	H
OG0001994	882	0.73	16	37	0.06	0.09	4.71	4.54	159	111	10.16	10.16	Plasmid recombination enzyme	D
OG0001997	351	0.14	37	37	0.11	0.11	4.71	4.74	170	168	18.05	18.05	Alkylphosphonate utilization operon protein PhnA	P
OG0002408	288	0.17	18	18	0.13	0.13	4.71	4.71	139	134	17.94	17.94	#N/A	#N/A
OG0002512	744	0.06	16	16	0.13	0.13	4.71	4.73	135	135	17.44	17.44	Sulfite exporter TauE/SafE	S
OG0002876	267	0.56	5	9	0.15	0.26	4.71	4.25	128	72	18.78	18.78	#N/A	#N/A
OG0003034	291	0	6	7	0.18	0.18	4.71	4.71	117	117	20.57	20.57	-	-
OG0003156	93	0	2	7	0.15	0.15	4.71	4.71	118	118	17.86	17.86	#N/A	#N/A
OG0003507	198	0.2	5	5	0.22	0.24	4.71	4.65	117	108	26	26	#N/A	#N/A
OG0000066	465	0.06	77	178	0.05	0.06	4.72	4.72	364	355	19.94	19.94	"Threonine/Serine exporter, ThrE"	S
OG0000110	867	0.07	77	145	0.05	0.05	4.72	4.68	400	378	20.26	20.26	"Required for the insertion and or proper folding and or complex formation of integral membrane proteins into the membrane. Involved in integration of membrane proteins that insert both dependently and independently of the Sec translocase complex, as well as at least some lipoproteins"	U
OG0000161	828	0.03	73	120	0.05	0.05	4.72	4.75	417	416	19.36	19.36	Metallo-beta-lactamase superfamily protein	S
OG0000272	558	0.03	77	90	0.08	0.08	4.72	4.71	217	213	17.44	17.44	Belongs to the GbsR family	K
OG0001493	363	0.01	54	75	0.08	0.08	4.72	4.72	275	275	21.29	21.29	Domain of unknown function with cystatin-like fold (DUF4467)	S
OG0001656	1347	0.02	52	65	0.09	0.09	4.72	4.72	207	206	18.83	18.83	Belongs to the type-B carboxylesterase lipase family	I
OG0001759	237	0.02	57	57	0.09	0.09	4.72	4.72	198	197	17.6	17.6	FeoA domain	P
OG0002159	96	0.04	26	28	0.13	0.13	4.72	4.72	204	203	26.25	26.25	#N/A	#N/A
OG0002239	568.5	0.04	19	24	0.14	0.14	4.72	4.73	204	203	29.17	29.17	Caudovirus prohead serine protease	S
OG0002320	1026	0	18	21	0.12	0.12	4.72	4.72	145	145	17.95	17.95	Male sterility protein	M
OG0002346	321	0.15	18	20	0.12	0.15	4.72	4.52	153	122	18.4	18.4	-	-
OG0002477	2496	0.18	10	17	0.13	0.15	4.72	4.57	187	155	23.76	23.76	AAA-like domain	S
OG0002493	163.5	0	15	16	0.11	0.11	4.72	4.72	156	156	17.5	17.5	#N/A	#N/A
OG0002828	396	0	10	10	0.21	0.21	4.72	4.72	147	147	31.2	31.2	Fic/DOC family	S
OG0002864	1099.5	0.1	10	10	0.14	0.14	4.72	4.73	132	129	18	18	-	-
OG0002918	915	0.11	9	9	0.15	0.15	4.72	4.7	128	123	18.89	18.89	Cleaves both 3' and 5' ssDNA extremities of branched DNA structures	L
OG0002923	732	0	9	9	0.16	0.16	4.72	4.72	128	128	20.22	20.22	Nuclease-related domain	S
OG0002961	697.5	0.12	7	8	0.16	0.16	4.72	4.72	123	122	19.75	19.75	Nucleotidyltransferase domain	L
OG0003308	195	0.17	6	6	0.21	0.26	4.72	4.53	121	100	26	26	-	-
OG0003330	168	0	4	5	0.31	0.31	4.72	4.72	128	128	39.2	39.2	#N/A	#N/A
OG0003406	228	0	5	5	0.29	0.29	4.72	4.72	129	129	38	38	#N/A	#N/A
OG0003714	159	0	4	4	0.3	0.3	4.72	4.72	118	118	35	35	#N/A	#N/A
OG0000136	1095	0.03	76	130	0.05	0.05	4.73	4.76	420	420	19.81	19.81	Part of the ABC transporter complex PotABCD involved in spermidine putrescine import. Responsible for energy coupling to the transport system	P
OG0000333	1623	0.05	77	82	0.07	0.07	4.73	4.72	254	251	16.68	16.68	Belongs to the BCCT transporter (TC 2.A.15) family	M
OG0000587	792	0.05	77	78	0.05	0.05	4.73	4.73	371	360	17.33	17.33	Metal-dependent hydrolases of the beta-lactamase superfamily I	S
OG0001637	768	0.03	66	67	0.09	0.09	4.73	4.72	230	223	20.04	20.04	"Catalyzes the rearrangement of 1-deoxy-D-xylulose 5- phosphate (DXP) to produce the thiazole phosphate moiety of thiamine. Sulfur is provided by the thiocarboxylate moiety of the carrier protein ThiS. In vitro, sulfur can be provided by H(2)S"	H
OG0001748	1029	0.03	35	58	0.08	0.08	4.73	4.73	206	205	16.64	16.64	Catalyzes the NADPH dependent reduction of D-ribulose 5- phosphate to D-ribitol 5-phosphate	E
OG0001779	1272	0.05	45	55	0.09	0.09	4.73	4.72	202	201	18.56	18.56	Belongs to the UDP-glucose GDP-mannose dehydrogenase family	M
OG0001988	415.5	0.03	36	38	0.09	0.09	4.73	4.75	216	216	19.32	19.32	Winged helix DNA-binding domain	K
OG0002052	1383	0.09	28	34	0.09	0.09	4.73	4.68	183	180	16.26	16.26	COG1115 Na alanine symporter	E
OG0002316	324	0.43	17	21	0.08	0.09	4.73	4.68	128	120	10.52	10.52	Small Multidrug Resistance protein	P
OG0002323	309	0	18	21	0.17	0.17	4.73	4.73	207	207	35.33	35.33	-	-
OG0002336	189	0.14	20	21	0.1	0.11	4.73	4.71	158	153	16.52	16.52	#N/A	#N/A
OG0002385	231	0.11	18	19	0.14	0.15	4.73	4.75	164	162	23.63	23.63	-	-
OG0002679	940.5	0.08	10	12	0.16	0.16	4.73	4.75	133	133	20.67	20.67	-	-
OG0002811	277.5	0.2	10	10	0.13	0.16	4.73	4.5	126	101	16.3	16.3	#N/A	#N/A
OG0002938	273	0.11	8	9	0.16	0.18	4.73	4.67	126	117	20.67	20.67	#N/A	#N/A
OG0003067	189	0	6	7	0.31	0.31	4.73	4.73	135	135	41.57	41.57	#N/A	#N/A
OG0003249	471	0	5	6	0.26	0.26	4.73	4.73	140	140	36.17	36.17	#N/A	#N/A
OG0003256	234	0	6	6	0.29	0.29	4.73	4.73	136	136	39.67	39.67	-	-
OG0003471	477	0	5	5	0.3	0.3	4.73	4.73	126	126	38	38	Recombination protein U	L
OG0000084	1485	0.06	77	159	0.07	0.07	4.74	4.75	285	283	20.65	20.65	Catalyzes the reversible phosphatidyl group transfer from one phosphatidylglycerol molecule to another to form cardiolipin (CL) (diphosphatidylglycerol) and glycerol	I
OG0001824	3984	0.25	30	51	0.05	0.05	4.74	4.74	239	226	11.94	11.94	#N/A	#N/A
OG0002050	822	0.09	33	35	0.09	0.1	4.74	4.7	212	196	19.66	19.66	ABC transporter ATP-binding	V
OG0002140	456	0.8	19	30	0.07	0.15	4.74	4.39	194	91	13.5	13.5	#N/A	#N/A
OG0002247	840	0	22	24	0.09	0.09	4.74	4.74	194	194	18.29	18.29	Binding-protein-dependent transport system inner membrane component	G
OG0002382	1041	0.16	19	19	0.1	0.12	4.74	4.64	159	141	16.32	16.32	"Catalyzes the anaerobic formation of alpha-ketobutyrate and ammonia from threonine in a two-step reaction. The first step involved a dehydration of threonine and a production of enamine intermediates (aminocrotonate), which tautomerizes to its imine form (iminobutyrate). Both intermediates are unstable and short- lived. The second step is the nonenzymatic hydrolysis of the enamine imine intermediates to form 2-ketobutyrate and free ammonia. In the low water environment of the cell, the second step is accelerated by RidA"	E
OG0002454	759	0	14	17	0.13	0.13	4.74	4.74	144	144	18.35	18.35	-	-
OG0002772	702	0.09	10	11	0.21	0.21	4.74	4.75	169	165	35.18	35.18	AAA domain	S
OG0002906	618	0	8	9	0.16	0.16	4.74	4.74	128	128	20.22	20.22	NADPH-dependent FMN reductase	S
OG0003027	501	0.12	7	8	0.16	0.16	4.74	4.72	122	119	19.25	19.25	#N/A	#N/A
OG0003079	177	0.14	7	7	0.2	0.2	4.74	4.74	134	132	26.71	26.71	#N/A	#N/A
OG0003086	1506	0	6	7	0.15	0.15	4.74	4.74	118	118	18.29	18.29	FAD binding domain	CH
OG0003187	283.5	0	5	6	0.23	0.23	4.74	4.74	135	135	31.5	31.5	-	-
OG0003315	178.5	0.33	5	6	0.25	0.34	4.74	4.49	139	103	34.67	34.67	#N/A	#N/A
OG0003613	291	0.25	4	4	0.26	0.3	4.74	4.59	116	100	30.5	30.5	#N/A	#N/A
OG0001472	1599	0.03	61	75	0.07	0.07	4.75	4.75	283	282	19.75	19.75	Gamma-glutamyltranspeptidase	E
OG0001568	1753.5	0.04	56	72	0.07	0.07	4.75	4.76	246	245	18.26	18.26	Member of the two-component regulatory system LytR LytS that probably regulates genes involved in cell wall metabolism	T
OG0001660	816	0.02	65	65	0.08	0.08	4.75	4.75	201	201	16.77	16.77	"Bifunctional serine threonine kinase and phosphorylase involved in the regulation of the pyruvate, phosphate dikinase (PPDK) by catalyzing its phosphorylation dephosphorylation"	S
OG0001831	2607	0.02	48	50	0.08	0.08	4.75	4.74	235	233	19.46	19.46	Belongs to the UPF0753 family	S
OG0002060	862.5	0.09	31	34	0.1	0.1	4.75	4.7	191	181	18.56	18.56	"Catalyzes the N-deacetylation of poly-beta-1,6-N-acetyl- D-glucosamine (PNAG, also referred to as PIA), a biofilm adhesin polysaccharide"	G
OG0002520	363	0	12	16	0.15	0.15	4.75	4.75	174	174	25.62	25.62	-	-
OG0002650	1518	0.08	13	13	0.12	0.13	4.75	4.7	151	143	18.54	18.54	Major Facilitator Superfamily	P
OG0002741	228	0.27	9	11	0.14	0.15	4.75	4.68	131	115	17.82	17.82	-	-
OG0002742	1011	0.09	10	11	0.14	0.15	4.75	4.67	130	119	18	18	YheC/D like ATP-grasp	HJ
OG0002750	159	0	11	11	0.13	0.13	4.75	4.75	133	133	17.55	17.55	-	-
OG0002827	1209	0	7	10	0.22	0.22	4.75	4.75	137	137	30.5	30.5	"Phage terminase, large subunit"	S
OG0002898	294	0	9	9	0.16	0.16	4.75	4.75	126	126	20.11	20.11	Antibiotic biosynthesis monooxygenase	S
OG0002946	216	0	7	8	0.14	0.14	4.75	4.75	121	121	16.75	16.75	#N/A	#N/A
OG0003062	231	0.14	7	7	0.23	0.24	4.75	4.73	138	134	32.43	32.43	#N/A	#N/A
OG0000200	657	0.06	74	105	0.06	0.06	4.76	4.77	342	341	18.82	18.82	NmrA-like family	GM
OG0000794	858	0.05	75	77	0.09	0.09	4.76	4.75	217	215	19.73	19.73	Fructosamine kinase	G
OG0001758	1095	0.04	53	57	0.08	0.08	4.76	4.74	266	266	21.35	21.35	Histidine kinase	T
OG0002334	1353	0.05	19	21	0.11	0.11	4.76	4.76	169	166	18.24	18.24	Dihydrolipoyl dehydrogenase	C
OG0002392	216	0.11	19	19	0.11	0.12	4.76	4.74	157	153	17.68	17.68	Nucleic-acid-binding protein containing Zn-ribbon domain (DUF2082)	S
OG0002526	1470	0.06	14	16	0.11	0.11	4.76	4.74	147	143	15.44	15.44	DNA mismatch repair enzyme MutH	L
OG0002619	919.5	0.14	14	14	0.11	0.12	4.76	4.71	150	137	16.29	16.29	Flavin transferase that catalyzes the transfer of the FMN moiety of FAD and its covalent binding to the hydroxyl group of a threonine residue in a target flavoprotein	H
OG0002631	1185	0	13	13	0.13	0.13	4.76	4.76	142	142	18.46	18.46	-	-
OG0002926	1977	0	8	9	0.14	0.14	4.76	4.76	129	129	17.44	17.44	Acyltransferase family	EI
OG0000397	603	0.05	77	80	0.08	0.08	4.77	4.76	218	217	17.43	17.43	COG3764 Sortase (surface protein transpeptidase)	M
OG0001379	1467	0.01	77	77	0.06	0.06	4.77	4.77	361	361	20.31	20.31	"Catalyzes the conversion of inosine 5'-phosphate (IMP) to xanthosine 5'-phosphate (XMP), the first committed and rate- limiting step in the de novo synthesis of guanine nucleotides, and therefore plays an important role in the regulation of cell growth"	F
OG0002282	756	0	20	23	0.1	0.1	4.77	4.77	175	175	18.26	18.26	helix_turn_helix isocitrate lyase regulation	K
OG0002383	1119	0.16	19	19	0.1	0.12	4.77	4.67	163	145	16.95	16.95	"Alanine dehydrogenase/PNT, C-terminal domain"	C
OG0002490	429	0.82	12	17	0.1	0.3	4.77	3.91	158	54	16	16	-	-
OG0002546	201	0.07	15	15	0.12	0.13	4.77	4.75	148	146	18.47	18.47	-	-
OG0002725	471	0.17	11	12	0.14	0.16	4.77	4.64	154	137	21.92	21.92	DinB superfamily	S
OG0002773	504	0.09	10	11	0.21	0.22	4.77	4.77	175	171	37.09	37.09	Protein of unknown function (DUF669)	S
OG0002896	975	0	8	9	0.13	0.13	4.77	4.77	131	131	17.67	17.67	Arginase family	E
OG0003282	175.5	0	6	6	0.29	0.29	4.77	4.77	143	143	41.17	41.17	#N/A	#N/A
OG0000129	816	0.03	77	134	0.06	0.06	4.78	4.78	383	380	22.57	22.57	Belongs to the nlpA lipoprotein family	M
OG0000740	2376	0.05	77	78	0.06	0.06	4.78	4.76	389	379	23.24	23.24	3'-5' exoribonuclease that releases 5'-nucleoside monophosphates and is involved in maturation of structured RNAs	J
OG0002011	885	0	33	37	0.1	0.1	4.78	4.78	205	205	20.05	20.05	"COG COG0846 NAD-dependent protein deacetylases, SIR2 family"	K
OG0002144	340.5	0.13	19	30	0.1	0.1	4.78	4.84	222	221	22.73	22.73	-	-
OG0002620	435	0.07	14	14	0.12	0.13	4.78	4.73	152	145	18.29	18.29	Divergent 4Fe-4S mono-cluster	S
OG0002752	315	0.09	11	11	0.15	0.16	4.78	4.65	137	121	19.91	19.91	-	-
OG0002899	303	0.22	8	9	0.18	0.19	4.78	4.76	141	132	25.11	25.11	-	-
OG0002902	447	0	8	9	0.22	0.22	4.78	4.78	157	157	35.11	35.11	-	-
OG0002933	168	0.22	9	9	0.14	0.15	4.78	4.72	130	117	18	18	#N/A	#N/A
OG0003078	972	0.14	7	7	0.2	0.2	4.78	4.77	139	137	28	28	#N/A	#N/A
OG0003171	967.5	0	6	6	0.17	0.17	4.78	4.78	120	120	20.17	20.17	#N/A	#N/A
OG0000029	135	0.13	74	255	0.03	0.03	4.79	4.76	575	528	17.87	17.87	antibacterial protein	S
OG0001382	297	0.04	77	77	0.06	0.06	4.79	4.8	325	324	20.26	20.26	Binds together with S18 to 16S ribosomal RNA	J
OG0001942	766.5	0.05	41	42	0.07	0.08	4.79	4.71	257	241	18.71	18.71	haloacid dehalogenase-like hydrolase	S
OG0002039	408	0.09	33	35	0.08	0.08	4.79	4.81	242	237	18.51	18.51	SpoOM protein	S
OG0002085	381	0.82	20	33	0.06	0.12	4.79	4.48	206	100	12.39	12.39	Bacterial mobilisation protein (MobC)	S
OG0002216	1503	0.04	15	25	0.11	0.12	4.79	4.73	174	164	19.48	19.48	Staphylococcus aureus coagulase	S
OG0002597	603	0	10	14	0.13	0.13	4.79	4.79	149	149	18.71	18.71	-	-
OG0002638	372	0.15	13	13	0.12	0.13	4.79	4.73	136	128	16.92	16.92	-	-
OG0002746	636	0	11	11	0.14	0.14	4.79	4.79	140	140	19.64	19.64	ABC transporter	V
OG0002974	724.5	0.12	8	8	0.15	0.18	4.79	4.64	131	112	20	20	NADP oxidoreductase coenzyme F420-dependent	S
OG0000143	447	0.03	70	127	0.07	0.07	4.8	4.77	310	310	21.55	21.55	Ribose 5-phosphate isomerase	G
OG0000312	510	0.05	46	85	0.08	0.09	4.8	4.72	240	223	19.04	19.04	#N/A	#N/A
OG0001393	480	0.05	76	76	0.05	0.05	4.8	4.8	372	360	16.95	16.95	Specifically methylates the pseudouridine at position 1915 (m3Psi1915) in 23S rRNA	J
OG0001596	1002	0.03	67	70	0.08	0.08	4.8	4.79	254	246	20.16	20.16	COG0476 Dinucleotide-utilizing enzymes involved in molybdopterin and thiamine biosynthesis family 2	H
OG0002487	1884	0.06	11	17	0.13	0.13	4.8	4.8	162	161	21.41	21.41	Mga helix-turn-helix domain	K
OG0002998	541.5	0	7	8	0.14	0.14	4.8	4.8	134	134	19.25	19.25	-	-
OG0003073	180	0	7	7	0.16	0.16	4.8	4.8	127	127	19.86	19.86	#N/A	#N/A
OG0000081	748.5	0.05	77	164	0.07	0.07	4.81	4.82	274	273	18.49	18.49	CAAX protease self-immunity	S
OG0000124	924	0.03	77	135	0.06	0.06	4.81	4.79	344	343	20.43	20.43	Belongs to the carbohydrate kinase PfkB family. LacC subfamily	H
OG0001769	651	0.07	47	56	0.08	0.09	4.81	4.71	218	196	18.5	18.5	"HAD hydrolase, family IA, variant 1"	S
OG0002138	1260	0.13	26	30	0.08	0.08	4.81	4.81	194	193	15.87	15.87	PTS system sugar-specific permease component	G
OG0002341	528	0	20	20	0.11	0.11	4.81	4.81	164	164	18.4	18.4	-	-
OG0002343	1380	0	12	20	0.11	0.11	4.81	4.81	174	174	18.35	18.35	LXG domain of WXG superfamily	S
OG0002347	1590	0.15	18	20	0.11	0.12	4.81	4.77	171	158	19.15	19.15	Exporter of polyketide antibiotics	M
OG0002395	678	0.05	14	19	0.12	0.13	4.81	4.79	155	152	19.32	19.32	LPXTG cell wall anchor motif	S
OG0002426	711	0.06	15	18	0.13	0.15	4.81	4.68	161	139	20.72	20.72	RibD C-terminal domain	H
OG0002535	150	0.07	12	15	0.22	0.22	4.81	4.81	179	179	39.33	39.33	#N/A	#N/A
OG0002579	858	0	12	15	0.13	0.13	4.81	4.81	147	147	19.2	19.2	"Helix-turn-helix domain, rpiR family"	K
OG0002705	202.5	0.08	12	12	0.13	0.14	4.81	4.78	134	130	17.83	17.83	-	-
OG0002778	738	0.09	11	11	0.13	0.13	4.81	4.83	141	141	18.64	18.64	Acetoacetate decarboxylase (ADC)	Q
OG0002856	183	0.2	8	10	0.18	0.19	4.81	4.74	137	130	25.3	25.3	#N/A	#N/A
OG0002955	195	0	8	8	0.21	0.21	4.81	4.81	156	156	32.38	32.38	Helix-turn-helix	K
OG0002975	204	0	8	8	0.23	0.23	4.81	4.81	163	163	38.25	38.25	#N/A	#N/A
OG0003016	889.5	0	3	8	0.14	0.14	4.81	4.81	128	128	18.38	18.38	Nuclease-related domain	S
OG0000166	1278	0.08	76	118	0.06	0.06	4.82	4.81	298	290	18.58	18.58	Belongs to the dicarboxylate amino acid cation symporter (DAACS) (TC 2.A.23) family	C
OG0001523	237	0.07	59	74	0.09	0.09	4.82	4.8	298	298	26.09	26.09	-	-
OG0001902	441	0.04	45	45	0.09	0.09	4.82	4.82	230	228	19.58	19.58	Electron transfer DM13	S
OG0002192	685.5	0	25	26	0.09	0.09	4.82	4.82	196	196	17.15	17.15	Catalyzes the transformation of pimelate into pimeloyl- CoA with concomitant hydrolysis of ATP to AMP	H
OG0002576	1419	0.07	15	15	0.12	0.13	4.82	4.73	160	147	19.2	19.2	Pyridoxal-dependent decarboxylase conserved domain	E
OG0002604	477	0.07	11	14	0.12	0.12	4.82	4.79	150	145	18	18	HNH nucleases	L
OG0002711	562.5	0	12	12	0.14	0.14	4.82	4.82	150	150	20.58	20.58	-	-
OG0002767	453	0	10	11	0.15	0.15	4.82	4.82	145	145	21.09	21.09	MarR family transcriptional regulator	K
OG0002853	184.5	0.4	8	10	0.14	0.19	4.82	4.49	134	94	18.1	18.1	#N/A	#N/A
OG0002991	219	0.12	6	8	0.24	0.24	4.82	4.82	159	157	37.75	37.75	#N/A	#N/A
OG0003692	457.5	0	4	4	0.29	0.29	4.82	4.82	130	130	37.5	37.5	-	-
OG0000379	1650	0.07	77	81	0.06	0.06	4.83	4.84	275	274	16.81	16.81	"Catalyzes the interconversion between glucose-6- phosphate and alpha-glucose-1-phosphate. This is the first step in the biosynthesis of diglucosyl-diacylglycerol (Glc2-DAG), i.e. a glycolipid found in the membrane, which is also used as a membrane anchor for lipoteichoic acid (LTA) (By similarity)"	G
OG0001847	622.5	0	35	48	0.08	0.08	4.83	4.83	250	250	18.98	18.98	KDPG and KHG aldolase	G
OG0002109	366	0.03	21	32	0.1	0.1	4.83	4.8	206	198	19.97	19.97	-	-
OG0002147	1275	0.07	25	29	0.16	0.17	4.83	4.84	217	216	35.72	35.72	Terminase RNAseH like domain	S
OG0002394	207	0.26	13	19	0.15	0.15	4.83	4.87	171	166	25.53	25.53	-	-
OG0002674	274.5	0.17	11	12	0.12	0.12	4.83	4.87	149	147	17.58	17.58	Transcriptional regulator	K
OG0002709	2616	0.17	11	12	0.12	0.12	4.83	4.81	147	145	17.42	17.42	ATPase family associated with various cellular activities (AAA)	O
OG0002858	558	0.1	10	10	0.13	0.15	4.83	4.72	146	132	19.4	19.4	NADPH-dependent FMN reductase	S
OG0003131	177	0.14	6	7	0.15	0.15	4.83	4.81	127	125	19.14	19.14	PFAM ABC transporter related	E
OG0003145	672	0.29	5	7	0.16	0.19	4.83	4.68	131	110	21	21	Cytochrome P450	Q
OG0000588	705	0	16	78	0.05	0.05	4.84	4.84	254	254	13.41	13.41	Staphylococcal superantigen-like OB-fold domain	S
OG0001530	891	0.03	71	73	0.07	0.07	4.84	4.82	237	236	15.68	15.68	Belongs to the class I fructose-bisphosphate aldolase family	G
OG0001670	669	0.05	63	64	0.07	0.08	4.84	4.84	261	258	19.53	19.53	Converts N-acetylmannosamine-6-phosphate (ManNAc-6-P) to N-acetylglucosamine-6-phosphate (GlcNAc-6-P)	G
OG0001763	93	0.07	36	57	0.07	0.07	4.84	4.83	297	287	19.58	19.58	#N/A	#N/A
OG0001787	1374	0.02	47	54	0.07	0.08	4.84	4.8	264	254	19.69	19.69	Belongs to the DNA photolyase family	L
OG0001985	1237.5	0.05	27	38	0.11	0.12	4.84	4.81	269	256	30.92	30.92	Phage portal protein	S
OG0002207	363	0	25	26	0.14	0.14	4.84	4.84	238	238	33.77	33.77	-	-
OG0002691	922.5	0.08	7	12	0.13	0.13	4.84	4.8	142	137	18.17	18.17	#N/A	#N/A
OG0002829	264	0	7	10	0.25	0.25	4.84	4.84	157	157	39.7	39.7	-	-
OG0002883	675	0.11	8	9	0.15	0.15	4.84	4.86	140	140	21.22	21.22	Transcriptional	K
OG0003076	234	0	6	7	0.23	0.23	4.84	4.84	159	159	36	36	#N/A	#N/A
OG0001283	465	0.05	77	77	0.05	0.06	4.85	4.83	392	380	21.36	21.36	"Required for rescue of stalled ribosomes mediated by trans-translation. Binds to transfer-messenger RNA (tmRNA), required for stable association of tmRNA with ribosomes. tmRNA and SmpB together mimic tRNA shape, replacing the anticodon stem-loop with SmpB. tmRNA is encoded by the ssrA gene"	O
OG0001761	1233	0.04	46	57	0.06	0.06	4.85	4.86	274	273	17.23	17.23	Major Facilitator Superfamily	G
OG0001872	756	0.04	47	47	0.08	0.08	4.85	4.86	213	212	16.77	16.77	"Activation of pyruvate formate-lyase under anaerobic conditions by generation of an organic free radical, using S- adenosylmethionine and reduced flavodoxin as cosubstrates to produce 5'-deoxy-adenosine"	H
OG0001909	462	0.07	42	44	0.07	0.07	4.85	4.85	254	246	17.32	17.32	Regulates arginine biosynthesis genes	K
OG0002068	564	0	23	34	0.1	0.1	4.85	4.85	195	195	19.97	19.97	RibD C-terminal domain	H
OG0002105	963	0.81	20	31	0.06	0.13	4.85	4.47	212	100	12.87	12.87	Relaxase/Mobilisation nuclease domain	D
OG0002153	609	0.07	27	29	0.1	0.11	4.85	4.75	210	189	20.07	20.07	ubiE/COQ5 methyltransferase family	Q
OG0002353	775.5	0	8	20	0.12	0.12	4.85	4.85	162	162	18.9	18.9	"Staphylococcal/Streptococcal toxin, OB-fold domain"	S
OG0002427	759	0.17	17	18	0.11	0.13	4.85	4.7	171	142	19.11	19.11	KR domain	IQ
OG0002820	847.5	0	8	10	0.15	0.15	4.85	4.85	140	140	20.4	20.4	#N/A	#N/A
OG0002928	1665	0	8	9	0.14	0.14	4.85	4.85	136	136	18.67	18.67	"Catalyzes a two-step reaction, first charging an arginine molecule by linking its carboxyl group to the alpha-phosphate of ATP, followed by transfer of the aminoacyl-adenylate to its tRNA"	J
OG0003255	228	0.17	6	6	0.24	0.29	4.85	4.71	151	128	36.83	36.83	#N/A	#N/A
OG0000212	564	0.09	76	102	0.06	0.06	4.86	4.84	382	364	21.2	21.2	Acetyltransferase (GNAT) domain	K
OG0000278	796.5	0.03	65	90	0.07	0.07	4.86	4.85	271	270	20	20	Bacterial periplasmic substrate-binding proteins	ET
OG0001659	1995	0.03	57	65	0.09	0.09	4.86	4.85	220	218	19.54	19.54	transporter of a GTP-driven Fe(2 ) uptake system	P
OG0001725	732	0.03	55	59	0.07	0.07	4.86	4.84	296	296	20.88	20.88	ABC transporter (permease)	V
OG0001906	195	0	24	45	0.09	0.09	4.86	4.86	245	245	22.13	22.13	-	-
OG0001917	1788	0.07	34	44	0.07	0.07	4.86	4.83	279	272	20	20	Domain of unknown function (DUF927)	L
OG0001949	1893	0.02	20	42	0.1	0.11	4.86	4.84	213	205	21.83	21.83	Belongs to the 'phage' integrase family	L
OG0002268	1776	0	22	23	0.1	0.1	4.86	4.86	186	186	18.04	18.04	MCRA family	S
OG0002559	585	0.2	13	15	0.11	0.13	4.86	4.7	154	128	16.8	16.8	Transcriptional regulator	K
OG0002764	261	0.36	8	11	0.13	0.18	4.86	4.57	144	105	19	19	#N/A	#N/A
OG0002812	345	0	10	10	0.14	0.14	4.86	4.86	153	153	22	22	Protein of unknown function (DUF3969)	S
OG0002869	381	0	9	9	0.22	0.22	4.86	4.86	165	165	36.44	36.44	DNA packaging	S
OG0002930	678	0	8	9	0.14	0.14	4.86	4.86	145	145	20.33	20.33	Enoyl-(Acyl carrier protein) reductase	S
OG0003049	303	0	5	7	0.22	0.22	4.86	4.86	153	153	33.29	33.29	#N/A	#N/A
OG0003165	468	0.17	5	6	0.17	0.19	4.86	4.78	131	119	22.83	22.83	#N/A	#N/A
OG0000056	720	0.12	76	199	0.05	0.05	4.87	4.88	362	349	17.84	17.84	ABC transporter	P
OG0000218	207	0.12	77	100	0.05	0.06	4.87	4.76	324	298	17.41	17.41	Chaperone that serves for the intracellular sequestration and transport of Cu( ). Delivers Cu( ) to the copper-exporting P-type ATPase A (CopA) (By similarity)	P
OG0000313	867	0.02	67	84	0.06	0.06	4.87	4.88	332	331	19.68	19.68	Alpha/beta hydrolase of unknown function (DUF915)	S
OG0000780	1542	0.01	77	78	0.05	0.05	4.87	4.88	372	372	20.27	20.27	Catalyzes the synthesis of GMP from XMP	F
OG0001915	1140	0	41	44	0.08	0.08	4.87	4.87	222	222	17.93	17.93	Bacterial capsule synthesis protein PGA_cap	M
OG0002150	951	0.1	26	29	0.09	0.11	4.87	4.68	211	174	19.9	19.9	Protein of unknown function (DUF1002)	S
OG0002314	750	0.05	20	21	0.12	0.12	4.87	4.86	182	182	22.05	22.05	Amidohydrolase	S
OG0002434	375	0.22	14	18	0.09	0.11	4.87	4.74	181	152	17	17	-	-
OG0002592	730.5	0.21	11	14	0.13	0.13	4.87	4.85	148	143	19.29	19.29	Peptidase family M48	O
OG0002600	219	0	14	14	0.19	0.19	4.87	4.87	204	204	38.93	38.93	-	-
OG0002614	243	0.21	14	14	0.12	0.16	4.87	4.63	163	126	19.71	19.71	-	-
OG0002668	1194	0.17	12	12	0.12	0.14	4.87	4.72	151	128	18.42	18.42	Pyridine nucleotide-disulphide oxidoreductase	S
OG0002925	612	0	9	9	0.13	0.13	4.87	4.87	150	150	19.89	19.89	-	-
OG0000230	1401	0.03	58	97	0.06	0.06	4.88	4.88	332	329	20.8	20.8	proline betaine transporter	EGP
OG0001815	1965	0.06	51	51	0.06	0.07	4.88	4.82	246	234	15.94	15.94	-	-
OG0001848	357	0.06	47	48	0.09	0.09	4.88	4.85	221	212	18.85	18.85	"Protein of unknown function, DUF488"	S
OG0001919	978	0	12	44	0.1	0.1	4.88	4.88	180	180	18.43	18.43	cell killing	M
OG0001972	1455	0.28	38	39	0.08	0.08	4.88	4.9	228	211	17.85	17.85	Carbon starvation protein	T
OG0002180	219	0.07	27	27	0.1	0.1	4.88	4.9	185	184	19.3	19.3	-	-
OG0002236	945	0.04	21	24	0.1	0.11	4.88	4.87	172	170	17.92	17.92	Conserved TM helix	M
OG0002433	525	0.33	14	18	0.09	0.13	4.88	4.62	182	133	17.06	17.06	Thioesterase superfamily	I
OG0002662	1101	0.46	9	13	0.12	0.18	4.88	4.52	153	102	18.85	18.85	Iron-containing alcohol dehydrogenase	C
OG0002731	243	0.09	11	11	0.12	0.12	4.88	4.85	142	137	16.91	16.91	#N/A	#N/A
OG0002794	234	0.1	9	10	0.18	0.18	4.88	4.88	171	170	30.6	30.6	Helix-turn-helix XRE-family like proteins	K
OG0002808	285	0	9	10	0.12	0.12	4.88	4.88	154	154	17.9	17.9	-	-
OG0002819	315	0	6	10	0.24	0.24	4.88	4.88	170	170	40.1	40.1	Protein of unknown function (DUF1140)	S
OG0001642	381	0.06	55	66	0.08	0.09	4.89	4.81	252	229	19.56	19.56	member of glyoxalase bleomycin resistance protein family	S
OG0001817	438	0	49	51	0.07	0.07	4.89	4.89	237	237	16.43	16.43	enzyme involved in biosynthesis of extracellular polysaccharides	S
OG0001879	222	0.02	28	47	0.06	0.06	4.89	4.9	292	292	18.79	18.79	-	-
OG0001905	852	0.02	44	45	0.08	0.08	4.89	4.85	231	222	17.76	17.76	RmlD substrate binding domain	GM
OG0002242	1167	0.04	19	24	0.11	0.11	4.89	4.91	173	173	19.42	19.42	"Cysteine protease able to cleave elastin, insulin, myoglobin, fibronectin, fibrinogen, HMW-kininogen, alpha-1- protease inhibitor and alpha-1-antitrypsin. Along with other extracellular proteases may contribute to the colonization and infection of human tissues (By similarity)"	M
OG0002696	219	0	7	12	0.23	0.23	4.89	4.89	177	177	41.5	41.5	#N/A	#N/A
OG0002843	253.5	0	7	10	0.15	0.15	4.89	4.89	156	156	22.7	22.7	-	-
OG0002941	963	0	9	9	0.15	0.15	4.89	4.89	145	145	21.89	21.89	Nitronate monooxygenase	S
OG0002990	402	0.25	7	8	0.16	0.21	4.89	4.61	144	108	22.88	22.88	-	-
OG0000101	1596	0.05	72	148	0.04	0.05	4.9	4.83	393	364	16.56	16.56	COG0365 Acyl-coenzyme A synthetases AMP-(fatty) acid ligases	I
OG0001524	342	0.07	44	74	0.06	0.06	4.9	4.89	337	327	19.7	19.7	Pfam:DUF950	S
OG0001525	312	0.08	45	74	0.06	0.06	4.9	4.89	336	323	19.45	19.45	Staphylococcal protein of unknown function (DUF960)	L
OG0001638	2628	0.01	65	67	0.08	0.08	4.9	4.89	236	236	18.51	18.51	Belongs to the PEP-utilizing enzyme family	G
OG0001840	687	0.04	45	49	0.08	0.08	4.9	4.9	263	261	19.98	19.98	"Transcriptional regulatory protein, C terminal"	KT
OG0001885	972	0	35	46	0.07	0.07	4.9	4.9	263	263	19.11	19.11	pfkB family carbohydrate kinase	G
OG0001908	690	0.07	42	44	0.07	0.07	4.9	4.89	268	258	18.23	18.23	thus playing an essential role in arginine catabolism. May also control the expression of genes encoding proteins which are involved in anaerobic metabolism. Can bind cyclic AMP	K
OG0002826	907.5	0	9	10	0.17	0.17	4.9	4.9	169	169	29.2	29.2	-	-
OG0000140	459	0.03	76	128	0.04	0.04	4.91	4.9	445	438	18.16	18.16	transcriptional	K
OG0001777	690	0.02	38	55	0.07	0.07	4.91	4.91	261	261	18.91	18.91	ATPase MipZ	D
OG0001850	2250	0.04	48	48	0.08	0.08	4.91	4.91	225	224	17.98	17.98	formate C-acetyltransferase activity	C
OG0001869	285	0.04	47	47	0.08	0.08	4.91	4.89	227	224	17.43	17.43	"PTS system, Lactose/Cellobiose specific IIB subunit"	G
OG0002070	1150.5	0.03	28	34	0.08	0.08	4.91	4.91	230	230	18.35	18.35	Belongs to the DegT DnrJ EryC1 family	E
OG0002167	201	0.04	25	28	0.08	0.08	4.91	4.92	255	255	19.93	19.93	-	-
OG0002437	1609.5	0.11	14	18	0.1	0.11	4.91	4.85	177	170	18.5	18.5	Domain of unknown function (DUF4041)	D
OG0002547	435	0	7	15	0.11	0.11	4.91	4.91	161	161	18.2	18.2	MAP domain	S
OG0002566	273	0	12	15	0.16	0.16	4.91	4.91	193	193	30.13	30.13	-	-
OG0002598	672	0	14	14	0.12	0.12	4.91	4.91	163	163	18.86	18.86	Glutamine amidotransferase class-I	F
OG0002813	1764	0.1	10	10	0.13	0.13	4.91	4.87	148	140	18.8	18.8	AAA ATPase domain	L
OG0002872	435	0	8	9	0.15	0.15	4.91	4.91	150	150	21.78	21.78	Predicted membrane protein (DUF2335)	S
OG0002944	162	0	5	8	0.24	0.24	4.91	4.91	170	170	41.12	41.12	#N/A	#N/A
OG0000105	474	0.07	77	146	0.06	0.06	4.92	4.91	323	314	19.95	19.95	Thioesterase-like superfamily	S
OG0000177	696	0.05	76	114	0.04	0.04	4.92	4.92	462	452	20.09	20.09	Transcriptional regulator	K
OG0001722	1851	0.02	57	59	0.08	0.08	4.92	4.92	226	224	17.53	17.53	ribonucleoside-triphosphate reductase	F
OG0001834	1236	0.06	44	49	0.07	0.07	4.92	4.92	277	269	18.35	18.35	Arginine	E
OG0001990	954	0	26	38	0.08	0.08	4.92	4.92	236	236	18.32	18.32	ABC transporter	P
OG0002275	486	0.04	23	23	0.09	0.1	4.92	4.84	182	166	16.83	16.83	Acetyltransferase (GNAT) domain	K
OG0002647	633	0.23	12	13	0.19	0.2	4.92	4.91	191	180	35.46	35.46	-	-
OG0002958	918	0	7	8	0.22	0.22	4.92	4.92	176	176	38.12	38.12	RecT protein	L
OG0001390	504	0.08	45	77	0.06	0.06	4.93	4.93	350	337	19.49	19.49	Protein of unknown function (DUF1643)	V
OG0002090	612	0	23	33	0.09	0.09	4.93	4.93	208	208	19	19	Serine threonine protein	T
OG0002142	696	0.07	24	30	0.09	0.09	4.93	4.94	196	192	18.2	18.2	Class II Aldolase and Adducin N-terminal domain	G
OG0002217	381	0.04	25	25	0.1	0.11	4.93	4.86	199	184	20.32	20.32	-	-
OG0002255	582	0.25	23	24	0.07	0.08	4.93	4.85	217	187	15.79	15.79	Type I restriction modification DNA specificity domain	V
OG0002265	393	0.09	23	23	0.11	0.13	4.93	4.77	175	148	19	19	-	-
OG0002494	918	0	13	16	0.11	0.11	4.93	4.93	180	180	19.75	19.75	Histidine kinase	T
OG0002730	255	0	5	12	0.21	0.21	4.93	4.93	182	182	37.83	37.83	#N/A	#N/A
OG0002765	360	0.09	10	11	0.12	0.13	4.93	4.86	148	139	17.55	17.55	-	-
OG0002849	969	0.1	8	10	0.16	0.16	4.93	4.93	157	156	25.1	25.1	Protein of unknown function (DUF3644)	S
OG0002887	141	0.11	6	9	0.2	0.22	4.93	4.83	173	155	34.56	34.56	-	-
OG0000095	717	0.02	77	152	0.04	0.04	4.94	4.92	503	484	18.82	18.82	Methyltransferase required for the conversion of demethylmenaquinol (DMKH2) to menaquinol (MKH2)	H
OG0001585	762	0.06	60	70	0.07	0.07	4.94	4.93	297	283	19.63	19.63	Tributyrin esterase	S
OG0001651	765	0.03	41	65	0.08	0.08	4.94	4.94	246	245	18.72	18.72	Capsular polysaccharide biosynthesis protein	GM
OG0001858	705	0.08	48	48	0.08	0.08	4.94	4.93	240	235	19.96	19.96	Protein of unknown function (DUF969)	S
OG0002046	1236	0.09	34	35	0.08	0.09	4.94	4.85	207	189	16.71	16.71	Putative glycosyl hydrolase domain	S
OG0002091	315	0.09	29	32	0.08	0.09	4.94	4.88	209	190	17.38	17.38	Protein conserved in bacteria	S
OG0002097	267	0.06	32	32	0.09	0.09	4.94	4.97	208	208	18.62	18.62	Putative regulatory protein	S
OG0002112	447	0.13	30	31	0.09	0.09	4.94	5	220	217	19.84	19.84	ASCH	S
OG0002221	810	0.04	17	25	0.1	0.11	4.94	4.88	206	193	20.8	20.8	Putative ATP-dependent DNA helicase recG C-terminal	K
OG0002237	981	0.12	19	24	0.08	0.09	4.94	4.83	210	186	17.54	17.54	Tripartite tricarboxylate transporter family receptor	S
OG0002248	618	0	20	24	0.08	0.08	4.94	4.94	223	223	18.33	18.33	FCD	K
OG0002388	1359	0.05	11	19	0.1	0.1	4.94	4.94	223	222	22.53	22.53	COG1674 DNA segregation ATPase FtsK SpoIIIE and related proteins	D
OG0002435	732	0.28	12	18	0.1	0.11	4.94	4.82	185	167	17.89	17.89	Belongs to the class I-like SAM-binding methyltransferase superfamily. rRNA adenine N(6)-methyltransferase family	J
OG0002758	285	0	8	11	0.24	0.24	4.94	4.94	173	173	41.55	41.55	-	-
OG0003089	186	0.43	7	7	0.19	0.29	4.94	4.55	154	102	29.14	29.14	"HicA toxin of bacterial toxin-antitoxin,"	N
OG0000241	255	0.01	77	95	0.05	0.05	4.95	4.96	404	404	21.05	21.05	Transglycosylase associated protein	S
OG0001789	594	0.04	36	54	0.07	0.07	4.95	4.94	268	263	18.56	18.56	Bacterial sugar transferase	M
OG0001877	375	0.02	47	47	0.08	0.08	4.95	4.94	226	225	17.98	17.98	Domain of unknown function (DU1801)	S
OG0002016	303	0.14	29	37	0.09	0.09	4.95	5.01	261	260	22.89	22.89	Protein of unknown function (DUF1474)	S
OG0002198	652.5	0.04	26	26	0.1	0.11	4.95	4.89	205	191	20.27	20.27	-	-
OG0002475	1287	0.12	17	17	0.11	0.11	4.95	4.91	179	168	19.18	19.18	Major Facilitator Superfamily	EGP
OG0003077	168	0	6	7	0.21	0.21	4.95	4.95	169	169	36.14	36.14	#N/A	#N/A
OG0003097	465	0.14	7	7	0.2	0.21	4.95	4.89	159	150	31.86	31.86	transposase activity	L
OG0001733	537	0.02	56	58	0.07	0.07	4.96	4.96	231	229	16.4	16.4	"Activation of anaerobic ribonucleoside-triphosphate reductase under anaerobic conditions by generation of an organic free radical, using S-adenosylmethionine and reduced flavodoxin as cosubstrates to produce 5'-deoxy-adenosine"	O
OG0002078	297	0.09	22	33	0.07	0.07	4.96	4.98	246	241	17.27	17.27	SPP1 phage holin	S
OG0002232	1965	0.08	20	24	0.1	0.11	4.96	4.89	203	184	19.54	19.54	Protein of unknown function (DUF1430)	S
OG0002322	405	0	19	21	0.17	0.17	4.96	4.96	249	249	42.67	42.67	Protein of unknown function (DUF1064)	S
OG0002324	246	0.05	19	21	0.1	0.1	4.96	4.92	188	180	18.48	18.48	-	-
OG0002384	390	0.16	17	19	0.1	0.11	4.96	4.88	175	160	18	18	Tautomerase enzyme	S
OG0002550	297	0	15	15	0.11	0.11	4.96	4.96	164	164	17.53	17.53	TfoX N-terminal domain	K
OG0002667	495	0.25	12	12	0.11	0.14	4.96	4.72	158	124	17.67	17.67	-	-
OG0002838	639	0.2	10	10	0.13	0.15	4.96	4.86	152	134	20	20	HD domain	S
OG0002844	427.5	0.1	9	10	0.13	0.15	4.96	4.82	158	137	20	20	Preprotein translocase subunit SecB	U
OG0000117	984	0.06	77	139	0.04	0.04	4.97	5.01	429	427	18.11	18.11	"COG4594 ABC-type Fe3 -citrate transport system, periplasmic component"	P
OG0000204	186	0.05	77	104	0.05	0.05	4.97	4.97	413	407	19.45	19.45	Belongs to the UPF0337 (CsbD) family	S
OG0001381	243	0.04	77	77	0.06	0.06	4.97	4.98	347	345	21.01	21.01	"Binds as a heterodimer with protein S6 to the central domain of the 16S rRNA, where it helps stabilize the platform of the 30S subunit"	J
OG0001676	1131	0.08	42	63	0.07	0.07	4.97	4.97	244	240	16.37	16.37	Putative sugar diacid recognition	KT
OG0001830	975	0.08	50	50	0.07	0.08	4.97	4.93	254	238	18.32	18.32	Exhibits lactonase activity. Acts in cells with perturbed membrane integrity and is possibly related to the membrane homeostasis (By similarity)	G
OG0001870	1356	0.02	47	47	0.08	0.08	4.97	4.96	240	238	18.21	18.21	PTS system sugar-specific permease component	S
OG0001998	438	0.05	27	37	0.06	0.06	4.97	4.96	274	268	17.08	17.08	COG5546 Small integral membrane protein	S
OG0002033	189	0.03	28	36	0.13	0.13	4.97	4.96	284	282	37.67	37.67	#N/A	#N/A
OG0002183	435	0.19	24	27	0.11	0.12	4.97	4.9	173	160	18.85	18.85	Antioxidant protein with alkyl hydroperoxidase activity. Required for the reduction of the AhpC active site cysteine residues and for the regeneration of the AhpC enzyme activity	S
OG0002417	784.5	0.06	16	18	0.1	0.11	4.97	4.92	178	168	18.61	18.61	-	-
OG0002655	417	0.23	12	13	0.12	0.14	4.97	4.79	163	136	19.38	19.38	lactoylglutathione lyase activity	E
OG0000224	1053	0.02	73	99	0.06	0.06	4.98	4.97	320	319	19.59	19.59	Luciferase-like monooxygenase	C
OG0000340	1161	0.06	77	82	0.07	0.07	4.98	4.94	308	300	20.04	20.04	Belongs to the metallo-dependent hydrolases superfamily. NagA family	G
OG0001573	906	0.03	60	71	0.07	0.07	4.98	4.98	282	281	18.66	18.66	of the drug metabolite transporter (DMT) superfamily	EG
OG0001805	927	0.08	48	53	0.08	0.08	4.98	4.97	247	242	20.38	20.38	Protein of unknown function (DUF979)	S
OG0001966	774	0.03	36	40	0.09	0.09	4.98	4.99	237	237	21.27	21.27	-	-
OG0002132	642	0.1	30	30	0.09	0.09	4.98	4.96	250	240	21.33	21.33	"Elongation factor G-binding protein, N-terminal"	S
OG0002424	2610	0.06	18	18	0.1	0.1	4.98	4.99	171	171	17.28	17.28	belongs to the iron- containing alcohol dehydrogenase family	C
OG0002666	357	0.08	13	13	0.12	0.12	4.98	4.97	162	159	19.46	19.46	YjbR	S
OG0002749	498	0.09	10	11	0.11	0.11	4.98	4.95	169	164	17.82	17.82	Dihydrofolate reductase	H
OG0002809	1953	0	9	10	0.11	0.11	4.98	4.98	169	169	19.4	19.4	"transposition, DNA-mediated"	L
OG0000175	567	0.06	76	115	0.05	0.05	4.99	4.99	376	363	18.91	18.91	"Catalyzes the reductive cleavage of azo bond in aromatic azo compounds to the corresponding amines. Requires NADPH, but not NADH, as an electron donor for its activity (By similarity)"	S
OG0001386	516	0.06	76	77	0.06	0.06	4.99	4.96	323	311	20.21	20.21	Belongs to the UPF0312 family	S
OG0001650	1437	0.02	60	65	0.06	0.07	4.99	4.93	289	267	18.75	18.75	Belongs to the alkaline phosphatase family	P
OG0001655	966	0.02	52	65	0.06	0.06	4.99	4.97	335	335	20.45	20.45	Belongs to the aldolase LacD family	G
OG0001819	1488	0.06	46	51	0.08	0.08	4.99	4.96	230	227	17.73	17.73	-	-
OG0002047	633	0.03	29	35	0.06	0.06	4.99	4.98	217	216	12.83	12.83	4'-phosphopantetheinyl transferase superfamily	H
OG0002143	1149	0.07	27	30	0.09	0.09	4.99	4.95	205	200	18.97	18.97	ROK family	K
OG0000082	927	0.04	77	164	0.04	0.04	5	4.99	480	465	20.61	20.61	aldo keto reductase	C
OG0000099	616.5	0.02	77	150	0.05	0.05	5	4.97	413	405	20.13	20.13	acid phosphatase family protein	I
OG0000164	624	0.1	77	119	0.05	0.05	5	4.93	500	465	23.53	23.53	sequence-specific DNA binding	S
OG0000206	279	0.12	77	103	0.06	0.06	5	4.93	323	308	18.54	18.54	GCN5-related N-acetyl-transferase	S
OG0000937	1662	0.03	46	77	0.09	0.09	5	4.98	398	385	34.56	34.56	"COG4626 Phage terminase-like protein, large subunit"	S
OG0001774	459	0.02	51	55	0.06	0.06	5	4.97	281	277	17.93	17.93	Protein of unknown function (DUF3021)	S
OG0001859	627	0.02	42	48	0.07	0.07	5	4.99	315	313	22.25	22.25	LysE type translocator	E
OG0001970	1419	0.03	31	39	0.12	0.12	5	5.01	279	278	33	33	"Phage portal protein, SPP1 Gp6-like"	S
OG0002460	1035	0	15	17	0.1	0.1	5	5	179	179	17.59	17.59	McrBC 5-methylcytosine restriction system component	V
OG0002534	498	0.2	9	15	0.17	0.2	5	4.89	217	187	36.47	36.47	ORF6C domain	S
OG0000225	732	0.03	77	99	0.06	0.06	5.01	5.01	350	348	20.73	20.73	Catalyzes the reversible isomerization-deamination of glucosamine 6-phosphate (GlcN6P) to form fructose 6-phosphate (Fru6P) and ammonium ion	G
OG0001794	837	0.04	43	54	0.07	0.07	5.01	5	281	278	18.59	18.59	alpha/beta hydrolase fold	S
OG0002389	648	0.05	16	19	0.13	0.13	5.01	5.02	204	204	27.42	27.42	Helix-turn-helix XRE-family like proteins	K
OG0003026	202.5	0.25	6	8	0.15	0.19	5.01	4.8	160	128	24.62	24.62	#N/A	#N/A
OG0000153	955.5	0.07	71	122	0.05	0.05	5.02	5	447	437	21.3	21.3	Belongs to the membrane fusion protein (MFP) (TC 8.A.1) family	M
OG0000209	999	0.03	71	103	0.07	0.07	5.02	5.02	283	283	18.86	18.86	Belongs to the D-isomer specific 2-hydroxyacid dehydrogenase family	CH
OG0000792	1335	0.21	52	77	0.04	0.05	5.02	4.97	375	342	15.74	15.74	A stabilizing protein that is part of the accessory SecA2 SecY2 system specifically required to export serine-rich repeat cell wall proteins usually encoded upstream in the same operon. Stabilizes the glycosylation activity of Gtf1	M
OG0001849	675	0.02	45	48	0.07	0.07	5.02	5.02	251	250	17.85	17.85	Di-iron-containing protein involved in the repair of iron-sulfur clusters	D
OG0002312	342	0.1	16	21	0.09	0.1	5.02	4.92	180	164	17.05	17.05	#N/A	#N/A
OG0002327	429	0	21	21	0.12	0.12	5.02	5.02	174	174	20.1	20.1	response to oxidative stress	O
OG0002333	141	0.19	16	21	0.12	0.12	5.02	4.98	208	200	24.24	24.24	-	-
OG0002629	831	0.15	12	13	0.11	0.11	5.02	4.97	174	161	18.46	18.46	Leucine carboxyl methyltransferase	Q
OG0002659	228	0.08	11	13	0.18	0.19	5.02	5	221	211	39.08	39.08	-	-
OG0002840	736.5	0	9	10	0.14	0.14	5.02	5.02	164	164	23.6	23.6	GDSL-like Lipase/Acylhydrolase family	E
OG0001485	492	0.07	74	75	0.07	0.07	5.03	5.03	269	268	19.36	19.36	Acetyltransferase (GNAT) domain	M
OG0002161	915	0.07	28	28	0.1	0.1	5.03	4.98	211	195	20.18	20.18	-	-
OG0002211	1497	0.04	20	25	0.08	0.08	5.03	5.03	223	222	17.92	17.92	Tripartite tricarboxylate transporter TctA family	S
OG0002233	1731	0.17	21	24	0.08	0.09	5.03	4.92	207	181	15.54	15.54	Uncharacterized conserved protein (DUF2075)	S
OG0002381	585	0.05	18	19	0.1	0.11	5.03	4.93	182	165	18.47	18.47	-	-
OG0002390	204	0.05	12	19	0.17	0.17	5.03	5.04	236	236	40.63	40.63	#N/A	#N/A
OG0002453	609	0.12	17	17	0.1	0.11	5.03	4.98	185	177	19.18	19.18	Tellurite resistance protein TehB	H
OG0002628	327	0	11	13	0.11	0.11	5.03	5.03	170	170	18.92	18.92	-	-
OG0002681	255	0.08	12	12	0.1	0.11	5.03	4.91	165	146	16.75	16.75	#N/A	#N/A
OG0000261	1146	0.03	77	91	0.06	0.06	5.04	5.04	298	297	18.4	18.4	Belongs to the glycerate kinase type-1 family	G
OG0001548	426	0.04	64	72	0.06	0.07	5.04	5	287	269	18.24	18.24	General stress protein 26	S
OG0001729	753	0.05	48	59	0.06	0.06	5.04	5.01	275	264	16.97	16.97	Enoyl-(Acyl carrier protein) reductase	IQ
OG0001790	324	0.04	39	54	0.09	0.1	5.04	5.02	373	360	35.3	35.3	HNH endonuclease	V
OG0001939	1026	0.02	35	42	0.08	0.09	5.04	4.98	227	213	18.43	18.43	Belongs to the D-isomer specific 2-hydroxyacid dehydrogenase family	C
OG0002006	603	0.05	31	37	0.08	0.09	5.04	5.01	236	226	19.41	19.41	Domain of unknown function (DUF5080)	S
OG0002089	165	0.09	32	33	0.09	0.1	5.04	4.95	242	221	22.97	22.97	-	-
OG0002126	678	0.03	28	30	0.07	0.07	5.04	5.03	241	239	17.67	17.67	"Catalyzes a mechanistically unusual reaction, the ATP- dependent insertion of CO2 between the N7 and N8 nitrogen atoms of 7,8-diaminopelargonic acid (DAPA) to form an ureido ring"	H
OG0002129	474	0.17	24	30	0.12	0.12	5.04	5.01	253	240	29.9	29.9	"Phage terminase, small subunit"	L
OG0002169	427.5	0.07	27	28	0.08	0.09	5.04	5.04	222	216	18.43	18.43	N-terminal half of MaoC dehydratase	I
OG0002485	525	0.12	15	17	0.15	0.16	5.04	5.03	234	227	36.06	36.06	-	-
OG0002698	186	0	11	12	0.21	0.21	5.04	5.04	195	195	40.58	40.58	-	-
OG0002719	265.5	0	12	12	0.12	0.12	5.04	5.04	169	169	19.83	19.83	#N/A	#N/A
OG0000104	837	0.03	77	148	0.04	0.04	5.05	5.05	443	440	18.41	18.41	"Uncharacterised 5xTM membrane BCR, YitT family COG1284"	S
OG0000130	393	0.07	73	134	0.05	0.05	5.05	5.05	353	348	18.61	18.61	"Increases the activity of extracellular murein hydrolases possibly by mediating their export via hole formation. Inhibited by the antiholin-like proteins LrgAB. In an unstressed cell, the LrgAB products probably inhibit the function of the CidAB proteins. When a cell is stressed by the addition of antibiotics or by other factors in the environment, the CidAB proteins possibly oligomerize within the bacterial cell membrane, creating lesions that disrupt the proton motive force, which in turn results in loss of cell viability. These lesions are also hypothesized to regulate the subsequent cell lysis by either allowing the murein hydrolases access to the cell wall substrate and or regulating their activity by a"	S
OG0000179	633	0.14	75	113	0.04	0.05	5.05	4.96	457	408	20.27	20.27	Catalyzes the condensation of ribulose 5-phosphate with formaldehyde to form 3-hexulose 6-phosphate	G
OG0000284	885	0.03	77	89	0.05	0.05	5.05	5.06	431	429	20	20	"Transporter, small conductance mechanosensitive ion channel MscS family protein"	M
OG0000288	627	0.05	19	88	0.05	0.05	5.05	5.01	340	320	15.57	15.57	Protein of unknown function (DUF443)	S
OG0001639	579	0.04	58	67	0.07	0.07	5.05	5.01	342	329	22.97	22.97	Phosphoglycerate mutase family	G
OG0001818	1956	0.04	48	51	0.06	0.07	5.05	5	276	262	17.65	17.65	"Phosphoenolpyruvate-dependent sugar phosphotransferase system, EIIA 2"	G
OG0002310	339	0.19	20	21	0.09	0.1	5.05	4.96	206	187	18.71	18.71	"PemK-like, MazF-like toxin of type II toxin-antitoxin system"	T
OG0002669	237	0	12	12	0.11	0.11	5.05	5.05	175	175	19.25	19.25	#N/A	#N/A
OG0000093	414	0.09	77	152	0.04	0.04	5.06	4.98	476	440	18.53	18.53	Universal stress protein family	T
OG0001529	603	0.03	63	73	0.06	0.06	5.06	5.05	346	346	20.05	20.05	response regulator	K
OG0001672	828	0	29	64	0.08	0.08	5.06	5.06	301	301	25.58	25.58	"head morphogenesis protein, SPP1 gp7 family"	S
OG0002315	954	0.1	18	21	0.09	0.1	5.06	4.96	205	183	17.52	17.52	D12 class N6 adenine-specific DNA methyltransferase	L
OG0002350	195	0.05	16	20	0.15	0.16	5.06	5.06	258	253	39.55	39.55	#N/A	#N/A
OG0002432	918	0.06	16	18	0.09	0.09	5.06	5.05	200	199	17.61	17.61	NAD dependent epimerase/dehydratase family	GM
OG0002577	1698	0.07	15	15	0.11	0.11	5.06	5.05	180	178	19.47	19.47	Represses a number of genes involved in the response to DNA damage (SOS response)	L
OG0002692	666	0.08	11	12	0.1	0.11	5.06	5.01	172	161	17	17	Metallo-beta-lactamase superfamily	S
OG0002728	1720.5	0	6	12	0.11	0.11	5.06	5.06	173	173	19	19	Lanthionine synthetase C-like protein	KLT
OG0002779	459	0	10	11	0.13	0.13	5.06	5.06	177	177	23.82	23.82	GyrI-like small molecule binding domain	L
OG0000155	537	0.04	77	122	0.05	0.05	5.07	5.03	438	423	20.43	20.43	Excalibur calcium-binding domain	L
OG0001806	1887	0.04	30	53	0.06	0.06	5.07	5.06	298	293	18.85	18.85	"phosphoenolpyruvate-dependent sugar phosphotransferase system, EIIA 1"	G
OG0002354	1044	0.2	14	20	0.1	0.11	5.07	4.88	240	205	23.05	23.05	Mannosyl-glycoprotein endo-beta-N-acetylglucosaminidase	M
OG0002486	774	0.06	15	17	0.16	0.16	5.07	5.06	234	232	37.29	37.29	AAA domain	S
OG0002754	645	0.09	8	11	0.16	0.16	5.07	5.07	187	186	30.27	30.27	"This enzyme is involved in nucleotide metabolism it produces dUMP, the immediate precursor of thymidine nucleotides and it decreases the intracellular concentration of dUTP so that uracil cannot be incorporated into DNA"	F
OG0000107	1458	0.02	71	146	0.04	0.04	5.08	5.09	508	507	18.91	18.91	"Catalyzes the first step in the D-alanylation of lipoteichoic acid (LTA), the activation of D-alanine and its transfer onto the D-alanyl carrier protein (Dcp) DltC. In an ATP- dependent two-step reaction, forms a high energy D-alanyl-AMP intermediate, followed by transfer of the D-alanyl residue as a thiol ester to the phosphopantheinyl prosthetic group of the Dcp. D-alanylation of LTA plays an important role in modulating the properties of the cell wall in Gram-positive bacteria, influencing the net charge of the cell wall"	Q
OG0000187	1188	0.02	76	109	0.04	0.04	5.08	5.08	472	471	18.04	18.04	COG0156 7-keto-8-aminopelargonate synthetase and related enzymes	E
OG0001813	1035	0.04	48	52	0.06	0.06	5.08	5.07	320	318	20.56	20.56	"HAMP (Histidine kinases, Adenylyl cyclases, Methyl binding proteins, Phosphatases) domain"	T
OG0001968	1011	0.03	37	39	0.1	0.1	5.08	5.09	207	207	20.51	20.51	Belongs to the NiCoT transporter (TC 2.A.52) family	U
OG0001989	943.5	0.11	31	38	0.07	0.07	5.08	5.08	265	257	17.29	17.29	ABC transporter substrate-binding protein	E
OG0002092	1110	0.03	32	32	0.08	0.08	5.08	5.09	240	240	19.38	19.38	Pyridine nucleotide-disulphide oxidoreductase	P
OG0002093	1341	0.03	32	32	0.08	0.08	5.08	5.1	241	241	19.59	19.59	COG0370 Fe2 transport system protein B	P
OG0002284	339	0.18	22	22	0.07	0.08	5.08	5	205	180	15.05	15.05	MazG-like family	S
OG0002787	717	0	8	11	0.18	0.18	5.08	5.08	214	214	38.64	38.64	Intron encoded nuclease repeat motif	S
OG0000169	948	0.11	77	116	0.05	0.05	5.09	4.99	421	368	19.91	19.91	Co Zn Cd efflux system component	P
OG0001854	177	0.02	45	48	0.07	0.07	5.09	5.09	279	276	20.27	20.27	#N/A	#N/A
OG0001901	678	0.04	26	45	0.07	0.07	5.09	5.09	263	262	19.2	19.2	Domain of unknown function (DUF5079)	S
OG0002054	1194	0.06	32	34	0.08	0.08	5.09	5.12	247	247	20.03	20.03	acetamidase formamidase	C
OG0002081	1314	0.06	17	33	0.07	0.07	5.09	4.99	240	219	15.97	15.97	multivesicular body membrane disassembly	IU
OG0002291	174	0.09	15	22	0.13	0.14	5.09	5.07	271	260	36.41	36.41	#N/A	#N/A
OG0002673	496.5	0.08	11	12	0.12	0.13	5.09	5.06	194	182	23.75	23.75	-	-
OG0002682	162	0.36	10	11	0.11	0.14	5.09	4.88	172	138	19.09	19.09	#N/A	#N/A
OG0000094	1344	0.03	77	151	0.04	0.05	5.1	5.09	443	432	19.52	19.52	Component of the transport system for branched-chain amino acids	E
OG0000149	1278	0.04	75	124	0.04	0.04	5.1	5.06	476	463	18.19	18.19	Belongs to the peptidase S11 family	M
OG0001702	663	0.02	39	61	0.06	0.06	5.1	5.1	296	296	19.21	19.21	Chain length determinant protein	M
OG0001809	1155	0.1	37	51	0.08	0.08	5.1	5.08	240	238	18.59	18.59	SEC-C Motif Domain Protein	S
OG0001857	927	0.02	35	48	0.06	0.06	5.1	5.09	290	289	18.42	18.42	zinc-ribbon domain	M
OG0002197	936	0.15	23	26	0.08	0.08	5.1	5.13	218	216	17.58	17.58	Voltage-dependent anion channel	P
OG0002206	168	0.04	20	26	0.14	0.14	5.1	5.11	297	297	40.35	40.35	-	-
OG0002241	351	0	17	24	0.09	0.09	5.1	5.1	212	212	18.33	18.33	Staphylococcal complement inhibitor SCIN	S
OG0002800	855	0.1	10	10	0.12	0.13	5.1	5.06	174	166	21.7	21.7	GIY-YIG catalytic domain	S
OG0001782	474	0.07	47	55	0.07	0.07	5.11	5.04	297	279	19.65	19.65	DoxX	S
OG0001843	408	0	27	49	0.08	0.08	5.11	5.11	292	292	24.61	24.61	Domain of unknown function (DUF4355)	S
OG0002024	219	0.06	31	36	0.11	0.11	5.11	5.12	340	338	38.81	38.81	-	-
OG0002074	1356	0.09	29	33	0.07	0.08	5.11	5.03	257	238	17.91	17.91	"Catalyzes the transfer of the alpha-amino group from S- adenosyl-L-methionine (SAM) to 7-keto-8-aminopelargonic acid (KAPA) to form 7,8-diaminopelargonic acid (DAPA). It is the only animotransferase known to utilize SAM as an amino donor"	H
OG0002279	1695	0.22	13	23	0.08	0.08	5.11	5.13	209	208	17.48	17.48	bacteriocin-associated integral membrane protein	S
OG0002340	312	0.35	14	20	0.09	0.1	5.11	5.23	209	198	19.35	19.35	#N/A	#N/A
OG0002766	1908	0.09	9	11	0.12	0.12	5.11	5.05	181	172	20.91	20.91	N-6 DNA Methylase	L
OG0002861	345	0.2	9	10	0.12	0.13	5.11	5.03	178	162	21.8	21.8	Domain of unknown function (DUF4260)	S
OG0000037	936	0.04	76	238	0.03	0.03	5.12	5.13	543	540	16.89	16.89	permease	P
OG0000116	1125	0.07	77	141	0.04	0.04	5.12	5.09	496	457	18.71	18.71	FAD binding domain	CH
OG0000120	552	0.04	77	138	0.04	0.04	5.12	5.15	543	543	19.7	19.7	COG1335 Amidases related to nicotinamidase	Q
OG0000127	1890	0.05	77	134	0.05	0.05	5.12	5.09	394	386	19.39	19.39	ABC transporter (permease)	V
OG0000360	882	0.06	63	81	0.06	0.06	5.12	5.06	326	302	18.98	18.98	Neu5Ac) to form pyruvate and N-acetylmannosamine (ManNAc) via a Schiff base intermediate	EM
OG0001550	315	0.03	65	72	0.05	0.05	5.12	5.12	380	377	19.78	19.78	"PTS system, Lactose/Cellobiose specific IIA subunit"	G
OG0001606	1563	0.01	44	69	0.06	0.06	5.12	5.12	313	312	18	18	Belongs to the 3-oxoacid CoA-transferase family	I
OG0001663	2052	0.08	58	64	0.05	0.05	5.12	5.08	317	304	16.06	16.06	Mannosyl-glycoprotein endo-beta-N-acetylglucosaminidase	NU
OG0002133	876	0.03	24	30	0.07	0.07	5.12	5.11	254	252	18.33	18.33	NAD-binding of NADP-dependent 3-hydroxyisobutyrate dehydrogenase	I
OG0002162	219	0.04	19	28	0.14	0.14	5.12	5.11	295	291	40.14	40.14	#N/A	#N/A
OG0002229	855	0.6	18	25	0.07	0.12	5.12	4.83	232	142	16.56	16.56	Initiator Replication protein	L
OG0002363	172.5	0.1	18	20	0.08	0.09	5.12	5.04	217	202	18.35	18.35	-	-
OG0002375	177	0.16	11	19	0.13	0.14	5.12	5.09	247	233	32.84	32.84	#N/A	#N/A
OG0002521	1440	0.25	13	16	0.1	0.11	5.12	5.01	205	182	19.75	19.75	"Involved in resistance to gentamicin, tobramycin, and kanamycin. Tobramycin and kanamycin resistance is due to the ACC activity, specified by N-terminal region. The C-terminal region is a kinase that phosphorylates several 4,6-disubstituted aminoglycosides"	F
OG0000058	1002	0.04	77	194	0.04	0.04	5.13	5.12	444	435	18.82	18.82	"COG2141 Coenzyme F420-dependent N5,N10-methylene tetrahydromethanopterin reductase and related flavin-dependent oxidoreductases"	C
OG0000256	957	0.01	75	91	0.06	0.06	5.13	5.13	301	301	18.97	18.97	Ornithine cyclodeaminase	E
OG0000403	1443	0.03	66	80	0.05	0.05	5.13	5.12	409	406	20.54	20.54	"PTS system, lactose-specific"	G
OG0001601	852	0.04	70	70	0.06	0.06	5.13	5.14	312	310	17.9	17.9	Catalyzes the condensation of pantoate with beta-alanine in an ATP-dependent reaction via a pantoyl-adenylate intermediate	H
OG0001934	894	0.07	42	42	0.07	0.07	5.13	5.14	234	233	16.93	16.93	"5'-nucleotidase, lipoprotein e(P4)"	S
OG0002057	468	0.09	26	34	0.07	0.08	5.13	5.13	298	294	22.29	22.29	Pfam:Phage_holin_4_1	S
OG0002430	196.5	0.06	14	18	0.15	0.15	5.13	5.11	261	253	39.11	39.11	#N/A	#N/A
OG0000064	549	0.04	76	181	0.04	0.04	5.14	5.12	471	453	17.89	17.89	Hexapeptide repeat of succinyl-transferase	S
OG0000270	1551	0.19	57	90	0.03	0.04	5.14	5.12	414	369	13.7	13.7	Accessory Sec system GspB-transporter	S
OG0001623	2529	0.12	61	69	0.05	0.05	5.14	5.13	335	327	17.07	17.07	of the RND superfamily	S
OG0001681	384	0.06	62	63	0.06	0.06	5.14	5.14	281	279	17.87	17.87	Catalyzes the pyruvoyl-dependent decarboxylation of aspartate to produce beta-alanine	H
OG0001963	402	0	26	40	0.13	0.13	5.14	5.14	314	314	39.67	39.67	Transposase	L
OG0002008	135	0.08	28	37	0.06	0.06	5.14	5.12	324	314	19.05	19.05	#N/A	#N/A
OG0002023	357	0.06	31	36	0.11	0.11	5.14	5.14	356	354	39	39	-	-
OG0002061	885	0.03	29	34	0.06	0.06	5.14	5.16	320	320	20.53	20.53	Predicted permease	S
OG0002172	351	0.11	26	28	0.08	0.08	5.14	5.14	227	224	18.36	18.36	Protein of unknown function (DUF4064)	S
OG0002335	1278	0	15	21	0.08	0.08	5.14	5.14	223	223	18.71	18.71	LacY proton/sugar symporter	P
OG0002545	744	0.13	13	15	0.1	0.1	5.14	5.08	198	184	19.27	19.27	of the drug metabolite transporter (DMT) superfamily	EG
OG0002799	201	0.3	8	10	0.1	0.12	5.14	4.96	173	144	17.9	17.9	-	-
OG0001380	1116	0.05	66	77	0.05	0.06	5.15	5.11	348	330	19.03	19.03	Glycine oxidase	E
OG0001564	813	0.06	70	72	0.06	0.06	5.15	5.15	310	307	17.96	17.96	"Catalyzes the reversible reaction in which hydroxymethyl group from 5,10-methylenetetrahydrofolate is transferred onto alpha-ketoisovalerate to form ketopantoate"	H
OG0001698	679.5	0.08	52	62	0.06	0.06	5.15	5.11	310	294	17.32	17.32	D-alanyl-D-alanine carboxypeptidase	M
OG0001935	981	0	39	42	0.08	0.08	5.15	5.15	284	284	21.45	21.45	Adenosine/AMP deaminase	F
OG0001951	1236	0.07	31	41	0.11	0.11	5.15	5.15	359	357	39.95	39.95	DnaB-like helicase C terminal domain	L
OG0002184	360	0.07	27	27	0.08	0.08	5.15	5.15	219	217	17	17	Protein of unknown function (DUF1304)	S
OG0002259	312	0.09	17	23	0.13	0.13	5.15	5.14	276	269	36.3	36.3	VRR_NUC	S
OG0002305	1185	0.05	19	22	0.09	0.09	5.15	5.11	214	207	19.59	19.59	Transmembrane secretion effector	G
OG0002558	450	0	14	15	0.1	0.1	5.15	5.15	205	205	21.33	21.33	#N/A	#N/A
OG0002570	174	0.07	15	15	0.12	0.13	5.15	5.04	206	185	24.93	24.93	-	-
OG0002589	1488	0	14	14	0.1	0.1	5.15	5.15	195	195	19.5	19.5	Major Facilitator Superfamily	EGP
OG0002740	426	0	9	11	0.11	0.11	5.15	5.15	186	186	21.09	21.09	-	-
OG0002757	360	0	10	11	0.11	0.11	5.15	5.15	191	191	21.36	21.36	Rhodanese Homology Domain	P
OG0002770	186	0.18	9	11	0.11	0.12	5.15	5.02	181	158	19.09	19.09	#N/A	#N/A
OG0000068	1059	0.13	77	176	0.04	0.04	5.16	5.19	457	438	16.53	16.53	"Phosphotransferase system, EIIC"	S
OG0000151	871.5	0.06	66	124	0.04	0.04	5.16	5.16	499	490	19.9	19.9	"ABC transporter, ATP-binding protein"	V
OG0001781	636	0.05	49	55	0.06	0.06	5.16	5.17	310	304	17.96	17.96	ABC-2 family transporter protein	S
OG0001867	510	0.08	48	48	0.07	0.07	5.16	5.13	256	246	17.38	17.38	DinB superfamily	S
OG0002181	1281	0.04	26	27	0.07	0.08	5.16	5.14	231	225	16.93	16.93	Protease prsW family	S
OG0002505	774	0.25	15	16	0.09	0.11	5.16	4.98	215	177	18.88	18.88	ABC-2 family transporter protein	S
OG0002613	1218	0.14	11	14	0.09	0.09	5.16	5.13	195	190	17.93	17.93	"Catalyzes the cyclization of GTP to (8S)-3',8-cyclo-7,8- dihydroguanosine 5'-triphosphate"	H
OG0002634	333	0.15	12	13	0.13	0.13	5.16	5.11	216	206	27.08	27.08	Cro/C1-type HTH DNA-binding domain	K
OG0000035	1599	0.04	76	244	0.03	0.03	5.17	5.18	584	582	17.85	17.85	ABC transporter substrate-binding protein	E
OG0000102	669	0.05	77	148	0.03	0.03	5.17	5.12	540	514	17.79	17.79	ATP-binding protein	P
OG0000138	996	0.03	77	129	0.05	0.05	5.17	5.16	420	414	18.95	18.95	Belongs to the bacterial solute-binding protein 9 family	P
OG0002160	537	0.11	19	28	0.13	0.13	5.17	5.16	294	292	36.79	36.79	dUTPase	S
OG0002261	234	0.17	18	23	0.12	0.13	5.17	5.12	271	251	32.43	32.43	Protein of unknown function (DUF2829)	S
OG0002481	2778	0.12	11	17	0.09	0.1	5.17	5.05	209	185	18.24	18.24	#N/A	#N/A
OG0002482	654	0.24	16	17	0.08	0.09	5.17	5.2	215	205	17.47	17.47	Cyclic nucleotide-monophosphate binding domain	K
OG0000054	1194	0.03	77	201	0.04	0.04	5.18	5.18	408	405	17.95	17.95	Catalyzes the interconversion of ornithine to glutamate semialdehyde	E
OG0000079	1737	0.16	77	165	0.03	0.03	5.18	5.25	549	499	16.99	16.99	"ABC transporter, ATP-binding protein"	V
OG0001845	1413	0.06	30	49	0.06	0.07	5.18	5.15	316	310	20.18	20.18	helix_turn_helix gluconate operon transcriptional repressor	K
OG0001884	936	0.02	46	46	0.07	0.07	5.18	5.18	258	256	18.8	18.8	Belongs to the LDH MDH superfamily	C
OG0001943	288	0.07	36	42	0.08	0.08	5.18	5.14	329	320	27.05	27.05	-	-
OG0001962	225	0.05	32	40	0.11	0.11	5.18	5.19	363	363	39.38	39.38	Protein of unknown function (DUF3269)	S
OG0002111	390	0	28	31	0.08	0.08	5.18	5.18	225	225	18.39	18.39	-	-
OG0002342	303	0.1	15	20	0.08	0.1	5.18	5.01	243	203	20.65	20.65	Domain of unknown function (DUF4176)	L
OG0002356	753	0.1	18	20	0.08	0.09	5.18	5.14	230	218	19.4	19.4	-	-
OG0002544	597	0.2	12	15	0.11	0.13	5.18	5.06	231	203	26.53	26.53	#N/A	#N/A
OG0000053	726	0.04	77	201	0.04	0.04	5.19	5.19	529	525	19.09	19.09	Member of the two-component regulatory system LytR LytS that probably regulates genes involved in cell wall metabolism	K
OG0000135	1396.5	0.05	49	130	0.04	0.04	5.19	5.19	531	525	18.67	18.67	Domain of unknown function (DUF2479)	S
OG0000232	1909.5	0.05	43	96	0.05	0.05	5.19	5.19	426	415	21.29	21.29	Prophage endopeptidase tail	S
OG0001995	309	0.08	29	38	0.06	0.06	5.19	5.2	294	289	16.76	16.76	"CRISPR (clustered regularly interspaced short palindromic repeat), is an adaptive immune system that provides protection against mobile genetic elements (viruses, transposable elements and conjugative plasmids). CRISPR clusters contain sequences complementary to antecedent mobile elements and target invading nucleic acids. CRISPR clusters are transcribed and processed into CRISPR RNA (crRNA). Functions as a ssRNA-specific endoribonuclease. Involved in the integration of spacer DNA into the CRISPR cassette"	L
OG0002020	174	0.06	35	36	0.08	0.08	5.19	5.19	239	239	18.14	18.14	-	-
OG0002053	645	0.03	27	34	0.12	0.12	5.19	5.19	346	343	39.97	39.97	ERF superfamily	S
OG0002210	273	0.04	21	26	0.11	0.11	5.19	5.2	276	276	30.92	30.92	-	-
OG0002303	1407	0.09	20	22	0.08	0.09	5.19	5.15	232	222	18.95	18.95	Sodium:solute symporter family	E
OG0002311	624	0.14	18	21	0.13	0.15	5.19	5.08	309	268	39.43	39.43	Protein of unknown function (DUF1071)	S
OG0002484	318	0	17	17	0.09	0.09	5.19	5.19	212	212	19.53	19.53	Antibiotic biosynthesis monooxygenase	S
OG0002548	789	0.33	13	15	0.09	0.13	5.19	4.86	201	145	18.4	18.4	#N/A	#N/A
OG0000250	705	0.01	76	92	0.05	0.05	5.2	5.18	346	338	16.42	16.42	Alpha-acetolactate decarboxylase	Q
OG0000298	327	0.03	74	86	0.06	0.06	5.2	5.21	327	326	19.72	19.72	Bacterial PH domain	S
OG0001574	456	0.07	70	71	0.06	0.06	5.2	5.2	299	298	18.1	18.1	Transcriptional regulator	K
OG0001940	576	0.12	30	42	0.07	0.07	5.2	5.19	268	262	18.29	18.29	LysE type translocator	E
OG0001954	1704	0.02	39	41	0.07	0.07	5.2	5.19	262	260	17.83	17.83	Predicted ATPase of the ABC class	S
OG0002073	495	0.06	32	33	0.07	0.07	5.2	5.22	238	238	16.64	16.64	Isoprenylcysteine carboxyl methyltransferase (ICMT) family	S
OG0002423	399	0.06	18	18	0.11	0.11	5.2	5.2	211	207	22.5	22.5	Ketosteroid isomerase-related protein	S
OG0002718	168	0.08	4	12	0.1	0.1	5.2	5.12	202	185	19.42	19.42	#N/A	#N/A
OG0000092	1149	0.03	77	153	0.04	0.04	5.21	5.21	460	452	19.39	19.39	cystathionine	E
OG0000118	1275	0.03	74	140	0.04	0.04	5.21	5.2	417	413	16.79	16.79	Major facilitator	G
OG0000208	402	0.02	63	103	0.05	0.05	5.21	5.2	407	399	19.24	19.24	Acetyltransferase (GNAT) domain	K
OG0000216	804	0.01	52	101	0.05	0.05	5.21	5.21	379	378	19.2	19.2	Sucrose-6F-phosphate phosphohydrolase	S
OG0001797	381	0.04	50	53	0.07	0.07	5.21	5.22	290	290	20.09	20.09	Protein of unknown function (DUF454)	S
OG0001922	1182	0.05	39	43	0.07	0.07	5.21	5.23	257	256	18.28	18.28	Uncharacterised MFS-type transporter YbfB	EGP
OG0002036	381	0.17	26	36	0.06	0.07	5.21	5.13	310	277	18.81	18.81	Penicillinase repressor	K
OG0002038	300	0.06	29	36	0.07	0.08	5.21	5.16	258	241	19	19	-	-
OG0002145	843	0	28	30	0.08	0.08	5.21	5.21	249	249	20.77	20.77	Ami_2	M
OG0002636	330	0.08	10	13	0.09	0.1	5.21	5.17	220	208	20.77	20.77	#N/A	#N/A
OG0000126	771	0.04	20	134	0.04	0.04	5.22	5.13	401	362	14.62	14.62	Belongs to the staphylococcal tandem lipoprotein family	M
OG0000150	687	0.04	67	124	0.05	0.05	5.22	5.2	411	405	21.98	21.98	Catalyzes the interconversion of 2-phosphoglycerate and 3-phosphoglycerate	G
OG0000258	1794	0.04	53	91	0.05	0.05	5.22	5.19	382	366	19.02	19.02	Beta galactosidase small chain	G
OG0001624	612	0.12	55	68	0.05	0.05	5.22	5.18	389	364	18.79	18.79	Yip1 domain	S
OG0001846	813	0.08	45	49	0.08	0.08	5.22	5.2	284	272	21.73	21.73	alpha/beta hydrolase fold	I
OG0002502	1045.5	0.19	14	16	0.09	0.11	5.22	4.98	218	172	18.56	18.56	Subtilase family	O
OG0002528	165	0	16	16	0.1	0.1	5.22	5.22	213	213	22.31	22.31	-	-
OG0002612	639	0	14	14	0.09	0.09	5.22	5.22	212	212	19.71	19.71	"Bacterial regulatory proteins, crp family"	K
OG0000041	810	0.03	76	219	0.04	0.04	5.23	5.24	534	530	19.17	19.17	"Helix-turn-helix domain, rpiR family"	K
OG0000460	2259	0.04	62	80	0.05	0.06	5.23	5.21	363	353	19.66	19.66	Excinuclease	L
OG0001391	990	0.1	63	77	0.06	0.06	5.23	5.19	330	311	18.77	18.77	Conserved hypothetical protein 698	S
OG0001707	405	0.07	55	60	0.05	0.06	5.23	5.23	332	327	18.12	18.12	Catalyzes the interconversion of beta-pyran and beta- furan forms of D-ribose	G
OG0001920	3159	0.11	29	44	0.07	0.07	5.23	5.17	284	265	19.07	19.07	"CRISPR (clustered regularly interspaced short palindromic repeat) is an adaptive immune system that provides protection against mobile genetic elements (viruses, transposable elements and conjugative plasmids). CRISPR clusters contain spacers, sequences complementary to antecedent mobile elements, and target invading nucleic acids. CRISPR clusters are transcribed and processed into CRISPR RNA (crRNA). In type II CRISPR systems correct processing of pre-crRNA requires a trans-encoded small RNA (tracrRNA), endogenous ribonuclease 3 (rnc) and this protein. The tracrRNA serves as a guide for ribonuclease 3-aided processing of pre-crRNA. Subsequently Cas9 crRNA tracrRNA endonucleolytically cleaves linear or circular dsDNA target complementary to the spacer"	L
OG0001960	201	0.05	31	41	0.11	0.11	5.23	5.22	361	354	39.24	39.24	-	-
OG0002498	355.5	0	11	16	0.17	0.17	5.23	5.23	241	241	40.44	40.44	Staphylococcal nuclease homologue	S
OG0002587	324	0	14	14	0.11	0.11	5.23	5.23	212	212	23.36	23.36	Belongs to the cation diffusion facilitator (CDF) transporter (TC 2.A.4) family	S
OG0000031	894	0.04	76	247	0.03	0.03	5.24	5.25	609	606	16.88	16.88	"ABC-type dipeptide oligopeptide nickel transport systems, permease components"	P
OG0000067	1488	0.08	77	176	0.03	0.04	5.24	5.15	531	489	17.16	17.16	malate quinone oxidoreductase	C
OG0000132	1011	0.06	74	132	0.04	0.04	5.24	5.2	471	452	19.14	19.14	Belongs to the zinc-containing alcohol dehydrogenase family. Quinone oxidoreductase subfamily	C
OG0002003	330	0.03	23	37	0.11	0.11	5.24	5.24	359	352	39.68	39.68	#N/A	#N/A
OG0000061	516	0.04	77	191	0.04	0.04	5.25	5.26	497	487	18.24	18.24	#N/A	#N/A
OG0001395	627	0.05	70	76	0.06	0.06	5.25	5.24	308	303	18.37	18.37	nitroreductase	C
OG0001773	462	0.16	30	56	0.06	0.07	5.25	5.26	364	355	23.38	23.38	sporulation resulting in formation of a cellular spore	M
OG0001897	1335	0.2	40	45	0.05	0.05	5.25	5.23	366	334	18.13	18.13	Rhodanese Homology Domain	P
OG0001930	1011	0	36	43	0.06	0.06	5.25	5.25	288	288	17.16	17.16	Bacterial extracellular solute-binding protein	P
OG0002523	201	0.38	13	16	0.09	0.12	5.25	5	211	159	18.38	18.38	-	-
OG0000045	837	0.02	75	214	0.04	0.04	5.26	5.26	576	575	20.36	20.36	aldo keto reductase	S
OG0001734	102	0.12	53	58	0.05	0.06	5.26	5.16	311	278	16.1	16.1	#N/A	#N/A
OG0002175	508.5	0	21	28	0.07	0.07	5.26	5.26	275	275	20.39	20.39	Acetyltransferase (GNAT) domain	J
OG0002258	255	0	17	23	0.12	0.12	5.26	5.26	307	307	37.65	37.65	#N/A	#N/A
OG0001671	984	0.02	59	64	0.07	0.07	5.27	5.27	273	272	18.55	18.55	"Linear amide C-N hydrolases, choloylglycine hydrolase family"	M
OG0001948	903	0.1	29	42	0.06	0.06	5.27	5.27	315	309	17.4	17.4	"CRISPR (clustered regularly interspaced short palindromic repeat), is an adaptive immune system that provides protection against mobile genetic elements (viruses, transposable elements and conjugative plasmids). CRISPR clusters contain spacers, sequences complementary to antecedent mobile elements, and target invading nucleic acids. CRISPR clusters are transcribed and processed into CRISPR RNA (crRNA). Acts as a dsDNA endonuclease. Involved in the integration of spacer DNA into the CRISPR cassette"	L
OG0002088	483	0.12	27	33	0.06	0.07	5.27	5.28	288	279	18.61	18.61	-	-
OG0002148	261	0.03	16	29	0.11	0.11	5.27	5.28	337	336	36.66	36.66	Protein of unknown function (DUF1108)	S
OG0000157	951	0.04	67	121	0.05	0.05	5.28	5.27	426	419	19.42	19.42	NAD dependent epimerase dehydratase family protein	M
OG0001469	861	0.03	55	76	0.06	0.06	5.28	5.25	356	343	20.21	20.21	cellular alcohol biosynthetic process	I
OG0001622	1371	0.04	53	69	0.06	0.07	5.28	5.24	360	336	22.19	22.19	Citrate transporter	C
OG0001679	372	0.03	62	63	0.06	0.06	5.28	5.27	334	331	20.7	20.7	Protein of unknown function (DUF1722)	S
OG0001969	225	0.05	28	39	0.1	0.1	5.28	5.28	396	391	37.85	37.85	Hypothetical protein of unknown function (DUF2483)	S
OG0001979	1758	0.18	26	39	0.06	0.07	5.28	5.17	324	276	19.41	19.41	Regulatory protein BlaR1	KTV
OG0002223	210	0.08	21	25	0.11	0.11	5.28	5.26	315	302	34.68	34.68	-	-
OG0002262	495	0	21	23	0.12	0.12	5.28	5.28	296	296	36.3	36.3	nucleoside deoxyribosyltransferase activity	S
OG0002325	762	0.05	17	21	0.08	0.09	5.28	5.23	234	223	19.76	19.76	Zn-dependent hydrolases of the beta-lactamase fold	S
OG0002468	228	0.06	16	17	0.09	0.09	5.28	5.23	226	216	20.47	20.47	-	-
OG0000032	705	0.05	77	246	0.04	0.04	5.29	5.29	514	510	21.02	21.02	Is able to cleave peptidoglycan and affects clumping and separation of bacterial cells	M
OG0000112	919.5	0.05	77	144	0.04	0.04	5.29	5.28	466	454	18.75	18.75	ADP-glyceromanno-heptose 6-epimerase activity	GM
OG0000163	1359	0.03	75	119	0.04	0.04	5.29	5.26	452	436	18.48	18.48	Gluconate	EG
OG0001866	846	0.12	41	48	0.05	0.06	5.29	5.17	366	328	18.73	18.73	beta-lactamase	V
OG0000114	927	0.1	59	142	0.04	0.04	5.3	5.26	417	406	18.19	18.19	Glyoxalase/Bleomycin resistance protein/Dioxygenase superfamily	E
OG0000131	216	0.03	69	132	0.05	0.05	5.3	5.29	453	447	21.8	21.8	YozE SAM-like fold	S
OG0001701	1176	0.05	54	61	0.05	0.05	5.3	5.31	381	380	19.89	19.89	MacB-like periplasmic core domain	V
OG0002231	114	0.24	14	25	0.07	0.08	5.3	5.23	230	216	16.92	16.92	#N/A	#N/A
OG0002596	709.5	0.29	10	14	0.1	0.12	5.3	5.19	228	193	23.07	23.07	"PemK-like, MazF-like toxin of type II toxin-antitoxin system"	T
OG0000017	357	0.05	77	322	0.04	0.04	5.31	5.29	516	490	21.37	21.37	#N/A	#N/A
OG0001807	1068	0.23	42	52	0.05	0.05	5.31	5.25	372	330	17.6	17.6	Belongs to the sulfur carrier protein TusA family	OP
OG0001911	261	0.2	39	44	0.05	0.05	5.31	5.25	371	334	18.14	18.14	Metal-sensitive transcriptional repressor	S
OG0002019	463.5	0.08	34	36	0.06	0.07	5.31	5.26	285	272	18.22	18.22	COG0563 Adenylate kinase and related kinases	F
OG0002165	894	0.11	27	28	0.07	0.07	5.31	5.22	277	255	18.5	18.5	COG0697 Permeases of the drug metabolite transporter (DMT) superfamily	EG
OG0002253	201	0.17	24	24	0.08	0.08	5.31	5.22	271	251	20.96	20.96	-	-
OG0002318	3138	0	19	21	0.07	0.07	5.31	5.31	233	233	17	17	AAA domain	L
OG0002461	492	0	13	17	0.09	0.09	5.31	5.31	230	230	19.71	19.71	-	-
OG0002501	603	0	13	16	0.09	0.09	5.31	5.31	221	221	19.94	19.94	Domain of unknown function (DUF3885)	S
OG0002580	456	0.07	2	15	0.08	0.08	5.31	5.31	248	244	19.8	19.8	#N/A	#N/A
OG0000221	612	0.11	65	100	0.05	0.05	5.32	5.21	421	381	19.05	19.05	Flavin reductase like domain	S
OG0001400	642	0.05	74	76	0.05	0.06	5.32	5.33	365	362	19.96	19.96	Removes 5-oxoproline from various penultimate amino acid residues except L-proline	O
OG0001693	673.5	0.05	44	62	0.09	0.09	5.32	5.33	473	470	40.21	40.21	Putative HNHc nuclease	S
OG0001893	721.5	0.65	26	46	0.05	0.08	5.32	4.98	319	186	15.04	15.04	"Protein of unknown function, DUF536"	S
OG0002273	636	0.04	11	23	0.09	0.09	5.32	5.28	266	253	22.91	22.91	#N/A	#N/A
OG0002473	156	0.06	13	17	0.09	0.09	5.32	5.31	236	234	20.59	20.59	#N/A	#N/A
OG0002479	576	0.12	14	17	0.08	0.09	5.32	5.26	248	229	20.71	20.71	CAAX protease self-immunity	S
OG0000065	1152	0.05	75	179	0.04	0.04	5.33	5.34	489	487	18.99	18.99	Belongs to the thiolase family	I
OG0000295	1491	0.02	56	87	0.05	0.05	5.33	5.3	383	379	19.31	19.31	xylulose kinase	G
OG0000470	249	0.04	42	79	0.09	0.09	5.33	5.34	455	455	39.33	39.33	#N/A	#N/A
OG0001760	1407	0.02	40	57	0.06	0.06	5.33	5.31	347	347	19.46	19.46	Belongs to the major facilitator superfamily	P
OG0002164	675	0.11	28	28	0.06	0.07	5.33	5.3	279	265	17.29	17.29	-	-
OG0002467	480	0	14	17	0.09	0.09	5.33	5.33	245	245	21.29	21.29	-	-
OG0002554	129	0.07	14	15	0.09	0.1	5.33	5.25	246	226	21.53	21.53	#N/A	#N/A
OG0002555	117	0.13	14	15	0.09	0.1	5.33	5.21	243	214	21.93	21.93	#N/A	#N/A
OG0002591	97.5	0.29	3	14	0.08	0.1	5.33	5.08	214	167	16.93	16.93	#N/A	#N/A
OG0000172	687	0.08	71	115	0.03	0.03	5.34	5.33	601	587	19.45	19.45	hydrolase	S
OG0000797	1494	0.09	69	77	0.05	0.05	5.34	5.24	353	317	16.94	16.94	Belongs to the aldehyde dehydrogenase family	C
OG0002174	1344	0.25	24	28	0.07	0.08	5.34	5.19	272	227	18.21	18.21	"Pyridine nucleotide-disulphide oxidoreductase, dimerisation domain"	C
OG0002214	834	0.24	17	25	0.09	0.1	5.34	5.28	308	279	28.88	28.88	Protein of unknown function (DUF3102)	S
OG0001527	735	0.03	72	73	0.05	0.05	5.35	5.34	418	416	19.49	19.49	NAD-dependent protein deacetylase which modulates the activities of several enzymes which are inactive in their acetylated form	K
OG0001900	516	0.02	31	45	0.09	0.09	5.35	5.35	428	428	40.29	40.29	dUTPase	S
OG0002309	459	0.14	20	21	0.08	0.08	5.35	5.29	255	237	19.24	19.24	Protein of unknown function (DUF523)	S
OG0002626	657	0.08	13	13	0.12	0.12	5.35	5.32	252	245	29.15	29.15	-	-
OG0000122	1503	0.06	77	137	0.04	0.04	5.36	5.36	561	551	19.8	19.8	serves to protect cells from the toxic effects of hydrogen peroxide	P
OG0000271	885	0.06	77	90	0.05	0.05	5.36	5.34	402	395	19.32	19.32	"Catalyzes the phosphorylation of ribose at O-5 in a reaction requiring ATP and magnesium. The resulting D-ribose-5- phosphate can then be used either for sythesis of nucleotides, histidine, and tryptophan, or as a component of the pentose phosphate pathway"	H
OG0001708	1600.5	0.08	51	60	0.05	0.05	5.36	5.36	319	316	17.32	17.32	"FGGY family of carbohydrate kinases, N-terminal domain"	G
OG0001882	1200	0.06	31	47	0.06	0.06	5.36	5.38	324	322	18.3	18.3	ATP-grasp domain	F
OG0002025	303	0	29	36	0.1	0.1	5.36	5.36	368	368	38.39	38.39	MazG nucleotide pyrophosphohydrolase domain	S
OG0002701	268.5	0	10	12	0.14	0.14	5.36	5.36	250	250	35	35	-	-
OG0002360	216	0.25	16	20	0.1	0.1	5.37	5.31	249	232	23.75	23.75	#N/A	#N/A
OG0002488	165	0.06	14	17	0.09	0.09	5.37	5.33	250	239	21.65	21.65	#N/A	#N/A
OG0002678	396	0.25	12	12	0.11	0.13	5.37	5.19	234	193	25.67	25.67	HicB_like antitoxin of bacterial toxin-antitoxin system	S
OG0000088	339	0.11	76	156	0.03	0.03	5.38	5.3	746	692	18.81	18.81	transcriptional regulator	K
OG0000231	624	0.05	58	97	0.05	0.05	5.38	5.34	464	450	21.52	21.52	-	-
OG0001718	525	0.07	48	60	0.06	0.06	5.38	5.29	343	310	19.9	19.9	Glyoxalase/Bleomycin resistance protein/Dioxygenase superfamily	E
OG0001770	747	0.07	48	56	0.05	0.05	5.38	5.41	349	348	18.12	18.12	glycerophosphoryl diester phosphodiesterase	C
OG0001875	219	0.13	34	47	0.06	0.06	5.38	5.42	401	392	25.06	25.06	-	-
OG0002287	228	0.05	19	22	0.1	0.1	5.38	5.36	304	297	30.32	30.32	#N/A	#N/A
OG0002292	288	0.05	13	22	0.08	0.08	5.38	5.37	253	250	19.5	19.5	-	-
OG0002330	183	0.19	20	21	0.07	0.08	5.38	5.31	259	240	18.57	18.57	#N/A	#N/A
OG0000050	1539	0.04	77	207	0.04	0.04	5.39	5.38	500	492	18.31	18.31	"The phosphoenolpyruvate-dependent sugar phosphotransferase system (sugar PTS), a major carbohydrate active transport system, catalyzes the phosphorylation of incoming sugar substrates concomitantly with their translocation across the cell membrane. This system is involved in"	G
OG0000259	1233	0.07	59	91	0.04	0.04	5.39	5.37	453	435	18.33	18.33	Belongs to the enoyl-CoA hydratase isomerase family	I
OG0001799	1620	0.09	48	53	0.04	0.04	5.39	5.35	356	336	15.08	15.08	UDP-N-acetylmuramoyl-tripeptide-D-alanyl-D-alanine ligase activity	M
OG0001894	888	0.15	27	46	0.06	0.07	5.39	5.43	395	390	25.65	25.65	Primase C terminal 1 (PriCT-1)	S
OG0001933	855	0.05	26	43	0.06	0.06	5.39	5.38	314	312	19.84	19.84	Patatin-like phospholipase	S
OG0002281	789	0.26	18	23	0.08	0.11	5.39	5.16	279	213	23.13	23.13	-	-
OG0002483	189	0.18	17	17	0.08	0.09	5.39	5.27	241	214	19.18	19.18	-	-
OG0000330	981	0.14	77	83	0.03	0.04	5.4	5.47	457	436	15.66	15.66	"Catalyzes the synthesis of 5,6-dihydrouridine (D), a modified base found in the D-loop of most tRNAs, via the reduction of the C5-C6 double bond in target uridines"	J
OG0001496	1641	0.07	71	73	0.05	0.05	5.4	5.4	360	358	18.41	18.41	Belongs to the TPP enzyme family	GH
OG0001647	720	0.06	61	65	0.05	0.05	5.4	5.38	370	361	18.58	18.58	Protein of unknown function (DUF3169)	S
OG0001719	954	0.03	57	60	0.06	0.06	5.4	5.4	339	339	20.1	20.1	Belongs to the UPF0176 family	S
OG0001921	489	0.07	39	43	0.06	0.06	5.4	5.37	324	319	19.67	19.67	TspO/MBR family	T
OG0002178	627	0.04	18	27	0.07	0.07	5.4	5.39	282	281	21.07	21.07	#N/A	#N/A
OG0002491	1140	0.12	11	17	0.07	0.07	5.4	5.4	246	243	17.88	17.88	PFAM major facilitator superfamily MFS_1	EGP
OG0002621	546	0.07	13	14	0.09	0.09	5.4	5.38	237	232	20.86	20.86	-	-
OG0000071	1368	0.03	62	175	0.04	0.04	5.41	5.38	495	485	17.7	17.7	permease	E
OG0000391	168	0.07	44	81	0.08	0.08	5.41	5.4	478	475	37.38	37.38	Transcriptional activator RinB	S
OG0002256	261	0.12	21	24	0.08	0.09	5.41	5.35	274	257	22.29	22.29	-	-
OG0002283	780	0	17	23	0.07	0.07	5.41	5.41	278	278	20	20	Belongs to the N(4) N(6)-methyltransferase family	L
OG0002422	357	0.06	10	18	0.08	0.08	5.41	5.38	246	240	18.5	18.5	Protein of unknown function (DUF3139)	S
OG0000077	201	0.09	77	167	0.04	0.04	5.42	5.37	578	553	20.63	20.63	COG1278 Cold shock proteins	K
OG0000106	1134	0.06	77	146	0.03	0.03	5.42	5.41	603	579	19.6	19.6	flavin oxidoreductase	C
OG0000223	867	0.02	77	99	0.04	0.04	5.42	5.41	415	412	17.28	17.28	"Catalyzes the formation of UDP-glucose from glucose-1- phosphate and UTP. This is an intermediate step in the biosynthesis of diglucosyl-diacylglycerol (Glc2-DAG), i.e. a glycolipid found in the membrane, which is also used as a membrane anchor for lipoteichoic acid (LTA) (By similarity)"	M
OG0001768	192	0.07	54	56	0.05	0.05	5.42	5.38	400	387	21.11	21.11	-	-
OG0002114	339	0	28	31	0.07	0.07	5.42	5.42	294	294	21.55	21.55	-	-
OG0002201	222	0.08	25	26	0.08	0.08	5.42	5.37	279	265	21.12	21.12	#N/A	#N/A
OG0000090	744	0.05	77	154	0.03	0.04	5.43	5.41	590	578	20.44	20.44	CAAX amino terminal protease family protein	S
OG0001522	207	0.05	37	74	0.07	0.07	5.43	5.42	511	508	37.14	37.14	Protein of unknown function (DUF1381)	S
OG0001791	409.5	0.39	31	54	0.07	0.09	5.43	5.2	405	322	29.65	29.65	Endodeoxyribonuclease RusA	L
OG0001974	1737	0.08	39	39	0.06	0.06	5.43	5.42	301	298	17.77	17.77	Catalyzes the synthesis of the hydroxymethylpyrimidine phosphate (HMP-P) moiety of thiamine from aminoimidazole ribotide (AIR) in a radical S-adenosyl-L-methionine (SAM)-dependent reaction	H
OG0000025	1173	0.05	77	261	0.03	0.03	5.44	5.43	661	649	18.06	18.06	Metal-dependent amidase aminoacylase carboxypeptidase	E
OG0001649	699	0.11	57	65	0.04	0.05	5.44	5.31	414	373	18.54	18.54	mRNA processing	S
OG0001837	171	0.12	30	49	0.09	0.09	5.44	5.4	423	397	37	37	#N/A	#N/A
OG0002007	738	0	28	37	0.06	0.06	5.44	5.44	303	303	19	19	Nodulation protein S (NodS)	Q
OG0002135	408	0	28	30	0.07	0.07	5.44	5.44	308	308	21.4	21.4	Antioxidant protein with alkyl hydroperoxidase activity. Required for the reduction of the AhpC active site cysteine residues and for the regeneration of the AhpC enzyme activity	L
OG0002271	552	0.09	19	23	0.11	0.12	5.44	5.34	339	308	37.17	37.17	HNH endonuclease	L
OG0002457	591	0.12	16	17	0.07	0.08	5.44	5.34	253	231	18.76	18.76	DJ-1/PfpI family	S
OG0000144	411	0.11	75	127	0.03	0.04	5.45	5.3	649	564	20.44	20.44	YolD-like protein	S
OG0000394	936	0.07	59	80	0.04	0.04	5.45	5.43	438	414	17.85	17.85	Belongs to the carbamate kinase family	E
OG0001811	171	0.02	29	52	0.08	0.08	5.45	5.45	466	464	37.02	37.02	#N/A	#N/A
OG0000279	369	0.06	50	89	0.07	0.07	5.46	5.46	560	554	38.03	38.03	PVL ORF-50-like family	S
OG0001607	1323	0.1	62	69	0.05	0.05	5.46	5.43	421	410	20.78	20.78	Belongs to the class-I pyridine nucleotide-disulfide oxidoreductase family	C
OG0001800	573	0.06	52	53	0.05	0.06	5.46	5.46	351	344	19.19	19.19	Peptidase propeptide and YPEB domain	S
OG0001816	756	0.18	42	51	0.04	0.05	5.46	5.43	417	377	18.22	18.22	membrane transporter protein	S
OG0001958	486	0.07	31	41	0.09	0.09	5.46	5.47	411	407	37.05	37.05	Siphovirus Gp157	S
OG0001964	1098	0.2	32	40	0.06	0.07	5.46	5.41	322	288	18.77	18.77	Bacterial low temperature requirement A protein (LtrA)	S
OG0002101	846	0.09	27	32	0.06	0.06	5.46	5.46	291	290	16.94	16.94	NmrA-like family	GM
OG0000063	927	0.03	77	183	0.03	0.03	5.47	5.47	594	590	20.35	20.35	Cobalamin synthesis protein cobW C-terminal domain	S
OG0000184	1536	0.06	71	110	0.04	0.04	5.47	5.44	431	421	18.85	18.85	Belongs to the sodium solute symporter (SSF) (TC 2.A.21) family	E
OG0001678	495	0.05	57	63	0.04	0.04	5.47	5.45	399	392	17.24	17.24	Protein of unknown function (DUF1440)	S
OG0002110	885	0.06	24	31	0.07	0.07	5.47	5.47	284	282	19.61	19.61	Phenazine biosynthesis-like protein	S
OG0002447	429	0.06	4	18	0.07	0.07	5.47	5.47	285	282	19.72	19.72	transposase activity	L
OG0000078	1035	0.02	43	165	0.03	0.03	5.48	5.48	548	547	18.88	18.88	"Oxidoreductase family, C-terminal alpha/beta domain"	S
OG0000393	1254	0.02	48	81	0.05	0.05	5.48	5.46	399	398	18	18	Major Facilitator Superfamily	EGP
OG0001466	618	0.01	68	76	0.05	0.05	5.48	5.48	404	404	21.68	21.68	LysE type translocator	S
OG0001833	1386	0.02	27	49	0.05	0.06	5.48	5.44	333	319	18.16	18.16	LysM domain	M
OG0001852	465	0	37	48	0.07	0.07	5.48	5.48	446	446	30.79	30.79	Pfam:Peptidase_M78	S
OG0002158	192	0.25	25	28	0.07	0.08	5.48	5.32	305	253	20.64	20.64	#N/A	#N/A
OG0000100	1524	0.03	76	149	0.03	0.03	5.49	5.47	651	619	19.48	19.48	Belongs to the 5'-nucleotidase family	F
OG0001699	816	0.21	22	62	0.05	0.05	5.49	5.45	395	364	18.85	18.85	COG2801 Transposase and inactivated derivatives	L
OG0001895	528	0.13	31	46	0.05	0.05	5.49	5.5	358	345	18.39	18.39	-	-
OG0002000	1158	0.05	32	37	0.06	0.06	5.49	5.44	333	317	18.97	18.97	Chromate transporter	P
OG0002043	336	0.11	33	35	0.06	0.06	5.49	5.4	337	311	18.54	18.54	SdpI/YhfL protein family	S
OG0002151	777	0.07	23	29	0.06	0.07	5.49	5.45	319	308	20.55	20.55	Domain of unknown function DUF1829	S
OG0002355	253.5	0.05	17	20	0.08	0.09	5.49	5.45	281	271	23.25	23.25	-	-
OG0002519	330	0.12	16	16	0.08	0.09	5.49	5.36	262	233	20.25	20.25	-	-
OG0000072	1191	0.03	71	175	0.03	0.03	5.5	5.49	654	649	20.41	20.41	Major facilitator	EGP
OG0001620	441	0.04	42	69	0.07	0.07	5.5	5.46	552	517	38.42	38.42	Protein of unknwon function (DUF3310)	S
OG0000210	1404	0.04	45	102	0.04	0.04	5.51	5.5	505	498	17.72	17.72	MFS/sugar transport protein	G
OG0000355	786	0.06	66	81	0.04	0.05	5.51	5.47	404	388	17.65	17.65	Belongs to the arylamine N-acetyltransferase	Q
OG0001873	285	0.09	38	47	0.07	0.07	5.51	5.51	472	464	32.66	32.66	Domain of unknown function (DUF771)	S
OG0002063	207	0.03	29	34	0.07	0.08	5.51	5.49	329	325	24.53	24.53	#N/A	#N/A
OG0002066	924	0.09	22	34	0.06	0.06	5.51	5.51	310	307	17.53	17.53	Dienelactone hydrolase family	S
OG0002155	984	0	23	28	0.06	0.06	5.51	5.51	302	302	18.96	18.96	Endonuclease/Exonuclease/phosphatase family	S
OG0001822	1095	0.02	50	51	0.05	0.05	5.52	5.53	385	385	19.45	19.45	ABC-2 family transporter protein	V
OG0002289	417	0.05	20	22	0.07	0.07	5.52	5.5	286	281	19.95	19.95	-	-
OG0000001	774	0.06	77	657	0.02	0.02	5.53	5.54	886	871	17.66	17.66	"TIGRFAM oligopeptide dipeptide ABC transporter, ATPase subunit"	P
OG0000003	801	0.03	77	485	0.03	0.03	5.53	5.52	713	704	18.47	18.47	Lysin motif	M
OG0000033	1593	0.07	77	246	0.03	0.03	5.53	5.5	706	690	17.74	17.74	Belongs to the BCCT transporter (TC 2.A.15) family	M
OG0002260	495	0.09	19	23	0.07	0.08	5.53	5.44	296	271	21.13	21.13	-	-
OG0000043	1203	0.06	76	217	0.03	0.03	5.54	5.53	629	606	19.01	19.01	Sugar (and other) transporter	EGP
OG0001991	397.5	0.03	24	38	0.09	0.09	5.54	5.54	419	418	37.71	37.71	YopX protein	S
OG0002125	609	0.06	31	31	0.06	0.06	5.54	5.51	321	314	19.71	19.71	Putative FMN-binding domain	K
OG0002179	513	0.07	20	27	0.07	0.07	5.54	5.5	307	295	20.63	20.63	Protein of unknown function (DUF4065)	S
OG0002244	117	0.08	22	24	0.08	0.09	5.54	5.47	318	294	25.54	25.54	#N/A	#N/A
OG0001662	204	0.09	41	65	0.05	0.06	5.55	5.47	454	421	23.54	23.54	sequence-specific DNA binding	K
OG0000014	820.5	0.13	69	326	0.02	0.02	5.56	5.61	718	692	16.55	16.55	Mga helix-turn-helix domain	G
OG0000049	516	0.02	76	210	0.03	0.03	5.56	5.56	710	704	19.9	19.9	Protein of unknown function (DUF805)	S
OG0000074	915	0.05	71	174	0.03	0.03	5.56	5.53	677	669	20.56	20.56	Ferrichrome ABC transporter substrate-binding protein	P
OG0000096	1035	0.03	73	151	0.04	0.04	5.56	5.54	497	496	19.23	19.23	"COG1299 Phosphotransferase system, fructose-specific IIC component"	S
OG0001826	1305	0.04	49	50	0.06	0.06	5.56	5.57	398	396	23.16	23.16	"Potassium uptake protein, integral membrane component, KtrB"	P
OG0000111	2289	0.11	77	144	0.03	0.03	5.57	5.48	606	555	19.19	19.19	P-type ATPase	P
OG0000286	750	0.05	50	88	0.06	0.06	5.57	5.57	646	642	38.19	38.19	#N/A	#N/A
OG0001471	477	0.07	69	75	0.05	0.05	5.57	5.56	397	392	18	18	Has an important function as a repair enzyme for proteins that have been inactivated by oxidation. Catalyzes the reversible oxidation-reduction of methionine sulfoxide in proteins to methionine	O
OG0001661	420	0.11	41	64	0.07	0.07	5.57	5.51	502	477	32.95	32.95	"Transcriptional regulator, RinA family"	S
OG0002230	198	0.16	21	25	0.07	0.07	5.57	5.54	309	295	20.84	20.84	-	-
OG0002269	846	0.22	20	23	0.06	0.07	5.57	5.54	291	281	18.48	18.48	Streptomycin adenylyltransferase	G
OG0002321	408	0	20	21	0.07	0.07	5.57	5.57	297	297	20.81	20.81	Protein of unknown function (DUF2992)	S
OG0000121	1413	0.05	72	137	0.03	0.03	5.58	5.57	541	536	18.5	18.5	Belongs to the glycosyl hydrolase 1 family	G
OG0002055	241.5	0	28	34	0.06	0.06	5.58	5.58	371	371	21.24	21.24	Protein of unknown function (DUF3923)	S
OG0000044	759	0.02	77	215	0.03	0.03	5.59	5.59	715	713	20	20	transcriptional regulators of sugar metabolism	K
OG0000076	714	0.03	56	167	0.03	0.03	5.59	5.55	630	610	20.8	20.8	Poly-gamma-glutamate hydrolase	S
OG0000227	999	0.08	45	99	0.04	0.04	5.59	5.55	549	534	19.74	19.74	Amidohydrolase	S
OG0001631	399	0.03	38	67	0.08	0.08	5.59	5.59	512	511	38.57	38.57	-	-
OG0001973	267	0.28	31	39	0.05	0.06	5.59	5.35	378	289	18.28	18.28	YoeB-like toxin of bacterial type II toxin-antitoxin system	S
OG0000059	990	0.05	77	193	0.02	0.02	5.6	5.57	715	703	16.93	16.93	Catabolite control protein A	K
OG0000062	405	0.06	75	188	0.02	0.02	5.6	5.56	718	692	16.14	16.14	COG0494 NTP pyrophosphohydrolases including oxidative damage repair enzymes	L
OG0000073	1359	0.05	77	174	0.03	0.03	5.6	5.55	595	566	17.41	17.41	ABC-2 family transporter protein	V
OG0001785	168	0.11	39	55	0.05	0.06	5.6	5.49	464	412	25	25	-	-
OG0000123	423	0.07	71	136	0.03	0.04	5.63	5.6	564	536	18.91	18.91	protein conserved in bacteria	S
OG0001841	2061	0.12	36	49	0.04	0.05	5.63	5.6	430	407	18.9	18.9	P-type ATPase	P
OG0002157	234	0.07	25	28	0.07	0.07	5.63	5.56	341	315	23.57	23.57	-	-
OG0000103	210	0.03	66	148	0.03	0.03	5.64	5.62	662	659	21.79	21.79	TM2 domain	S
OG0000115	639	0.05	73	142	0.03	0.03	5.64	5.62	625	610	19.15	19.15	NAD(P)H-binding	GM
OG0000202	1194	0.03	56	104	0.03	0.04	5.64	5.64	504	501	17.62	17.62	transporter	P
OG0001570	1359	0.15	50	71	0.04	0.05	5.64	5.61	423	395	17.97	17.97	Glycerol-3-phosphate transporter	G
OG0001975	1257	0.03	33	39	0.05	0.05	5.64	5.63	358	353	17.67	17.67	AAA domain (dynein-related subfamily)	V
OG0001705	534	0.18	46	61	0.04	0.04	5.65	5.52	472	420	18.56	18.56	Flavodoxin-like fold	S
OG0002044	1809	0.11	31	35	0.05	0.05	5.65	5.61	378	360	18.14	18.14	"Purple acid Phosphatase, N-terminal domain"	S
OG0002185	501	0.07	23	27	0.07	0.08	5.65	5.58	354	330	25.37	25.37	-	-
OG0000196	330	0.64	38	105	0.03	0.04	5.66	5.44	486	337	12.31	12.31	Replication protein	L
OG0000311	423	0.07	19	85	0.04	0.05	5.66	5.59	469	440	20.51	20.51	Pfam PF07252	S
OG0002264	363	0.09	20	23	0.06	0.06	5.66	5.62	319	304	19.13	19.13	-	-
OG0000021	705	0.1	77	294	0.02	0.02	5.67	5.68	790	763	17.14	17.14	trehalose operon transcriptional repressor	K
OG0000273	381	0.06	53	90	0.04	0.05	5.67	5.68	491	487	22.03	22.03	Glyoxalase/Bleomycin resistance protein/Dioxygenase superfamily	E
OG0001925	357	0.12	37	43	0.05	0.06	5.67	5.56	382	345	19.49	19.49	DoxX	S
OG0001648	1050	0.09	63	65	0.04	0.04	5.68	5.62	451	417	18.43	18.43	ABC transporter (permease)	V
OG0002113	207	0.13	26	31	0.05	0.05	5.68	5.62	338	317	16.68	16.68	-	-
OG0000296	684	0.06	56	86	0.04	0.04	5.69	5.65	464	446	17.15	17.15	-	-
OG0002021	246	0.11	31	36	0.06	0.06	5.69	5.62	402	368	22.83	22.83	-	-
OG0000042	1434	0.03	77	218	0.03	0.03	5.7	5.67	672	652	17.53	17.53	Belongs to the aldehyde dehydrogenase family	C
OG0001565	988.5	0.07	69	72	0.04	0.04	5.7	5.65	454	430	19.22	19.22	Catalyzes the conversion of dethiobiotin (DTB) to biotin by the insertion of a sulfur atom into dethiobiotin via a radical- based mechanism	H
OG0001673	2082	0.06	44	64	0.05	0.05	5.7	5.68	481	463	22.16	22.16	helicase	L
OG0001883	432	0.02	32	46	0.05	0.05	5.71	5.69	422	421	20.63	20.63	Acetyltransferase (GNAT) domain	K
OG0000047	432	0.06	77	212	0.03	0.03	5.72	5.73	921	900	27.41	27.41	Single-strand binding protein family	S
OG0000113	507	0.06	72	142	0.03	0.03	5.73	5.68	735	693	18.69	18.69	Acetyltransferase (GNAT) domain	K
OG0000145	1426.5	0.05	62	126	0.03	0.03	5.73	5.73	563	558	18.8	18.8	C4-dicarboxylate anaerobic carrier	S
OG0000253	748.5	0.14	45	92	0.04	0.05	5.73	5.75	701	688	31.18	31.18	DNA binding	S
OG0001706	627	0.08	51	60	0.04	0.04	5.73	5.73	424	421	18.77	18.77	"Catalyzes the reductive cleavage of azo bond in aromatic azo compounds to the corresponding amines. Requires NADH, but not NADPH, as an electron donor for its activity"	C
OG0001772	1686	0.18	35	56	0.05	0.05	5.73	5.79	557	550	26.82	26.82	D5 N terminal like	S
OG0000180	1068	0.04	57	112	0.03	0.03	5.74	5.72	542	530	17.07	17.07	"transferase activity, transferring acyl groups other than amino-acyl groups"	G
OG0001714	534	0.05	41	60	0.04	0.05	5.74	5.7	464	443	20.05	20.05	-	-
OG0002029	445.5	0.11	30	36	0.06	0.06	5.74	5.7	380	358	21.61	21.61	Acetyltransferase (GNAT) domain	K
OG0001891	388.5	0.07	38	46	0.05	0.05	5.76	5.72	418	396	21.67	21.67	Protein of unknown function (DUF1093)	S
OG0000197	2787	0.13	55	106	0.03	0.03	5.77	5.74	643	602	17.13	17.13	"Subunit R is required for both nuclease and ATPase activities, but not for modification"	L
OG0000048	1248	0.11	77	211	0.02	0.03	5.78	5.71	783	732	18.91	18.91	protein involved in methicillin resistance	V
OG0001957	258	0.15	35	41	0.04	0.05	5.78	5.77	399	383	17.63	17.63	-	-
OG0002079	666	0.18	21	33	0.05	0.06	5.78	5.72	411	382	22.3	22.3	#N/A	#N/A
OG0002018	1155	0.11	28	36	0.05	0.05	5.79	5.78	411	407	21.03	21.03	Pfam:DUF955	K
OG0000211	429	0.08	68	102	0.04	0.04	5.8	5.79	556	544	19.59	19.59	Transcriptional regulator	K
OG0001888	795	0.35	30	46	0.04	0.05	5.8	5.56	467	347	18.72	18.72	Cellulose biosynthesis protein BcsQ	D
OG0000027	1491	0.1	76	259	0.02	0.02	5.81	5.78	867	827	16.27	16.27	Glycosyl transferase 1 domain A	M
OG0000181	1002	0.06	74	111	0.03	0.03	5.82	5.8	581	560	17.99	17.99	Reversibly catalyzes the transfer of the carbamoyl group from carbamoyl phosphate (CP) to the N(epsilon) atom of ornithine (ORN) to produce L-citrulline	E
OG0000051	1515	0.04	77	205	0.03	0.03	5.83	5.82	681	680	19.51	19.51	Sodium:sulfate symporter transmembrane region	P
OG0001721	489	0.05	34	60	0.05	0.05	5.83	5.81	557	540	28.23	28.23	terminase small subunit	L
OG0001896	216	0.07	33	45	0.05	0.05	5.83	5.77	481	458	23.31	23.31	Cro/C1-type HTH DNA-binding domain	K
OG0001929	1074	0.14	32	43	0.05	0.05	5.83	5.76	466	439	22.02	22.02	C-5 cytosine-specific DNA methylase	H
OG0001599	352.5	0.01	54	70	0.04	0.04	5.84	5.83	597	587	21.21	21.21	-	-
OG0000291	1209	0.14	51	88	0.03	0.03	5.85	5.84	652	616	16.7	16.7	Type I restriction modification DNA specificity domain protein	V
OG0000304	399	0.06	57	86	0.03	0.03	5.85	5.85	651	635	19.48	19.48	Catalyzes the reduction of arsenate As(V) to arsenite As(III)	T
OG0000354	955.5	0.54	36	82	0.03	0.05	5.85	5.59	547	368	16.67	16.67	Replication initiator protein A (RepA) N-terminus	S
OG0001688	618	0.22	47	63	0.03	0.04	5.86	5.78	578	502	19.49	19.49	Cadmium resistance transporter	P
OG0000109	1362	0.05	62	145	0.03	0.03	5.87	5.88	685	681	18.78	18.78	Belongs to the major facilitator superfamily. Sugar transporter (TC 2.A.1.1) family	EGP
OG0001938	249	0.19	36	42	0.05	0.06	5.88	5.71	462	387	22.12	22.12	-	-
OG0000016	1443	0.1	77	323	0.02	0.02	5.89	5.87	899	863	18.77	18.77	Major Facilitator Superfamily	EGP
OG0000292	1557	0.12	52	88	0.02	0.03	5.9	5.9	656	622	16.16	16.16	type I restriction-modification system	V
OG0000141	1308	0.05	53	128	0.03	0.03	5.91	5.87	657	622	18.26	18.26	Luciferase-like monooxygenase	C
OG0000156	864	0.07	60	122	0.03	0.03	5.91	5.89	616	603	18.68	18.68	-	-
OG0000159	1164	0.08	60	119	0.03	0.03	5.91	5.86	698	649	20.08	20.08	Major Facilitator Superfamily	EGP
OG0000463	589.5	0.04	34	80	0.03	0.03	5.92	5.9	546	527	18	18	-	-
OG0000320	346.5	0.11	48	84	0.04	0.04	5.93	5.89	609	577	22.96	22.96	Abi-like protein	V
OG0001798	495	0.06	49	53	0.04	0.05	5.93	5.89	492	465	21.17	21.17	MepB protein	S
OG0000108	336	0.05	71	146	0.03	0.03	5.94	5.9	721	679	19.22	19.22	Transcriptional regulator	K
OG0001936	609	0.1	33	42	0.04	0.05	5.94	5.92	479	456	20.76	20.76	Stage II sporulation protein M	S
OG0001792	1057.5	0.07	38	54	0.04	0.04	5.96	5.9	538	495	20.56	20.56	Fic/DOC family	S
OG0001971	372	0.05	32	39	0.04	0.05	5.96	5.91	464	442	20.54	20.54	-	-
OG0001976	780	0.08	29	39	0.04	0.04	5.96	5.9	486	455	18.72	18.72	-	-
OG0000576	1056	0.03	47	79	0.03	0.03	5.99	5.98	635	629	18.08	18.08	Protein of unknown function (DUF418)	S
OG0001494	819	0.08	42	74	0.03	0.03	6	5.93	562	527	18.04	18.04	CAAX protease self-immunity	S
OG0001878	255	0.19	38	47	0.04	0.04	6.01	5.86	519	436	19.13	19.13	Antitoxin component of a toxin-antitoxin (TA) module	D
OG0001961	450	0.05	32	40	0.04	0.04	6.01	6	481	473	20.62	20.62	Acetyltransferase (GNAT) domain	K
OG0000026	1386	0.11	72	259	0.02	0.02	6.02	5.96	918	867	16.83	16.83	of the major facilitator superfamily	EGP
OG0001827	420	0.16	38	49	0.04	0.04	6.02	5.93	545	483	20.63	20.63	Metallothiol transferase which confers resistance to fosfomycin by catalyzing the addition of a thiol cofactor to fosfomycin. L-cysteine is probably the physiological thiol donor	E
OG0001861	282	0.02	11	48	0.03	0.03	6.03	6.02	557	549	18.42	18.42	Transposase	L
OG0000070	561	0.1	68	175	0.02	0.02	6.04	5.99	833	783	19.4	19.4	"Bacterial regulatory proteins, tetR family"	K
OG0000038	951	0.08	72	226	0.02	0.02	6.05	6.04	999	966	19.23	19.23	Ami_2	M
OG0000128	684	0.07	75	134	0.03	0.03	6.05	6.03	722	709	18.81	18.81	DJ-1/PfpI family	S
OG0000022	963	0.08	76	291	0.02	0.02	6.06	6.01	1060	1013	21.45	21.45	Peptidoglycan hydrolase	M
OG0000055	1221	0.03	72	199	0.02	0.02	6.06	6.07	759	753	18.26	18.26	succinyl-diaminopimelate desuccinylase	E
OG0000030	750	0.06	77	251	0.02	0.02	6.08	6.06	994	975	18.69	18.69	"ABC transporter, ATP-binding protein"	V
OG0000060	918	0.04	77	193	0.02	0.02	6.08	6.08	801	793	17.84	17.84	Catalyzes the NADPH-dependent reduction of ketopantoate into pantoic acid	H
OG0001880	411	0.02	39	47	0.04	0.04	6.09	6.08	557	553	21.3	21.3	helix_turn_helix ASNC type	K
OG0000137	1290	0.05	75	129	0.03	0.03	6.11	6.1	776	756	20.24	20.24	Involved in arsenical resistance. Thought to form the channel of an arsenite pump	U
OG0001812	492	0.12	19	52	0.03	0.04	6.11	6.02	567	524	18.35	18.35	Helix-turn-helix domain	L
OG0000020	954	0.11	77	294	0.02	0.02	6.13	6.03	1139	1032	18.59	18.59	response to antibiotic	S
OG0000010	2161.5	0.03	76	364	0.02	0.02	6.15	6.13	1034	1004	17.64	17.64	teichoic acid biosynthesis	M
OG0001814	1236	0.06	13	52	0.03	0.03	6.16	6.12	662	640	19.33	19.33	COG4584 Transposase and inactivated derivatives	L
OG0001674	1470	0.12	31	64	0.03	0.03	6.17	6.13	590	561	18.48	18.48	ABC transporter	S
OG0000023	1230	0.06	76	279	0.02	0.02	6.18	6.14	993	965	17.55	17.55	COG0463 Glycosyltransferases involved in cell wall biogenesis	M
OG0001986	312	0.18	23	38	0.03	0.03	6.19	6.09	565	507	17.71	17.71	Helix-turn-helix domain	L
OG0000039	1398	0.07	76	225	0.02	0.02	6.2	6.17	952	928	18.32	18.32	amino acid	E
OG0000080	192	0.07	67	165	0.02	0.02	6.2	6.14	914	864	19.45	19.45	-	-
OG0000018	321	0.09	77	303	0.01	0.02	6.22	6.21	1297	1244	19.25	19.25	Transcriptional regulator	K
OG0000013	444	0.09	77	333	0.02	0.02	6.23	6.2	1156	1108	18.34	18.34	transcriptional	K
OG0000217	189	0.14	69	100	0.02	0.03	6.23	6.16	787	704	19.5	19.5	-	-
OG0000226	654	0.12	56	99	0.03	0.03	6.24	6.27	773	764	20	20	-	-
OG0000005	888	0.06	77	475	0.02	0.02	6.25	6.22	1173	1146	18.67	18.67	Transcriptional regulator	K
OG0000009	772.5	0.02	77	410	0.02	0.02	6.26	6.26	1248	1243	19.03	19.03	PFAM short chain dehydrogenase	IQ
OG0000046	543	0.06	72	213	0.02	0.02	6.26	6.21	930	885	19.11	19.11	Acetyltransferase (GNAT) domain	J
OG0000293	768	0.05	35	87	0.03	0.03	6.27	6.29	1021	1014	27.92	27.92	IstB-like ATP binding protein	S
OG0000069	705	0.06	65	176	0.02	0.02	6.28	6.24	989	962	19.02	19.02	Belongs to the short-chain dehydrogenases reductases (SDR) family	S
OG0000040	759	0.04	72	221	0.02	0.02	6.29	6.26	1021	989	17.44	17.44	Belongs to the peptidase S1B family	M
OG0000034	1044	0.08	69	245	0.02	0.02	6.33	6.3	990	951	18.06	18.06	Alcohol dehydrogenase GroES-like domain	E
OG0000011	1032	0.07	77	339	0.02	0.02	6.35	6.34	1432	1396	23.36	23.36	Belongs to the 'phage' integrase family	L
OG0000006	564	0.05	76	461	0.01	0.01	6.36	6.35	1371	1337	18.43	18.43	"Bacterial regulatory proteins, tetR family"	K
OG0000036	675	0.27	44	238	0.02	0.02	6.37	6.34	1121	1007	18.82	18.82	COG3316 Transposase and inactivated derivatives	L
OG0000019	609	0.23	63	302	0.01	0.01	6.38	6.27	1532	1361	19.88	19.88	"Resolvase, N terminal domain"	L
OG0001795	1143	0.04	11	54	0.03	0.03	6.41	6.37	730	703	19.93	19.93	Helix-turn-helix domain	L
OG0000052	522	0.03	74	204	0.02	0.02	6.44	6.41	1091	1047	18.84	18.84	-	-
OG0000004	867	0.06	77	484	0.01	0.01	6.46	6.44	1711	1663	19.6	19.6	ABC-type multidrug transport system ATPase component	V
OG0000015	408	0.09	77	326	0.01	0.01	6.48	6.41	1419	1321	18.75	18.75	Transcriptional regulator	K
OG0001603	570	0.13	20	70	0.02	0.02	6.51	6.5	856	834	17.79	17.79	Transposase	L
OG0000008	877.5	0.08	77	414	0.01	0.01	6.53	6.49	1483	1428	18.49	18.49	Transcriptional regulator	K
OG0000176	1191	0.1	43	114	0.02	0.02	6.59	6.56	932	895	18.32	18.32	#N/A	#N/A
OG0000028	549	0.13	73	258	0.02	0.02	6.7	6.65	1456	1371	22.32	22.32	#N/A	#N/A
OG0000091	1173	0.04	16	154	0.02	0.02	6.83	6.83	1286	1284	19.98	19.98	L COG3328 Transposase and inactivated derivatives	L
OG0000002	327	0.12	77	626	0.01	0.01	6.84	6.81	2278	2173	22.41	22.41	Helix-turn-helix XRE-family like proteins	K
OG0000188	1296	0.14	20	109	0.01	0.01	6.87	6.86	1169	1138	16.54	16.54	hmm pf00078	L
OG0000170	1074	0.11	25	116	0.01	0.01	6.88	6.87	1199	1169	17.24	17.24	Transposase	L
OG0000234	459	0.06	28	95	0.02	0.02	6.88	6.85	1160	1122	19.19	19.19	COG1943 Transposase and inactivated derivatives	L
OG0000000	2322	0.22	77	773	0.01	0.01	6.95	6.96	2083	2017	14.84	14.84	#N/A	#N/A
OG0000075	705	0.13	39	171	0.01	0.01	7.05	7.02	1653	1587	18.47	18.47	HTH-like domain	L
OG0000024	661.5	0.27	43	274	0.01	0.01	7.17	7.16	1782	1687	15.54	15.54	Transposase for ISSha1	L
OG0000007	537	0.07	51	417	0.01	0.01	7.37	7.36	2351	2302	18.62	18.62	COG3666 Transposase and inactivated derivatives	L
OG0004355	532.5	1	1	2	1	NA	NA	NA	1	0	1	1	oxidoreductase activity	IU
OG0004374	112.5	1	1	2	1	NA	NA	NA	1	0	1	1	#N/A	#N/A
OG0004721	342	1	1	1	1	NA	NA	NA	1	0	1	1	#N/A	#N/A
OG0004724	276	1	1	2	1	NA	NA	NA	1	0	1	1	Phosphotransfer between the C1 and C5 carbon atoms of pentose	G
OG0005019	912	1	1	1	1	NA	NA	NA	1	0	1	1	#N/A	#N/A
OG0005121	402	1	1	1	1	NA	NA	NA	1	0	1	1	#N/A	#N/A
OG0005126	75	1	1	1	1	NA	NA	NA	1	0	1	1	#N/A	#N/A
OG0005127	252	1	1	1	1	NA	NA	NA	1	0	1	1	#N/A	#N/A
OG0005128	252	1	1	1	1	NA	NA	NA	1	0	1	1	#N/A	#N/A
OG0005129	252	1	1	1	1	NA	NA	NA	1	0	1	1	#N/A	#N/A
OG0005130	252	1	1	1	1	NA	NA	NA	1	0	1	1	#N/A	#N/A
OG0005131	255	1	1	1	1	NA	NA	NA	1	0	1	1	#N/A	#N/A
OG0005132	252	1	1	1	1	NA	NA	NA	1	0	1	1	#N/A	#N/A
OG0005133	252	1	1	1	1	NA	NA	NA	1	0	1	1	#N/A	#N/A
OG0005134	252	1	1	1	1	NA	NA	NA	1	0	1	1	#N/A	#N/A
OG0005135	252	1	1	1	1	NA	NA	NA	1	0	1	1	#N/A	#N/A
OG0005136	252	1	1	1	1	NA	NA	NA	1	0	1	1	#N/A	#N/A
OG0005137	243	1	1	1	1	NA	NA	NA	1	0	1	1	#N/A	#N/A
OG0005138	234	1	1	1	1	NA	NA	NA	1	0	1	1	#N/A	#N/A
OG0005177	78	1	1	1	1	NA	NA	NA	1	0	1	1	#N/A	#N/A
OG0005179	222	1	1	1	1	NA	NA	NA	1	0	1	1	#N/A	#N/A
OG0005182	204	1	1	1	1	NA	NA	NA	1	0	1	1	#N/A	#N/A
OG0005191	144	1	1	1	1	NA	NA	NA	1	0	1	1	#N/A	#N/A
OG0005369	711	1	1	1	1	NA	NA	NA	1	0	1	1	"Peptidase_G2, IMC autoproteolytic cleavage domain"	M
OG0005374	822	1	1	1	1	NA	NA	NA	1	0	1	1	Heat induced stress protein YflT	S
OG0005375	591	1	1	1	1	NA	NA	NA	1	0	1	1	#N/A	#N/A
OG0005385	642	1	1	1	1	NA	NA	NA	1	0	1	1	Cytochrome b/b6/petB	C
OG0005386	597	1	1	1	1	NA	NA	NA	1	0	1	1	Thiolesterase that catalyzes the hydrolysis of S-D- lactoyl-glutathione to form glutathione and D-lactic acid	S
OG0005398	165	1	1	1	1	NA	NA	NA	1	0	1	1	MOSC domain	S
OG0005411	744	1	1	1	1	NA	NA	NA	1	0	1	1	sequence-specific DNA binding	K
OG0005415	609	1	1	1	1	NA	NA	NA	1	0	1	1	Cytochrome C biogenesis protein transmembrane region	O
OG0005422	297	1	1	1	1	NA	NA	NA	1	0	1	1	-	-
OG0005423	285	1	1	1	1	NA	NA	NA	1	0	1	1	-	-
OG0005436	795	1	1	1	1	NA	NA	NA	1	0	1	1	#N/A	#N/A
OG0005497	342	1	1	1	1	NA	NA	NA	1	0	1	1	Voltage gated chloride channel	P
OG0005498	378	1	1	1	1	NA	NA	NA	1	0	1	1	"Acts as a flagellar brake, regulating swimming and swarming in a bis-(3'-5') cyclic diguanylic acid (c-di-GMP)- dependent manner. Binds 1 c-di-GMP dimer per subunit. Increasing levels of c-di-GMP lead to decreased motility"	M
OG0005499	378	1	1	1	1	NA	NA	NA	1	0	1	1	Putative vitamin uptake transporter	S
OG0005500	387	1	1	1	1	NA	NA	NA	1	0	1	1	Putative modulator of DNA gyrase	S
OG0005503	606	1	1	1	1	NA	NA	NA	1	0	1	1	Patatin phospholipase	S
OG0005506	267	1	1	1	1	NA	NA	NA	1	0	1	1	Catalyzes the phosphatidyl group transfer from one phosphatidylglycerol molecule to another to form cardiolipin (CL) (diphosphatidylglycerol) and glycerol	I
OG0005507	648	1	1	1	1	NA	NA	NA	1	0	1	1	Specifically methylates the guanine in position 2445 (m2G2445) and the guanine in position 2069 (m7G2069) of 23S rRNA	J
OG0005508	447	1	1	1	1	NA	NA	NA	1	0	1	1	"Type II secretion system (T2SS), protein E, N-terminal domain"	NU
OG0005509	432	1	1	1	1	NA	NA	NA	1	0	1	1	Tyrosine-protein kinase	DM
OG0005512	420	1	1	1	1	NA	NA	NA	1	0	1	1	#N/A	#N/A
OG0005524	393	1	1	1	1	NA	NA	NA	1	0	1	1	cytochrome complex assembly	S
OG0005525	381	1	1	1	1	NA	NA	NA	1	0	1	1	-	-
OG0005526	96	1	1	1	1	NA	NA	NA	1	0	1	1	#N/A	#N/A
OG0005533	417	1	1	1	1	NA	NA	NA	1	0	1	1	#N/A	#N/A
OG0005538	402	1	1	1	1	NA	NA	NA	1	0	1	1	transporter activity	P
OG0005539	63	1	1	1	1	NA	NA	NA	1	0	1	1	#N/A	#N/A
OG0005540	141	1	1	1	1	NA	NA	NA	1	0	1	1	#N/A	#N/A
OG0005541	474	1	1	1	1	NA	NA	NA	1	0	1	1	-	-
OG0005542	471	1	1	1	1	NA	NA	NA	1	0	1	1	transmembrane transporter activity	S
OG0005545	459	1	1	1	1	NA	NA	NA	1	0	1	1	"Part of the translocation and assembly module (TAM) autotransporter assembly complex, which functions in translocation of autotransporters across the outer membrane"	M
OG0005546	447	1	1	1	1	NA	NA	NA	1	0	1	1	"Catalyzes the hydrolysis of UDP-3-O-myristoyl-N- acetylglucosamine to form UDP-3-O-myristoylglucosamine and acetate, the committed step in lipid A biosynthesis"	M
OG0005547	456	1	1	1	1	NA	NA	NA	1	0	1	1	Belongs to the RtcB family	H
OG0005548	360	1	1	1	1	NA	NA	NA	1	0	1	1	-	-
OG0005549	453	1	1	1	1	NA	NA	NA	1	0	1	1	-	-
OG0005550	444	1	1	1	1	NA	NA	NA	1	0	1	1	Catalyzes the transfer of the enolpyruvyl moiety of phosphoenolpyruvate (PEP) to the 5-hydroxyl of shikimate-3- phosphate (S3P) to produce enolpyruvyl shikimate-3-phosphate and inorganic phosphate	E
OG0005551	450	1	1	1	1	NA	NA	NA	1	0	1	1	"Forms an efflux pump with AaeA. Could function as a metabolic relief valve, allowing to eliminate certain compounds when they accumulate to high levels in the cell"	U
OG0005554	432	1	1	1	1	NA	NA	NA	1	0	1	1	"Part of the translocation and assembly module (TAM) autotransporter assembly complex, which functions in translocation of autotransporters across the outer membrane"	M
OG0005555	228	1	1	1	1	NA	NA	NA	1	0	1	1	4-amino-4-deoxychorismate lyase	H
OG0005557	411	1	1	1	1	NA	NA	NA	1	0	1	1	"Plays a central role in chromosome condensation, segregation and cell cycle progression. Functions as a homodimer, which is essential for chromosome partition. Involved in negative DNA supercoiling in vivo, and by this means organize and compact chromosomes. May achieve or facilitate chromosome segregation by condensation DNA from both sides of a centrally located replisome during cell division"	D
OG0005558	417	1	1	1	1	NA	NA	NA	1	0	1	1	Uncharacterised signal transduction histidine kinase domain (DUF2222)	T
OG0005559	150	1	1	1	1	NA	NA	NA	1	0	1	1	#N/A	#N/A
OG0005560	396	1	1	1	1	NA	NA	NA	1	0	1	1	#N/A	#N/A
OG0005563	450	1	1	1	1	NA	NA	NA	1	0	1	1	Threonyl and Alanyl tRNA synthetase second additional domain	S
OG0005564	99	1	1	1	1	NA	NA	NA	1	0	1	1	#N/A	#N/A
OG0005565	408	1	1	1	1	NA	NA	NA	1	0	1	1	"Bestrophin, RFP-TM, chloride channel"	S
OG0005566	264	1	1	1	1	NA	NA	NA	1	0	1	1	-	-
OG0005567	456	1	1	1	1	NA	NA	NA	1	0	1	1	Sel1-like repeats.	S
OG0005568	186	1	1	1	1	NA	NA	NA	1	0	1	1	metalloendopeptidase activity	E
OG0005855	411	1	1	1	1	NA	NA	NA	1	0	1	1	#N/A	#N/A
OG0005859	1608	1	1	1	1	NA	NA	NA	1	0	1	1	#N/A	#N/A
OG0005860	357	1	1	1	1	NA	NA	NA	1	0	1	1	#N/A	#N/A
OG0005866	339	1	1	1	1	NA	NA	NA	1	0	1	1	#N/A	#N/A
OG0005875	543	1	1	1	1	NA	NA	NA	1	0	1	1	#N/A	#N/A
OG0007505	210	1	1	1	1	NA	NA	NA	1	0	1	1	#N/A	#N/A
OG0007511	714	1	1	1	1	NA	NA	NA	1	0	1	1	#N/A	#N/A
OG0007513	156	1	1	1	1	NA	NA	NA	1	0	1	1	#N/A	#N/A
OG0007514	351	1	1	1	1	NA	NA	NA	1	0	1	1	#N/A	#N/A
OG0007538	1011	1	1	1	1	NA	NA	NA	1	0	1	1	#N/A	#N/A
OG0007751	678	1	1	1	1	NA	NA	NA	1	0	1	1	#N/A	#N/A
OG0007752	300	1	1	1	1	NA	NA	NA	1	0	1	1	#N/A	#N/A
OG0007801	69	1	1	1	1	NA	NA	NA	1	0	1	1	#N/A	#N/A
OG0007860	393	1	1	1	1	NA	NA	NA	1	0	1	1	-	-