OG	Median OG length (bp)	Proportion contexts near scaffold edge	Number of genomes with OG	Number of instances	Context variability score	Context variability score - complete contexts	Context entropy score	Context entropy score - complete contexts	Number of distinct neighbor OGs	Number of distinct OGs from complete contexts	Avg. number of distinct neighbor OGs	Avg. number of distinct neighbor OGs from complete contexts
OG0000000	2322.0	0.22	77	773	0.01	0.01	6.95	6.96	2083	2017	14.84	14.84
OG0000001	774.0	0.06	77	657	0.02	0.02	5.53	5.54	886	871	17.66	17.66
OG0000002	327.0	0.12	77	626	0.01	0.01	6.84	6.81	2278	2173	22.41	22.41
OG0000003	801.0	0.03	77	485	0.03	0.03	5.53	5.52	713	704	18.47	18.47
OG0000004	867.0	0.06	77	484	0.01	0.01	6.46	6.44	1711	1663	19.6	19.6
OG0000005	888.0	0.06	77	475	0.02	0.02	6.25	6.22	1173	1146	18.67	18.67
OG0000006	564.0	0.05	76	461	0.01	0.01	6.36	6.35	1371	1337	18.43	18.43
OG0000007	537.0	0.07	51	417	0.01	0.01	7.37	7.36	2351	2302	18.62	18.62
OG0000008	877.5	0.08	77	414	0.01	0.01	6.53	6.49	1483	1428	18.49	18.49
OG0000009	772.5	0.02	77	410	0.02	0.02	6.26	6.26	1248	1243	19.03	19.03
OG0000010	2161.5	0.03	76	364	0.02	0.02	6.15	6.13	1034	1004	17.64	17.64
OG0000011	1032.0	0.07	77	339	0.02	0.02	6.35	6.34	1432	1396	23.36	23.36
OG0000012	1005.0	0.08	77	337	0.07	0.07	4.35	4.37	252	249	18.53	18.53
OG0000013	444.0	0.09	77	333	0.02	0.02	6.23	6.2	1156	1108	18.34	18.34
OG0000014	820.5	0.13	69	326	0.02	0.02	5.56	5.61	718	692	16.55	16.55
OG0000015	408.0	0.09	77	326	0.01	0.01	6.48	6.41	1419	1321	18.75	18.75
OG0000016	1443.0	0.1	77	323	0.02	0.02	5.89	5.87	899	863	18.77	18.77
OG0000017	357.0	0.05	77	322	0.04	0.04	5.31	5.29	516	490	21.37	21.37
OG0000018	321.0	0.09	77	303	0.01	0.02	6.22	6.21	1297	1244	19.25	19.25
OG0000019	609.0	0.23	63	302	0.01	0.01	6.38	6.27	1532	1361	19.88	19.88
OG0000020	954.0	0.11	77	294	0.02	0.02	6.13	6.03	1139	1032	18.59	18.59
OG0000021	705.0	0.1	77	294	0.02	0.02	5.67	5.68	790	763	17.14	17.14
OG0000022	963.0	0.08	76	291	0.02	0.02	6.06	6.01	1060	1013	21.45	21.45
OG0000023	1230.0	0.06	76	279	0.02	0.02	6.18	6.14	993	965	17.55	17.55
OG0000024	661.5	0.27	43	274	0.01	0.01	7.17	7.16	1782	1687	15.54	15.54
OG0000025	1173.0	0.05	77	261	0.03	0.03	5.44	5.43	661	649	18.06	18.06
OG0000026	1386.0	0.11	72	259	0.02	0.02	6.02	5.96	918	867	16.83	16.83
OG0000027	1491.0	0.1	76	259	0.02	0.02	5.81	5.78	867	827	16.27	16.27
OG0000028	549.0	0.13	73	258	0.02	0.02	6.7	6.65	1456	1371	22.32	22.32
OG0000029	135.0	0.13	74	255	0.03	0.03	4.79	4.76	575	528	17.87	17.87
OG0000030	750.0	0.06	77	251	0.02	0.02	6.08	6.06	994	975	18.69	18.69
OG0000031	894.0	0.04	76	247	0.03	0.03	5.24	5.25	609	606	16.88	16.88
OG0000032	705.0	0.05	77	246	0.04	0.04	5.29	5.29	514	510	21.02	21.02
OG0000033	1593.0	0.07	77	246	0.03	0.03	5.53	5.5	706	690	17.74	17.74
OG0000034	1044.0	0.08	69	245	0.02	0.02	6.33	6.3	990	951	18.06	18.06
OG0000035	1599.0	0.04	76	244	0.03	0.03	5.17	5.18	584	582	17.85	17.85
OG0000036	675.0	0.27	44	238	0.02	0.02	6.37	6.34	1121	1007	18.82	18.82
OG0000037	936.0	0.04	76	238	0.03	0.03	5.12	5.13	543	540	16.89	16.89
OG0000038	951.0	0.08	72	226	0.02	0.02	6.05	6.04	999	966	19.23	19.23
OG0000039	1398.0	0.07	76	225	0.02	0.02	6.2	6.17	952	928	18.32	18.32
OG0000040	759.0	0.04	72	221	0.02	0.02	6.29	6.26	1021	989	17.44	17.44
OG0000041	810.0	0.03	76	219	0.04	0.04	5.23	5.24	534	530	19.17	19.17
OG0000042	1434.0	0.03	77	218	0.03	0.03	5.7	5.67	672	652	17.53	17.53
OG0000043	1203.0	0.06	76	217	0.03	0.03	5.54	5.53	629	606	19.01	19.01
OG0000044	759.0	0.02	77	215	0.03	0.03	5.59	5.59	715	713	20	20
OG0000045	837.0	0.02	75	214	0.04	0.04	5.26	5.26	576	575	20.36	20.36
OG0000046	543.0	0.06	72	213	0.02	0.02	6.26	6.21	930	885	19.11	19.11
OG0000047	432.0	0.06	77	212	0.03	0.03	5.72	5.73	921	900	27.41	27.41
OG0000048	1248.0	0.11	77	211	0.02	0.03	5.78	5.71	783	732	18.91	18.91
OG0000049	516.0	0.02	76	210	0.03	0.03	5.56	5.56	710	704	19.9	19.9
OG0000050	1539.0	0.04	77	207	0.04	0.04	5.39	5.38	500	492	18.31	18.31
OG0000051	1515.0	0.04	77	205	0.03	0.03	5.83	5.82	681	680	19.51	19.51
OG0000052	522.0	0.03	74	204	0.02	0.02	6.44	6.41	1091	1047	18.84	18.84
OG0000053	726.0	0.04	77	201	0.04	0.04	5.19	5.19	529	525	19.09	19.09
OG0000054	1194.0	0.03	77	201	0.04	0.04	5.18	5.18	408	405	17.95	17.95
OG0000055	1221.0	0.03	72	199	0.02	0.02	6.06	6.07	759	753	18.26	18.26
OG0000056	720.0	0.12	76	199	0.05	0.05	4.87	4.88	362	349	17.84	17.84
OG0000057	570.0	0.04	77	194	0.03	0.04	4.32	4.28	421	405	14.61	14.61
OG0000058	1002.0	0.04	77	194	0.04	0.04	5.13	5.12	444	435	18.82	18.82
OG0000059	990.0	0.05	77	193	0.02	0.02	5.6	5.57	715	703	16.93	16.93
OG0000060	918.0	0.04	77	193	0.02	0.02	6.08	6.08	801	793	17.84	17.84
OG0000061	516.0	0.04	77	191	0.04	0.04	5.25	5.26	497	487	18.24	18.24
OG0000062	405.0	0.06	75	188	0.02	0.02	5.6	5.56	718	692	16.14	16.14
OG0000063	927.0	0.03	77	183	0.03	0.03	5.47	5.47	594	590	20.35	20.35
OG0000064	549.0	0.04	76	181	0.04	0.04	5.14	5.12	471	453	17.89	17.89
OG0000065	1152.0	0.05	75	179	0.04	0.04	5.33	5.34	489	487	18.99	18.99
OG0000066	465.0	0.06	77	178	0.05	0.06	4.72	4.72	364	355	19.94	19.94
OG0000067	1488.0	0.08	77	176	0.03	0.04	5.24	5.15	531	489	17.16	17.16
OG0000068	1059.0	0.13	77	176	0.04	0.04	5.16	5.19	457	438	16.53	16.53
OG0000069	705.0	0.06	65	176	0.02	0.02	6.28	6.24	989	962	19.02	19.02
OG0000070	561.0	0.1	68	175	0.02	0.02	6.04	5.99	833	783	19.4	19.4
OG0000071	1368.0	0.03	62	175	0.04	0.04	5.41	5.38	495	485	17.7	17.7
OG0000072	1191.0	0.03	71	175	0.03	0.03	5.5	5.49	654	649	20.41	20.41
OG0000073	1359.0	0.05	77	174	0.03	0.03	5.6	5.55	595	566	17.41	17.41
OG0000074	915.0	0.05	71	174	0.03	0.03	5.56	5.53	677	669	20.56	20.56
OG0000075	705.0	0.13	39	171	0.01	0.01	7.05	7.02	1653	1587	18.47	18.47
OG0000076	714.0	0.03	56	167	0.03	0.03	5.59	5.55	630	610	20.8	20.8
OG0000077	201.0	0.09	77	167	0.04	0.04	5.42	5.37	578	553	20.63	20.63
OG0000078	1035.0	0.02	43	165	0.03	0.03	5.48	5.48	548	547	18.88	18.88
OG0000079	1737.0	0.16	77	165	0.03	0.03	5.18	5.25	549	499	16.99	16.99
OG0000080	192.0	0.07	67	165	0.02	0.02	6.2	6.14	914	864	19.45	19.45
OG0000081	748.5	0.05	77	164	0.07	0.07	4.81	4.82	274	273	18.49	18.49
OG0000082	927.0	0.04	77	164	0.04	0.04	5.0	4.99	480	465	20.61	20.61
OG0000083	1188.0	0.07	77	163	0.1	0.1	3.73	3.73	207	203	20.45	20.45
OG0000084	1485.0	0.06	77	159	0.07	0.07	4.74	4.75	285	283	20.65	20.65
OG0000085	786.0	0.04	77	158	0.15	0.15	4.1	4.1	134	134	19.88	19.88
OG0000086	2406.0	0.03	77	158	0.11	0.11	4.28	4.29	206	204	22.58	22.58
OG0000087	1437.0	0.13	77	157	0.05	0.06	4.5	4.52	286	273	15.45	15.45
OG0000088	339.0	0.11	76	156	0.03	0.03	5.38	5.3	746	692	18.81	18.81
OG0000089	801.0	0.06	77	155	0.05	0.06	4.32	4.3	423	402	22.17	22.17
OG0000090	744.0	0.05	77	154	0.03	0.04	5.43	5.41	590	578	20.44	20.44
OG0000091	1173.0	0.04	16	154	0.02	0.02	6.83	6.83	1286	1284	19.98	19.98
OG0000092	1149.0	0.03	77	153	0.04	0.04	5.21	5.21	460	452	19.39	19.39
OG0000093	414.0	0.09	77	152	0.04	0.04	5.06	4.98	476	440	18.53	18.53
OG0000094	1344.0	0.03	77	151	0.04	0.05	5.1	5.09	443	432	19.52	19.52
OG0000095	717.0	0.02	77	152	0.04	0.04	4.94	4.92	503	484	18.82	18.82
OG0000096	1035.0	0.03	73	151	0.04	0.04	5.56	5.54	497	496	19.23	19.23
OG0000097	360.0	0.03	77	151	0.24	0.25	3.41	3.41	91	89	22.15	22.15
OG0000098	348.0	0.03	77	151	0.12	0.12	4.17	4.17	180	178	21.15	21.15
OG0000099	616.5	0.02	77	150	0.05	0.05	5.0	4.97	413	405	20.13	20.13
OG0000100	1524.0	0.03	76	149	0.03	0.03	5.49	5.47	651	619	19.48	19.48
OG0000101	1596.0	0.05	72	148	0.04	0.05	4.9	4.83	393	364	16.56	16.56
OG0000102	669.0	0.05	77	148	0.03	0.03	5.17	5.12	540	514	17.79	17.79
OG0000103	210.0	0.03	66	148	0.03	0.03	5.64	5.62	662	659	21.79	21.79
OG0000104	837.0	0.03	77	148	0.04	0.04	5.05	5.05	443	440	18.41	18.41
OG0000105	474.0	0.07	77	146	0.06	0.06	4.92	4.91	323	314	19.95	19.95
OG0000106	1134.0	0.06	77	146	0.03	0.03	5.42	5.41	603	579	19.6	19.6
OG0000107	1458.0	0.02	71	146	0.04	0.04	5.08	5.09	508	507	18.91	18.91
OG0000108	336.0	0.05	71	146	0.03	0.03	5.94	5.9	721	679	19.22	19.22
OG0000109	1362.0	0.05	62	145	0.03	0.03	5.87	5.88	685	681	18.78	18.78
OG0000110	867.0	0.07	77	145	0.05	0.05	4.72	4.68	400	378	20.26	20.26
OG0000111	2289.0	0.11	77	144	0.03	0.03	5.57	5.48	606	555	19.19	19.19
OG0000112	919.5	0.05	77	144	0.04	0.04	5.29	5.28	466	454	18.75	18.75
OG0000113	507.0	0.06	72	142	0.03	0.03	5.73	5.68	735	693	18.69	18.69
OG0000114	927.0	0.1	59	142	0.04	0.04	5.3	5.26	417	406	18.19	18.19
OG0000115	639.0	0.05	73	142	0.03	0.03	5.64	5.62	625	610	19.15	19.15
OG0000116	1125.0	0.07	77	141	0.04	0.04	5.12	5.09	496	457	18.71	18.71
OG0000117	984.0	0.06	77	139	0.04	0.04	4.97	5.01	429	427	18.11	18.11
OG0000118	1275.0	0.03	74	140	0.04	0.04	5.21	5.2	417	413	16.79	16.79
OG0000119	1641.0	0.16	76	140	0.06	0.06	4.32	4.3	270	253	15.07	15.07
OG0000120	552.0	0.04	77	138	0.04	0.04	5.12	5.15	543	543	19.7	19.7
OG0000121	1413.0	0.05	72	137	0.03	0.03	5.58	5.57	541	536	18.5	18.5
OG0000122	1503.0	0.06	77	137	0.04	0.04	5.36	5.36	561	551	19.8	19.8
OG0000123	423.0	0.07	71	136	0.03	0.04	5.63	5.6	564	536	18.91	18.91
OG0000124	924.0	0.03	77	135	0.06	0.06	4.81	4.79	344	343	20.43	20.43
OG0000125	1509.0	0.05	77	135	0.22	0.22	3.33	3.33	77	76	16.95	16.95
OG0000126	771.0	0.04	20	134	0.04	0.04	5.22	5.13	401	362	14.62	14.62
OG0000127	1890.0	0.05	77	134	0.05	0.05	5.12	5.09	394	386	19.39	19.39
OG0000128	684.0	0.07	75	134	0.03	0.03	6.05	6.03	722	709	18.81	18.81
OG0000129	816.0	0.03	77	134	0.06	0.06	4.78	4.78	383	380	22.57	22.57
OG0000130	393.0	0.07	73	134	0.05	0.05	5.05	5.05	353	348	18.61	18.61
OG0000131	216.0	0.03	69	132	0.05	0.05	5.3	5.29	453	447	21.8	21.8
OG0000132	1011.0	0.06	74	132	0.04	0.04	5.24	5.2	471	452	19.14	19.14
OG0000133	150.0	0.03	72	131	0.14	0.14	4.18	4.18	157	157	22.5	22.5
OG0000134	658.5	0.01	76	130	0.12	0.12	4.29	4.3	156	156	18.82	18.82
OG0000135	1396.5	0.05	49	130	0.04	0.04	5.19	5.19	531	525	18.67	18.67
OG0000136	1095.0	0.03	76	130	0.05	0.05	4.73	4.76	420	420	19.81	19.81
OG0000137	1290.0	0.05	75	129	0.03	0.03	6.11	6.1	776	756	20.24	20.24
OG0000138	996.0	0.03	77	129	0.05	0.05	5.17	5.16	420	414	18.95	18.95
OG0000139	1407.0	0.05	77	129	0.07	0.08	4.62	4.6	252	238	18.86	18.86
OG0000140	459.0	0.03	76	128	0.04	0.04	4.91	4.9	445	438	18.16	18.16
OG0000141	1308.0	0.05	53	128	0.03	0.03	5.91	5.87	657	622	18.26	18.26
OG0000142	882.0	0.06	76	127	0.08	0.08	4.61	4.6	228	227	17.84	17.84
OG0000143	447.0	0.03	70	127	0.07	0.07	4.8	4.77	310	310	21.55	21.55
OG0000144	411.0	0.11	75	127	0.03	0.04	5.45	5.3	649	564	20.44	20.44
OG0000145	1426.5	0.05	62	126	0.03	0.03	5.73	5.73	563	558	18.8	18.8
OG0000146	837.0	0.06	77	125	0.08	0.08	4.53	4.52	270	266	21.48	21.48
OG0000147	825.0	0.03	76	124	0.09	0.09	4.63	4.64	211	211	19.32	19.32
OG0000148	972.0	0.05	59	124	0.11	0.11	4.05	4.05	183	182	19.41	19.41
OG0000149	1278.0	0.04	75	124	0.04	0.04	5.1	5.06	476	463	18.19	18.19
OG0000150	687.0	0.04	67	124	0.05	0.05	5.22	5.2	411	405	21.98	21.98
OG0000151	871.5	0.06	66	124	0.04	0.04	5.16	5.16	499	490	19.9	19.9
OG0000152	816.0	0.02	76	123	0.07	0.07	4.57	4.57	261	261	18.44	18.44
OG0000153	955.5	0.07	71	122	0.05	0.05	5.02	5.0	447	437	21.3	21.3
OG0000154	912.0	0.04	70	122	0.07	0.08	4.65	4.59	291	256	20.16	20.16
OG0000155	537.0	0.04	77	122	0.05	0.05	5.07	5.03	438	423	20.43	20.43
OG0000156	864.0	0.07	60	122	0.03	0.03	5.91	5.89	616	603	18.68	18.68
OG0000157	951.0	0.04	67	121	0.05	0.05	5.28	5.27	426	419	19.42	19.42
OG0000158	561.0	0.06	77	121	0.07	0.07	4.59	4.59	296	293	21.21	21.21
OG0000159	1164.0	0.08	60	119	0.03	0.03	5.91	5.86	698	649	20.08	20.08
OG0000160	1029.0	0.08	68	120	0.08	0.08	4.44	4.43	254	234	19.73	19.73
OG0000161	828.0	0.03	73	120	0.05	0.05	4.72	4.75	417	416	19.36	19.36
OG0000162	1410.0	0.03	77	120	0.06	0.06	4.38	4.38	307	306	18.99	18.99
OG0000163	1359.0	0.03	75	119	0.04	0.04	5.29	5.26	452	436	18.48	18.48
OG0000164	624.0	0.1	77	119	0.05	0.05	5.0	4.93	500	465	23.53	23.53
OG0000165	1116.0	0.03	77	119	0.29	0.29	3.39	3.39	73	73	20.98	20.98
OG0000166	1278.0	0.08	76	118	0.06	0.06	4.82	4.81	298	290	18.58	18.58
OG0000167	237.0	0.06	77	118	0.09	0.09	4.37	4.37	226	225	19.27	19.27
OG0000168	678.0	0.02	77	117	0.08	0.08	4.67	4.66	259	259	19.43	19.43
OG0000169	948.0	0.11	77	116	0.05	0.05	5.09	4.99	421	368	19.91	19.91
OG0000170	1074.0	0.11	25	116	0.01	0.01	6.88	6.87	1199	1169	17.24	17.24
OG0000171	891.0	0.02	77	116	0.07	0.07	4.67	4.65	262	262	19.07	19.07
OG0000172	687.0	0.08	71	115	0.03	0.03	5.34	5.33	601	587	19.45	19.45
OG0000173	939.0	0.03	72	115	0.07	0.07	4.52	4.52	281	279	18.81	18.81
OG0000174	1362.0	0.07	77	115	0.07	0.07	4.33	4.37	299	298	20.43	20.43
OG0000175	567.0	0.06	76	115	0.05	0.05	4.99	4.99	376	363	18.91	18.91
OG0000176	1191.0	0.1	43	114	0.02	0.02	6.59	6.56	932	895	18.32	18.32
OG0000177	696.0	0.05	76	114	0.04	0.04	4.92	4.92	462	452	20.09	20.09
OG0000178	507.0	0.04	72	113	0.12	0.12	4.3	4.31	158	156	18.88	18.88
OG0000179	633.0	0.14	75	113	0.04	0.05	5.05	4.96	457	408	20.27	20.27
OG0000180	1068.0	0.04	57	112	0.03	0.03	5.74	5.72	542	530	17.07	17.07
OG0000181	1002.0	0.06	74	111	0.03	0.03	5.82	5.8	581	560	17.99	17.99
OG0000182	1383.0	0.18	77	109	0.06	0.06	4.09	4.21	201	200	12.26	12.26
OG0000183	2043.0	0.05	62	110	0.1	0.1	4.48	4.48	211	208	20.75	20.75
OG0000184	1536.0	0.06	71	110	0.04	0.04	5.47	5.44	431	421	18.85	18.85
OG0000185	804.0	0.05	77	110	0.07	0.07	4.43	4.37	269	251	18.03	18.03
OG0000186	942.0	0.06	66	109	0.08	0.08	4.69	4.67	253	239	20.16	20.16
OG0000187	1188.0	0.02	76	109	0.04	0.04	5.08	5.08	472	471	18.04	18.04
OG0000188	1296.0	0.14	20	109	0.01	0.01	6.87	6.86	1169	1138	16.54	16.54
OG0000189	1032.0	0.06	75	108	0.05	0.05	4.61	4.58	400	385	18.11	18.11
OG0000190	480.0	0.06	77	108	0.08	0.08	4.57	4.58	233	232	19.6	19.6
OG0000191	675.0	0.05	77	107	0.08	0.08	4.3	4.29	232	226	18	18
OG0000192	951.0	0.05	77	107	0.07	0.07	4.53	4.51	301	292	19.73	19.73
OG0000193	678.0	0.05	77	107	0.07	0.07	4.46	4.42	312	304	22.4	22.4
OG0000194	1224.0	0.04	77	107	0.07	0.07	4.42	4.41	268	260	19.31	19.31
OG0000195	420.0	0.04	77	106	0.08	0.09	4.1	4.07	199	182	16.37	16.37
OG0000196	330.0	0.64	38	105	0.03	0.04	5.66	5.44	486	337	12.31	12.31
OG0000197	2787.0	0.13	55	106	0.03	0.03	5.77	5.74	643	602	17.13	17.13
OG0000198	1023.0	0.04	77	105	0.07	0.07	4.37	4.37	253	249	18.56	18.56
OG0000199	1818.0	0.09	74	105	0.06	0.06	4.45	4.42	248	246	15.81	15.81
OG0000200	657.0	0.06	74	105	0.06	0.06	4.76	4.77	342	341	18.82	18.82
OG0000201	1323.0	0.06	77	105	0.06	0.07	4.19	4.14	227	207	14.34	14.34
OG0000202	1194.0	0.03	56	104	0.03	0.04	5.64	5.64	504	501	17.62	17.62
OG0000203	558.0	0.05	77	104	0.07	0.07	4.62	4.63	321	318	20.9	20.9
OG0000204	186.0	0.05	77	104	0.05	0.05	4.97	4.97	413	407	19.45	19.45
OG0000205	2610.0	0.08	77	103	0.07	0.07	4.3	4.28	246	239	17.75	17.75
OG0000206	279.0	0.12	77	103	0.06	0.06	5.0	4.93	323	308	18.54	18.54
OG0000207	798.0	0.02	60	103	0.09	0.09	4.51	4.51	207	206	18.14	18.14
OG0000208	402.0	0.02	63	103	0.05	0.05	5.21	5.2	407	399	19.24	19.24
OG0000209	999.0	0.03	71	103	0.07	0.07	5.02	5.02	283	283	18.86	18.86
OG0000210	1404.0	0.04	45	102	0.04	0.04	5.51	5.5	505	498	17.72	17.72
OG0000211	429.0	0.08	68	102	0.04	0.04	5.8	5.79	556	544	19.59	19.59
OG0000212	564.0	0.09	76	102	0.06	0.06	4.86	4.84	382	364	21.2	21.2
OG0000213	1162.5	0.02	46	102	0.1	0.1	4.56	4.57	162	161	16.89	16.89
OG0000214	663.0	0.02	77	101	0.06	0.06	4.47	4.47	350	350	20.78	20.78
OG0000215	942.0	0.04	77	101	0.05	0.05	4.47	4.48	326	324	17.1	17.1
OG0000216	804.0	0.01	52	101	0.05	0.05	5.21	5.21	379	378	19.2	19.2
OG0000217	189.0	0.14	69	100	0.02	0.03	6.23	6.16	787	704	19.5	19.5
OG0000218	207.0	0.12	77	100	0.05	0.06	4.87	4.76	324	298	17.41	17.41
OG0000219	1542.0	0.05	77	100	0.08	0.09	4.24	4.18	215	197	17.59	17.59
OG0000220	765.0	0.05	77	100	0.07	0.07	4.63	4.63	311	302	20.68	20.68
OG0000221	612.0	0.11	65	100	0.05	0.05	5.32	5.21	421	381	19.05	19.05
OG0000222	1338.0	0.07	69	99	0.06	0.07	4.63	4.55	307	277	18.94	18.94
OG0000223	867.0	0.02	77	99	0.04	0.04	5.42	5.41	415	412	17.28	17.28
OG0000224	1053.0	0.02	73	99	0.06	0.06	4.98	4.97	320	319	19.59	19.59
OG0000225	732.0	0.03	77	99	0.06	0.06	5.01	5.01	350	348	20.73	20.73
OG0000226	654.0	0.12	56	99	0.03	0.03	6.24	6.27	773	764	20	20
OG0000227	999.0	0.08	45	99	0.04	0.04	5.59	5.55	549	534	19.74	19.74
OG0000228	1167.0	0.02	76	98	0.1	0.1	4.14	4.14	187	185	19.28	19.28
OG0000229	861.0	0.05	74	98	0.08	0.08	4.18	4.19	247	246	19.13	19.13
OG0000230	1401.0	0.03	58	97	0.06	0.06	4.88	4.88	332	329	20.8	20.8
OG0000231	624.0	0.05	58	97	0.05	0.05	5.38	5.34	464	450	21.52	21.52
OG0000232	1909.5	0.05	43	96	0.05	0.05	5.19	5.19	426	415	21.29	21.29
OG0000233	1245.0	0.03	77	96	0.09	0.09	4.06	4.06	184	182	17.28	17.28
OG0000234	459.0	0.06	28	95	0.02	0.02	6.88	6.85	1160	1122	19.19	19.19
OG0000235	663.0	0.12	77	95	0.09	0.1	4.32	4.28	213	199	18.98	18.98
OG0000236	612.0	0.04	65	95	0.08	0.08	4.62	4.61	211	208	17.67	17.67
OG0000237	2136.0	0.08	77	95	0.15	0.16	3.9	3.82	179	167	26.98	26.98
OG0000238	687.0	0.06	77	95	0.12	0.12	4.08	4.06	185	182	22.08	22.08
OG0000239	1485.0	0.07	77	95	0.08	0.08	4.05	4.06	244	240	19.21	19.21
OG0000240	1938.0	0.02	77	95	0.08	0.09	3.86	3.77	221	198	18.39	18.39
OG0000241	255.0	0.01	77	95	0.05	0.05	4.95	4.96	404	404	21.05	21.05
OG0000242	567.0	0.06	77	95	0.08	0.09	4.32	4.19	297	256	22.68	22.68
OG0000243	549.0	0.09	74	95	0.06	0.06	4.7	4.65	349	328	21	21
OG0000244	852.0	0.07	72	94	0.06	0.06	4.28	4.26	244	238	14.85	14.85
OG0000245	1498.5	0.03	42	94	0.08	0.08	4.6	4.58	250	241	18.94	18.94
OG0000246	1230.0	0.03	76	93	0.1	0.11	3.72	3.7	159	158	16.65	16.65
OG0000247	474.0	0.04	77	93	0.06	0.06	4.44	4.44	303	299	19.04	19.04
OG0000248	339.0	0.02	76	93	0.07	0.08	4.31	4.31	299	295	22.39	22.39
OG0000249	1068.0	0.04	74	93	0.07	0.07	4.27	4.26	256	250	18.33	18.33
OG0000250	705.0	0.01	76	92	0.05	0.05	5.2	5.18	346	338	16.42	16.42
OG0000251	1428.0	0.08	77	92	0.12	0.12	3.78	3.72	171	164	20.2	20.2
OG0000252	861.0	0.04	77	92	0.08	0.09	4.24	4.17	283	251	22.5	22.5
OG0000253	748.5	0.14	45	92	0.04	0.05	5.73	5.75	701	688	31.18	31.18
OG0000254	864.0	0.05	65	92	0.07	0.07	4.64	4.61	306	303	20.83	20.83
OG0000255	603.0	0.18	77	91	0.07	0.08	4.64	4.49	286	234	19.34	19.34
OG0000256	957.0	0.01	75	91	0.06	0.06	5.13	5.13	301	301	18.97	18.97
OG0000257	1188.0	0.11	77	91	0.08	0.08	4.55	4.54	242	241	19.02	19.02
OG0000258	1794.0	0.04	53	91	0.05	0.05	5.22	5.19	382	366	19.02	19.02
OG0000259	1233.0	0.07	59	91	0.04	0.04	5.39	5.37	453	435	18.33	18.33
OG0000260	963.0	0.04	73	91	0.06	0.06	4.61	4.6	333	328	18.89	18.89
OG0000261	1146.0	0.03	77	91	0.06	0.06	5.04	5.04	298	297	18.4	18.4
OG0000262	345.0	0.02	77	91	0.12	0.12	4.43	4.42	162	155	18.71	18.71
OG0000263	957.0	0.07	77	91	0.09	0.09	4.08	4.06	221	213	18.81	18.81
OG0000264	795.0	0.0	77	91	0.15	0.15	3.92	3.92	126	126	18.67	18.67
OG0000265	999.0	0.03	77	91	0.11	0.12	4.05	4.02	177	176	20.25	20.25
OG0000266	315.0	0.04	68	91	0.09	0.09	4.37	4.4	224	224	19.49	19.49
OG0000267	327.0	0.05	68	91	0.09	0.09	4.38	4.41	222	221	19.35	19.35
OG0000268	1191.0	0.03	57	91	0.06	0.06	4.67	4.62	322	306	19.6	19.6
OG0000269	423.0	0.06	64	90	0.08	0.11	4.37	4.22	223	167	18.63	18.63
OG0000270	1551.0	0.19	57	90	0.03	0.04	5.14	5.12	414	369	13.7	13.7
OG0000271	885.0	0.06	77	90	0.05	0.05	5.36	5.34	402	395	19.32	19.32
OG0000272	558.0	0.03	77	90	0.08	0.08	4.72	4.71	217	213	17.44	17.44
OG0000273	381.0	0.06	53	90	0.04	0.05	5.67	5.68	491	487	22.03	22.03
OG0000274	741.0	0.02	76	90	0.09	0.09	4.42	4.42	203	203	18.72	18.72
OG0000275	607.5	0.01	76	90	0.08	0.08	4.66	4.67	233	233	17.61	17.61
OG0000276	519.0	0.06	77	90	0.11	0.14	3.82	3.71	194	160	22.29	22.29
OG0000277	909.0	0.06	65	90	0.11	0.11	4.29	4.3	171	169	18.56	18.56
OG0000278	796.5	0.03	65	90	0.07	0.07	4.86	4.85	271	270	20	20
OG0000279	369.0	0.06	50	89	0.07	0.07	5.46	5.46	560	554	38.03	38.03
OG0000280	1134.0	0.02	77	89	0.17	0.17	3.77	3.77	139	138	23.55	23.55
OG0000281	2181.0	0.02	77	89	0.35	0.36	3.45	3.44	68	66	23.79	23.79
OG0000282	1146.0	0.03	77	89	0.07	0.07	4.55	4.52	265	261	19.09	19.09
OG0000283	1164.0	0.08	77	89	0.08	0.08	4.08	4.09	217	217	18	18
OG0000284	885.0	0.03	77	89	0.05	0.05	5.05	5.06	431	429	20	20
OG0000285	378.0	0.07	70	88	0.08	0.09	4.19	4.19	223	212	18.3	18.3
OG0000286	750.0	0.05	50	88	0.06	0.06	5.57	5.57	646	642	38.19	38.19
OG0000287	1161.0	0.02	74	88	0.11	0.11	3.9	3.9	176	175	18.53	18.53
OG0000288	627.0	0.05	19	88	0.05	0.05	5.05	5.01	340	320	15.57	15.57
OG0000289	705.0	0.01	77	88	0.08	0.08	3.75	3.72	219	208	16.7	16.7
OG0000290	531.0	0.22	76	88	0.06	0.06	3.86	3.94	194	186	11.14	11.14
OG0000291	1209.0	0.14	51	88	0.03	0.03	5.85	5.84	652	616	16.7	16.7
OG0000292	1557.0	0.12	52	88	0.02	0.03	5.9	5.9	656	622	16.16	16.16
OG0000293	768.0	0.05	35	87	0.03	0.03	6.27	6.29	1021	1014	27.92	27.92
OG0000294	399.0	0.03	76	87	0.13	0.13	3.81	3.78	128	128	16.95	16.95
OG0000295	1491.0	0.02	56	87	0.05	0.05	5.33	5.3	383	379	19.31	19.31
OG0000296	684.0	0.06	56	86	0.04	0.04	5.69	5.65	464	446	17.15	17.15
OG0000297	1389.0	0.07	77	86	0.16	0.16	3.78	3.79	123	122	19.69	19.69
OG0000298	327.0	0.03	74	86	0.06	0.06	5.2	5.21	327	326	19.72	19.72
OG0000299	354.0	0.05	74	86	0.08	0.08	4.24	4.24	244	242	19.35	19.35
OG0000300	957.0	0.05	76	86	0.1	0.1	4.33	4.36	185	184	18.13	18.13
OG0000301	249.0	0.05	77	86	0.19	0.2	3.53	3.51	102	99	19.38	19.38
OG0000302	1728.0	0.05	77	86	0.11	0.14	3.81	3.7	164	137	18.52	18.52
OG0000303	744.0	0.02	75	86	0.09	0.1	4.25	4.21	224	211	20.24	20.24
OG0000304	399.0	0.06	57	86	0.03	0.03	5.85	5.85	651	635	19.48	19.48
OG0000305	1176.0	0.05	77	85	0.07	0.07	4.52	4.54	249	248	18.53	18.53
OG0000306	3669.0	0.01	77	85	0.35	0.35	3.3	3.3	59	59	20.93	20.93
OG0000307	1245.0	0.08	77	84	0.11	0.15	3.68	3.51	145	110	16.24	16.24
OG0000308	399.0	0.05	77	85	0.12	0.12	3.89	3.91	157	156	18.78	18.78
OG0000309	837.0	0.02	76	85	0.09	0.1	4.27	4.23	225	212	20.44	20.44
OG0000310	321.0	0.19	69	85	0.06	0.06	4.67	4.79	274	271	16.41	16.41
OG0000311	423.0	0.07	19	85	0.04	0.05	5.66	5.59	469	440	20.51	20.51
OG0000312	510.0	0.05	46	85	0.08	0.09	4.8	4.72	240	223	19.04	19.04
OG0000313	867.0	0.02	67	84	0.06	0.06	4.87	4.88	332	331	19.68	19.68
OG0000314	1851.0	0.02	63	84	0.08	0.08	4.59	4.58	232	228	17.52	17.52
OG0000315	792.0	0.05	76	84	0.14	0.14	3.87	3.87	144	143	19.81	19.81
OG0000316	1689.0	0.21	77	84	0.24	0.29	3.28	3.28	75	63	18.24	18.24
OG0000317	1824.0	0.05	77	84	0.44	0.45	3.3	3.3	51	50	22.3	22.3
OG0000318	1407.0	0.08	77	84	0.12	0.13	3.73	3.68	149	143	18.58	18.58
OG0000319	1368.0	0.04	77	84	0.12	0.12	4.04	4.04	189	187	22.05	22.05
OG0000320	346.5	0.11	48	84	0.04	0.04	5.93	5.89	609	577	22.96	22.96
OG0000321	1545.0	0.02	77	84	0.13	0.13	4.43	4.42	145	144	18.55	18.55
OG0000322	1602.0	0.02	71	83	0.09	0.09	4.12	4.09	215	206	18.51	18.51
OG0000323	963.0	0.04	76	83	0.09	0.1	3.84	3.78	199	181	18.17	18.17
OG0000324	786.0	0.05	77	83	0.08	0.09	4.1	4.1	240	235	20.02	20.02
OG0000325	522.0	0.08	77	83	0.08	0.08	4.68	4.68	234	230	17.7	17.7
OG0000326	474.0	0.07	77	83	0.08	0.08	4.29	4.31	267	261	20.66	20.66
OG0000327	1668.0	0.06	77	83	0.19	0.22	3.38	3.27	86	74	16.52	16.52
OG0000328	501.0	0.01	77	83	0.17	0.17	3.49	3.49	122	121	20.25	20.25
OG0000329	1386.0	0.05	77	83	0.12	0.12	3.69	3.7	160	159	19.54	19.54
OG0000330	981.0	0.14	77	83	0.03	0.04	5.4	5.47	457	436	15.66	15.66
OG0000331	1974.0	0.24	77	83	0.31	0.35	3.38	3.36	70	62	21.51	21.51
OG0000332	1842.0	0.06	77	83	0.06	0.07	4.63	4.62	307	297	19.33	19.33
OG0000333	1623.0	0.05	77	82	0.07	0.07	4.73	4.72	254	251	16.68	16.68
OG0000334	762.0	0.01	77	82	0.46	0.46	3.4	3.39	49	49	22.51	22.51
OG0000335	1158.0	0.06	76	82	0.1	0.1	4.5	4.48	177	176	18.1	18.1
OG0000336	1338.0	0.23	77	82	0.19	0.22	3.15	3.15	70	63	13.61	13.61
OG0000337	1506.0	0.23	77	82	0.39	0.4	3.29	3.31	53	51	20.52	20.52
OG0000338	1269.0	0.22	77	82	0.23	0.27	2.91	2.88	52	44	11.99	11.99
OG0000339	1380.0	0.05	77	82	0.2	0.21	3.69	3.69	106	105	21.65	21.65
OG0000340	1161.0	0.06	77	82	0.07	0.07	4.98	4.94	308	300	20.04	20.04
OG0000341	1074.0	0.02	77	82	0.18	0.18	3.55	3.55	113	113	20.06	20.06
OG0000342	2280.0	0.04	77	82	0.42	0.43	3.25	3.25	51	50	21.51	21.51
OG0000343	2802.0	0.04	77	82	0.19	0.19	3.83	3.84	121	121	23.01	23.01
OG0000344	1263.0	0.07	75	82	0.08	0.1	4.14	4.04	221	186	17.98	17.98
OG0000345	1485.0	0.04	77	82	0.27	0.27	3.36	3.37	77	76	20.62	20.62
OG0000346	1122.0	0.09	77	82	0.14	0.17	3.65	3.6	135	114	19.32	19.32
OG0000347	1989.0	0.09	77	82	0.14	0.16	3.69	3.64	140	119	19.45	19.45
OG0000348	606.0	0.09	77	82	0.13	0.15	3.72	3.68	140	122	18.59	18.59
OG0000349	291.0	0.09	77	82	0.13	0.15	3.75	3.71	142	124	18.17	18.17
OG0000350	807.0	0.09	77	82	0.09	0.1	3.99	3.98	198	190	18.79	18.79
OG0000351	1332.0	0.05	77	82	0.1	0.1	3.54	3.46	135	129	13.51	13.51
OG0000352	1881.0	0.01	77	82	0.15	0.15	3.44	3.44	125	125	18.68	18.68
OG0000353	1707.0	0.23	77	82	0.16	0.18	3.11	3.1	72	64	11.39	11.39
OG0000354	955.5	0.54	36	82	0.03	0.05	5.85	5.59	547	368	16.67	16.67
OG0000355	786.0	0.06	66	81	0.04	0.05	5.51	5.47	404	388	17.65	17.65
OG0000356	1695.0	0.05	77	81	0.07	0.08	4.62	4.6	227	219	16.63	16.63
OG0000357	1407.0	0.1	76	81	0.08	0.09	4.07	4.03	215	194	18.14	18.14
OG0000358	1215.0	0.09	77	81	0.12	0.12	3.97	3.95	154	149	18.56	18.56
OG0000359	1152.0	0.02	77	81	0.19	0.19	3.98	3.99	116	115	21.57	21.57
OG0000360	882.0	0.06	63	81	0.06	0.06	5.12	5.06	326	302	18.98	18.98
OG0000361	1089.0	0.07	77	81	0.14	0.16	3.79	3.7	154	134	21.05	21.05
OG0000362	2934.0	0.07	76	81	0.2	0.2	3.62	3.61	106	102	20.79	20.79
OG0000363	537.0	0.05	76	81	0.09	0.09	4.06	4.07	202	200	17.47	17.47
OG0000364	504.0	0.05	76	81	0.09	0.09	4.0	4.01	192	189	17.51	17.51
OG0000365	2631.0	0.02	77	81	0.21	0.21	3.7	3.71	113	113	23.99	23.99
OG0000366	2277.0	0.01	77	81	0.39	0.39	3.19	3.19	51	51	19.91	19.91
OG0000367	1233.0	0.04	77	81	0.24	0.24	3.71	3.71	107	106	25.6	25.6
OG0000368	600.0	0.02	77	81	0.24	0.24	3.59	3.6	91	90	22.05	22.05
OG0000369	1059.0	0.07	77	81	0.24	0.25	3.6	3.58	102	100	24.62	24.62
OG0000370	2700.0	0.06	77	81	0.41	0.44	3.25	3.23	52	49	21.35	21.35
OG0000371	819.0	0.01	77	81	0.13	0.13	3.48	3.49	139	139	18.28	18.28
OG0000372	2616.0	0.02	77	81	0.26	0.26	3.4	3.39	73	73	19.05	19.05
OG0000373	1287.0	0.04	77	81	0.29	0.29	3.1	3.09	58	57	16.78	16.78
OG0000374	2400.0	0.02	77	81	0.25	0.25	3.28	3.29	76	76	18.8	18.8
OG0000375	873.0	0.09	77	81	0.16	0.16	3.53	3.52	110	107	17.4	17.4
OG0000376	3570.0	0.04	77	81	0.18	0.18	3.58	3.59	116	115	20.3	20.3
OG0000377	1614.0	0.07	77	81	0.09	0.09	4.03	4.06	220	219	19.53	19.53
OG0000378	978.0	0.05	77	81	0.2	0.2	3.46	3.47	106	106	20.83	20.83
OG0000379	1650.0	0.07	77	81	0.06	0.06	4.83	4.84	275	274	16.81	16.81
OG0000380	1008.0	0.1	75	81	0.15	0.16	3.56	3.55	111	109	17.11	17.11
OG0000381	1761.0	0.05	77	81	0.1	0.11	3.99	3.99	195	192	20.2	20.2
OG0000382	966.0	0.05	72	81	0.24	0.25	3.33	3.32	78	75	18.9	18.9
OG0000383	825.0	0.05	77	81	0.09	0.09	4.23	4.23	226	225	21.1	21.1
OG0000384	2838.0	0.04	77	81	0.19	0.19	3.38	3.38	95	93	18.11	18.11
OG0000385	1272.0	0.04	77	81	0.31	0.32	3.13	3.13	58	57	18.05	18.05
OG0000386	702.0	0.02	77	81	0.25	0.26	3.65	3.64	91	88	23.2	23.2
OG0000387	1215.0	0.27	77	81	0.13	0.14	3.13	3.19	94	91	12.52	12.52
OG0000388	1923.0	0.07	77	81	0.12	0.12	3.98	3.96	126	125	15.47	15.47
OG0000389	1389.0	0.04	77	81	0.08	0.08	4.25	4.25	248	247	20.07	20.07
OG0000390	756.0	0.02	77	81	0.09	0.09	4.27	4.28	233	232	20.27	20.27
OG0000391	168.0	0.07	44	81	0.08	0.08	5.41	5.4	478	475	37.38	37.38
OG0000392	1008.0	0.05	61	81	0.07	0.07	4.62	4.6	281	280	20.49	20.49
OG0000393	1254.0	0.02	48	81	0.05	0.05	5.48	5.46	399	398	18	18
OG0000394	936.0	0.07	59	80	0.04	0.04	5.45	5.43	438	414	17.85	17.85
OG0000395	1371.0	0.23	77	80	0.15	0.15	3.46	3.5	106	104	15.9	15.9
OG0000396	630.0	0.07	74	80	0.13	0.14	3.88	3.87	135	130	18.19	18.19
OG0000397	603.0	0.05	77	80	0.08	0.08	4.77	4.76	218	217	17.43	17.43
OG0000398	993.0	0.04	76	80	0.12	0.12	4.0	3.98	151	145	18.09	18.09
OG0000399	1371.0	0.01	77	80	0.17	0.17	3.55	3.55	103	103	17.84	17.84
OG0000400	1056.0	0.04	77	80	0.16	0.16	3.52	3.53	108	107	17.34	17.34
OG0000401	756.0	0.03	77	80	0.26	0.26	3.85	3.85	87	87	22.27	22.27
OG0000402	945.0	0.04	77	80	0.21	0.21	3.95	3.94	162	161	34.36	34.36
OG0000403	1443.0	0.03	66	80	0.05	0.05	5.13	5.12	409	406	20.54	20.54
OG0000404	1066.5	0.1	77	80	0.25	0.26	3.35	3.35	73	70	18.14	18.14
OG0000405	861.0	0.07	77	80	0.26	0.27	3.37	3.37	70	69	18.5	18.5
OG0000406	360.0	0.25	77	80	0.39	0.4	2.92	2.94	41	40	15.93	15.93
OG0000407	1536.0	0.23	76	80	0.19	0.21	3.0	3.02	72	67	13.97	13.97
OG0000408	1293.0	0.05	77	80	0.12	0.13	3.73	3.73	157	151	19.61	19.61
OG0000409	1071.0	0.04	77	80	0.17	0.17	3.51	3.52	116	116	19.99	19.99
OG0000410	1113.0	0.12	75	80	0.15	0.15	3.61	3.63	120	118	18.26	18.26
OG0000411	240.0	0.05	76	80	0.09	0.09	3.99	4.01	188	186	17.11	17.11
OG0000412	1590.0	0.06	77	80	0.11	0.11	3.99	3.99	212	206	22.6	22.6
OG0000413	1485.0	0.05	77	80	0.32	0.32	3.43	3.43	72	71	22.69	22.69
OG0000414	1182.0	0.05	77	80	0.27	0.27	3.44	3.45	81	80	21.59	21.59
OG0000415	1323.0	0.03	77	80	0.27	0.28	3.11	3.09	63	60	16.79	16.79
OG0000416	1125.0	0.01	77	80	0.17	0.17	3.43	3.43	100	100	17.44	17.44
OG0000417	465.0	0.03	77	80	0.19	0.19	3.42	3.4	98	96	18.66	18.66
OG0000418	1116.0	0.06	77	80	0.16	0.18	3.38	3.33	109	97	17.26	17.26
OG0000419	1494.0	0.0	77	80	0.51	0.51	3.06	3.06	38	38	19.4	19.4
OG0000420	924.0	0.01	77	80	0.49	0.5	3.06	3.06	39	38	19.12	19.12
OG0000421	1002.0	0.04	77	80	0.26	0.26	3.42	3.42	86	85	21.99	21.99
OG0000422	261.0	0.03	77	80	0.41	0.41	3.22	3.22	52	52	21.51	21.51
OG0000423	720.0	0.05	77	80	0.23	0.23	3.53	3.53	98	97	22.69	22.69
OG0000424	939.0	0.03	77	80	0.42	0.42	3.27	3.27	53	53	22.25	22.25
OG0000425	759.0	0.03	77	80	0.42	0.42	3.28	3.28	53	52	22.06	22.06
OG0000426	975.0	0.05	76	80	0.26	0.26	3.61	3.6	99	98	25.61	25.61
OG0000427	816.0	0.05	77	80	0.27	0.27	3.35	3.35	73	73	19.98	19.98
OG0000428	882.0	0.01	77	79	0.22	0.22	3.51	3.51	90	90	19.97	19.97
OG0000429	957.0	0.03	77	80	0.17	0.17	3.52	3.53	120	120	20.73	20.73
OG0000430	1062.0	0.06	77	80	0.14	0.15	3.87	3.86	154	149	22.18	22.18
OG0000431	1146.0	0.01	77	80	0.32	0.32	3.22	3.21	57	57	18.2	18.2
OG0000432	831.0	0.0	77	80	0.28	0.28	3.12	3.12	60	60	16.96	16.96
OG0000433	1407.0	0.05	77	80	0.35	0.37	3.18	3.18	54	51	18.96	18.96
OG0000434	1167.0	0.06	77	80	0.19	0.19	3.43	3.42	94	92	17.5	17.5
OG0000435	2037.0	0.01	77	80	0.18	0.18	3.58	3.58	109	108	19.85	19.85
OG0000436	2403.0	0.05	77	80	0.26	0.26	3.49	3.48	84	83	21.54	21.54
OG0000437	927.0	0.05	77	80	0.2	0.21	3.41	3.4	94	93	19.24	19.24
OG0000438	612.0	0.07	77	80	0.27	0.3	3.26	3.23	71	63	19.19	19.19
OG0000439	627.0	0.05	77	80	0.28	0.28	3.32	3.33	74	74	20.55	20.55
OG0000440	1173.0	0.04	77	80	0.24	0.25	3.41	3.4	86	82	20.56	20.56
OG0000441	1845.0	0.06	77	80	0.19	0.2	3.45	3.45	102	99	19.77	19.77
OG0000442	2610.0	0.04	77	80	0.17	0.17	3.33	3.32	99	96	16.66	16.66
OG0000443	3657.0	0.04	77	80	0.2	0.2	3.12	3.12	72	72	14.71	14.71
OG0000444	963.0	0.06	65	80	0.06	0.07	4.33	4.24	265	244	16.81	16.81
OG0000445	1065.0	0.07	77	80	0.26	0.27	3.58	3.57	91	89	23.82	23.82
OG0000446	943.5	0.07	77	80	0.1	0.1	3.89	3.85	192	180	18.56	18.56
OG0000447	1440.0	0.05	77	80	0.12	0.12	3.77	3.78	154	154	19.11	19.11
OG0000448	2106.0	0.05	77	80	0.13	0.13	3.66	3.67	155	154	19.73	19.73
OG0000449	882.0	0.06	77	80	0.24	0.24	3.31	3.31	72	70	17.06	17.06
OG0000450	444.0	0.04	77	80	0.17	0.19	3.82	3.76	129	118	22.38	22.38
OG0000451	930.0	0.01	76	80	0.14	0.14	4.02	4.01	158	157	21.61	21.61
OG0000452	1299.0	0.06	77	80	0.14	0.14	4.05	4.04	151	150	20.39	20.39
OG0000453	870.0	0.09	77	80	0.08	0.08	4.45	4.44	275	260	21.1	21.1
OG0000454	501.0	0.05	77	80	0.45	0.48	3.11	3.09	42	40	19.01	19.01
OG0000455	399.0	0.04	77	80	0.43	0.44	3.1	3.09	43	42	18.52	18.52
OG0000456	933.0	0.26	77	80	0.33	0.35	2.84	2.86	44	42	14.49	14.49
OG0000457	2101.5	0.26	77	80	0.39	0.4	2.9	2.93	40	39	15.71	15.71
OG0000458	381.0	0.01	77	80	0.27	0.27	3.28	3.27	74	74	20.06	20.06
OG0000459	1344.0	0.26	77	80	0.28	0.33	3.19	3.16	58	50	16.26	16.26
OG0000460	2259.0	0.04	62	80	0.05	0.06	5.23	5.21	363	353	19.66	19.66
OG0000461	570.0	0.01	77	80	0.09	0.09	4.44	4.45	241	241	21.9	21.9
OG0000462	2244.0	0.07	76	80	0.06	0.06	4.68	4.69	311	304	19.6	19.6
OG0000463	589.5	0.04	34	80	0.03	0.03	5.92	5.9	546	527	18	18
OG0000464	447.0	0.01	77	79	0.2	0.2	3.33	3.33	82	82	16.09	16.09
OG0000465	363.0	0.06	76	79	0.1	0.1	4.21	4.18	175	172	17.46	17.46
OG0000466	357.0	0.01	77	79	0.14	0.14	3.96	3.95	133	129	18.7	18.7
OG0000467	609.0	0.04	77	79	0.2	0.21	3.74	3.74	100	98	20.15	20.15
OG0000468	645.0	0.05	76	79	0.22	0.22	3.61	3.61	89	89	19.58	19.58
OG0000469	804.0	0.01	77	79	0.13	0.13	4.03	4.03	205	205	27.63	27.63
OG0000470	249.0	0.04	42	79	0.09	0.09	5.33	5.34	455	455	39.33	39.33
OG0000471	1956.0	0.06	76	79	0.15	0.15	3.73	3.72	124	122	18.73	18.73
OG0000472	1239.0	0.04	77	79	0.54	0.54	3.26	3.26	44	44	23.86	23.86
OG0000473	1509.0	0.03	77	79	0.48	0.48	3.41	3.4	54	54	25.89	25.89
OG0000474	1266.0	0.06	77	79	0.22	0.22	3.57	3.57	116	116	25.52	25.52
OG0000475	1512.0	0.08	77	79	0.27	0.27	3.44	3.44	82	81	21.99	21.99
OG0000476	1371.0	0.23	76	79	0.31	0.34	2.82	2.82	45	41	13.75	13.75
OG0000477	1770.0	0.23	77	79	0.27	0.29	3.11	3.13	60	56	16.35	16.35
OG0000478	465.0	0.04	77	79	0.15	0.15	3.45	3.45	121	120	17.78	17.78
OG0000479	1041.0	0.05	77	79	0.17	0.17	3.81	3.8	131	128	22.16	22.16
OG0000480	1068.0	0.05	77	79	0.3	0.3	3.32	3.33	64	64	19.35	19.35
OG0000481	1470.0	0.05	77	79	0.32	0.32	3.27	3.27	59	59	18.87	18.87
OG0000482	2196.0	0.04	77	79	0.17	0.18	3.38	3.38	107	106	18.66	18.66
OG0000483	1362.0	0.04	77	79	0.15	0.15	3.56	3.54	130	126	18.91	18.91
OG0000484	1035.0	0.06	76	79	0.08	0.09	4.02	4.04	232	229	19.49	19.49
OG0000485	924.0	0.06	76	79	0.07	0.07	4.22	4.25	283	281	19.86	19.86
OG0000486	1398.0	0.06	76	79	0.08	0.08	4.27	4.3	275	273	21.35	21.35
OG0000487	1002.0	0.06	77	79	0.2	0.23	3.44	3.42	99	90	20.27	20.27
OG0000488	1638.0	0.04	77	79	0.18	0.18	3.41	3.42	110	110	19.85	19.85
OG0000489	1314.0	0.03	77	79	0.31	0.31	3.11	3.11	57	56	17.48	17.48
OG0000490	495.0	0.01	77	79	0.32	0.32	3.11	3.11	53	53	16.89	16.89
OG0000491	1263.0	0.04	77	79	0.15	0.2	3.43	3.33	110	83	16.44	16.44
OG0000492	774.0	0.05	76	79	0.16	0.16	3.62	3.62	126	125	19.96	19.96
OG0000493	504.0	0.05	77	79	0.14	0.15	3.41	3.4	119	116	17.03	17.03
OG0000494	867.0	0.03	77	79	0.31	0.31	3.02	3.03	52	52	15.96	15.96
OG0000495	1698.0	0.0	77	79	0.35	0.35	2.99	2.99	47	47	16.22	16.22
OG0000496	873.0	0.01	77	79	0.32	0.33	2.97	2.97	47	46	15.23	15.23
OG0000497	561.0	0.03	75	79	0.22	0.22	3.56	3.56	95	95	20.81	20.81
OG0000498	456.0	0.03	77	79	0.26	0.26	3.43	3.44	86	86	22.01	22.01
OG0000499	1008.0	0.06	77	79	0.22	0.22	3.68	3.67	112	111	24.1	24.1
OG0000500	678.0	0.04	77	79	0.34	0.34	3.36	3.35	68	67	22.92	22.92
OG0000501	462.0	0.03	77	79	0.33	0.34	3.32	3.31	65	64	21.66	21.66
OG0000502	1125.0	0.03	77	79	0.43	0.44	3.24	3.24	51	50	21.84	21.84
OG0000503	753.0	0.03	77	79	0.4	0.4	3.22	3.22	53	53	21.41	21.41
OG0000504	1101.0	0.03	77	79	0.35	0.35	3.27	3.27	59	59	20.84	20.84
OG0000505	774.0	0.04	77	79	0.22	0.22	3.45	3.44	92	91	20.47	20.47
OG0000506	543.0	0.04	77	79	0.34	0.34	3.52	3.52	71	71	24.25	24.25
OG0000507	1068.0	0.05	77	79	0.32	0.32	3.55	3.54	81	79	25.57	25.57
OG0000508	1350.0	0.05	77	78	0.35	0.35	3.54	3.54	76	76	26.73	26.73
OG0000509	1677.0	0.08	77	79	0.3	0.31	3.45	3.45	73	72	21.97	21.97
OG0000510	1422.0	0.08	76	79	0.31	0.31	3.42	3.43	66	66	20.43	20.43
OG0000511	1485.0	0.05	77	79	0.21	0.21	3.48	3.48	100	100	21.23	21.23
OG0000512	969.0	0.03	77	79	0.37	0.38	3.17	3.17	53	52	19.81	19.81
OG0000513	483.0	0.01	77	79	0.21	0.21	3.43	3.44	98	98	20.42	20.42
OG0000514	840.0	0.01	77	79	0.19	0.19	3.4	3.41	107	107	20.42	20.42
OG0000515	1473.0	0.0	77	79	0.23	0.23	3.49	3.49	95	95	22.13	22.13
OG0000516	792.0	0.04	77	79	0.18	0.18	3.65	3.65	109	108	19.72	19.72
OG0000517	1890.0	0.04	77	79	0.19	0.2	3.65	3.65	107	106	20.86	20.86
OG0000518	1260.0	0.08	77	79	0.17	0.18	3.79	3.78	107	105	18.53	18.53
OG0000519	3030.0	0.06	77	79	0.19	0.2	3.41	3.41	101	100	19.56	19.56
OG0000520	1989.0	0.06	77	79	0.18	0.18	3.46	3.46	110	109	19.63	19.63
OG0000521	804.0	0.08	77	79	0.17	0.18	3.71	3.7	127	120	21.87	21.87
OG0000522	1674.0	0.03	77	79	0.23	0.23	3.35	3.35	82	82	18.91	18.91
OG0000523	4317.0	0.04	77	79	0.25	0.25	3.39	3.39	82	82	20.53	20.53
OG0000524	1701.0	0.04	77	79	0.31	0.31	3.18	3.19	59	59	18.43	18.43
OG0000525	2070.0	0.06	77	79	0.24	0.25	3.3	3.28	78	75	19.08	19.08
OG0000526	732.0	0.04	77	79	0.21	0.21	3.48	3.48	92	91	19.03	19.03
OG0000527	624.0	0.0	77	79	0.13	0.13	3.7	3.7	146	146	18.61	18.61
OG0000528	3174.0	0.05	77	79	0.17	0.17	3.58	3.57	119	116	20.22	20.22
OG0000529	894.0	0.05	77	79	0.2	0.2	3.46	3.45	91	90	17.94	17.94
OG0000530	528.0	0.05	77	79	0.22	0.23	3.38	3.37	79	77	17.58	17.58
OG0000531	918.0	0.05	77	79	0.23	0.24	3.36	3.35	77	75	17.75	17.75
OG0000532	2751.0	0.03	77	78	0.25	0.25	3.39	3.38	82	80	20.26	20.26
OG0000533	1173.0	0.03	77	79	0.3	0.3	3.29	3.29	66	66	19.68	19.68
OG0000534	1407.0	0.04	77	79	0.32	0.32	3.27	3.27	61	60	19.34	19.34
OG0000535	2235.0	0.08	77	79	0.13	0.13	3.74	3.76	163	162	21.85	21.85
OG0000536	510.0	0.1	77	79	0.06	0.06	4.44	4.45	307	298	19.06	19.06
OG0000537	315.0	0.1	77	79	0.1	0.11	3.54	3.52	162	154	16.66	16.66
OG0000538	462.0	0.05	77	79	0.23	0.24	3.42	3.4	89	86	20.28	20.28
OG0000539	1407.0	0.05	77	79	0.2	0.2	3.46	3.46	108	107	21.22	21.22
OG0000540	543.0	0.04	77	79	0.24	0.25	3.39	3.38	83	79	20.05	20.05
OG0000541	1248.0	0.09	77	79	0.16	0.16	3.6	3.6	103	103	16.13	16.13
OG0000542	1674.0	0.1	77	79	0.1	0.1	4.0	3.98	203	192	19.3	19.3
OG0000543	1359.0	0.06	77	79	0.09	0.1	4.08	4.05	216	205	19.95	19.95
OG0000544	747.0	0.05	76	79	0.22	0.23	3.28	3.27	79	76	17.14	17.14
OG0000545	1497.0	0.05	77	79	0.23	0.23	3.51	3.51	95	93	21.7	21.7
OG0000546	1209.0	0.06	77	79	0.28	0.29	3.51	3.51	83	80	23.11	23.11
OG0000547	1320.0	0.05	77	79	0.13	0.13	3.89	3.89	175	174	22.08	22.08
OG0000548	1068.0	0.06	71	79	0.1	0.1	4.1	4.09	214	209	21.06	21.06
OG0000549	762.0	0.04	77	79	0.09	0.09	4.23	4.21	259	251	23.13	23.13
OG0000550	540.0	0.03	77	79	0.12	0.12	4.32	4.31	230	229	26.52	26.52
OG0000551	2532.0	0.05	77	79	0.33	0.34	3.1	3.09	52	50	17.18	17.18
OG0000552	1056.0	0.03	77	79	0.2	0.2	3.04	3.04	71	71	14.22	14.22
OG0000553	1515.0	0.01	77	79	0.21	0.21	3.19	3.19	76	76	15.67	15.67
OG0000554	963.0	0.01	77	79	0.21	0.21	3.18	3.18	74	74	15.77	15.77
OG0000555	1779.0	0.01	77	79	0.23	0.23	3.22	3.23	74	74	16.82	16.82
OG0000556	1479.0	0.05	77	79	0.11	0.11	4.06	4.06	199	198	21.99	21.99
OG0000557	879.0	0.08	77	79	0.1	0.1	4.28	4.27	220	208	21.39	21.39
OG0000558	3624.0	0.04	77	79	0.27	0.27	3.39	3.39	75	74	20.3	20.3
OG0000559	3552.0	0.04	77	79	0.41	0.42	3.2	3.2	51	50	21.15	21.15
OG0000560	423.0	0.03	77	79	0.49	0.49	3.01	3.01	36	36	17.8	17.8
OG0000561	549.0	0.03	77	79	0.49	0.49	3.05	3.05	37	37	18.19	18.19
OG0000562	579.0	0.03	77	79	0.48	0.48	3.05	3.04	39	39	18.66	18.66
OG0000563	750.0	0.03	77	79	0.46	0.46	3.13	3.13	42	42	19.25	19.25
OG0000564	1401.0	0.03	77	79	0.46	0.46	3.2	3.19	45	45	20.67	20.67
OG0000565	552.0	0.28	77	79	0.19	0.2	3.03	3.04	71	66	13.32	13.32
OG0000566	1488.0	0.25	77	77	0.25	0.26	2.88	2.93	49	48	12.34	12.34
OG0000567	1191.0	0.04	77	79	0.39	0.39	3.16	3.16	49	49	19.29	19.29
OG0000568	1536.0	0.0	77	79	0.44	0.44	3.12	3.12	44	44	19.48	19.48
OG0000569	3513.0	0.03	77	79	0.43	0.44	3.24	3.23	50	49	21.67	21.67
OG0000570	726.0	0.24	77	79	0.3	0.36	3.2	3.16	61	51	18.44	18.44
OG0000571	4500.0	0.18	68	79	0.16	0.18	3.6	3.6	107	96	17.44	17.44
OG0000572	669.0	0.04	77	79	0.06	0.06	4.42	4.42	300	298	19.25	19.25
OG0000573	1524.0	0.01	77	79	0.08	0.08	4.59	4.59	273	273	22.99	22.99
OG0000574	1383.0	0.56	77	79	0.08	0.11	4.07	3.87	191	127	14.34	14.34
OG0000575	948.0	0.05	57	79	0.12	0.12	4.25	4.25	159	157	19.49	19.49
OG0000576	1056.0	0.03	47	79	0.03	0.03	5.99	5.98	635	629	18.08	18.08
OG0000577	5775.0	0.0	17	79	0.1	0.1	4.51	4.51	151	151	15.54	15.54
OG0000578	234.0	0.55	77	78	0.21	0.24	2.98	3.08	56	49	11.68	11.68
OG0000579	1116.0	0.55	77	78	0.2	0.26	3.07	3.12	63	49	12.67	12.67
OG0000580	1926.0	0.55	77	78	0.22	0.3	3.18	3.2	67	48	14.45	14.45
OG0000581	912.0	0.01	77	78	0.18	0.18	3.35	3.36	88	88	15.54	15.54
OG0000582	1968.0	0.03	77	78	0.19	0.19	3.35	3.34	87	85	16.36	16.36
OG0000583	702.0	0.03	77	78	0.07	0.07	3.99	4.0	234	233	16.55	16.55
OG0000584	1833.0	0.04	77	78	0.06	0.06	4.21	4.22	273	270	17.29	17.29
OG0000585	1335.0	0.04	77	78	0.06	0.06	4.37	4.37	303	296	16.96	16.96
OG0000586	783.0	0.06	77	78	0.05	0.05	4.48	4.46	314	301	16.46	16.46
OG0000587	792.0	0.05	77	78	0.05	0.05	4.73	4.73	371	360	17.33	17.33
OG0000588	705.0	0.0	16	78	0.05	0.05	4.84	4.84	254	254	13.41	13.41
OG0000589	732.0	0.08	76	78	0.14	0.14	3.86	3.84	131	127	18.26	18.26
OG0000590	1071.0	0.05	77	78	0.21	0.22	3.62	3.63	88	86	18.88	18.88
OG0000591	552.0	0.03	77	78	0.24	0.24	3.87	3.88	90	90	22.05	22.05
OG0000592	1260.0	0.03	77	78	0.32	0.32	3.54	3.54	73	71	23.04	23.04
OG0000593	606.0	0.03	77	78	0.36	0.37	3.46	3.46	61	59	22.08	22.08
OG0000594	1023.0	0.01	77	78	0.39	0.39	3.47	3.47	59	59	23.18	23.18
OG0000595	435.0	0.01	75	78	0.29	0.29	3.49	3.49	78	78	22.47	22.47
OG0000596	1254.0	0.03	77	78	0.42	0.43	3.35	3.34	52	51	21.79	21.79
OG0000597	1335.0	0.05	77	78	0.54	0.56	3.52	3.52	54	52	28.97	28.97
OG0000598	654.0	0.04	77	78	0.6	0.6	3.58	3.59	55	55	33.18	33.18
OG0000599	1758.0	0.09	77	78	0.23	0.23	3.44	3.44	84	82	18.96	18.96
OG0000600	1806.0	0.19	77	78	0.23	0.25	3.38	3.39	71	67	16.5	16.5
OG0000601	1092.0	0.09	77	78	0.26	0.26	3.49	3.49	69	68	17.73	17.73
OG0000602	600.0	0.06	77	78	0.46	0.47	3.26	3.26	48	47	22.28	22.28
OG0000603	525.0	0.04	77	78	0.55	0.55	3.18	3.18	40	40	22.18	22.18
OG0000604	723.0	0.03	77	78	0.54	0.54	3.32	3.32	46	46	24.88	24.88
OG0000605	525.0	0.04	77	78	0.55	0.55	3.36	3.36	46	46	25.17	25.17
OG0000606	540.0	0.03	77	78	0.52	0.52	3.33	3.33	47	47	24.49	24.49
OG0000607	639.0	0.06	77	78	0.42	0.43	3.35	3.34	52	51	22.01	22.01
OG0000608	1203.0	0.08	77	78	0.42	0.43	3.38	3.38	53	52	22.14	22.14
OG0000609	1071.0	0.08	77	78	0.4	0.41	3.38	3.38	56	54	22.26	22.26
OG0000610	504.0	0.23	77	78	0.38	0.4	3.17	3.18	50	47	18.83	18.83
OG0000611	354.0	0.23	77	77	0.39	0.4	3.14	3.16	48	46	18.58	18.58
OG0000612	1149.0	0.24	77	78	0.37	0.39	3.11	3.13	48	46	17.78	17.78
OG0000613	1044.0	0.23	76	78	0.21	0.23	2.98	3.01	65	60	13.88	13.88
OG0000614	642.0	0.05	77	78	0.2	0.21	3.5	3.5	94	91	18.81	18.81
OG0000615	1086.0	0.05	72	78	0.2	0.2	3.61	3.61	97	95	19.38	19.38
OG0000616	717.0	0.05	77	78	0.13	0.13	3.65	3.65	146	141	18.81	18.81
OG0000617	1290.0	0.06	77	78	0.11	0.11	4.09	4.09	213	207	22.55	22.55
OG0000618	303.0	0.05	77	78	0.26	0.33	3.2	3.14	65	52	17.18	17.18
OG0000619	1458.0	0.03	77	78	0.15	0.15	3.47	3.44	123	119	17.99	17.99
OG0000620	555.0	0.04	77	78	0.18	0.18	3.48	3.49	110	110	20.05	20.05
OG0000621	987.0	0.05	77	78	0.21	0.21	3.5	3.5	106	106	22.78	22.78
OG0000622	1239.0	0.03	77	78	0.35	0.35	3.44	3.44	70	69	24.21	24.21
OG0000623	819.0	0.03	77	78	0.33	0.33	3.35	3.35	66	65	21.77	21.77
OG0000624	1528.5	0.15	77	78	0.34	0.35	3.4	3.41	67	66	22.96	22.96
OG0000625	834.0	0.21	77	78	0.36	0.41	3.27	3.27	59	52	21.27	21.27
OG0000626	978.0	0.23	77	78	0.35	0.4	3.27	3.27	58	51	20.47	20.47
OG0000627	1095.0	0.24	77	78	0.38	0.39	2.85	2.88	37	36	13.9	13.9
OG0000628	456.0	0.24	77	78	0.26	0.26	2.79	2.86	43	43	11.32	11.32
OG0000629	1128.0	0.23	76	78	0.12	0.13	3.57	3.57	131	117	15.65	15.65
OG0000630	471.0	0.22	76	78	0.13	0.15	3.54	3.53	120	107	16.08	16.08
OG0000631	624.0	0.09	75	78	0.15	0.15	3.65	3.65	120	117	17.99	17.99
OG0000632	870.0	0.06	77	78	0.12	0.13	4.29	4.28	161	158	19.77	19.77
OG0000633	1131.0	0.08	76	78	0.17	0.18	3.67	3.66	114	111	19.44	19.44
OG0000634	1395.0	0.08	77	78	0.07	0.07	4.34	4.36	280	274	20.54	20.54
OG0000635	1005.0	0.08	77	78	0.08	0.08	4.25	4.27	264	258	20.68	20.68
OG0000636	633.0	0.05	77	78	0.3	0.3	3.39	3.39	73	72	21.55	21.55
OG0000637	561.0	0.04	77	78	0.2	0.2	3.3	3.31	87	86	17.42	17.42
OG0000638	696.0	0.03	77	78	0.31	0.31	3.22	3.22	61	61	19.14	19.14
OG0000639	849.0	0.03	77	78	0.22	0.22	3.14	3.14	77	77	17.26	17.26
OG0000640	906.0	0.03	76	78	0.18	0.21	3.32	3.27	88	76	15.62	15.62
OG0000641	1272.0	0.01	77	78	0.18	0.18	3.42	3.42	95	95	17.44	17.44
OG0000642	618.0	0.01	77	78	0.19	0.19	3.38	3.39	91	91	16.91	16.91
OG0000643	441.0	0.01	77	78	0.21	0.21	3.41	3.41	86	86	18.1	18.1
OG0000644	1224.0	0.05	77	78	0.24	0.24	3.46	3.46	84	83	19.91	19.91
OG0000645	1056.0	0.05	77	78	0.18	0.19	3.3	3.3	97	94	17.49	17.49
OG0000646	1383.0	0.0	77	78	0.44	0.44	3.03	3.03	41	41	18	18
OG0000647	612.0	0.01	77	78	0.51	0.52	3.06	3.05	38	37	19.21	19.21
OG0000648	1266.0	0.04	77	78	0.2	0.2	3.65	3.64	113	112	22.95	22.95
OG0000649	465.0	0.03	77	78	0.22	0.22	3.59	3.6	107	107	23.54	23.54
OG0000650	603.0	0.04	77	78	0.26	0.26	3.42	3.42	86	85	22.08	22.08
OG0000651	1263.0	0.04	77	78	0.24	0.25	3.26	3.26	71	69	17.01	17.01
OG0000652	1275.0	0.04	77	78	0.19	0.19	3.26	3.26	91	89	17.09	17.09
OG0000653	2631.0	0.04	77	78	0.3	0.31	3.45	3.45	74	73	22.4	22.4
OG0000654	924.0	0.06	77	78	0.26	0.27	3.38	3.36	79	77	20.85	20.85
OG0000655	1269.0	0.08	77	78	0.25	0.26	3.4	3.37	84	80	20.72	20.72
OG0000656	624.0	0.06	77	78	0.24	0.25	3.46	3.44	87	85	21.09	21.09
OG0000657	663.0	0.03	77	78	0.4	0.4	3.21	3.21	53	53	21.14	21.14
OG0000658	462.0	0.03	77	78	0.42	0.42	3.21	3.21	51	51	21.21	21.21
OG0000659	1107.0	0.03	77	78	0.31	0.31	3.29	3.28	68	68	20.99	20.99
OG0000660	891.0	0.04	77	78	0.29	0.3	3.35	3.34	69	68	20.23	20.23
OG0000661	987.0	0.05	77	78	0.26	0.26	3.54	3.55	93	93	24.17	24.17
OG0000662	558.0	0.08	77	78	0.41	0.44	3.42	3.42	58	55	23.95	23.95
OG0000663	1356.0	0.06	77	78	0.28	0.29	3.44	3.44	83	79	22.83	22.83
OG0000664	882.0	0.08	77	78	0.37	0.39	3.38	3.38	60	57	22.06	22.06
OG0000665	1284.0	0.06	76	78	0.25	0.25	3.42	3.43	76	75	18.82	18.82
OG0000666	981.0	0.06	77	78	0.22	0.22	3.41	3.42	83	82	17.92	17.92
OG0000667	1125.0	0.06	77	78	0.2	0.21	3.43	3.43	88	87	17.96	17.96
OG0000668	507.0	0.04	77	78	0.37	0.41	3.21	3.2	54	49	20.1	20.1
OG0000669	1380.0	0.04	77	78	0.4	0.41	3.24	3.24	53	52	21.1	21.1
OG0000670	1548.0	0.04	77	78	0.39	0.4	3.21	3.21	53	52	20.86	20.86
OG0000671	1167.0	0.01	77	78	0.43	0.43	3.21	3.21	51	51	21.97	21.97
OG0000672	627.0	0.03	77	78	0.28	0.29	3.14	3.14	61	59	16.95	16.95
OG0000673	3444.0	0.03	77	78	0.29	0.29	3.5	3.5	77	76	22.35	22.35
OG0000674	402.0	0.03	77	78	0.31	0.31	3.36	3.36	66	66	20.27	20.27
OG0000675	705.0	0.04	77	78	0.29	0.3	3.35	3.35	69	67	20.05	20.05
OG0000676	1074.0	0.08	77	78	0.25	0.25	3.35	3.36	78	76	19.24	19.24
OG0000677	1605.0	0.05	77	77	0.23	0.23	3.5	3.49	83	81	18.84	18.84
OG0000678	981.0	0.04	77	78	0.14	0.14	3.75	3.75	123	122	16.94	16.94
OG0000679	2001.0	0.06	77	78	0.16	0.16	3.09	3.1	87	87	13.51	13.51
OG0000680	357.0	0.05	76	78	0.17	0.17	3.22	3.21	95	93	15.99	15.99
OG0000681	1125.0	0.06	77	78	0.17	0.18	3.4	3.4	105	104	18.24	18.24
OG0000682	1449.0	0.06	77	78	0.2	0.21	3.64	3.63	111	107	22.4	22.4
OG0000683	921.0	0.08	77	78	0.16	0.17	3.78	3.76	141	134	22.18	22.18
OG0000684	1281.0	0.04	77	78	0.13	0.13	3.95	3.96	168	167	22.44	22.44
OG0000685	1239.0	0.04	77	78	0.09	0.09	4.09	4.09	232	226	20.71	20.71
OG0000686	936.0	0.04	77	78	0.1	0.11	3.75	3.76	176	173	18.26	18.26
OG0000687	534.0	0.01	77	78	0.2	0.2	3.29	3.3	91	91	17.81	17.81
OG0000688	1545.0	0.03	76	78	0.28	0.28	3.3	3.29	63	63	17.59	17.59
OG0000689	393.0	0.0	77	78	0.29	0.29	3.14	3.14	59	59	17.22	17.22
OG0000690	2100.0	0.03	77	78	0.21	0.21	3.37	3.38	90	90	19.01	19.01
OG0000691	972.0	0.03	77	78	0.15	0.15	3.29	3.29	107	107	16.27	16.27
OG0000692	345.0	0.03	77	78	0.17	0.17	3.28	3.28	92	92	15.51	15.51
OG0000693	2122.5	0.03	77	78	0.16	0.17	3.31	3.3	97	96	15.87	15.87
OG0000694	318.0	0.04	77	78	0.17	0.17	3.23	3.21	88	87	14.65	14.65
OG0000695	1194.0	0.05	77	78	0.18	0.18	3.24	3.24	88	87	15.79	15.79
OG0000696	765.0	0.03	77	78	0.46	0.46	2.92	2.92	35	35	16.05	16.05
OG0000697	555.0	0.04	77	78	0.44	0.46	2.82	2.82	33	32	14.68	14.68
OG0000698	891.0	0.04	77	78	0.24	0.24	3.3	3.3	81	80	19.37	19.37
OG0000699	1308.0	0.04	77	78	0.27	0.27	3.26	3.26	71	70	19.05	19.05
OG0000700	771.0	0.08	77	78	0.16	0.16	3.47	3.47	106	104	16.86	16.86
OG0000701	1368.0	0.06	77	78	0.17	0.17	3.47	3.47	107	106	18.33	18.33
OG0000702	645.0	0.01	77	78	0.18	0.18	3.52	3.52	112	111	19.65	19.65
OG0000703	489.0	0.01	77	78	0.15	0.15	3.61	3.61	129	128	19.53	19.53
OG0000704	1209.0	0.01	77	78	0.11	0.11	3.74	3.73	167	167	18.82	18.82
OG0000705	1065.0	0.05	77	78	0.1	0.1	4.63	4.63	198	195	20.21	20.21
OG0000706	618.0	0.04	77	78	0.24	0.24	3.32	3.33	78	77	18.86	18.86
OG0000707	771.0	0.05	77	78	0.24	0.25	3.31	3.31	78	76	18.65	18.65
OG0000708	894.0	0.05	77	78	0.34	0.34	3.15	3.15	55	55	18.95	18.95
OG0000709	741.0	0.06	77	78	0.21	0.24	3.45	3.4	96	81	19.71	19.71
OG0000710	486.0	0.06	77	78	0.19	0.19	3.44	3.43	106	103	20.03	20.03
OG0000711	552.0	0.06	77	78	0.19	0.19	3.44	3.43	105	102	19.68	19.68
OG0000712	1050.0	0.04	77	78	0.24	0.24	3.39	3.38	86	85	20.31	20.31
OG0000713	921.0	0.04	77	78	0.24	0.24	3.44	3.43	86	85	20.59	20.59
OG0000714	1848.0	0.06	77	78	0.3	0.31	3.29	3.28	66	64	19.62	19.62
OG0000715	1074.0	0.06	76	78	0.35	0.36	3.28	3.28	61	60	21.65	21.65
OG0000716	274.5	0.06	77	78	0.31	0.32	3.27	3.27	65	64	20.32	20.32
OG0000717	1300.5	0.05	77	78	0.23	0.24	3.42	3.42	90	89	20.95	20.95
OG0000718	1113.0	0.05	77	78	0.24	0.24	3.35	3.35	85	85	20.35	20.35
OG0000719	660.0	0.06	77	78	0.24	0.25	3.38	3.37	85	80	20.03	20.03
OG0000720	567.0	0.04	77	78	0.25	0.26	3.29	3.28	77	75	19.21	19.21
OG0000721	2190.0	0.04	77	78	0.29	0.29	3.34	3.34	73	72	21.13	21.13
OG0000722	261.0	0.04	77	78	0.34	0.35	3.21	3.21	57	56	19.55	19.55
OG0000723	318.0	0.03	77	78	0.2	0.2	3.5	3.5	98	98	19.17	19.17
OG0000724	4093.5	0.08	77	78	0.2	0.2	3.58	3.57	95	94	18.67	18.67
OG0000725	1356.0	0.1	77	78	0.09	0.1	4.02	4.0	209	198	19.62	19.62
OG0000726	651.0	0.08	75	78	0.08	0.08	4.49	4.48	233	225	18.36	18.36
OG0000727	990.0	0.05	77	78	0.08	0.08	4.35	4.36	274	271	21.26	21.26
OG0000728	603.0	0.05	77	77	0.08	0.08	4.29	4.3	263	260	20.4	20.4
OG0000729	1485.0	0.05	77	78	0.16	0.18	3.48	3.44	107	97	17.38	17.38
OG0000730	1194.0	0.05	77	78	0.16	0.18	3.35	3.31	102	92	16.76	16.76
OG0000731	309.0	0.05	77	78	0.21	0.23	3.13	3.12	65	62	13.96	13.96
OG0000732	906.0	0.04	77	78	0.22	0.22	3.05	3.05	61	60	13.23	13.23
OG0000733	294.0	0.05	77	78	0.26	0.26	3.45	3.45	84	82	21.49	21.49
OG0000734	357.0	0.06	77	78	0.26	0.27	3.46	3.46	83	81	21.82	21.82
OG0000735	966.0	0.09	76	78	0.19	0.19	3.67	3.67	120	119	22.73	22.73
OG0000736	783.0	0.09	77	78	0.17	0.17	3.7	3.7	129	128	22.28	22.28
OG0000737	435.0	0.09	77	78	0.17	0.17	3.68	3.69	128	127	21.92	21.92
OG0000738	450.0	0.05	77	78	0.08	0.08	4.35	4.35	271	264	22.31	22.31
OG0000739	1026.0	0.03	77	78	0.12	0.12	4.14	4.14	224	223	25.79	25.79
OG0000740	2376.0	0.05	77	78	0.06	0.06	4.78	4.76	389	379	23.24	23.24
OG0000741	741.0	0.06	77	78	0.06	0.07	4.48	4.47	330	318	20.87	20.87
OG0000742	936.0	0.03	77	78	0.15	0.15	3.46	3.46	118	117	17.63	17.63
OG0000743	672.0	0.05	77	78	0.33	0.34	3.04	3.02	51	49	16.87	16.87
OG0000744	642.0	0.06	77	78	0.3	0.31	3.16	3.16	61	60	18.41	18.41
OG0000745	1059.0	0.08	77	78	0.29	0.3	3.23	3.21	66	63	18.82	18.82
OG0000746	762.0	0.09	77	78	0.33	0.35	3.23	3.22	57	54	18.92	18.92
OG0000747	969.0	0.06	77	78	0.18	0.18	3.42	3.42	103	100	18.37	18.37
OG0000748	609.0	0.0	77	78	0.23	0.23	3.36	3.36	82	82	19.18	19.18
OG0000749	672.0	0.0	77	78	0.16	0.16	3.52	3.52	122	122	19.67	19.67
OG0000750	717.0	0.0	77	78	0.16	0.16	3.55	3.55	125	125	20.4	20.4
OG0000751	507.0	0.06	77	78	0.19	0.22	3.63	3.6	112	98	21.81	21.81
OG0000752	990.0	0.06	77	78	0.12	0.12	4.11	4.11	185	180	21.36	21.36
OG0000753	369.0	0.05	77	78	0.12	0.12	3.97	3.98	174	173	21.01	21.01
OG0000754	414.0	0.04	77	78	0.17	0.17	3.33	3.32	89	88	14.78	14.78
OG0000755	255.0	0.04	77	78	0.2	0.2	3.24	3.24	76	76	15.05	15.05
OG0000756	609.0	0.03	77	78	0.48	0.48	3.05	3.05	40	40	19.15	19.15
OG0000757	696.0	0.03	77	78	0.47	0.47	3.07	3.06	39	39	18.49	18.49
OG0000758	180.0	0.03	77	78	0.5	0.5	3.03	3.03	37	37	18.41	18.41
OG0000759	525.0	0.03	77	78	0.48	0.48	3.05	3.05	39	39	18.69	18.69
OG0000760	642.0	0.03	77	78	0.49	0.49	3.2	3.2	44	44	21.4	21.4
OG0000761	1455.0	0.04	77	78	0.44	0.44	3.32	3.31	52	52	23.08	23.08
OG0000762	1371.0	0.23	77	78	0.32	0.33	3.27	3.3	65	64	20.88	20.88
OG0000763	2463.0	0.27	77	78	0.25	0.26	3.26	3.28	74	72	18.59	18.59
OG0000764	1008.0	0.27	77	78	0.21	0.22	3.11	3.14	71	69	14.9	14.9
OG0000765	462.0	0.27	77	78	0.19	0.2	3.02	3.05	69	67	13.26	13.26
OG0000766	564.0	0.27	77	78	0.17	0.18	2.92	2.96	66	64	11.23	11.23
OG0000767	882.0	0.27	77	78	0.37	0.39	2.81	2.82	39	37	14.47	14.47
OG0000768	540.0	0.27	77	78	0.38	0.41	2.94	2.94	43	40	16.29	16.29
OG0000769	1290.0	0.26	77	78	0.38	0.41	3.01	3.0	46	43	17.44	17.44
OG0000770	825.0	0.03	77	78	0.37	0.38	3.18	3.17	54	53	19.9	19.9
OG0000771	549.0	0.17	77	78	0.37	0.38	3.31	3.32	60	59	22.37	22.37
OG0000772	838.5	0.24	77	78	0.31	0.38	3.22	3.17	61	51	19.21	19.21
OG0000773	348.0	0.24	77	78	0.31	0.37	3.17	3.13	58	48	17.79	17.79
OG0000774	804.0	0.24	77	78	0.29	0.35	3.2	3.17	62	52	17.97	17.97
OG0000775	927.0	0.24	77	78	0.28	0.34	3.18	3.14	61	51	17.21	17.21
OG0000776	330.0	0.24	77	78	0.29	0.35	3.1	3.06	56	46	16.21	16.21
OG0000777	618.0	0.24	77	78	0.29	0.34	3.11	3.08	55	47	16.14	16.14
OG0000778	1113.0	0.04	77	78	0.1	0.1	3.8	3.8	146	144	14.81	14.81
OG0000779	1329.0	0.0	77	78	0.08	0.08	4.68	4.68	238	238	18.94	18.94
OG0000780	1542.0	0.01	77	78	0.05	0.05	4.87	4.88	372	372	20.27	20.27
OG0000781	411.0	0.03	77	78	0.06	0.07	4.4	4.4	290	289	18.82	18.82
OG0000782	904.5	0.03	77	78	0.07	0.07	4.35	4.36	288	288	19.71	19.71
OG0000783	840.0	0.56	77	78	0.06	0.1	4.43	4.16	254	159	16.14	16.14
OG0000784	720.0	0.56	77	78	0.07	0.11	4.32	4.06	233	149	15.71	15.71
OG0000785	1359.0	0.17	77	42	0.16	0.16	3.55	3.58	100	99	16.05	16.05
OG0000786	1134.0	0.55	77	77	0.16	0.17	3.18	3.36	77	73	12.17	12.17
OG0000787	2676.0	0.55	77	77	0.22	0.33	3.22	3.21	71	48	15.96	15.96
OG0000788	813.0	0.55	77	77	0.22	0.33	3.13	3.11	72	47	15.51	15.51
OG0000789	1284.0	0.1	77	77	0.2	0.21	3.25	3.26	79	77	16.12	16.12
OG0000790	1401.0	0.01	77	77	0.15	0.15	3.46	3.46	110	110	17.01	17.01
OG0000791	1284.0	0.01	77	77	0.12	0.12	3.59	3.6	150	150	17.39	17.39
OG0000792	1335.0	0.21	52	77	0.04	0.05	5.02	4.97	375	342	15.74	15.74
OG0000793	759.0	0.04	72	77	0.2	0.2	3.5	3.5	102	102	20.18	20.18
OG0000794	858.0	0.05	75	77	0.09	0.09	4.76	4.75	217	215	19.73	19.73
OG0000795	1155.0	0.08	73	77	0.19	0.19	3.82	3.8	110	107	20.74	20.74
OG0000796	1956.0	0.05	77	77	0.11	0.11	4.27	4.27	155	154	17.1	17.1
OG0000797	1494.0	0.09	69	77	0.05	0.05	5.34	5.24	353	317	16.94	16.94
OG0000798	1077.0	0.03	77	77	0.11	0.11	4.52	4.53	170	169	18.17	18.17
OG0000799	939.0	0.03	77	77	0.17	0.18	3.97	3.95	107	102	18.19	18.19
OG0000800	417.0	0.03	77	77	0.15	0.15	3.94	3.94	117	114	17.32	17.32
OG0000801	675.0	0.01	77	77	0.17	0.17	3.45	3.45	98	98	16.86	16.86
OG0000802	639.0	0.04	77	77	0.18	0.18	3.77	3.78	109	109	19.56	19.56
OG0000803	687.0	0.03	77	77	0.21	0.21	3.66	3.65	90	89	18.68	18.68
OG0000804	1098.0	0.03	77	77	0.21	0.22	3.64	3.64	88	87	18.81	18.81
OG0000805	1302.0	0.04	77	77	0.26	0.26	3.55	3.54	77	77	20.29	20.29
OG0000806	507.0	0.04	77	77	0.27	0.27	3.52	3.51	72	72	19.34	19.34
OG0000807	531.0	0.04	77	77	0.29	0.29	3.5	3.5	67	66	19.38	19.38
OG0000808	2955.0	0.05	76	77	0.2	0.2	3.64	3.65	104	103	20.53	20.53
OG0000809	798.0	0.03	77	77	0.26	0.26	3.83	3.83	87	87	22.74	22.74
OG0000810	786.0	0.01	77	77	0.29	0.29	3.63	3.64	80	80	23.56	23.56
OG0000811	672.0	0.01	77	77	0.29	0.29	3.63	3.63	81	81	23.79	23.79
OG0000812	606.0	0.01	77	77	0.3	0.3	3.63	3.63	79	79	23.77	23.77
OG0000813	1005.0	0.01	77	77	0.3	0.3	3.61	3.61	80	80	24.36	24.36
OG0000814	504.0	0.01	77	77	0.31	0.31	3.56	3.56	75	75	23.38	23.38
OG0000815	486.0	0.01	77	77	0.33	0.33	3.54	3.54	72	72	23.53	23.53
OG0000816	477.0	0.01	77	77	0.35	0.35	3.48	3.49	64	64	22.36	22.36
OG0000817	453.0	0.01	77	77	0.35	0.35	3.46	3.46	63	63	22.03	22.03
OG0000818	234.0	0.01	77	77	0.37	0.37	3.42	3.42	59	59	21.61	21.61
OG0000819	318.0	0.04	77	77	0.35	0.36	3.36	3.34	56	54	19.56	19.56
OG0000820	171.0	0.04	77	77	0.34	0.36	3.35	3.34	57	55	19.58	19.58
OG0000821	309.0	0.04	77	77	0.63	0.64	3.49	3.49	48	47	30.26	30.26
OG0000822	663.0	0.04	77	77	0.65	0.65	3.52	3.52	48	48	31.03	31.03
OG0000823	624.0	0.04	77	77	0.67	0.67	3.56	3.56	48	48	32.05	32.05
OG0000824	276.0	0.04	77	77	0.66	0.66	3.57	3.57	49	49	32.23	32.23
OG0000825	834.0	0.04	77	77	0.67	0.67	3.62	3.62	51	51	34.06	34.06
OG0000826	279.0	0.04	77	77	0.65	0.65	3.59	3.59	51	51	33.12	33.12
OG0000827	354.0	0.04	77	77	0.62	0.62	3.58	3.59	53	53	32.86	32.86
OG0000828	435.0	0.04	77	77	0.61	0.61	3.59	3.59	55	55	33.66	33.66
OG0000829	210.0	0.04	77	77	0.6	0.6	3.55	3.56	55	55	33.09	33.09
OG0000830	264.0	0.04	77	77	0.61	0.61	3.57	3.57	55	55	33.42	33.42
OG0000831	369.0	0.04	77	77	0.63	0.63	3.57	3.58	54	54	33.9	33.9
OG0000832	318.0	0.04	77	77	0.61	0.61	3.55	3.55	54	54	33.19	33.19
OG0000833	540.0	0.04	77	77	0.61	0.61	3.58	3.58	56	56	34.16	34.16
OG0000834	399.0	0.04	77	77	0.64	0.64	3.6	3.6	55	55	35.05	35.05
OG0000835	537.0	0.04	77	77	0.63	0.63	3.6	3.6	56	56	35.08	35.08
OG0000836	363.0	0.04	77	77	0.62	0.62	3.63	3.63	57	57	35.62	35.62
OG0000837	501.0	0.04	77	77	0.62	0.62	3.63	3.64	58	58	36.18	36.18
OG0000838	180.0	0.03	77	77	0.61	0.61	3.64	3.64	59	59	36.22	36.22
OG0000839	441.0	0.03	77	77	0.47	0.48	3.71	3.71	78	77	36.9	36.9
OG0000840	1293.0	0.03	77	77	0.37	0.38	3.79	3.79	100	98	37.23	37.23
OG0000841	651.0	0.01	77	77	0.31	0.32	3.8	3.79	114	112	35.9	35.9
OG0000842	219.0	0.0	77	77	0.28	0.28	3.8	3.8	124	124	35.21	35.21
OG0000843	114.0	0.0	77	77	0.28	0.28	3.81	3.81	124	124	35.29	35.29
OG0000844	366.0	0.01	77	77	0.26	0.26	3.83	3.83	134	134	34.74	34.74
OG0000845	390.0	0.01	77	77	0.25	0.25	3.84	3.84	138	138	34.14	34.14
OG0000846	369.0	0.01	77	77	0.2	0.2	3.9	3.9	162	162	32.43	32.43
OG0000847	810.0	0.01	77	77	0.18	0.18	3.97	3.97	177	177	32.4	32.4
OG0000848	864.0	0.01	77	77	0.16	0.16	4.01	4.01	188	188	30.92	30.92
OG0000849	807.0	0.01	77	77	0.15	0.15	4.02	4.02	199	199	29.17	29.17
OG0000850	438.0	0.01	77	77	0.13	0.13	4.04	4.04	207	207	26	26
OG0000851	393.0	0.01	77	77	0.12	0.12	4.05	4.05	210	210	25.39	25.39
OG0000852	510.0	0.25	77	77	0.3	0.35	3.0	2.94	48	41	14.45	14.45
OG0000853	1188.0	0.25	77	77	0.28	0.32	2.97	2.91	50	43	13.79	13.79
OG0000854	684.0	0.25	77	77	0.26	0.31	2.93	2.88	49	42	12.97	12.97
OG0000855	1065.0	0.26	77	77	0.26	0.3	3.04	2.97	52	45	13.34	13.34
OG0000856	807.0	0.23	77	77	0.16	0.18	3.14	3.13	63	55	10.06	10.06
OG0000857	933.0	0.23	77	77	0.17	0.19	3.18	3.19	62	55	10.44	10.44
OG0000858	1356.0	0.23	77	77	0.16	0.18	3.23	3.22	70	61	11.21	11.21
OG0000859	858.0	0.09	77	77	0.24	0.25	3.44	3.45	69	68	16.9	16.9
OG0000860	1371.0	0.04	77	77	0.27	0.28	3.48	3.48	73	71	19.84	19.84
OG0000861	396.0	0.05	77	77	0.28	0.3	3.45	3.43	68	64	19.26	19.26
OG0000862	711.0	0.06	77	77	0.28	0.29	3.51	3.49	73	69	20.13	20.13
OG0000863	1302.0	0.08	74	77	0.21	0.22	3.74	3.69	95	92	20.36	20.36
OG0000864	798.0	0.08	77	77	0.27	0.27	3.34	3.34	69	68	18.47	18.47
OG0000865	540.0	0.08	77	77	0.28	0.28	3.28	3.27	65	64	17.96	17.96
OG0000866	1611.0	0.08	77	77	0.28	0.29	3.3	3.3	67	65	19	19
OG0000867	1260.0	0.06	77	77	0.35	0.36	3.19	3.19	55	54	19.29	19.29
OG0000868	1317.0	0.05	77	77	0.41	0.42	3.3	3.3	54	53	22.1	22.1
OG0000869	258.0	0.05	77	77	0.44	0.45	3.2	3.2	48	47	21.27	21.27
OG0000870	1077.0	0.05	77	77	0.47	0.47	3.22	3.22	47	47	22.17	22.17
OG0000871	837.0	0.05	77	77	0.49	0.49	3.22	3.23	46	46	22.64	22.64
OG0000872	1044.0	0.05	77	77	0.57	0.57	3.21	3.21	40	40	22.74	22.74
OG0000873	423.0	0.04	77	77	0.56	0.56	3.14	3.15	39	39	21.75	21.75
OG0000874	630.0	0.03	77	77	0.55	0.55	3.22	3.22	42	42	22.9	22.9
OG0000875	213.0	0.03	77	77	0.55	0.55	3.31	3.31	45	45	24.95	24.95
OG0000876	867.0	0.04	77	77	0.5	0.5	3.36	3.36	51	51	25.35	25.35
OG0000877	1413.0	0.04	77	77	0.47	0.47	3.38	3.38	55	55	25.77	25.77
OG0000878	405.0	0.04	77	77	0.43	0.43	3.34	3.34	57	57	24.38	24.38
OG0000879	441.0	0.06	77	77	0.41	0.41	3.42	3.42	60	60	24.66	24.66
OG0000880	441.0	0.06	77	77	0.4	0.4	3.42	3.42	62	62	24.87	24.87
OG0000881	822.0	0.06	77	77	0.4	0.41	3.38	3.37	56	55	22.35	22.35
OG0000882	792.0	0.06	77	77	0.41	0.43	3.35	3.34	54	52	22.25	22.25
OG0000883	648.0	0.08	76	77	0.3	0.3	3.42	3.41	73	72	21.81	21.81
OG0000884	294.0	0.06	77	77	0.39	0.4	3.35	3.35	54	53	20.97	20.97
OG0000885	480.0	0.19	77	77	0.42	0.43	3.27	3.28	50	49	20.88	20.88
OG0000886	1002.0	0.23	77	77	0.36	0.36	2.92	2.96	44	44	15.77	15.77
OG0000887	327.0	0.23	77	77	0.35	0.35	2.89	2.92	43	43	15.22	15.22
OG0000888	480.0	0.23	77	77	0.31	0.31	2.93	2.97	49	49	15.27	15.27
OG0000889	771.0	0.23	77	77	0.28	0.28	2.95	3.0	54	54	15.22	15.22
OG0000890	2151.0	0.23	77	77	0.3	0.31	3.05	3.08	55	54	16.49	16.49
OG0000891	1005.0	0.23	77	77	0.31	0.34	2.9	2.9	47	43	14.51	14.51
OG0000892	474.0	0.23	77	77	0.29	0.31	2.93	2.94	51	47	14.75	14.75
OG0000893	462.0	0.08	77	77	0.26	0.28	3.24	3.23	69	63	17.86	17.86
OG0000894	663.0	0.04	77	77	0.25	0.25	3.25	3.25	71	70	17.58	17.58
OG0000895	1026.0	0.05	77	77	0.23	0.24	3.33	3.33	79	77	18.34	18.34
OG0000896	1935.0	0.05	77	77	0.21	0.22	3.51	3.5	95	92	19.84	19.84
OG0000897	138.0	0.05	77	77	0.13	0.13	3.68	3.67	149	144	18.69	18.69
OG0000898	570.0	0.05	77	77	0.12	0.12	3.76	3.75	163	158	19.22	19.22
OG0000899	1623.0	0.05	76	77	0.12	0.12	3.99	3.99	186	182	21.51	21.51
OG0000900	288.0	0.05	77	77	0.11	0.11	4.0	4.0	189	186	20.73	20.73
OG0000901	1620.0	0.05	77	77	0.11	0.11	4.08	4.09	203	200	22.39	22.39
OG0000902	174.0	0.05	77	77	0.2	0.2	3.66	3.65	106	103	20.79	20.79
OG0000903	1038.0	0.05	77	77	0.2	0.21	3.7	3.68	107	101	21.44	21.44
OG0000904	927.0	0.05	77	77	0.21	0.21	3.62	3.63	102	102	21.38	21.38
OG0000905	822.0	0.05	77	77	0.3	0.3	3.2	3.2	59	59	17.99	17.99
OG0000906	1296.0	0.04	77	77	0.32	0.33	3.2	3.19	57	55	18.23	18.23
OG0000907	693.0	0.04	77	77	0.32	0.33	3.17	3.16	54	53	17.38	17.38
OG0000908	2004.0	0.04	77	77	0.29	0.29	3.19	3.19	63	62	18.21	18.21
OG0000909	1206.0	0.03	77	77	0.24	0.25	3.22	3.21	73	71	17.77	17.77
OG0000910	303.0	0.03	77	77	0.18	0.18	3.29	3.28	93	92	16.52	16.52
OG0000911	1428.0	0.03	77	77	0.15	0.15	3.44	3.42	118	114	17.36	17.36
OG0000912	933.0	0.03	77	77	0.14	0.15	3.49	3.48	125	121	18.05	18.05
OG0000913	1314.0	0.04	77	77	0.2	0.2	3.52	3.52	112	112	22.26	22.26
OG0000914	723.0	0.04	77	77	0.2	0.2	3.47	3.47	107	107	21.84	21.84
OG0000915	756.0	0.05	77	77	0.24	0.24	3.47	3.47	99	99	23.29	23.29
OG0000916	702.0	0.05	77	77	0.24	0.24	3.5	3.5	100	98	23.68	23.68
OG0000917	1044.0	0.05	77	77	0.26	0.26	3.52	3.51	95	93	24.34	24.34
OG0000918	630.0	0.05	77	77	0.28	0.28	3.49	3.49	87	86	24.18	24.18
OG0000919	1218.0	0.05	77	77	0.3	0.31	3.46	3.46	81	80	24.49	24.49
OG0000920	285.0	0.03	77	77	0.32	0.33	3.42	3.42	73	72	23.65	23.65
OG0000921	465.0	0.03	77	77	0.32	0.33	3.4	3.4	73	72	23.55	23.55
OG0000922	207.0	0.03	77	77	0.33	0.34	3.37	3.37	69	68	23.05	23.05
OG0000923	522.0	0.03	77	77	0.38	0.39	3.38	3.38	62	61	23.66	23.66
OG0000924	810.0	0.03	77	77	0.33	0.33	3.37	3.37	69	68	22.65	22.65
OG0000925	315.0	0.03	77	77	0.34	0.34	3.29	3.29	63	62	21.34	21.34
OG0000926	1047.0	0.25	77	77	0.36	0.4	3.12	3.11	51	46	18.36	18.36
OG0000927	543.0	0.25	77	77	0.37	0.39	3.06	3.07	47	44	17.26	17.26
OG0000928	1290.0	0.25	77	77	0.35	0.35	2.74	2.77	36	36	12.52	12.52
OG0000929	951.0	0.25	77	77	0.22	0.22	2.78	2.86	50	50	11.13	11.13
OG0000930	453.0	0.25	77	77	0.2	0.2	2.9	2.94	57	56	11.29	11.29
OG0000931	600.0	0.21	76	77	0.14	0.15	3.55	3.57	118	112	16.66	16.66
OG0000932	411.0	0.21	76	77	0.16	0.17	3.51	3.52	106	100	16.91	16.91
OG0000933	828.0	0.14	76	77	0.17	0.17	3.54	3.55	105	103	17.79	17.79
OG0000934	426.0	0.06	76	77	0.15	0.15	3.41	3.42	120	118	17.71	17.71
OG0000935	1224.0	0.06	76	77	0.11	0.11	3.77	3.79	181	179	19.08	19.08
OG0000936	504.0	0.06	76	77	0.09	0.09	3.84	3.86	198	195	18.48	18.48
OG0000937	1662.0	0.03	46	77	0.09	0.09	5.0	4.98	398	385	34.56	34.56
OG0000938	1197.0	0.05	77	77	0.13	0.13	3.77	3.77	170	165	21.84	21.84
OG0000939	909.0	0.05	77	77	0.15	0.16	3.66	3.65	142	137	21.56	21.56
OG0000940	306.0	0.03	77	77	0.3	0.31	3.34	3.34	71	69	21.43	21.43
OG0000941	714.0	0.03	77	77	0.3	0.31	3.36	3.36	72	70	21.94	21.94
OG0000942	438.0	0.03	77	77	0.31	0.31	3.36	3.37	68	68	21.36	21.36
OG0000943	477.0	0.04	76	77	0.31	0.31	3.38	3.38	69	68	21.05	21.05
OG0000944	1044.0	0.05	77	77	0.31	0.32	3.4	3.4	72	70	22.34	22.34
OG0000945	459.0	0.05	77	77	0.28	0.29	3.36	3.36	74	72	20.58	20.58
OG0000946	828.0	0.05	77	77	0.26	0.26	3.31	3.32	74	72	18.95	18.95
OG0000947	954.0	0.04	77	77	0.26	0.26	3.2	3.2	68	67	17.42	17.42
OG0000948	2415.0	0.04	77	77	0.27	0.27	3.32	3.32	71	70	19.17	19.17
OG0000949	312.0	0.04	77	77	0.27	0.28	3.22	3.22	62	60	16.86	16.86
OG0000950	1263.0	0.04	77	77	0.28	0.28	3.24	3.24	65	64	18.08	18.08
OG0000951	417.0	0.03	77	77	0.32	0.32	3.14	3.14	58	58	18.35	18.35
OG0000952	1410.0	0.03	77	77	0.3	0.3	3.1	3.11	60	60	17.75	17.75
OG0000953	792.0	0.03	77	77	0.29	0.29	3.06	3.07	59	59	17.39	17.39
OG0000954	645.0	0.04	77	77	0.31	0.31	3.1	3.1	58	58	18.14	18.14
OG0000955	1077.0	0.04	77	77	0.37	0.37	3.05	3.05	50	50	18.32	18.32
OG0000956	309.0	0.03	77	77	0.41	0.41	3.01	3.01	44	44	17.95	17.95
OG0000957	864.0	0.03	77	77	0.38	0.38	3.04	3.04	48	48	18.23	18.23
OG0000958	600.0	0.01	77	77	0.37	0.37	3.06	3.06	50	50	18.47	18.47
OG0000959	1092.0	0.01	77	77	0.25	0.25	3.07	3.06	63	62	15.69	15.69
OG0000960	1599.0	0.03	74	77	0.18	0.18	3.44	3.44	99	98	17.99	17.99
OG0000961	747.0	0.01	77	77	0.21	0.21	3.39	3.39	86	86	18.44	18.44
OG0000962	603.0	0.01	77	77	0.24	0.24	3.36	3.36	80	80	19.18	19.18
OG0000963	1695.0	0.04	77	77	0.23	0.23	3.44	3.44	86	86	19.94	19.94
OG0000964	1137.0	0.04	77	77	0.25	0.25	3.43	3.43	79	79	19.9	19.9
OG0000965	495.0	0.04	73	77	0.26	0.26	3.45	3.45	78	78	20.29	20.29
OG0000966	948.0	0.04	77	77	0.25	0.25	3.43	3.42	79	79	19.62	19.62
OG0000967	1200.0	0.04	77	77	0.25	0.25	3.34	3.34	75	75	18.88	18.88
OG0000968	690.0	0.05	77	77	0.23	0.24	3.25	3.24	75	72	17.44	17.44
OG0000969	1296.0	0.05	77	77	0.26	0.27	3.2	3.2	69	66	17.61	17.61
OG0000970	936.0	0.05	77	77	0.25	0.25	3.17	3.17	67	66	16.83	16.83
OG0000971	3198.0	0.03	77	77	0.27	0.27	3.21	3.21	67	66	18.08	18.08
OG0000972	945.0	0.01	77	77	0.3	0.3	2.91	2.92	50	50	15.22	15.22
OG0000973	969.0	0.0	77	77	0.29	0.29	2.89	2.89	50	50	14.6	14.6
OG0000974	1761.0	0.0	77	77	0.29	0.29	2.88	2.88	49	49	13.99	13.99
OG0000975	1119.0	0.0	77	77	0.3	0.3	2.9	2.9	49	49	14.51	14.51
OG0000976	1269.0	0.0	77	77	0.33	0.33	2.94	2.94	47	47	15.7	15.7
OG0000977	711.0	0.0	77	77	0.32	0.32	2.98	2.98	49	49	15.88	15.88
OG0000978	2631.0	0.0	77	77	0.33	0.33	2.96	2.96	47	47	15.45	15.45
OG0000979	621.0	0.0	77	77	0.39	0.39	2.98	2.98	42	42	16.31	16.31
OG0000980	1026.0	0.0	77	77	0.39	0.39	3.0	3.0	45	45	17.42	17.42
OG0000981	471.0	0.0	77	77	0.43	0.43	2.99	2.99	41	41	17.47	17.47
OG0000982	924.0	0.0	77	77	0.5	0.5	2.93	2.93	34	34	17.12	17.12
OG0000983	573.0	0.0	77	77	0.51	0.51	3.07	3.07	38	38	19.35	19.35
OG0000984	201.0	0.0	77	77	0.52	0.52	3.06	3.06	37	37	19.23	19.23
OG0000985	357.0	0.0	77	77	0.52	0.52	3.05	3.05	37	37	19.21	19.21
OG0000986	1311.0	0.0	77	77	0.47	0.47	3.07	3.07	42	42	19.6	19.6
OG0000987	1263.0	0.0	77	77	0.47	0.47	3.1	3.1	42	42	19.86	19.86
OG0000988	588.0	0.0	77	77	0.46	0.46	3.02	3.02	40	40	18.31	18.31
OG0000989	1341.0	0.0	77	77	0.44	0.44	3.08	3.08	44	44	19.19	19.19
OG0000990	825.0	0.0	77	77	0.41	0.41	3.04	3.04	45	45	18.44	18.44
OG0000991	927.0	0.01	77	77	0.38	0.38	3.15	3.15	52	52	19.55	19.55
OG0000992	681.0	0.03	76	77	0.34	0.34	3.2	3.2	58	58	19.44	19.44
OG0000993	978.0	0.03	77	77	0.3	0.3	3.27	3.27	64	64	19.39	19.39
OG0000994	1284.0	0.03	77	77	0.27	0.27	3.31	3.31	72	72	19.52	19.52
OG0000995	843.0	0.03	77	77	0.22	0.22	3.53	3.53	104	104	22.64	22.64
OG0000996	522.0	0.03	77	77	0.23	0.23	3.51	3.52	99	99	22.45	22.45
OG0000997	321.0	0.03	77	77	0.24	0.24	3.47	3.48	94	94	22.13	22.13
OG0000998	1293.0	0.03	77	77	0.25	0.25	3.45	3.45	90	90	22.17	22.17
OG0000999	1026.0	0.03	77	77	0.29	0.29	3.38	3.38	78	78	22.48	22.48
OG0001000	1140.0	0.03	77	77	0.36	0.36	3.31	3.31	62	62	22.44	22.44
OG0001001	519.0	0.01	77	77	0.34	0.34	2.98	2.98	49	48	16.47	16.47
OG0001002	2190.0	0.03	77	77	0.28	0.29	3.24	3.23	67	64	18.64	18.64
OG0001003	453.0	0.03	77	77	0.26	0.27	3.14	3.13	64	62	16.51	16.51
OG0001004	876.0	0.03	77	77	0.26	0.26	3.18	3.18	65	63	16.65	16.65
OG0001005	1767.0	0.04	77	77	0.24	0.25	3.18	3.18	70	68	17.12	17.12
OG0001006	1143.0	0.04	77	77	0.29	0.29	3.25	3.24	65	63	18.58	18.58
OG0001007	1113.0	0.03	77	77	0.28	0.29	3.22	3.22	66	64	18.57	18.57
OG0001008	669.0	0.04	77	77	0.3	0.31	3.2	3.2	62	60	18.55	18.55
OG0001009	2400.0	0.04	77	77	0.3	0.3	3.36	3.36	71	70	21.26	21.26
OG0001010	261.0	0.04	77	77	0.28	0.28	3.33	3.34	71	70	19.61	19.61
OG0001011	429.0	0.04	77	77	0.27	0.28	3.3	3.3	71	70	19.48	19.48
OG0001012	321.0	0.04	77	77	0.3	0.3	3.26	3.26	64	64	19.3	19.3
OG0001013	642.0	0.05	77	77	0.26	0.27	3.32	3.31	75	73	19.64	19.64
OG0001014	477.0	0.06	77	77	0.24	0.25	3.39	3.37	86	83	20.7	20.7
OG0001015	732.0	0.06	77	77	0.2	0.2	3.61	3.59	112	110	22.52	22.52
OG0001016	759.0	0.05	77	77	0.24	0.25	3.63	3.62	104	100	25.1	25.1
OG0001017	687.0	0.05	77	77	0.28	0.29	3.44	3.44	84	82	23.9	23.9
OG0001018	528.0	0.05	77	77	0.3	0.3	3.44	3.44	81	80	23.97	23.97
OG0001019	1101.0	0.05	77	77	0.3	0.3	3.44	3.44	80	79	23.86	23.86
OG0001020	807.0	0.05	77	77	0.31	0.31	3.43	3.43	77	76	23.69	23.69
OG0001021	291.0	0.05	77	77	0.3	0.31	3.4	3.4	75	74	22.84	22.84
OG0001022	573.0	0.05	77	77	0.29	0.3	3.42	3.41	77	76	22.69	22.69
OG0001023	585.0	0.05	77	77	0.31	0.32	3.38	3.38	72	71	22.42	22.42
OG0001024	354.0	0.05	77	77	0.32	0.32	3.38	3.38	71	70	22.38	22.38
OG0001025	975.0	0.03	77	77	0.42	0.44	3.22	3.22	52	50	21.99	21.99
OG0001026	252.0	0.03	77	77	0.5	0.52	3.16	3.15	43	41	21.39	21.39
OG0001027	981.0	0.01	77	77	0.43	0.43	3.17	3.17	48	48	20.57	20.57
OG0001028	624.0	0.01	77	77	0.4	0.4	3.11	3.11	48	48	19.3	19.3
OG0001029	1836.0	0.01	77	77	0.44	0.45	3.23	3.22	50	49	21.87	21.87
OG0001030	1134.0	0.03	77	77	0.42	0.43	3.17	3.16	50	49	21.12	21.12
OG0001031	177.0	0.03	77	77	0.42	0.42	3.15	3.15	50	50	20.91	20.91
OG0001032	708.0	0.03	77	77	0.43	0.43	3.18	3.18	50	50	21.69	21.69
OG0001033	987.0	0.03	77	77	0.42	0.42	3.18	3.18	50	50	21.19	21.19
OG0001034	948.0	0.03	77	77	0.4	0.4	3.19	3.19	53	53	21.16	21.16
OG0001035	900.0	0.03	77	77	0.41	0.41	3.21	3.21	53	53	21.65	21.65
OG0001036	1392.0	0.03	77	77	0.41	0.42	3.25	3.24	53	52	21.83	21.83
OG0001037	492.0	0.03	77	77	0.41	0.41	3.22	3.21	51	51	20.97	20.97
OG0001038	822.0	0.03	77	77	0.43	0.43	3.25	3.25	51	51	21.94	21.94
OG0001039	1785.0	0.03	77	77	0.4	0.41	3.25	3.24	55	54	21.87	21.87
OG0001040	678.0	0.03	77	77	0.39	0.39	3.24	3.24	54	54	21.23	21.23
OG0001041	1341.0	0.03	77	77	0.29	0.29	3.32	3.31	70	70	20.13	20.13
OG0001042	861.0	0.01	77	77	0.3	0.3	3.37	3.37	69	68	20.6	20.6
OG0001043	414.0	0.03	77	77	0.3	0.3	3.38	3.38	69	68	20.4	20.4
OG0001044	2049.0	0.03	77	77	0.33	0.33	3.53	3.53	76	76	24.7	24.7
OG0001045	1458.0	0.05	77	77	0.35	0.35	3.49	3.48	70	70	24.53	24.53
OG0001046	324.0	0.05	77	77	0.31	0.31	3.5	3.5	78	78	24.14	24.14
OG0001047	624.0	0.05	77	77	0.3	0.3	3.52	3.52	82	81	24.29	24.29
OG0001048	318.0	0.05	76	77	0.32	0.33	3.48	3.47	76	75	24.51	24.51
OG0001049	438.0	0.05	77	77	0.33	0.33	3.47	3.47	75	74	24.47	24.47
OG0001050	519.0	0.05	77	77	0.36	0.36	3.45	3.44	70	69	24.9	24.9
OG0001051	1092.0	0.05	77	77	0.38	0.38	3.52	3.52	70	70	26.57	26.57
OG0001052	1476.0	0.05	77	77	0.37	0.37	3.51	3.51	73	72	26.87	26.87
OG0001053	387.0	0.06	77	77	0.42	0.42	3.46	3.46	62	61	25.83	25.83
OG0001054	831.0	0.06	77	77	0.43	0.43	3.45	3.45	60	60	25.74	25.74
OG0001055	582.0	0.06	77	77	0.42	0.43	3.4	3.4	58	57	24.48	24.48
OG0001056	474.0	0.06	77	77	0.41	0.42	3.38	3.38	56	54	22.69	22.69
OG0001057	387.0	0.05	77	77	0.37	0.39	3.3	3.3	57	54	21.19	21.19
OG0001058	1338.0	0.08	77	77	0.39	0.4	3.34	3.34	57	55	22.09	22.09
OG0001059	231.0	0.08	77	77	0.37	0.39	3.31	3.31	57	54	21.1	21.1
OG0001060	453.0	0.08	77	77	0.36	0.39	3.35	3.35	59	55	21.43	21.43
OG0001061	984.0	0.06	76	77	0.27	0.27	3.39	3.39	71	71	19.01	19.01
OG0001062	438.0	0.06	77	77	0.22	0.22	3.35	3.35	78	77	17.32	17.32
OG0001063	867.0	0.05	77	77	0.26	0.26	3.37	3.38	77	77	20.22	20.22
OG0001064	921.0	0.05	77	77	0.28	0.28	3.34	3.34	74	74	20.39	20.39
OG0001065	543.0	0.04	77	77	0.34	0.35	3.27	3.27	60	59	20.39	20.39
OG0001066	450.0	0.04	77	77	0.34	0.35	3.25	3.25	59	58	20.13	20.13
OG0001067	735.0	0.04	77	77	0.39	0.44	3.21	3.2	52	47	20.45	20.45
OG0001068	546.0	0.04	77	77	0.41	0.46	3.17	3.16	49	44	20.12	20.12
OG0001069	738.0	0.04	77	77	0.37	0.41	3.2	3.18	55	49	20.31	20.31
OG0001070	1758.0	0.04	77	77	0.39	0.43	3.26	3.24	56	50	21.61	21.61
OG0001071	546.0	0.04	77	77	0.36	0.4	3.21	3.19	57	51	20.35	20.35
OG0001072	960.0	0.04	77	77	0.37	0.37	3.19	3.19	55	54	20.13	20.13
OG0001073	987.0	0.03	77	77	0.4	0.41	3.17	3.17	51	50	20.27	20.27
OG0001074	660.0	0.03	77	77	0.38	0.39	3.11	3.11	50	49	19	19
OG0001075	1182.0	0.03	77	77	0.36	0.37	3.13	3.13	54	53	19.52	19.52
OG0001076	1311.0	0.03	77	77	0.38	0.38	3.14	3.14	53	53	19.91	19.91
OG0001077	999.0	0.03	77	77	0.39	0.39	3.13	3.13	51	51	19.7	19.7
OG0001078	273.0	0.01	77	77	0.38	0.38	3.08	3.08	50	50	19.17	19.17
OG0001079	573.0	0.01	77	77	0.4	0.4	3.16	3.16	51	51	20.57	20.57
OG0001080	957.0	0.01	77	77	0.38	0.38	3.18	3.18	56	56	21.13	21.13
OG0001081	450.0	0.01	77	77	0.37	0.37	3.19	3.19	56	56	20.9	20.9
OG0001082	1068.0	0.01	77	77	0.47	0.47	3.13	3.13	45	45	20.95	20.95
OG0001083	1299.0	0.01	77	77	0.45	0.45	3.11	3.11	45	45	20.16	20.16
OG0001084	1245.0	0.01	77	77	0.45	0.45	3.12	3.12	44	44	20	20
OG0001085	558.0	0.0	77	77	0.44	0.44	3.12	3.12	46	46	20.1	20.1
OG0001086	696.0	0.01	77	77	0.47	0.47	3.17	3.17	45	45	21.08	21.08
OG0001087	318.0	0.01	77	77	0.43	0.43	3.1	3.1	46	46	19.96	19.96
OG0001088	1134.0	0.01	77	77	0.41	0.41	3.11	3.11	48	48	19.88	19.88
OG0001089	1203.0	0.01	77	77	0.38	0.38	3.1	3.1	51	51	19.27	19.27
OG0001090	972.0	0.03	77	77	0.41	0.41	3.11	3.11	48	48	19.62	19.62
OG0001091	687.0	0.04	77	77	0.43	0.44	3.16	3.16	46	45	19.81	19.81
OG0001092	660.0	0.04	77	77	0.41	0.41	3.11	3.11	46	45	18.64	18.64
OG0001093	333.0	0.04	77	77	0.37	0.38	3.06	3.06	48	46	17.64	17.64
OG0001094	2226.0	0.03	77	77	0.28	0.29	3.24	3.24	67	65	19	19
OG0001095	564.0	0.03	77	77	0.27	0.28	3.18	3.18	63	61	17	17
OG0001096	339.0	0.03	77	77	0.26	0.26	3.19	3.18	65	63	16.65	16.65
OG0001097	1134.0	0.03	77	77	0.26	0.26	3.28	3.28	70	68	17.95	17.95
OG0001098	906.0	0.04	76	77	0.09	0.09	4.3	4.28	209	205	19.17	19.17
OG0001099	435.0	0.03	77	77	0.28	0.28	3.3	3.31	73	73	20.17	20.17
OG0001100	429.0	0.0	77	77	0.3	0.3	3.25	3.25	67	67	19.94	19.94
OG0001101	222.0	0.0	77	77	0.31	0.31	3.27	3.27	66	66	20.57	20.57
OG0001102	1074.0	0.0	77	77	0.23	0.23	3.53	3.53	96	96	22.03	22.03
OG0001103	1362.0	0.03	77	77	0.2	0.2	3.61	3.61	108	108	21.42	21.42
OG0001104	1272.0	0.04	77	77	0.17	0.17	3.71	3.72	120	120	20.17	20.17
OG0001105	204.0	0.04	77	77	0.18	0.18	3.63	3.64	107	106	19.26	19.26
OG0001106	1140.0	0.06	77	77	0.22	0.24	3.47	3.46	93	85	20.69	20.69
OG0001107	624.0	0.06	77	77	0.23	0.25	3.43	3.42	87	82	20.3	20.3
OG0001108	270.0	0.06	77	77	0.23	0.25	3.43	3.42	87	81	20.23	20.23
OG0001109	1266.0	0.06	77	77	0.26	0.27	3.39	3.39	79	76	20.19	20.19
OG0001110	1155.0	0.06	77	77	0.27	0.27	3.33	3.34	72	71	19.18	19.18
OG0001111	720.0	0.06	77	77	0.26	0.27	3.33	3.33	72	71	18.94	18.94
OG0001112	723.0	0.06	77	77	0.27	0.27	3.37	3.37	72	71	19.32	19.32
OG0001113	885.0	0.06	77	77	0.28	0.28	3.39	3.4	71	70	19.58	19.58
OG0001114	990.0	0.06	77	77	0.27	0.27	3.4	3.41	74	73	20.06	20.06
OG0001115	900.0	0.06	77	77	0.23	0.23	3.43	3.43	76	75	17.4	17.4
OG0001116	1809.0	0.06	77	77	0.18	0.19	3.72	3.73	98	97	18.09	18.09
OG0001117	345.0	0.08	77	77	0.18	0.18	3.68	3.68	96	95	16.97	16.97
OG0001118	516.0	0.04	77	77	0.15	0.15	3.65	3.65	110	110	16.12	16.12
OG0001119	1227.0	0.06	77	77	0.21	0.22	3.38	3.36	72	70	15.26	15.26
OG0001120	1461.0	0.05	77	77	0.22	0.23	3.21	3.21	65	64	14.47	14.47
OG0001121	2403.0	0.06	77	77	0.26	0.26	3.1	3.11	58	58	14.86	14.86
OG0001122	609.0	0.05	77	77	0.31	0.31	2.82	2.82	41	41	12.58	12.58
OG0001123	297.0	0.05	77	77	0.33	0.33	2.78	2.79	38	38	12.35	12.35
OG0001124	462.0	0.06	77	77	0.31	0.33	2.8	2.8	40	38	12.56	12.56
OG0001125	2706.0	0.06	77	77	0.23	0.23	3.07	3.07	66	65	15.17	15.17
OG0001126	468.0	0.06	77	77	0.16	0.16	3.38	3.37	106	104	16.83	16.83
OG0001127	270.0	0.06	77	77	0.22	0.23	3.39	3.39	89	87	19.75	19.75
OG0001128	315.0	0.06	77	77	0.2	0.21	3.6	3.6	107	103	21.35	21.35
OG0001129	1341.0	0.04	77	77	0.08	0.08	4.31	4.3	274	267	21.53	21.53
OG0001130	1239.0	0.04	77	77	0.09	0.09	4.2	4.2	250	243	21.26	21.26
OG0001131	219.0	0.04	77	77	0.1	0.1	3.88	3.88	191	188	19.03	19.03
OG0001132	957.0	0.04	77	77	0.1	0.1	3.86	3.86	189	187	19.17	19.17
OG0001133	1674.0	0.04	77	77	0.13	0.13	3.59	3.6	148	146	18.66	18.66
OG0001134	1503.0	0.03	77	77	0.2	0.2	3.29	3.29	91	91	18.23	18.23
OG0001135	1959.0	0.01	77	77	0.27	0.27	3.29	3.29	70	70	18.9	18.9
OG0001136	492.0	0.03	77	77	0.27	0.27	3.19	3.18	61	61	16.68	16.68
OG0001137	366.0	0.03	77	77	0.28	0.28	3.17	3.16	58	58	16.4	16.4
OG0001138	867.0	0.01	77	77	0.26	0.26	3.34	3.33	69	69	18.04	18.04
OG0001139	1761.0	0.01	77	77	0.27	0.27	3.36	3.36	72	72	19.23	19.23
OG0001140	792.0	0.01	77	77	0.29	0.29	3.28	3.27	65	65	18.71	18.71
OG0001141	1560.0	0.01	77	77	0.32	0.32	3.28	3.28	63	63	20.16	20.16
OG0001142	1050.0	0.01	77	77	0.31	0.31	3.26	3.25	60	60	18.84	18.84
OG0001143	579.0	0.01	77	77	0.31	0.31	3.14	3.13	56	56	17.18	17.18
OG0001144	1272.0	0.01	77	77	0.31	0.31	3.15	3.15	58	58	17.88	17.88
OG0001145	270.0	0.03	77	77	0.18	0.18	3.22	3.23	88	88	15.88	15.88
OG0001146	918.0	0.03	77	77	0.17	0.17	3.23	3.23	93	92	15.65	15.65
OG0001147	285.0	0.03	77	77	0.18	0.18	3.22	3.22	86	86	15.05	15.05
OG0001148	468.0	0.04	77	77	0.2	0.2	3.23	3.23	79	79	16.03	16.03
OG0001149	1287.0	0.04	77	77	0.49	0.49	2.99	3.0	37	37	18.01	18.01
OG0001150	783.0	0.03	77	77	0.5	0.5	2.95	2.95	34	34	16.84	16.84
OG0001151	723.0	0.04	77	77	0.45	0.46	2.83	2.83	34	33	15.16	15.16
OG0001152	879.0	0.04	77	77	0.44	0.47	2.9	2.9	36	34	16	16
OG0001153	789.0	0.04	77	77	0.43	0.46	2.97	2.96	39	37	16.88	16.88
OG0001154	774.0	0.04	77	77	0.4	0.41	3.02	3.02	43	42	17.35	17.35
OG0001155	543.0	0.04	77	77	0.36	0.37	3.14	3.14	52	51	18.81	18.81
OG0001156	909.0	0.06	77	77	0.19	0.2	3.34	3.33	88	86	16.9	16.9
OG0001157	384.0	0.08	76	77	0.14	0.14	4.26	4.24	141	137	19.56	19.56
OG0001158	351.0	0.08	77	77	0.14	0.15	3.49	3.51	111	110	16.09	16.09
OG0001159	738.0	0.08	77	77	0.15	0.15	3.51	3.52	114	113	16.56	16.56
OG0001160	276.0	0.06	77	77	0.15	0.15	3.46	3.47	110	109	16.47	16.47
OG0001161	333.0	0.06	77	77	0.17	0.17	3.41	3.41	104	103	17.7	17.7
OG0001162	1227.0	0.06	77	77	0.17	0.17	3.4	3.4	104	103	17.74	17.74
OG0001163	987.0	0.0	77	77	0.26	0.26	3.27	3.27	72	72	19	19
OG0001164	570.0	0.0	77	77	0.29	0.29	3.2	3.2	66	66	18.87	18.87
OG0001165	2046.0	0.0	77	77	0.27	0.27	3.31	3.31	72	72	19.7	19.7
OG0001166	1659.0	0.0	77	77	0.27	0.27	3.31	3.31	75	75	20.53	20.53
OG0001167	189.0	0.01	77	77	0.24	0.24	3.4	3.4	82	81	19.66	19.66
OG0001168	639.0	0.01	77	77	0.23	0.23	3.45	3.45	88	87	19.97	19.97
OG0001169	876.0	0.01	77	77	0.19	0.19	3.48	3.48	102	101	19.27	19.27
OG0001170	744.0	0.01	77	77	0.18	0.18	3.47	3.47	104	103	18.96	18.96
OG0001171	1095.0	0.01	77	77	0.18	0.18	3.49	3.49	107	106	19.34	19.34
OG0001172	1308.0	0.01	77	77	0.16	0.17	3.57	3.57	120	119	19.74	19.74
OG0001173	933.0	0.01	77	77	0.16	0.16	3.57	3.57	125	124	19.49	19.49
OG0001174	2409.0	0.01	77	77	0.13	0.13	3.76	3.74	158	157	20.23	20.23
OG0001175	1698.0	0.01	77	77	0.14	0.15	3.69	3.65	144	133	19.48	19.48
OG0001176	408.0	0.01	77	77	0.14	0.15	3.57	3.53	128	117	17.88	17.88
OG0001177	612.0	0.01	77	77	0.17	0.17	3.47	3.47	107	106	17.88	17.88
OG0001178	693.0	0.01	77	77	0.17	0.17	3.43	3.43	105	105	17.97	17.97
OG0001179	1101.0	0.05	77	77	0.19	0.19	3.47	3.46	98	97	18.42	18.42
OG0001180	1275.0	0.05	77	77	0.19	0.19	3.48	3.48	98	97	18.49	18.49
OG0001181	1305.0	0.05	77	77	0.21	0.22	3.44	3.43	87	86	18.66	18.66
OG0001182	480.0	0.04	77	77	0.23	0.23	3.28	3.27	76	75	17.18	17.18
OG0001183	291.0	0.04	77	77	0.25	0.25	3.26	3.26	73	72	18.01	18.01
OG0001184	591.0	0.04	77	77	0.24	0.25	3.26	3.27	73	72	17.88	17.88
OG0001185	675.0	0.04	77	77	0.27	0.27	3.28	3.28	70	69	18.71	18.71
OG0001186	792.0	0.04	77	77	0.28	0.28	3.27	3.27	69	68	19.01	19.01
OG0001187	1350.0	0.05	77	77	0.27	0.28	3.27	3.27	73	72	19.96	19.96
OG0001188	966.0	0.05	77	77	0.22	0.22	3.41	3.41	96	96	20.68	20.68
OG0001189	402.0	0.08	77	77	0.11	0.11	3.72	3.73	166	164	18.75	18.75
OG0001190	936.0	0.08	77	77	0.1	0.1	3.82	3.84	184	182	19.09	19.09
OG0001191	432.0	0.08	77	77	0.1	0.1	3.86	3.88	192	190	18.26	18.26
OG0001192	585.0	0.1	77	77	0.06	0.06	4.39	4.4	303	294	19.09	19.09
OG0001193	801.0	0.1	77	77	0.06	0.07	4.34	4.36	290	281	18.64	18.64
OG0001194	822.0	0.1	77	77	0.07	0.07	4.23	4.28	274	273	19.4	19.4
OG0001195	1767.0	0.1	77	77	0.08	0.08	4.18	4.23	269	269	20.62	20.62
OG0001196	612.0	0.1	77	77	0.09	0.09	3.93	3.97	220	220	18.79	18.79
OG0001197	1788.0	0.1	77	77	0.1	0.1	3.79	3.83	194	194	18.71	18.71
OG0001198	2349.0	0.09	77	77	0.15	0.15	3.51	3.53	131	131	19.42	19.42
OG0001199	1713.0	0.09	77	77	0.24	0.24	3.29	3.3	78	77	18.73	18.73
OG0001200	522.0	0.06	77	77	0.24	0.24	3.23	3.24	73	72	17.45	17.45
OG0001201	267.0	0.06	77	77	0.24	0.24	3.27	3.28	75	75	17.7	17.7
OG0001202	936.0	0.04	77	77	0.25	0.25	3.3	3.3	75	75	18.86	18.86
OG0001203	1059.0	0.04	77	77	0.25	0.25	3.43	3.43	82	82	20.62	20.62
OG0001204	174.0	0.05	77	77	0.2	0.2	3.46	3.46	103	103	20.77	20.77
OG0001205	549.0	0.05	77	77	0.2	0.2	3.48	3.47	104	104	21	21
OG0001206	1137.0	0.05	77	77	0.2	0.2	3.47	3.47	107	106	21.05	21.05
OG0001207	390.0	0.05	77	77	0.19	0.2	3.4	3.39	99	98	19.25	19.25
OG0001208	252.0	0.05	77	77	0.2	0.2	3.37	3.37	95	94	18.92	18.92
OG0001209	435.0	0.04	77	77	0.23	0.23	3.33	3.31	82	81	18.95	18.95
OG0001210	912.0	0.04	77	77	0.24	0.24	3.42	3.41	86	85	20.48	20.48
OG0001211	276.0	0.04	77	77	0.28	0.29	3.22	3.21	62	61	17.62	17.62
OG0001212	483.0	0.04	77	77	0.28	0.29	3.23	3.22	64	62	18.14	18.14
OG0001213	819.0	0.06	77	77	0.3	0.31	3.21	3.2	63	62	19.09	19.09
OG0001214	1152.0	0.06	77	77	0.33	0.33	3.23	3.23	63	62	20.66	20.66
OG0001215	552.0	0.05	77	77	0.28	0.28	3.32	3.33	75	75	20.99	20.99
OG0001216	216.0	0.05	77	77	0.26	0.27	3.3	3.3	76	75	20.12	20.12
OG0001217	1698.0	0.05	77	77	0.26	0.26	3.38	3.37	83	81	21.26	21.26
OG0001218	234.0	0.04	77	77	0.24	0.25	3.35	3.34	84	79	19.79	19.79
OG0001219	1716.0	0.04	77	77	0.24	0.25	3.39	3.37	87	82	20.74	20.74
OG0001220	267.0	0.04	77	77	0.23	0.25	3.34	3.33	82	78	19.26	19.26
OG0001221	1302.0	0.04	77	77	0.23	0.24	3.33	3.32	85	81	19.74	19.74
OG0001222	576.0	0.04	77	77	0.26	0.27	3.18	3.17	70	67	18.13	18.13
OG0001223	807.0	0.04	77	77	0.29	0.3	3.25	3.24	69	66	19.88	19.88
OG0001224	1242.0	0.04	77	77	0.3	0.3	3.24	3.24	68	67	20.32	20.32
OG0001225	1479.0	0.04	77	77	0.28	0.28	3.28	3.28	74	73	20.65	20.65
OG0001226	1029.0	0.03	77	77	0.26	0.27	3.29	3.29	75	74	19.69	19.69
OG0001227	672.0	0.04	77	77	0.36	0.36	3.16	3.16	54	53	19.18	19.18
OG0001228	705.0	0.04	77	77	0.35	0.36	3.21	3.22	57	56	19.9	19.9
OG0001229	1128.0	0.04	77	77	0.32	0.33	3.23	3.23	61	60	19.82	19.82
OG0001230	483.0	0.04	77	77	0.31	0.32	3.22	3.22	62	60	19.44	19.44
OG0001231	858.0	0.03	77	77	0.3	0.3	3.27	3.26	65	64	19.25	19.25
OG0001232	471.0	0.09	77	77	0.17	0.17	3.5	3.5	91	91	15.3	15.3
OG0001233	423.0	0.08	77	76	0.18	0.18	3.47	3.47	88	88	15.64	15.64
OG0001234	819.0	0.09	77	77	0.12	0.13	3.76	3.74	151	145	18.34	18.34
OG0001235	939.0	0.09	77	77	0.09	0.1	4.08	4.06	220	208	20.42	20.42
OG0001236	570.0	0.05	77	77	0.07	0.08	4.37	4.38	271	267	20.27	20.27
OG0001237	186.0	0.05	77	77	0.08	0.08	4.28	4.3	262	259	20.34	20.34
OG0001238	801.0	0.05	77	76	0.13	0.13	3.68	3.67	141	140	18.36	18.36
OG0001239	1563.0	0.05	77	77	0.16	0.16	3.54	3.53	114	113	18.3	18.3
OG0001240	1176.0	0.05	77	77	0.16	0.18	3.3	3.26	98	90	15.87	15.87
OG0001241	510.0	0.05	77	77	0.18	0.18	3.25	3.24	92	88	16.26	16.26
OG0001242	1086.0	0.05	77	77	0.2	0.21	3.36	3.34	94	90	19.06	19.06
OG0001243	771.0	0.05	77	77	0.2	0.21	3.35	3.34	95	91	19.08	19.08
OG0001244	855.0	0.05	77	77	0.19	0.2	3.4	3.39	100	99	19.42	19.42
OG0001245	810.0	0.05	77	77	0.2	0.2	3.41	3.4	98	97	19.44	19.44
OG0001246	636.0	0.05	77	77	0.19	0.19	3.39	3.39	98	97	18.88	18.88
OG0001247	348.0	0.05	77	77	0.2	0.2	3.41	3.4	96	95	18.74	18.74
OG0001248	585.0	0.05	77	77	0.2	0.2	3.39	3.39	94	93	18.66	18.66
OG0001249	372.0	0.05	77	77	0.21	0.21	3.36	3.35	89	88	18.55	18.55
OG0001250	789.0	0.06	77	77	0.21	0.21	3.37	3.36	90	89	18.78	18.78
OG0001251	1809.0	0.05	77	77	0.23	0.23	3.34	3.34	84	83	19.12	19.12
OG0001252	717.0	0.06	77	77	0.24	0.26	3.33	3.32	76	72	18.4	18.4
OG0001253	396.0	0.06	77	77	0.25	0.26	3.31	3.31	73	70	17.97	17.97
OG0001254	990.0	0.06	77	77	0.25	0.26	3.38	3.37	74	72	18.55	18.55
OG0001255	825.0	0.04	77	77	0.22	0.22	3.09	3.09	63	62	13.7	13.7
OG0001256	390.0	0.04	77	77	0.22	0.22	3.02	3.02	59	58	12.95	12.95
OG0001257	3468.0	0.03	77	77	0.19	0.19	3.19	3.19	80	80	15.53	15.53
OG0001258	381.0	0.05	77	77	0.17	0.17	3.54	3.55	115	114	19.52	19.52
OG0001259	594.0	0.05	77	77	0.18	0.18	3.53	3.53	111	110	20.19	20.19
OG0001260	381.0	0.05	77	77	0.19	0.19	3.5	3.51	107	106	19.96	19.96
OG0001261	429.0	0.05	77	77	0.22	0.22	3.44	3.45	92	91	20.35	20.35
OG0001262	480.0	0.04	77	77	0.26	0.26	3.46	3.46	84	83	21.74	21.74
OG0001263	378.0	0.05	77	77	0.29	0.3	3.49	3.48	79	77	22.73	22.73
OG0001264	1317.0	0.06	77	77	0.3	0.3	3.54	3.53	80	79	23.68	23.68
OG0001265	1479.0	0.05	77	77	0.28	0.29	3.54	3.53	83	81	23.53	23.53
OG0001266	360.0	0.06	77	77	0.29	0.29	3.52	3.52	81	81	23.4	23.4
OG0001267	237.0	0.06	77	77	0.29	0.29	3.52	3.52	81	81	23.32	23.32
OG0001268	321.0	0.06	77	77	0.25	0.25	3.54	3.55	92	92	23.38	23.38
OG0001269	243.0	0.06	77	77	0.26	0.26	3.53	3.53	89	89	22.78	22.78
OG0001270	267.0	0.06	77	77	0.17	0.17	3.7	3.7	130	129	21.77	21.77
OG0001271	384.0	0.06	77	77	0.14	0.15	3.76	3.75	148	146	21.3	21.3
OG0001272	921.0	0.05	77	77	0.13	0.13	3.83	3.83	166	165	21.74	21.74
OG0001273	849.0	0.05	77	77	0.11	0.11	3.97	3.97	188	187	21.45	21.45
OG0001274	1398.0	0.05	77	77	0.08	0.08	4.41	4.41	284	279	23.19	23.19
OG0001275	1242.0	0.05	77	77	0.08	0.09	4.34	4.33	277	268	23.51	23.51
OG0001276	1308.0	0.04	77	77	0.09	0.09	4.31	4.3	278	270	23.71	23.71
OG0001277	696.0	0.03	77	77	0.11	0.11	4.1	4.1	222	222	24.96	24.96
OG0001278	300.0	0.03	77	77	0.12	0.13	4.12	4.11	204	202	25.31	25.31
OG0001279	381.0	0.03	77	77	0.12	0.12	4.2	4.2	213	211	26.25	26.25
OG0001280	354.0	0.01	77	77	0.12	0.12	4.23	4.23	217	217	26.21	26.21
OG0001281	321.0	0.01	77	77	0.12	0.12	4.26	4.26	223	223	26.31	26.31
OG0001282	720.0	0.03	77	77	0.11	0.11	4.36	4.37	240	240	27.05	27.05
OG0001283	465.0	0.05	77	77	0.05	0.06	4.85	4.83	392	380	21.36	21.36
OG0001284	234.0	0.05	77	77	0.07	0.07	4.33	4.32	305	298	19.95	19.95
OG0001285	465.0	0.05	77	77	0.07	0.07	4.29	4.27	299	291	20.3	20.3
OG0001286	1305.0	0.04	77	77	0.07	0.07	4.21	4.21	290	288	21.3	21.3
OG0001287	1518.0	0.05	77	77	0.08	0.08	4.15	4.15	280	278	21.32	21.32
OG0001288	762.0	0.05	77	77	0.1	0.1	3.87	3.88	209	207	19.9	19.9
OG0001289	1191.0	0.06	77	77	0.1	0.1	3.86	3.87	201	201	20.35	20.35
OG0001290	1008.0	0.06	77	77	0.11	0.11	3.77	3.77	177	177	20.27	20.27
OG0001291	1020.0	0.06	77	77	0.11	0.11	3.79	3.79	182	181	20.08	20.08
OG0001292	681.0	0.06	77	77	0.1	0.11	3.94	3.92	198	197	20.78	20.78
OG0001293	900.0	0.08	76	77	0.09	0.1	3.99	3.98	211	210	20.01	20.01
OG0001294	585.0	0.06	77	77	0.09	0.09	3.97	3.97	216	215	19.79	19.79
OG0001295	945.0	0.05	77	77	0.1	0.1	3.94	3.95	198	198	19.27	19.27
OG0001296	996.0	0.05	77	77	0.1	0.1	3.88	3.89	184	184	19.25	19.25
OG0001297	921.0	0.05	77	77	0.11	0.11	3.81	3.82	171	171	18.21	18.21
OG0001298	837.0	0.04	77	77	0.14	0.14	3.54	3.55	130	129	17.75	17.75
OG0001299	1983.0	0.01	77	77	0.34	0.34	3.06	3.06	51	51	17.22	17.22
OG0001300	999.0	0.03	77	77	0.34	0.34	3.02	3.02	48	48	16.19	16.19
OG0001301	867.0	0.04	77	77	0.33	0.34	3.15	3.15	57	56	18.78	18.78
OG0001302	1071.0	0.06	77	77	0.32	0.34	3.23	3.21	60	56	19.3	19.3
OG0001303	1233.0	0.09	77	77	0.33	0.34	3.31	3.31	62	60	20.35	20.35
OG0001304	1122.0	0.08	77	77	0.35	0.36	3.31	3.31	59	57	20.48	20.48
OG0001305	321.0	0.08	77	77	0.32	0.33	3.28	3.29	61	59	19.34	19.34
OG0001306	891.0	0.08	75	77	0.32	0.33	3.29	3.29	61	59	19.36	19.36
OG0001307	519.0	0.08	76	77	0.29	0.3	3.28	3.28	65	63	18.94	18.94
OG0001308	924.0	0.08	77	77	0.29	0.3	3.3	3.3	67	65	19.26	19.26
OG0001309	501.0	0.05	77	77	0.25	0.25	3.24	3.24	67	66	16.48	16.48
OG0001310	537.0	0.04	77	77	0.2	0.2	3.03	3.04	71	70	14.35	14.35
OG0001311	1941.0	0.01	77	77	0.24	0.24	3.39	3.39	84	84	20.39	20.39
OG0001312	1005.0	0.0	77	77	0.24	0.24	3.34	3.34	81	81	19.29	19.29
OG0001313	708.0	0.0	77	77	0.23	0.23	3.34	3.34	82	82	19.26	19.26
OG0001314	1143.0	0.0	77	77	0.23	0.23	3.38	3.38	84	84	19.39	19.39
OG0001315	594.0	0.0	77	77	0.23	0.23	3.35	3.35	82	82	19.16	19.16
OG0001316	426.0	0.0	77	77	0.23	0.23	3.41	3.41	87	87	19.68	19.68
OG0001317	594.0	0.01	77	77	0.23	0.23	3.46	3.46	89	89	20.09	20.09
OG0001318	1350.0	0.01	77	77	0.23	0.23	3.64	3.64	98	98	22.18	22.18
OG0001319	1947.0	0.01	77	77	0.22	0.22	3.75	3.75	103	103	22.62	22.62
OG0001320	876.0	0.03	77	77	0.26	0.26	3.62	3.6	89	87	22.9	22.9
OG0001321	297.0	0.03	77	77	0.24	0.26	3.59	3.58	92	87	22.51	22.51
OG0001322	687.0	0.03	77	77	0.23	0.24	3.61	3.59	100	94	22.65	22.65
OG0001323	1209.0	0.03	77	77	0.21	0.22	3.66	3.64	112	104	23.21	23.21
OG0001324	615.0	0.03	77	77	0.21	0.22	3.67	3.65	110	102	22.87	22.87
OG0001325	717.0	0.04	77	77	0.21	0.23	3.7	3.66	107	100	22.6	22.6
OG0001326	654.0	0.03	77	77	0.22	0.22	3.63	3.6	96	94	21.04	21.04
OG0001327	1008.0	0.04	77	77	0.23	0.24	3.58	3.55	90	86	20.47	20.47
OG0001328	618.0	0.04	77	77	0.23	0.24	3.56	3.53	88	84	19.96	19.96
OG0001329	501.0	0.04	77	77	0.24	0.24	3.37	3.36	72	71	17.25	17.25
OG0001330	804.0	0.03	77	77	0.28	0.28	3.35	3.35	63	63	17.65	17.65
OG0001331	1230.0	0.01	77	77	0.27	0.27	3.37	3.37	66	66	17.73	17.73
OG0001332	1092.0	0.01	77	77	0.17	0.17	3.58	3.58	106	106	18.03	18.03
OG0001333	750.0	0.01	77	77	0.19	0.19	3.69	3.69	109	109	20.26	20.26
OG0001334	648.0	0.01	77	77	0.18	0.18	3.7	3.69	113	113	20.64	20.64
OG0001335	207.0	0.03	77	77	0.22	0.23	3.52	3.52	96	95	21.42	21.42
OG0001336	930.0	0.03	73	77	0.16	0.17	3.73	3.7	136	132	22.31	22.31
OG0001337	717.0	0.05	77	77	0.24	0.24	3.57	3.58	90	90	21.77	21.77
OG0001338	705.0	0.05	77	77	0.2	0.2	3.66	3.67	110	110	21.49	21.49
OG0001339	951.0	0.05	77	77	0.19	0.19	3.7	3.71	117	117	21.95	21.95
OG0001340	885.0	0.06	77	77	0.19	0.19	3.76	3.76	117	115	22.22	22.22
OG0001341	1662.0	0.06	77	77	0.16	0.16	3.94	3.95	136	134	21.61	21.61
OG0001342	414.0	0.06	77	77	0.15	0.16	3.92	3.92	132	129	20.19	20.19
OG0001343	510.0	0.06	77	77	0.14	0.14	3.99	4.0	141	140	20.08	20.08
OG0001344	342.0	0.05	77	77	0.12	0.12	4.05	4.05	168	167	19.4	19.4
OG0001345	750.0	0.06	77	77	0.12	0.13	4.08	4.07	175	166	21.01	21.01
OG0001346	840.0	0.06	77	77	0.11	0.12	4.09	4.09	185	180	21.25	21.25
OG0001347	366.0	0.05	77	77	0.12	0.12	3.95	3.95	169	168	20.81	20.81
OG0001348	658.5	0.05	77	76	0.12	0.12	3.99	3.99	174	173	21.37	21.37
OG0001349	831.0	0.06	77	77	0.12	0.12	4.03	4.02	184	182	21.66	21.66
OG0001350	363.0	0.08	77	77	0.1	0.11	4.22	4.21	204	197	20.82	20.82
OG0001351	666.0	0.08	77	77	0.1	0.1	4.24	4.23	211	202	21	21
OG0001352	489.0	0.09	77	77	0.08	0.08	4.44	4.43	271	256	20.35	20.35
OG0001353	663.0	0.09	77	77	0.07	0.08	4.48	4.47	286	271	20.51	20.51
OG0001354	699.0	0.09	77	77	0.07	0.08	4.52	4.5	288	271	20.44	20.44
OG0001355	1077.0	0.05	77	77	0.07	0.07	4.64	4.65	291	290	20.68	20.68
OG0001356	960.0	0.05	77	77	0.07	0.07	4.59	4.6	270	269	19.94	19.94
OG0001357	1188.0	0.03	77	77	0.11	0.11	3.81	3.81	147	146	15.62	15.62
OG0001358	2082.0	0.03	77	77	0.13	0.13	3.63	3.64	121	121	15.79	15.79
OG0001359	471.0	0.03	77	77	0.16	0.16	3.38	3.38	94	94	15.21	15.21
OG0001360	369.0	0.01	77	77	0.46	0.46	3.09	3.09	42	42	19.25	19.25
OG0001361	888.0	0.26	77	77	0.17	0.17	2.9	2.95	64	63	10.97	10.97
OG0001362	480.0	0.26	77	77	0.29	0.3	2.74	2.78	44	43	12.75	12.75
OG0001363	366.0	0.26	77	77	0.32	0.32	2.78	2.82	42	41	13.29	13.29
OG0001364	804.0	0.26	77	77	0.32	0.33	2.79	2.82	43	42	13.79	13.79
OG0001365	396.0	0.04	77	77	0.42	0.42	3.05	3.05	44	44	18.4	18.4
OG0001366	573.0	0.0	77	77	0.47	0.47	3.15	3.15	44	44	20.87	20.87
OG0001367	657.0	0.0	77	77	0.46	0.46	3.11	3.11	43	43	19.96	19.96
OG0001368	966.0	0.0	77	77	0.47	0.47	3.11	3.11	42	42	19.92	19.92
OG0001369	1356.0	0.01	77	77	0.4	0.4	3.22	3.22	52	52	21.05	21.05
OG0001370	309.0	0.01	77	77	0.4	0.4	3.16	3.15	50	50	19.84	19.84
OG0001371	849.0	0.01	77	77	0.4	0.4	3.26	3.25	53	53	21.44	21.44
OG0001372	264.0	0.12	77	77	0.42	0.43	3.24	3.25	51	50	21.61	21.61
OG0001373	891.0	0.16	77	77	0.41	0.42	3.26	3.27	54	53	22.03	22.03
OG0001374	774.0	0.19	77	77	0.36	0.37	3.33	3.34	63	60	22.42	22.42
OG0001375	249.0	0.23	77	77	0.32	0.37	3.17	3.13	57	50	18.47	18.47
OG0001376	597.0	0.23	77	77	0.19	0.21	3.07	3.06	63	57	11.99	11.99
OG0001377	318.0	0.23	77	77	0.18	0.2	3.01	3.01	63	57	11.23	11.23
OG0001378	786.0	0.03	77	77	0.1	0.1	3.84	3.85	149	148	14.74	14.74
OG0001379	1467.0	0.01	77	77	0.06	0.06	4.77	4.77	361	361	20.31	20.31
OG0001380	1116.0	0.05	66	77	0.05	0.06	5.15	5.11	348	330	19.03	19.03
OG0001381	243.0	0.04	77	77	0.06	0.06	4.97	4.98	347	345	21.01	21.01
OG0001382	297.0	0.04	77	77	0.06	0.06	4.79	4.8	325	324	20.26	20.26
OG0001383	1098.0	0.04	77	77	0.06	0.06	4.67	4.69	312	311	20.12	20.12
OG0001384	213.0	0.04	77	77	0.06	0.06	4.63	4.64	301	300	19.44	19.44
OG0001385	831.0	0.03	77	77	0.06	0.06	4.58	4.59	298	297	19.06	19.06
OG0001386	516.0	0.06	76	77	0.06	0.06	4.99	4.96	323	311	20.21	20.21
OG0001387	1878.0	0.56	77	77	0.07	0.11	4.26	4.0	221	145	15.87	15.87
OG0001388	348.0	0.56	77	77	0.08	0.13	3.82	3.64	156	105	13.14	13.14
OG0001389	639.0	0.08	59	77	0.09	0.09	4.51	4.51	225	222	19.29	19.29
OG0001390	504.0	0.08	45	77	0.06	0.06	4.93	4.93	350	337	19.49	19.49
OG0001391	990.0	0.1	63	77	0.06	0.06	5.23	5.19	330	311	18.77	18.77
OG0001392	696.0	0.04	74	76	0.12	0.12	3.82	3.8	132	131	16.16	16.16
OG0001393	480.0	0.05	76	76	0.05	0.05	4.8	4.8	372	360	16.95	16.95
OG0001394	663.0	0.03	75	76	0.1	0.1	4.52	4.52	185	185	18.16	18.16
OG0001395	627.0	0.05	70	76	0.06	0.06	5.25	5.24	308	303	18.37	18.37
OG0001396	699.0	0.03	71	76	0.1	0.1	4.37	4.37	183	181	17.71	17.71
OG0001397	933.0	0.03	76	76	0.22	0.22	3.57	3.57	86	86	18.5	18.5
OG0001398	186.0	0.05	76	76	0.29	0.29	3.51	3.51	67	67	19.36	19.36
OG0001399	354.0	0.04	76	76	0.28	0.28	3.51	3.51	69	69	19.49	19.49
OG0001400	642.0	0.05	74	76	0.05	0.06	5.32	5.33	365	362	19.96	19.96
OG0001401	468.0	0.05	76	76	0.27	0.27	3.39	3.39	66	66	17.84	17.84
OG0001402	360.0	0.03	75	76	0.11	0.11	4.4	4.39	175	175	19.21	19.21
OG0001403	3168.0	0.05	75	76	0.38	0.4	3.45	3.44	61	58	23.26	23.26
OG0001404	186.0	0.04	76	76	0.79	0.79	3.55	3.55	43	43	33.99	33.99
OG0001405	261.0	0.25	76	76	0.31	0.36	3.01	2.95	48	41	14.66	14.66
OG0001406	462.0	0.25	76	76	0.28	0.34	2.93	2.89	44	37	12.49	12.49
OG0001407	471.0	0.07	76	76	0.27	0.28	3.43	3.42	71	68	19.11	19.11
OG0001408	234.0	0.04	76	76	0.47	0.47	3.32	3.31	50	50	23.63	23.63
OG0001409	171.0	0.24	75	76	0.39	0.4	2.92	2.95	41	40	16.04	16.04
OG0001410	576.0	0.22	76	76	0.27	0.29	2.73	2.74	44	40	11.66	11.66
OG0001411	729.0	0.05	76	76	0.13	0.13	3.94	3.93	166	163	21.83	21.83
OG0001412	1542.0	0.04	75	76	0.11	0.11	4.34	4.33	172	169	18.34	18.34
OG0001413	579.0	0.04	76	76	0.32	0.32	3.16	3.16	55	55	17.58	17.58
OG0001414	387.0	0.05	76	76	0.27	0.28	3.43	3.43	85	84	23.12	23.12
OG0001415	165.0	0.03	76	76	0.56	0.58	3.25	3.25	40	39	22.45	22.45
OG0001416	1743.0	0.05	76	76	0.16	0.17	4.34	4.32	129	126	21.01	21.01
OG0001417	1386.0	0.2	76	76	0.16	0.17	3.55	3.56	110	106	17.64	17.64
OG0001418	465.0	0.08	76	76	0.16	0.16	3.62	3.61	113	109	17.76	17.76
OG0001419	345.0	0.07	76	76	0.18	0.18	3.57	3.56	107	103	18.75	18.75
OG0001420	1189.5	0.07	76	76	0.18	0.19	3.58	3.57	107	103	19.53	19.53
OG0001421	942.0	0.07	76	76	0.22	0.22	3.38	3.38	86	85	18.93	18.93
OG0001422	978.0	0.05	76	76	0.2	0.21	3.32	3.33	91	90	18.54	18.54
OG0001423	562.5	0.05	76	76	0.2	0.2	3.31	3.31	92	91	18.08	18.08
OG0001424	372.0	0.07	76	76	0.18	0.18	3.31	3.31	101	99	17.71	17.71
OG0001425	241.5	0.08	76	76	0.08	0.09	4.14	4.15	238	232	20.12	20.12
OG0001426	780.0	0.07	76	76	0.09	0.1	4.07	4.08	227	222	21.53	21.53
OG0001427	450.0	0.03	76	76	0.32	0.33	3.36	3.36	67	66	21.68	21.68
OG0001428	225.0	0.03	76	76	0.33	0.33	3.34	3.34	62	62	20.71	20.71
OG0001429	1182.0	0.03	75	76	0.26	0.26	3.24	3.24	69	68	17.86	17.86
OG0001430	309.0	0.03	76	76	0.24	0.24	3.48	3.49	94	94	22.36	22.36
OG0001431	285.0	0.03	76	76	0.26	0.26	3.43	3.43	85	85	21.71	21.71
OG0001432	774.0	0.04	76	76	0.25	0.25	3.17	3.17	68	66	16.78	16.78
OG0001433	447.0	0.05	76	76	0.22	0.22	3.57	3.56	107	105	23.36	23.36
OG0001434	1362.0	0.05	76	76	0.28	0.28	3.6	3.59	90	88	24.88	24.88
OG0001435	219.0	0.07	76	76	0.45	0.45	3.38	3.38	54	54	24.17	24.17
OG0001436	999.0	0.07	76	76	0.28	0.28	3.37	3.37	69	69	19.18	19.18
OG0001437	603.0	0.01	76	76	0.45	0.45	3.1	3.11	45	45	20.09	20.09
OG0001438	339.0	0.03	76	76	0.26	0.27	3.18	3.17	64	62	16.75	16.75
OG0001439	528.0	0.0	76	76	0.29	0.29	3.23	3.23	67	67	19.76	19.76
OG0001440	309.0	0.05	76	76	0.24	0.26	3.42	3.41	85	80	20.5	20.5
OG0001441	1092.0	0.05	76	76	0.13	0.13	3.81	3.79	142	136	18.05	18.05
OG0001442	2523.0	0.07	73	76	0.2	0.21	3.51	3.51	81	79	16.3	16.3
OG0001443	234.0	0.07	76	76	0.2	0.2	3.39	3.39	95	94	19.14	19.14
OG0001444	978.0	0.05	76	76	0.16	0.16	3.59	3.59	125	125	19.88	19.88
OG0001445	873.0	0.07	75	76	0.21	0.21	3.22	3.21	81	78	16.62	16.62
OG0001446	504.0	0.07	76	76	0.15	0.15	3.51	3.51	114	113	16.57	16.57
OG0001447	234.0	0.01	76	76	0.27	0.28	3.32	3.32	67	66	18.18	18.18
OG0001448	927.0	0.01	76	76	0.25	0.25	3.35	3.35	78	78	19.3	19.3
OG0001449	213.0	0.0	76	76	0.14	0.14	3.62	3.62	133	133	18.08	18.08
OG0001450	813.0	0.07	76	76	0.35	0.35	3.29	3.29	60	60	21.18	21.18
OG0001451	804.0	0.07	76	76	0.34	0.34	3.32	3.32	63	63	21.7	21.7
OG0001452	219.0	0.07	76	76	0.08	0.08	4.36	4.36	265	259	20.04	20.04
OG0001453	195.0	0.04	76	76	0.23	0.23	3.2	3.18	67	66	15.46	15.46
OG0001454	1203.0	0.03	76	76	0.17	0.17	3.21	3.2	83	81	13.74	13.74
OG0001455	1380.0	0.03	76	76	0.17	0.17	3.29	3.28	89	87	14.88	14.88
OG0001456	567.0	0.04	76	76	0.42	0.43	2.95	2.95	39	38	16.42	16.42
OG0001457	297.0	0.03	76	76	0.24	0.24	3.57	3.56	88	86	20.92	20.92
OG0001458	457.5	0.03	76	76	0.27	0.28	3.6	3.59	85	82	22.71	22.71
OG0001459	546.0	0.03	76	76	0.25	0.26	3.59	3.58	92	87	22.68	22.68
OG0001460	759.0	0.01	76	76	0.2	0.2	3.62	3.62	98	98	19.2	19.2
OG0001461	219.0	0.03	76	76	0.22	0.22	3.53	3.53	98	97	21.32	21.32
OG0001462	618.0	0.09	76	76	0.07	0.08	4.44	4.44	274	258	20.46	20.46
OG0001463	399.0	0.09	76	76	0.43	0.43	3.04	3.05	43	43	18.37	18.37
OG0001464	264.0	0.04	76	76	0.51	0.51	3.01	3.01	35	35	17.95	17.95
OG0001465	273.0	0.01	76	76	0.1	0.1	3.93	3.94	152	152	15.07	15.07
OG0001466	618.0	0.01	68	76	0.05	0.05	5.48	5.48	404	404	21.68	21.68
OG0001467	138.0	0.57	76	76	0.1	0.16	3.68	3.49	129	83	13.04	13.04
OG0001468	687.0	0.09	70	76	0.09	0.1	4.49	4.47	208	202	19.3	19.3
OG0001469	861.0	0.03	55	76	0.06	0.06	5.28	5.25	356	343	20.21	20.21
OG0001470	1188.0	0.08	65	75	0.1	0.11	4.27	4.26	193	182	19.56	19.56
OG0001471	477.0	0.07	69	75	0.05	0.05	5.57	5.56	397	392	18	18
OG0001472	1599.0	0.03	61	75	0.07	0.07	4.75	4.75	283	282	19.75	19.75
OG0001473	597.0	0.08	75	75	0.12	0.12	3.85	3.83	145	141	17.61	17.61
OG0001474	1014.0	0.08	75	75	0.12	0.13	3.88	3.87	146	142	18.12	18.12
OG0001475	783.0	0.08	75	75	0.13	0.14	3.87	3.85	137	133	18.27	18.27
OG0001476	180.0	0.03	67	75	0.08	0.08	4.48	4.49	228	228	19.08	19.08
OG0001477	543.0	0.01	64	75	0.09	0.09	4.0	3.96	224	216	19.55	19.55
OG0001478	1581.0	0.11	70	75	0.1	0.1	4.49	4.48	172	170	17.53	17.53
OG0001479	510.0	0.0	75	75	0.23	0.23	3.47	3.47	94	94	21.23	21.23
OG0001480	249.0	0.07	75	75	0.17	0.17	3.37	3.36	103	101	17.25	17.25
OG0001481	447.0	0.08	75	75	0.08	0.08	4.04	4.07	224	223	18.53	18.53
OG0001482	192.0	0.05	75	75	0.34	0.34	3.19	3.18	55	54	18.48	18.48
OG0001483	774.0	0.08	75	75	0.1	0.1	4.32	4.3	186	177	18.4	18.4
OG0001484	240.0	0.05	75	75	0.17	0.17	3.4	3.4	97	97	16.53	16.53
OG0001485	492.0	0.07	74	75	0.07	0.07	5.03	5.03	269	268	19.36	19.36
OG0001486	447.0	0.01	75	75	0.23	0.23	3.64	3.64	97	96	21.97	21.97
OG0001487	483.0	0.01	75	75	0.22	0.23	3.63	3.63	98	97	21.99	21.99
OG0001488	1500.0	0.01	75	75	0.22	0.22	3.65	3.65	104	103	23.15	23.15
OG0001489	426.0	0.01	75	75	0.22	0.22	3.58	3.58	98	97	21.72	21.72
OG0001490	552.0	0.01	75	75	0.21	0.21	3.6	3.6	103	102	21.73	21.73
OG0001491	1269.0	0.01	75	75	0.06	0.06	4.59	4.59	326	326	19.73	19.73
OG0001492	582.0	0.01	75	75	0.06	0.06	4.47	4.47	300	300	19.11	19.11
OG0001493	363.0	0.01	54	75	0.08	0.08	4.72	4.72	275	275	21.29	21.29
OG0001494	819.0	0.08	42	74	0.03	0.03	6.0	5.93	562	527	18.04	18.04
OG0001495	687.0	0.07	65	74	0.1	0.11	4.27	4.25	192	179	18.97	18.97
OG0001496	1641.0	0.07	71	73	0.05	0.05	5.4	5.4	360	358	18.41	18.41
OG0001497	1018.5	0.03	74	74	0.23	0.23	3.68	3.68	85	85	19.3	19.3
OG0001498	909.0	0.04	74	74	0.38	0.39	3.38	3.37	56	54	21.3	21.3
OG0001499	1179.0	0.07	71	74	0.15	0.15	3.65	3.65	121	119	18.08	18.08
OG0001500	231.0	0.04	74	74	0.29	0.29	3.45	3.44	67	66	19.23	19.23
OG0001501	666.0	0.07	73	74	0.26	0.26	3.37	3.37	73	72	18.65	18.65
OG0001502	351.0	0.03	74	74	0.55	0.56	3.27	3.26	44	43	24.03	24.03
OG0001503	207.0	0.07	74	74	0.47	0.47	3.32	3.32	44	44	20.76	20.76
OG0001504	225.0	0.07	73	74	0.22	0.23	3.47	3.47	84	81	18.62	18.62
OG0001505	804.0	0.05	74	74	0.26	0.27	3.38	3.38	75	74	19.8	19.8
OG0001506	183.0	0.04	74	74	0.32	0.32	3.15	3.15	55	54	17.35	17.35
OG0001507	1149.0	0.03	74	74	0.4	0.41	3.35	3.35	59	58	23.81	23.81
OG0001508	318.0	0.04	74	74	0.34	0.34	3.07	3.07	53	53	18.11	18.11
OG0001509	339.0	0.03	74	74	0.4	0.4	3.17	3.17	52	52	21.05	21.05
OG0001510	405.0	0.03	74	74	0.4	0.4	3.16	3.16	52	52	20.97	20.97
OG0001511	927.0	0.08	72	74	0.22	0.22	3.73	3.74	85	84	18.28	18.28
OG0001512	363.0	0.05	74	74	0.38	0.4	3.28	3.27	55	52	21.03	21.03
OG0001513	1293.0	0.04	74	74	0.43	0.44	3.21	3.21	48	47	20.86	20.86
OG0001514	186.0	0.03	74	74	0.14	0.14	3.7	3.7	118	117	16.86	16.86
OG0001515	717.0	0.01	74	74	0.28	0.28	3.06	3.06	60	60	17.05	17.05
OG0001516	3453.0	0.04	74	74	0.27	0.27	3.51	3.49	86	84	22.82	22.82
OG0001517	642.0	0.01	74	74	0.33	0.33	3.0	3.0	49	49	16.22	16.22
OG0001518	483.0	0.01	74	74	0.23	0.23	3.62	3.62	87	87	19.85	19.85
OG0001519	303.0	0.01	74	74	0.23	0.23	3.63	3.63	95	94	21.93	21.93
OG0001520	648.0	0.07	73	74	0.14	0.15	3.99	3.99	138	135	19.64	19.64
OG0001521	1368.0	0.07	70	74	0.1	0.11	4.33	4.3	215	203	22.28	22.28
OG0001522	207.0	0.05	37	74	0.07	0.07	5.43	5.42	511	508	37.14	37.14
OG0001523	237.0	0.07	59	74	0.09	0.09	4.82	4.8	298	298	26.09	26.09
OG0001524	342.0	0.07	44	74	0.06	0.06	4.9	4.89	337	327	19.7	19.7
OG0001525	312.0	0.08	45	74	0.06	0.06	4.9	4.89	336	323	19.45	19.45
OG0001526	330.0	0.03	73	73	0.12	0.12	3.79	3.77	131	131	15.84	15.84
OG0001527	735.0	0.03	72	73	0.05	0.05	5.35	5.34	418	416	19.49	19.49
OG0001528	636.0	0.07	65	73	0.1	0.11	4.26	4.25	189	179	19.15	19.15
OG0001529	603.0	0.03	63	73	0.06	0.06	5.06	5.05	346	346	20.05	20.05
OG0001530	891.0	0.03	71	73	0.07	0.07	4.84	4.82	237	236	15.68	15.68
OG0001531	1176.0	0.07	64	73	0.11	0.11	4.14	4.15	165	165	18.62	18.62
OG0001532	1032.0	0.01	72	73	0.12	0.12	4.08	4.09	153	153	17.99	17.99
OG0001533	1044.0	0.05	72	73	0.19	0.2	3.77	3.76	102	99	19.74	19.74
OG0001534	192.0	0.05	73	73	0.29	0.29	3.51	3.51	66	66	19.4	19.4
OG0001535	870.0	0.04	73	73	0.47	0.49	3.38	3.37	51	49	23.84	23.84
OG0001536	180.0	0.05	73	73	0.12	0.12	3.96	3.96	180	177	20.82	20.82
OG0001537	960.0	0.07	72	73	0.24	0.24	3.68	3.68	78	77	18.42	18.42
OG0001538	813.0	0.04	72	73	0.18	0.18	3.69	3.69	113	112	19.88	19.88
OG0001539	984.0	0.05	72	73	0.2	0.2	3.46	3.46	101	99	19.97	19.97
OG0001540	375.0	0.01	73	73	0.26	0.26	3.37	3.37	76	76	19.89	19.89
OG0001541	930.0	0.07	71	73	0.17	0.17	3.49	3.47	92	91	15.21	15.21
OG0001542	489.0	0.03	73	73	0.22	0.24	3.63	3.61	103	95	22.58	22.58
OG0001543	1062.0	0.15	71	73	0.39	0.42	3.27	3.28	54	51	21.3	21.3
OG0001544	456.0	0.23	73	73	0.31	0.31	3.0	3.01	51	50	15.63	15.63
OG0001545	330.0	0.03	71	73	0.09	0.09	4.58	4.56	227	220	19.86	19.86
OG0001546	207.0	0.05	72	73	0.11	0.12	4.34	4.31	143	142	16.41	16.41
OG0001547	447.0	0.08	68	73	0.12	0.14	3.99	3.86	160	139	19.68	19.68
OG0001548	426.0	0.04	64	72	0.06	0.07	5.04	5.0	287	269	18.24	18.24
OG0001549	1663.5	0.04	65	72	0.24	0.25	3.57	3.56	79	78	19.25	19.25
OG0001550	315.0	0.03	65	72	0.05	0.05	5.12	5.12	380	377	19.78	19.78
OG0001551	877.5	0.03	49	72	0.09	0.09	4.59	4.59	239	237	20.79	20.79
OG0001552	1158.0	0.04	68	72	0.24	0.26	3.08	3.03	61	56	14.5	14.5
OG0001553	918.0	0.06	72	72	0.21	0.21	3.78	3.79	90	90	18.89	18.89
OG0001554	876.0	0.07	72	72	0.21	0.21	3.79	3.8	91	91	18.79	18.79
OG0001555	651.0	0.07	72	72	0.19	0.19	3.81	3.81	96	96	18.6	18.6
OG0001556	444.0	0.04	71	72	0.35	0.36	3.49	3.48	72	71	25.32	25.32
OG0001557	591.0	0.03	72	72	0.12	0.12	4.02	4.03	176	175	21.11	21.11
OG0001558	297.0	0.01	72	72	0.28	0.28	3.26	3.25	61	61	17.07	17.07
OG0001559	216.0	0.01	72	72	0.32	0.32	3.26	3.26	59	59	18.92	18.92
OG0001560	1353.0	0.04	69	72	0.27	0.28	3.37	3.37	76	75	20.76	20.76
OG0001561	1572.0	0.1	61	72	0.15	0.17	3.71	3.61	130	113	18.85	18.85
OG0001562	375.0	0.07	72	72	0.25	0.26	3.25	3.22	62	58	15.22	15.22
OG0001563	900.0	0.03	66	72	0.1	0.1	4.56	4.55	186	185	18.62	18.62
OG0001564	813.0	0.06	70	72	0.06	0.06	5.15	5.15	310	307	17.96	17.96
OG0001565	988.5	0.07	69	72	0.04	0.04	5.7	5.65	454	430	19.22	19.22
OG0001566	744.0	0.08	70	72	0.07	0.07	4.49	4.51	256	252	17.43	17.43
OG0001567	390.0	0.04	72	72	0.62	0.63	3.5	3.5	49	48	30.26	30.26
OG0001568	1753.5	0.04	56	72	0.07	0.07	4.75	4.76	246	245	18.26	18.26
OG0001569	942.0	0.04	71	72	0.09	0.1	4.7	4.68	209	196	19.29	19.29
OG0001570	1359.0	0.15	50	71	0.04	0.05	5.64	5.61	423	395	17.97	17.97
OG0001571	969.0	0.06	68	71	0.15	0.15	3.91	3.92	132	130	19.35	19.35
OG0001572	960.0	0.08	68	71	0.15	0.16	3.85	3.86	126	123	19.2	19.2
OG0001573	906.0	0.03	60	71	0.07	0.07	4.98	4.98	282	281	18.66	18.66
OG0001574	456.0	0.07	70	71	0.06	0.06	5.2	5.2	299	298	18.1	18.1
OG0001575	1209.0	0.07	66	71	0.15	0.16	3.9	3.83	131	125	20.11	20.11
OG0001576	681.0	0.04	71	71	0.11	0.11	4.25	4.24	157	154	17.39	17.39
OG0001577	1017.0	0.06	70	71	0.27	0.27	3.31	3.31	74	73	19.89	19.89
OG0001578	393.0	0.01	70	71	0.14	0.14	4.1	4.1	184	182	26.11	26.11
OG0001579	510.0	0.01	70	71	0.12	0.12	4.41	4.41	227	227	27.8	27.8
OG0001580	618.0	0.01	71	71	0.23	0.23	3.48	3.48	82	82	19.06	19.06
OG0001581	888.0	0.03	68	71	0.11	0.11	3.71	3.72	141	140	14.94	14.94
OG0001582	483.0	0.04	71	71	0.22	0.23	3.67	3.63	103	97	22.32	22.32
OG0001583	1170.0	0.04	61	71	0.09	0.09	4.41	4.42	192	188	17.61	17.61
OG0001584	969.0	0.01	70	70	0.19	0.19	3.23	3.23	81	81	15.19	15.19
OG0001585	762.0	0.06	60	70	0.07	0.07	4.94	4.93	297	283	19.63	19.63
OG0001586	966.0	0.07	69	70	0.1	0.11	4.28	4.26	172	168	18.06	18.06
OG0001587	579.0	0.07	69	70	0.1	0.11	4.27	4.25	171	168	17.81	17.81
OG0001588	2406.0	0.03	67	70	0.12	0.12	4.0	4.0	160	159	19.63	19.63
OG0001589	1167.0	0.01	67	70	0.15	0.15	3.66	3.67	116	116	17.64	17.64
OG0001590	660.0	0.03	68	70	0.12	0.12	4.18	4.17	156	156	18.27	18.27
OG0001591	708.0	0.03	69	70	0.21	0.22	3.57	3.57	105	103	22.24	22.24
OG0001592	1215.0	0.04	69	70	0.2	0.2	3.7	3.7	111	110	22.2	22.2
OG0001593	228.0	0.07	70	70	0.12	0.12	3.8	3.8	166	165	20.53	20.53
OG0001594	315.0	0.06	70	70	0.34	0.35	3.23	3.23	55	53	18.44	18.44
OG0001595	1675.5	0.01	69	70	0.32	0.32	3.59	3.58	75	74	23.71	23.71
OG0001596	1002.0	0.03	67	70	0.08	0.08	4.8	4.79	254	246	20.16	20.16
OG0001597	591.0	0.04	66	70	0.08	0.09	4.71	4.7	229	225	19.27	19.27
OG0001598	369.0	0.06	69	70	0.11	0.11	4.23	4.23	196	195	21.5	21.5
OG0001599	352.5	0.01	54	70	0.04	0.04	5.84	5.83	597	587	21.21	21.21
OG0001600	1464.0	0.17	68	70	0.22	0.25	3.16	3.16	64	56	14.1	14.1
OG0001601	852.0	0.04	70	70	0.06	0.06	5.13	5.14	312	310	17.9	17.9
OG0001602	1104.0	0.03	70	70	0.07	0.07	4.59	4.58	289	281	19.79	19.79
OG0001603	570.0	0.13	20	70	0.02	0.02	6.51	6.5	856	834	17.79	17.79
OG0001604	810.0	0.04	67	70	0.12	0.12	4.35	4.35	161	161	18.79	18.79
OG0001605	1506.0	0.48	65	69	0.22	0.3	3.27	3.29	76	56	16.77	16.77
OG0001606	1563.0	0.01	44	69	0.06	0.06	5.12	5.12	313	312	18	18
OG0001607	1323.0	0.1	62	69	0.05	0.05	5.46	5.43	421	410	20.78	20.78
OG0001608	789.0	0.07	68	69	0.16	0.16	3.81	3.83	123	121	19.36	19.36
OG0001609	3684.0	0.01	66	69	0.15	0.15	3.83	3.84	141	141	20.88	20.88
OG0001610	654.0	0.01	66	69	0.15	0.15	3.71	3.72	120	120	17.48	17.48
OG0001611	165.0	0.07	31	69	0.07	0.07	4.51	4.47	240	227	16.87	16.87
OG0001612	501.0	0.03	69	69	0.2	0.2	3.5	3.5	106	106	20.8	20.8
OG0001613	174.0	0.2	69	69	0.16	0.17	3.5	3.53	104	101	16.68	16.68
OG0001614	402.0	0.04	69	69	0.26	0.26	3.25	3.25	67	66	17.12	17.12
OG0001615	633.0	0.03	68	69	0.24	0.26	3.0	2.97	60	54	14.28	14.28
OG0001616	861.0	0.01	69	69	0.12	0.12	4.03	4.03	173	172	21.28	21.28
OG0001617	1155.0	0.03	69	69	0.22	0.22	3.68	3.69	103	103	22.41	22.41
OG0001618	237.0	0.03	69	69	0.21	0.21	3.63	3.64	102	102	21.58	21.58
OG0001619	1632.0	0.01	69	69	0.33	0.33	3.57	3.56	73	72	23.81	23.81
OG0001620	441.0	0.04	42	69	0.07	0.07	5.5	5.46	552	517	38.42	38.42
OG0001621	423.0	0.04	67	69	0.1	0.1	4.46	4.43	274	264	26.94	26.94
OG0001622	1371.0	0.04	53	69	0.06	0.07	5.28	5.24	360	336	22.19	22.19
OG0001623	2529.0	0.12	61	69	0.05	0.05	5.14	5.13	335	327	17.07	17.07
OG0001624	612.0	0.12	55	68	0.05	0.05	5.22	5.18	389	364	18.79	18.79
OG0001625	1350.0	0.03	64	68	0.45	0.45	3.23	3.24	48	48	21.62	21.62
OG0001626	543.0	0.04	65	68	0.12	0.12	4.07	4.07	165	163	20.18	20.18
OG0001627	1557.0	0.01	66	67	0.15	0.15	3.64	3.64	116	116	17.94	17.94
OG0001628	678.0	0.01	66	67	0.15	0.15	3.6	3.61	112	112	17.36	17.36
OG0001629	456.0	0.01	66	67	0.17	0.17	3.53	3.54	96	96	16.79	16.79
OG0001630	1035.0	0.01	66	67	0.18	0.18	3.58	3.58	99	99	17.55	17.55
OG0001631	399.0	0.03	38	67	0.08	0.08	5.59	5.59	512	511	38.57	38.57
OG0001632	1602.0	0.03	62	67	0.15	0.15	3.88	3.89	132	132	19.18	19.18
OG0001633	561.0	0.06	66	67	0.16	0.16	3.83	3.83	134	131	21.51	21.51
OG0001634	2166.0	0.04	66	67	0.11	0.12	4.4	4.4	164	161	18.73	18.73
OG0001635	204.0	0.06	67	67	0.35	0.35	3.44	3.44	66	66	23.1	23.1
OG0001636	1020.0	0.06	65	67	0.1	0.1	4.11	4.11	210	206	21.48	21.48
OG0001637	768.0	0.03	66	67	0.09	0.09	4.73	4.72	230	223	20.04	20.04
OG0001638	2628.0	0.01	65	67	0.08	0.08	4.9	4.89	236	236	18.51	18.51
OG0001639	579.0	0.04	58	67	0.07	0.07	5.05	5.01	342	329	22.97	22.97
OG0001640	576.0	0.02	66	66	0.17	0.17	3.52	3.53	99	99	17.23	17.23
OG0001641	1527.0	0.05	66	66	0.12	0.12	4.29	4.3	154	153	17.73	17.73
OG0001642	381.0	0.06	55	66	0.08	0.09	4.89	4.81	252	229	19.56	19.56
OG0001643	183.0	0.05	66	66	0.29	0.3	3.2	3.19	61	59	17.83	17.83
OG0001644	201.0	0.02	65	66	0.09	0.09	4.7	4.69	222	219	19.67	19.67
OG0001645	667.5	0.05	63	66	0.15	0.15	3.85	3.85	147	145	21.64	21.64
OG0001646	1599.0	0.03	50	66	0.16	0.16	4.0	4.0	123	122	19.18	19.18
OG0001647	720.0	0.06	61	65	0.05	0.05	5.4	5.38	370	361	18.58	18.58
OG0001648	1050.0	0.09	63	65	0.04	0.04	5.68	5.62	451	417	18.43	18.43
OG0001649	699.0	0.11	57	65	0.04	0.05	5.44	5.31	414	373	18.54	18.54
OG0001650	1437.0	0.02	60	65	0.06	0.07	4.99	4.93	289	267	18.75	18.75
OG0001651	765.0	0.03	41	65	0.08	0.08	4.94	4.94	246	245	18.72	18.72
OG0001652	315.0	0.02	65	65	0.17	0.17	3.63	3.63	100	100	17.37	17.37
OG0001653	1239.0	0.03	65	65	0.26	0.27	3.5	3.5	74	73	19.38	19.38
OG0001654	252.0	0.02	65	65	0.5	0.5	3.29	3.28	43	43	21.58	21.58
OG0001655	966.0	0.02	52	65	0.06	0.06	4.99	4.97	335	335	20.45	20.45
OG0001656	1347.0	0.02	52	65	0.09	0.09	4.72	4.72	207	206	18.83	18.83
OG0001657	147.0	0.02	65	65	0.23	0.23	3.57	3.57	103	103	23.22	23.22
OG0001658	276.0	0.0	65	65	0.19	0.19	3.57	3.57	103	103	19.18	19.18
OG0001659	1995.0	0.03	57	65	0.09	0.09	4.86	4.85	220	218	19.54	19.54
OG0001660	816.0	0.02	65	65	0.08	0.08	4.75	4.75	201	201	16.77	16.77
OG0001661	420.0	0.11	41	64	0.07	0.07	5.57	5.51	502	477	32.95	32.95
OG0001662	204.0	0.09	41	65	0.05	0.06	5.55	5.47	454	421	23.54	23.54
OG0001663	2052.0	0.08	58	64	0.05	0.05	5.12	5.08	317	304	16.06	16.06
OG0001664	906.0	0.05	63	64	0.13	0.13	4.45	4.46	170	170	21.27	21.27
OG0001665	1795.5	0.03	38	64	0.1	0.1	4.5	4.5	189	188	19.59	19.59
OG0001666	1239.0	0.02	61	64	0.2	0.2	3.65	3.65	100	100	19.72	19.72
OG0001667	522.0	0.06	64	64	0.32	0.32	3.23	3.23	58	57	18.33	18.33
OG0001668	237.0	0.03	63	64	0.4	0.43	2.92	2.91	38	36	15.3	15.3
OG0001669	816.0	0.02	57	64	0.19	0.19	3.48	3.49	99	99	19.05	19.05
OG0001670	669.0	0.05	63	64	0.07	0.08	4.84	4.84	261	258	19.53	19.53
OG0001671	984.0	0.02	59	64	0.07	0.07	5.27	5.27	273	272	18.55	18.55
OG0001672	828.0	0.0	29	64	0.08	0.08	5.06	5.06	301	301	25.58	25.58
OG0001673	2082.0	0.06	44	64	0.05	0.05	5.7	5.68	481	463	22.16	22.16
OG0001674	1470.0	0.12	31	64	0.03	0.03	6.17	6.13	590	561	18.48	18.48
OG0001675	1716.0	0.06	62	63	0.11	0.12	4.51	4.49	195	185	21.56	21.56
OG0001676	1131.0	0.08	42	63	0.07	0.07	4.97	4.97	244	240	16.37	16.37
OG0001677	867.0	0.03	63	63	0.1	0.1	4.62	4.62	193	192	19.35	19.35
OG0001678	495.0	0.05	57	63	0.04	0.04	5.47	5.45	399	392	17.24	17.24
OG0001679	372.0	0.03	62	63	0.06	0.06	5.28	5.27	334	331	20.7	20.7
OG0001680	264.0	0.06	63	63	0.12	0.12	4.1	4.09	186	184	21.49	21.49
OG0001681	384.0	0.06	62	63	0.06	0.06	5.14	5.14	281	279	17.87	17.87
OG0001682	954.0	0.06	61	63	0.11	0.11	3.99	3.99	179	177	19.32	19.32
OG0001683	840.0	0.05	63	63	0.11	0.11	4.45	4.45	190	186	20.6	20.6
OG0001684	615.0	0.05	63	63	0.11	0.11	4.42	4.41	184	180	20.56	20.56
OG0001685	690.0	0.05	63	63	0.11	0.11	4.44	4.44	193	189	20.6	20.6
OG0001686	453.0	0.05	63	63	0.11	0.11	4.42	4.42	189	186	20.51	20.51
OG0001687	702.0	0.06	61	63	0.1	0.1	4.44	4.46	193	193	18.48	18.48
OG0001688	618.0	0.22	47	63	0.03	0.04	5.86	5.78	578	502	19.49	19.49
OG0001689	303.0	0.06	61	62	0.11	0.12	4.44	4.41	180	169	20.68	20.68
OG0001690	408.0	0.06	61	62	0.11	0.12	4.45	4.43	184	173	20.79	20.79
OG0001691	537.0	0.02	58	62	0.14	0.14	4.22	4.22	135	135	18.61	18.61
OG0001692	916.5	0.03	60	62	0.25	0.25	3.56	3.55	78	76	19.23	19.23
OG0001693	673.5	0.05	44	62	0.09	0.09	5.32	5.33	473	470	40.21	40.21
OG0001694	414.0	0.02	62	62	0.14	0.14	3.91	3.91	121	120	16.77	16.77
OG0001695	1038.0	0.03	60	62	0.12	0.13	3.84	3.81	151	145	18.52	18.52
OG0001696	852.0	0.03	62	62	0.11	0.12	4.1	4.08	206	199	23.19	23.19
OG0001697	180.0	0.03	62	62	0.23	0.23	3.57	3.58	101	100	23.44	23.44
OG0001698	679.5	0.08	52	62	0.06	0.06	5.15	5.11	310	294	17.32	17.32
OG0001699	816.0	0.21	22	62	0.05	0.05	5.49	5.45	395	364	18.85	18.85
OG0001700	1554.0	0.25	42	61	0.06	0.07	4.12	4.01	214	178	12.05	12.05
OG0001701	1176.0	0.05	54	61	0.05	0.05	5.3	5.31	381	380	19.89	19.89
OG0001702	663.0	0.02	39	61	0.06	0.06	5.1	5.1	296	296	19.21	19.21
OG0001703	1539.0	0.02	57	61	0.08	0.08	4.68	4.69	221	220	18.25	18.25
OG0001704	207.0	0.0	61	61	0.27	0.27	3.3	3.3	70	70	18.87	18.87
OG0001705	534.0	0.18	46	61	0.04	0.04	5.65	5.52	472	420	18.56	18.56
OG0001706	627.0	0.08	51	60	0.04	0.04	5.73	5.73	424	421	18.77	18.77
OG0001707	405.0	0.07	55	60	0.05	0.06	5.23	5.23	332	327	18.12	18.12
OG0001708	1600.5	0.08	51	60	0.05	0.05	5.36	5.36	319	316	17.32	17.32
OG0001709	1071.0	0.03	55	60	0.12	0.13	4.21	4.2	156	155	19.48	19.48
OG0001710	1440.0	0.03	59	60	0.14	0.15	3.89	3.9	128	127	18.52	18.52
OG0001711	345.0	0.03	41	60	0.11	0.11	4.54	4.54	240	240	26.45	26.45
OG0001712	939.0	0.03	59	60	0.16	0.16	3.87	3.84	127	125	20.42	20.42
OG0001713	456.0	0.02	57	60	0.32	0.33	3.51	3.51	69	67	22.3	22.3
OG0001714	534.0	0.05	41	60	0.04	0.05	5.74	5.7	464	443	20.05	20.05
OG0001715	984.0	0.08	58	60	0.16	0.16	3.85	3.86	130	128	20.65	20.65
OG0001716	420.0	0.05	59	60	0.25	0.25	3.27	3.28	66	66	16.45	16.45
OG0001717	471.0	0.03	59	60	0.22	0.22	3.82	3.82	92	92	20.63	20.63
OG0001718	525.0	0.07	48	60	0.06	0.06	5.38	5.29	343	310	19.9	19.9
OG0001719	954.0	0.03	57	60	0.06	0.06	5.4	5.4	339	339	20.1	20.1
OG0001720	735.0	0.03	59	60	0.09	0.09	4.69	4.67	211	208	18.5	18.5
OG0001721	489.0	0.05	34	60	0.05	0.05	5.83	5.81	557	540	28.23	28.23
OG0001722	1851.0	0.02	57	59	0.08	0.08	4.92	4.92	226	224	17.53	17.53
OG0001723	1710.0	0.02	54	59	0.11	0.11	4.37	4.37	175	175	18.97	18.97
OG0001724	1305.0	0.07	51	59	0.08	0.08	4.38	4.36	233	223	18.34	18.34
OG0001725	732.0	0.03	55	59	0.07	0.07	4.86	4.84	296	296	20.88	20.88
OG0001726	717.0	0.02	49	59	0.09	0.09	4.63	4.62	194	193	17.9	17.9
OG0001727	924.0	0.08	58	59	0.16	0.16	3.83	3.83	132	129	20.93	20.93
OG0001728	615.0	0.07	57	59	0.26	0.27	3.75	3.75	71	69	18.46	18.46
OG0001729	753.0	0.05	48	59	0.06	0.06	5.04	5.01	275	264	16.97	16.97
OG0001730	1104.0	0.24	58	58	0.12	0.13	3.36	3.38	102	92	11.79	11.79
OG0001731	1542.0	0.27	58	59	0.15	0.17	3.55	3.56	101	88	15.36	15.36
OG0001732	1233.0	0.05	30	59	0.11	0.11	4.1	4.1	160	158	16.81	16.81
OG0001733	537.0	0.02	56	58	0.07	0.07	4.96	4.96	231	229	16.4	16.4
OG0001734	102.0	0.12	53	58	0.05	0.06	5.26	5.16	311	278	16.1	16.1
OG0001735	2391.0	0.26	43	58	0.06	0.07	4.35	4.22	233	189	13.33	13.33
OG0001736	705.0	0.07	57	58	0.1	0.11	4.33	4.33	201	192	20.29	20.29
OG0001737	615.0	0.09	57	58	0.1	0.1	4.38	4.4	211	204	20.48	20.48
OG0001738	1179.0	0.02	54	58	0.1	0.1	4.43	4.43	187	187	19.36	19.36
OG0001739	900.0	0.02	54	58	0.09	0.09	4.51	4.51	209	209	18.78	18.78
OG0001740	1248.0	0.0	50	58	0.19	0.19	3.87	3.87	95	95	18.24	18.24
OG0001741	141.0	0.05	58	58	0.49	0.5	3.25	3.24	43	42	21.09	21.09
OG0001742	2592.0	0.07	55	58	0.24	0.24	3.4	3.4	76	76	18.14	18.14
OG0001743	909.0	0.03	56	58	0.3	0.3	3.6	3.59	74	72	21.93	21.93
OG0001744	1077.0	0.07	58	58	0.16	0.16	3.88	3.89	135	134	21.22	21.22
OG0001745	597.0	0.07	57	58	0.19	0.19	3.79	3.81	100	100	19.16	19.16
OG0001746	1281.0	0.03	58	58	0.18	0.18	4.02	4.02	107	105	18.83	18.83
OG0001747	147.0	0.03	58	58	0.22	0.22	3.6	3.61	99	99	21.4	21.4
OG0001748	1029.0	0.03	35	58	0.08	0.08	4.73	4.73	206	205	16.64	16.64
OG0001749	1158.0	0.04	55	57	0.12	0.12	4.25	4.25	161	160	19.49	19.49
OG0001750	630.0	0.07	57	57	0.1	0.11	4.29	4.28	194	185	20	20
OG0001751	759.0	0.07	57	57	0.1	0.11	4.32	4.32	199	190	20.26	20.26
OG0001752	579.0	0.07	57	57	0.1	0.11	4.31	4.31	196	187	20	20
OG0001753	579.0	0.07	57	57	0.1	0.11	4.33	4.33	199	190	20.3	20.3
OG0001754	1260.0	0.07	57	57	0.1	0.1	4.41	4.42	212	206	21	21
OG0001755	816.0	0.09	57	57	0.09	0.1	4.39	4.41	216	209	20.47	20.47
OG0001756	600.0	0.02	54	57	0.1	0.1	4.4	4.4	183	183	19.12	19.12
OG0001757	906.0	0.23	57	57	0.14	0.15	3.16	3.14	76	68	10.32	10.32
OG0001758	1095.0	0.04	53	57	0.08	0.08	4.76	4.74	266	266	21.35	21.35
OG0001759	237.0	0.02	57	57	0.09	0.09	4.72	4.72	198	197	17.6	17.6
OG0001760	1407.0	0.02	40	57	0.06	0.06	5.33	5.31	347	347	19.46	19.46
OG0001761	1233.0	0.04	46	57	0.06	0.06	4.85	4.86	274	273	17.23	17.23
OG0001762	408.0	0.05	57	57	0.28	0.28	3.51	3.51	69	69	19.18	19.18
OG0001763	93.0	0.07	36	57	0.07	0.07	4.84	4.83	297	287	19.58	19.58
OG0001764	453.0	0.04	55	56	0.12	0.12	4.22	4.21	155	154	19.05	19.05
OG0001765	1005.0	0.07	55	56	0.1	0.1	4.39	4.4	210	204	20.62	20.62
OG0001766	729.0	0.02	54	56	0.11	0.11	4.16	4.16	153	153	17.3	17.3
OG0001767	594.0	0.0	51	56	0.19	0.19	3.88	3.88	93	93	17.41	17.41
OG0001768	192.0	0.07	54	56	0.05	0.05	5.42	5.38	400	387	21.11	21.11
OG0001769	651.0	0.07	47	56	0.08	0.09	4.81	4.71	218	196	18.5	18.5
OG0001770	747.0	0.07	48	56	0.05	0.05	5.38	5.41	349	348	18.12	18.12
OG0001771	576.0	0.02	54	56	0.25	0.25	2.97	2.97	51	50	12.54	12.54
OG0001772	1686.0	0.18	35	56	0.05	0.05	5.73	5.79	557	550	26.82	26.82
OG0001773	462.0	0.16	30	56	0.06	0.07	5.25	5.26	364	355	23.38	23.38
OG0001774	459.0	0.02	51	55	0.06	0.06	5.0	4.97	281	277	17.93	17.93
OG0001775	885.0	0.22	42	55	0.06	0.07	4.05	3.98	195	165	11.95	11.95
OG0001776	162.0	0.04	54	55	0.13	0.13	4.19	4.18	150	149	18.96	18.96
OG0001777	690.0	0.02	38	55	0.07	0.07	4.91	4.91	261	261	18.91	18.91
OG0001778	783.0	0.07	55	55	0.3	0.3	3.34	3.35	56	56	16.64	16.64
OG0001779	1272.0	0.05	45	55	0.09	0.09	4.73	4.72	202	201	18.56	18.56
OG0001780	1203.0	0.07	55	55	0.43	0.44	3.2	3.2	47	45	20	20
OG0001781	636.0	0.05	49	55	0.06	0.06	5.16	5.17	310	304	17.96	17.96
OG0001782	474.0	0.07	47	55	0.07	0.07	5.11	5.04	297	279	19.65	19.65
OG0001783	807.0	0.02	27	55	0.11	0.11	4.45	4.45	168	167	17.67	17.67
OG0001784	192.0	0.0	55	55	0.25	0.25	3.3	3.3	70	70	17.47	17.47
OG0001785	168.0	0.11	39	55	0.05	0.06	5.6	5.49	464	412	25	25
OG0001786	732.0	0.11	52	55	0.21	0.21	3.75	3.77	92	91	19.35	19.35
OG0001787	1374.0	0.02	47	54	0.07	0.08	4.84	4.8	264	254	19.69	19.69
OG0001788	1224.0	0.22	42	54	0.06	0.07	4.02	3.92	203	167	11.5	11.5
OG0001789	594.0	0.04	36	54	0.07	0.07	4.95	4.94	268	263	18.56	18.56
OG0001790	324.0	0.04	39	54	0.09	0.1	5.04	5.02	373	360	35.3	35.3
OG0001791	409.5	0.39	31	54	0.07	0.09	5.43	5.2	405	322	29.65	29.65
OG0001792	1057.5	0.07	38	54	0.04	0.04	5.96	5.9	538	495	20.56	20.56
OG0001793	318.0	0.02	51	54	0.16	0.16	4.02	4.03	120	120	19.35	19.35
OG0001794	837.0	0.04	43	54	0.07	0.07	5.01	5.0	281	278	18.59	18.59
OG0001795	1143.0	0.04	11	54	0.03	0.03	6.41	6.37	730	703	19.93	19.93
OG0001796	723.0	0.02	53	53	0.1	0.1	4.64	4.63	171	171	17.81	17.81
OG0001797	381.0	0.04	50	53	0.07	0.07	5.21	5.22	290	290	20.09	20.09
OG0001798	495.0	0.06	49	53	0.04	0.05	5.93	5.89	492	465	21.17	21.17
OG0001799	1620.0	0.09	48	53	0.04	0.04	5.39	5.35	356	336	15.08	15.08
OG0001800	573.0	0.06	52	53	0.05	0.06	5.46	5.46	351	344	19.19	19.19
OG0001801	507.0	0.0	51	53	0.1	0.1	4.31	4.31	195	195	18.72	18.72
OG0001802	402.0	0.02	38	53	0.12	0.12	4.44	4.44	218	218	25.74	25.74
OG0001803	405.0	0.02	38	53	0.12	0.12	4.37	4.37	205	205	24.87	24.87
OG0001804	1644.0	0.08	51	53	0.13	0.14	4.35	4.31	142	126	17.94	17.94
OG0001805	927.0	0.08	48	53	0.08	0.08	4.98	4.97	247	242	20.38	20.38
OG0001806	1887.0	0.04	30	53	0.06	0.06	5.07	5.06	298	293	18.85	18.85
OG0001807	1068.0	0.23	42	52	0.05	0.05	5.31	5.25	372	330	17.6	17.6
OG0001808	429.0	0.04	52	52	0.1	0.1	4.69	4.7	189	189	18.54	18.54
OG0001809	1155.0	0.1	37	51	0.08	0.08	5.1	5.08	240	238	18.59	18.59
OG0001810	246.0	0.04	52	52	0.33	0.33	3.4	3.41	55	55	18.1	18.1
OG0001811	171.0	0.02	29	52	0.08	0.08	5.45	5.45	466	464	37.02	37.02
OG0001812	492.0	0.12	19	52	0.03	0.04	6.11	6.02	567	524	18.35	18.35
OG0001813	1035.0	0.04	48	52	0.06	0.06	5.08	5.07	320	318	20.56	20.56
OG0001814	1236.0	0.06	13	52	0.03	0.03	6.16	6.12	662	640	19.33	19.33
OG0001815	1965.0	0.06	51	51	0.06	0.07	4.88	4.82	246	234	15.94	15.94
OG0001816	756.0	0.18	42	51	0.04	0.05	5.46	5.43	417	377	18.22	18.22
OG0001817	438.0	0.0	49	51	0.07	0.07	4.89	4.89	237	237	16.43	16.43
OG0001818	1956.0	0.04	48	51	0.06	0.07	5.05	5.0	276	262	17.65	17.65
OG0001819	1488.0	0.06	46	51	0.08	0.08	4.99	4.96	230	227	17.73	17.73
OG0001820	1899.0	0.02	32	51	0.09	0.09	4.54	4.53	219	219	19.51	19.51
OG0001821	1629.0	0.04	35	51	0.15	0.15	4.4	4.41	134	133	19.75	19.75
OG0001822	1095.0	0.02	50	51	0.05	0.05	5.52	5.53	385	385	19.45	19.45
OG0001823	105.0	0.02	51	51	0.25	0.25	3.81	3.81	85	85	21.51	21.51
OG0001824	3984.0	0.25	30	51	0.05	0.05	4.74	4.74	239	226	11.94	11.94
OG0001825	636.0	0.02	39	50	0.14	0.14	4.29	4.29	171	171	24.08	24.08
OG0001826	1305.0	0.04	49	50	0.06	0.06	5.56	5.57	398	396	23.16	23.16
OG0001827	420.0	0.16	38	49	0.04	0.04	6.02	5.93	545	483	20.63	20.63
OG0001828	294.0	0.04	50	50	0.48	0.5	3.36	3.35	51	49	24.38	24.38
OG0001829	153.0	0.02	49	50	0.37	0.37	2.96	2.96	42	42	15.36	15.36
OG0001830	975.0	0.08	50	50	0.07	0.08	4.97	4.93	254	238	18.32	18.32
OG0001831	2607.0	0.02	48	50	0.08	0.08	4.75	4.74	235	233	19.46	19.46
OG0001832	286.5	0.04	47	50	0.15	0.15	3.7	3.7	105	102	15.78	15.78
OG0001833	1386.0	0.02	27	49	0.05	0.06	5.48	5.44	333	319	18.16	18.16
OG0001834	1236.0	0.06	44	49	0.07	0.07	4.92	4.92	277	269	18.35	18.35
OG0001835	1782.0	0.06	45	49	0.16	0.17	4.19	4.18	109	107	17.92	17.92
OG0001836	1776.0	0.06	45	49	0.14	0.14	4.23	4.22	126	124	17.33	17.33
OG0001837	171.0	0.12	30	49	0.09	0.09	5.44	5.4	423	397	37	37
OG0001838	897.0	0.08	46	49	0.23	0.23	3.54	3.55	89	88	20.12	20.12
OG0001839	270.0	0.0	49	49	0.15	0.15	4.19	4.19	121	121	17.98	17.98
OG0001840	687.0	0.04	45	49	0.08	0.08	4.9	4.9	263	261	19.98	19.98
OG0001841	2061.0	0.12	36	49	0.04	0.05	5.63	5.6	430	407	18.9	18.9
OG0001842	1518.0	0.02	48	49	0.09	0.09	4.66	4.64	210	207	18.18	18.18
OG0001843	408.0	0.0	27	49	0.08	0.08	5.11	5.11	292	292	24.61	24.61
OG0001844	486.0	0.04	49	49	0.2	0.2	3.73	3.73	111	110	21.88	21.88
OG0001845	1413.0	0.06	30	49	0.06	0.07	5.18	5.15	316	310	20.18	20.18
OG0001846	813.0	0.08	45	49	0.08	0.08	5.22	5.2	284	272	21.73	21.73
OG0001847	622.5	0.0	35	48	0.08	0.08	4.83	4.83	250	250	18.98	18.98
OG0001848	357.0	0.06	47	48	0.09	0.09	4.88	4.85	221	212	18.85	18.85
OG0001849	675.0	0.02	45	48	0.07	0.07	5.02	5.02	251	250	17.85	17.85
OG0001850	2250.0	0.04	48	48	0.08	0.08	4.91	4.91	225	224	17.98	17.98
OG0001851	327.0	0.02	46	48	0.27	0.27	3.69	3.69	73	73	19.4	19.4
OG0001852	465.0	0.0	37	48	0.07	0.07	5.48	5.48	446	446	30.79	30.79
OG0001853	594.0	0.19	48	48	0.11	0.12	4.46	4.32	167	150	17.73	17.73
OG0001854	177.0	0.02	45	48	0.07	0.07	5.09	5.09	279	276	20.27	20.27
OG0001855	249.0	0.02	48	48	0.14	0.14	4.51	4.52	206	206	28.02	28.02
OG0001856	187.5	0.02	48	48	0.15	0.15	4.38	4.38	191	191	29.12	29.12
OG0001857	927.0	0.02	35	48	0.06	0.06	5.1	5.09	290	289	18.42	18.42
OG0001858	705.0	0.08	48	48	0.08	0.08	4.94	4.93	240	235	19.96	19.96
OG0001859	627.0	0.02	42	48	0.07	0.07	5.0	4.99	315	313	22.25	22.25
OG0001860	468.0	0.04	48	48	0.1	0.1	4.6	4.63	211	209	20.4	20.4
OG0001861	282.0	0.02	11	48	0.03	0.03	6.03	6.02	557	549	18.42	18.42
OG0001862	369.0	0.02	48	48	0.08	0.08	4.63	4.62	215	212	17.79	17.79
OG0001863	1084.5	0.15	14	48	0.12	0.13	4.42	4.32	152	137	18.46	18.46
OG0001864	627.0	0.02	46	48	0.18	0.18	3.71	3.71	116	115	20.42	20.42
OG0001865	471.0	0.04	45	48	0.18	0.18	3.96	3.95	103	103	18.23	18.23
OG0001866	846.0	0.12	41	48	0.05	0.06	5.29	5.17	366	328	18.73	18.73
OG0001867	510.0	0.08	48	48	0.07	0.07	5.16	5.13	256	246	17.38	17.38
OG0001868	1032.0	0.04	24	48	0.24	0.25	3.51	3.5	69	67	16.73	16.73
OG0001869	285.0	0.04	47	47	0.08	0.08	4.91	4.89	227	224	17.43	17.43
OG0001870	1356.0	0.02	47	47	0.08	0.08	4.97	4.96	240	238	18.21	18.21
OG0001871	1281.0	0.04	47	47	0.11	0.11	4.64	4.63	164	163	18.17	18.17
OG0001872	756.0	0.04	47	47	0.08	0.08	4.85	4.86	213	212	16.77	16.77
OG0001873	285.0	0.09	38	47	0.07	0.07	5.51	5.51	472	464	32.66	32.66
OG0001874	195.0	0.06	47	47	0.46	0.46	3.44	3.44	55	55	25.23	25.23
OG0001875	219.0	0.13	34	47	0.06	0.06	5.38	5.42	401	392	25.06	25.06
OG0001876	1530.0	0.0	47	47	0.1	0.1	4.66	4.66	187	187	18.32	18.32
OG0001877	375.0	0.02	47	47	0.08	0.08	4.95	4.94	226	225	17.98	17.98
OG0001878	255.0	0.19	38	47	0.04	0.04	6.01	5.86	519	436	19.13	19.13
OG0001879	222.0	0.02	28	47	0.06	0.06	4.89	4.9	292	292	18.79	18.79
OG0001880	411.0	0.02	39	47	0.04	0.04	6.09	6.08	557	553	21.3	21.3
OG0001881	423.0	0.09	32	47	0.07	0.07	4.7	4.65	257	237	17.06	17.06
OG0001882	1200.0	0.06	31	47	0.06	0.06	5.36	5.38	324	322	18.3	18.3
OG0001883	432.0	0.02	32	46	0.05	0.05	5.71	5.69	422	421	20.63	20.63
OG0001884	936.0	0.02	46	46	0.07	0.07	5.18	5.18	258	256	18.8	18.8
OG0001885	972.0	0.0	35	46	0.07	0.07	4.9	4.9	263	263	19.11	19.11
OG0001886	1665.0	0.04	44	46	0.19	0.2	3.94	3.91	96	89	17.96	17.96
OG0001887	1035.0	0.09	41	46	0.09	0.1	4.33	4.25	194	180	17.89	17.89
OG0001888	795.0	0.35	30	46	0.04	0.05	5.8	5.56	467	347	18.72	18.72
OG0001889	171.0	0.07	46	46	0.26	0.27	3.57	3.56	81	79	21.41	21.41
OG0001890	1162.5	0.02	43	46	0.4	0.4	3.55	3.55	56	56	22.57	22.57
OG0001891	388.5	0.07	38	46	0.05	0.05	5.76	5.72	418	396	21.67	21.67
OG0001892	495.0	0.0	8	46	0.19	0.19	4.07	4.07	99	99	18.48	18.48
OG0001893	721.5	0.65	26	46	0.05	0.08	5.32	4.98	319	186	15.04	15.04
OG0001894	888.0	0.15	27	46	0.06	0.07	5.39	5.43	395	390	25.65	25.65
OG0001895	528.0	0.13	31	46	0.05	0.05	5.49	5.5	358	345	18.39	18.39
OG0001896	216.0	0.07	33	45	0.05	0.05	5.83	5.77	481	458	23.31	23.31
OG0001897	1335.0	0.2	40	45	0.05	0.05	5.25	5.23	366	334	18.13	18.13
OG0001898	1425.0	0.09	45	45	0.12	0.12	4.58	4.55	162	156	19.07	19.07
OG0001899	252.0	0.0	45	45	0.12	0.12	4.45	4.45	155	155	18.4	18.4
OG0001900	516.0	0.02	31	45	0.09	0.09	5.35	5.35	428	428	40.29	40.29
OG0001901	678.0	0.04	26	45	0.07	0.07	5.09	5.09	263	262	19.2	19.2
OG0001902	441.0	0.04	45	45	0.09	0.09	4.82	4.82	230	228	19.58	19.58
OG0001903	843.0	0.04	44	45	0.08	0.08	4.6	4.6	202	200	16.98	16.98
OG0001904	1023.0	0.04	44	45	0.08	0.08	4.66	4.66	222	221	17.53	17.53
OG0001905	852.0	0.02	44	45	0.08	0.08	4.89	4.85	231	222	17.76	17.76
OG0001906	195.0	0.0	24	45	0.09	0.09	4.86	4.86	245	245	22.13	22.13
OG0001907	1245.0	0.0	43	45	0.15	0.15	4.17	4.17	121	121	18.11	18.11
OG0001908	690.0	0.07	42	44	0.07	0.07	4.9	4.89	268	258	18.23	18.23
OG0001909	462.0	0.07	42	44	0.07	0.07	4.85	4.85	254	246	17.32	17.32
OG0001910	1518.0	0.02	42	44	0.09	0.09	4.63	4.63	193	192	16.75	16.75
OG0001911	261.0	0.2	39	44	0.05	0.05	5.31	5.25	371	334	18.14	18.14
OG0001912	1599.0	0.02	40	44	0.21	0.21	4.14	4.15	93	93	19.91	19.91
OG0001913	273.0	0.07	44	44	0.38	0.38	3.24	3.25	54	54	20.36	20.36
OG0001914	237.0	0.07	43	44	0.29	0.3	3.56	3.55	73	71	21.23	21.23
OG0001915	1140.0	0.0	41	44	0.08	0.08	4.87	4.87	222	222	17.93	17.93
OG0001916	660.0	0.05	44	44	0.08	0.08	4.57	4.57	204	203	17.07	17.07
OG0001917	1788.0	0.07	34	44	0.07	0.07	4.86	4.83	279	272	20	20
OG0001918	198.0	0.0	44	44	0.18	0.18	3.94	3.94	119	119	21.36	21.36
OG0001919	978.0	0.0	12	44	0.1	0.1	4.88	4.88	180	180	18.43	18.43
OG0001920	3159.0	0.11	29	44	0.07	0.07	5.23	5.17	284	265	19.07	19.07
OG0001921	489.0	0.07	39	43	0.06	0.06	5.4	5.37	324	319	19.67	19.67
OG0001922	1182.0	0.05	39	43	0.07	0.07	5.21	5.23	257	256	18.28	18.28
OG0001923	993.0	0.05	43	43	0.36	0.36	3.44	3.44	58	58	20.65	20.65
OG0001924	555.0	0.05	43	43	0.36	0.36	3.41	3.41	56	56	20.19	20.19
OG0001925	357.0	0.12	37	43	0.05	0.06	5.67	5.56	382	345	19.49	19.49
OG0001926	171.0	0.05	42	43	0.11	0.12	4.57	4.52	168	156	18.56	18.56
OG0001927	1494.0	0.02	43	43	0.48	0.48	3.46	3.46	50	50	23.88	23.88
OG0001928	786.0	0.05	43	43	0.1	0.1	4.56	4.51	175	171	17.3	17.3
OG0001929	1074.0	0.14	32	43	0.05	0.05	5.83	5.76	466	439	22.02	22.02
OG0001930	1011.0	0.0	36	43	0.06	0.06	5.25	5.25	288	288	17.16	17.16
OG0001931	1113.0	0.02	39	43	0.09	0.09	4.59	4.58	203	197	18.35	18.35
OG0001932	1005.0	0.02	40	43	0.2	0.2	3.78	3.78	105	105	21.3	21.3
OG0001933	855.0	0.05	26	43	0.06	0.06	5.39	5.38	314	312	19.84	19.84
OG0001934	894.0	0.07	42	42	0.07	0.07	5.13	5.14	234	233	16.93	16.93
OG0001935	981.0	0.0	39	42	0.08	0.08	5.15	5.15	284	284	21.45	21.45
OG0001936	609.0	0.1	33	42	0.04	0.05	5.94	5.92	479	456	20.76	20.76
OG0001937	778.5	0.02	41	42	0.15	0.15	4.11	4.12	146	146	21.26	21.26
OG0001938	249.0	0.19	36	42	0.05	0.06	5.88	5.71	462	387	22.12	22.12
OG0001939	1026.0	0.02	35	42	0.08	0.09	5.04	4.98	227	213	18.43	18.43
OG0001940	576.0	0.12	30	42	0.07	0.07	5.2	5.19	268	262	18.29	18.29
OG0001941	477.0	0.02	39	42	0.1	0.1	4.53	4.52	187	182	17.86	17.86
OG0001942	766.5	0.05	41	42	0.07	0.08	4.79	4.71	257	241	18.71	18.71
OG0001943	288.0	0.07	36	42	0.08	0.08	5.18	5.14	329	320	27.05	27.05
OG0001944	768.0	0.0	31	42	0.13	0.13	4.59	4.59	231	231	30.64	30.64
OG0001945	135.0	0.0	42	42	0.38	0.38	3.13	3.13	50	50	19.14	19.14
OG0001946	282.0	0.0	42	42	0.28	0.28	3.58	3.58	85	85	23.69	23.69
OG0001947	1324.5	0.14	23	42	0.1	0.11	4.48	4.41	201	182	19.64	19.64
OG0001948	903.0	0.1	29	42	0.06	0.06	5.27	5.27	315	309	17.4	17.4
OG0001949	1893.0	0.02	20	42	0.1	0.11	4.86	4.84	213	205	21.83	21.83
OG0001950	1209.0	0.0	41	41	0.09	0.09	4.51	4.51	178	178	16.44	16.44
OG0001951	1236.0	0.07	31	41	0.11	0.11	5.15	5.15	359	357	39.95	39.95
OG0001952	201.0	0.07	41	41	0.22	0.22	3.68	3.69	88	87	19.44	19.44
OG0001953	1797.0	0.07	41	41	0.15	0.15	3.95	3.94	112	112	16.88	16.88
OG0001954	1704.0	0.02	39	41	0.07	0.07	5.2	5.19	262	260	17.83	17.83
OG0001955	522.0	0.1	41	41	0.12	0.12	4.53	4.55	159	158	19.05	19.05
OG0001956	1113.0	0.05	39	41	0.3	0.3	3.84	3.82	75	74	22.27	22.27
OG0001957	258.0	0.15	35	41	0.04	0.05	5.78	5.77	399	383	17.63	17.63
OG0001958	486.0	0.07	31	41	0.09	0.09	5.46	5.47	411	407	37.05	37.05
OG0001959	1302.0	0.07	41	41	0.1	0.1	4.53	4.47	162	157	15.95	15.95
OG0001960	201.0	0.05	31	41	0.11	0.11	5.23	5.22	361	354	39.24	39.24
OG0001961	450.0	0.05	32	40	0.04	0.04	6.01	6.0	481	473	20.62	20.62
OG0001962	225.0	0.05	32	40	0.11	0.11	5.18	5.19	363	363	39.38	39.38
OG0001963	402.0	0.0	26	40	0.13	0.13	5.14	5.14	314	314	39.67	39.67
OG0001964	1098.0	0.2	32	40	0.06	0.07	5.46	5.41	322	288	18.77	18.77
OG0001965	1059.0	0.03	39	40	0.21	0.21	3.8	3.81	84	84	17.35	17.35
OG0001966	774.0	0.03	36	40	0.09	0.09	4.98	4.99	237	237	21.27	21.27
OG0001967	1407.0	0.03	32	39	0.11	0.11	4.48	4.47	171	170	18.69	18.69
OG0001968	1011.0	0.03	37	39	0.1	0.1	5.08	5.09	207	207	20.51	20.51
OG0001969	225.0	0.05	28	39	0.1	0.1	5.28	5.28	396	391	37.85	37.85
OG0001970	1419.0	0.03	31	39	0.12	0.12	5.0	5.01	279	278	33	33
OG0001971	372.0	0.05	32	39	0.04	0.05	5.96	5.91	464	442	20.54	20.54
OG0001972	1455.0	0.28	38	39	0.08	0.08	4.88	4.9	228	211	17.85	17.85
OG0001973	267.0	0.28	31	39	0.05	0.06	5.59	5.35	378	289	18.28	18.28
OG0001974	1737.0	0.08	39	39	0.06	0.06	5.43	5.42	301	298	17.77	17.77
OG0001975	1257.0	0.03	33	39	0.05	0.05	5.64	5.63	358	353	17.67	17.67
OG0001976	780.0	0.08	29	39	0.04	0.04	5.96	5.9	486	455	18.72	18.72
OG0001977	276.0	0.03	36	39	0.09	0.1	4.67	4.63	199	189	18.15	18.15
OG0001978	807.0	0.03	39	39	0.1	0.1	4.58	4.59	209	209	20.38	20.38
OG0001979	1758.0	0.18	26	39	0.06	0.07	5.28	5.17	324	276	19.41	19.41
OG0001980	399.0	0.08	28	39	0.08	0.08	4.65	4.58	225	206	17.13	17.13
OG0001981	165.0	0.0	39	39	0.12	0.12	4.56	4.56	153	153	17.72	17.72
OG0001982	465.0	0.03	39	39	0.27	0.27	3.62	3.62	63	63	16.85	16.85
OG0001983	1035.0	0.0	32	38	0.11	0.11	4.44	4.44	163	163	18.63	18.63
OG0001984	1008.0	0.05	38	38	0.11	0.11	4.46	4.43	148	147	16.89	16.89
OG0001985	1237.5	0.05	27	38	0.11	0.12	4.84	4.81	269	256	30.92	30.92
OG0001986	312.0	0.18	23	38	0.03	0.03	6.19	6.09	565	507	17.71	17.71
OG0001987	855.0	0.08	36	38	0.15	0.16	4.27	4.23	128	122	18.92	18.92
OG0001988	415.5	0.03	36	38	0.09	0.09	4.73	4.75	216	216	19.32	19.32
OG0001989	943.5	0.11	31	38	0.07	0.07	5.08	5.08	265	257	17.29	17.29
OG0001990	954.0	0.0	26	38	0.08	0.08	4.92	4.92	236	236	18.32	18.32
OG0001991	397.5	0.03	24	38	0.09	0.09	5.54	5.54	419	418	37.71	37.71
OG0001992	1188.0	0.0	28	38	0.16	0.16	4.48	4.48	195	195	30.58	30.58
OG0001993	405.0	0.03	38	38	0.27	0.27	3.92	3.91	77	77	20.76	20.76
OG0001994	882.0	0.73	16	37	0.06	0.09	4.71	4.54	159	111	10.16	10.16
OG0001995	309.0	0.08	29	38	0.06	0.06	5.19	5.2	294	289	16.76	16.76
OG0001996	822.0	0.0	32	37	0.12	0.12	4.43	4.43	160	160	18.54	18.54
OG0001997	351.0	0.14	37	37	0.11	0.11	4.71	4.74	170	168	18.05	18.05
OG0001998	438.0	0.05	27	37	0.06	0.06	4.97	4.96	274	268	17.08	17.08
OG0001999	1059.0	0.08	35	37	0.26	0.26	3.53	3.54	76	75	19.41	19.41
OG0002000	1158.0	0.05	32	37	0.06	0.06	5.49	5.44	333	317	18.97	18.97
OG0002001	360.0	0.46	37	37	0.11	0.14	4.4	4.45	164	129	17.73	17.73
OG0002002	396.0	0.46	37	37	0.11	0.14	4.43	4.47	169	132	17.89	17.89
OG0002003	330.0	0.03	23	37	0.11	0.11	5.24	5.24	359	352	39.68	39.68
OG0002004	222.0	0.03	37	37	0.16	0.16	4.15	4.12	113	111	17.62	17.62
OG0002005	1227.0	0.03	36	37	0.15	0.15	4.24	4.23	127	127	18.81	18.81
OG0002006	603.0	0.05	31	37	0.08	0.09	5.04	5.01	236	226	19.41	19.41
OG0002007	738.0	0.0	28	37	0.06	0.06	5.44	5.44	303	303	19	19
OG0002008	135.0	0.08	28	37	0.06	0.06	5.14	5.12	324	314	19.05	19.05
OG0002009	762.0	0.05	36	37	0.16	0.16	4.26	4.19	105	102	16.41	16.41
OG0002010	822.0	0.11	32	37	0.14	0.14	4.2	4.19	117	112	16.22	16.22
OG0002011	885.0	0.0	33	37	0.1	0.1	4.78	4.78	205	205	20.05	20.05
OG0002012	1026.0	0.05	35	37	0.12	0.13	4.53	4.45	187	176	22.05	22.05
OG0002013	1161.0	0.0	28	37	0.16	0.16	4.56	4.56	209	209	33.7	33.7
OG0002014	594.0	0.03	35	37	0.15	0.16	4.29	4.25	140	131	21.3	21.3
OG0002015	171.0	0.05	20	37	0.14	0.16	4.42	4.35	204	189	29.3	29.3
OG0002016	303.0	0.14	29	37	0.09	0.09	4.95	5.01	261	260	22.89	22.89
OG0002017	189.0	0.03	37	37	0.19	0.19	3.68	3.68	107	107	20.3	20.3
OG0002018	1155.0	0.11	28	36	0.05	0.05	5.79	5.78	411	407	21.03	21.03
OG0002019	463.5	0.08	34	36	0.06	0.07	5.31	5.26	285	272	18.22	18.22
OG0002020	174.0	0.06	35	36	0.08	0.08	5.19	5.19	239	239	18.14	18.14
OG0002021	246.0	0.11	31	36	0.06	0.06	5.69	5.62	402	368	22.83	22.83
OG0002022	1197.0	0.11	32	36	0.11	0.12	4.49	4.48	156	149	17.33	17.33
OG0002023	357.0	0.06	31	36	0.11	0.11	5.14	5.14	356	354	39	39
OG0002024	219.0	0.06	31	36	0.11	0.11	5.11	5.12	340	338	38.81	38.81
OG0002025	303.0	0.0	29	36	0.1	0.1	5.36	5.36	368	368	38.39	38.39
OG0002026	270.0	0.03	29	36	0.16	0.16	4.64	4.64	172	171	26.94	26.94
OG0002027	360.0	0.03	35	36	0.1	0.11	4.61	4.54	179	165	17.58	17.58
OG0002028	1719.0	0.03	36	36	0.15	0.16	4.27	4.25	125	123	19.31	19.31
OG0002029	445.5	0.11	30	36	0.06	0.06	5.74	5.7	380	358	21.61	21.61
OG0002030	1032.0	0.03	34	36	0.17	0.19	4.25	4.18	107	93	17.69	17.69
OG0002031	420.0	0.0	36	36	0.51	0.51	3.22	3.22	38	38	19.19	19.19
OG0002032	1000.5	0.08	30	36	0.19	0.19	3.68	3.7	101	100	19.47	19.47
OG0002033	189.0	0.03	28	36	0.13	0.13	4.97	4.96	284	282	37.67	37.67
OG0002034	1827.0	0.08	32	36	0.37	0.38	3.59	3.57	49	47	17.97	17.97
OG0002035	465.0	0.08	33	36	0.16	0.2	4.03	3.88	105	85	16.61	16.61
OG0002036	381.0	0.17	26	36	0.06	0.07	5.21	5.13	310	277	18.81	18.81
OG0002037	970.5	0.06	34	36	0.16	0.16	4.23	4.2	127	126	20.08	20.08
OG0002038	300.0	0.06	29	36	0.07	0.08	5.21	5.16	258	241	19	19
OG0002039	408.0	0.09	33	35	0.08	0.08	4.79	4.81	242	237	18.51	18.51
OG0002040	459.0	0.06	35	35	0.21	0.21	3.8	3.8	103	101	21.34	21.34
OG0002041	702.0	0.03	35	35	0.16	0.16	4.18	4.15	115	113	18.29	18.29
OG0002042	903.0	0.06	13	35	0.17	0.17	4.31	4.28	99	96	16.49	16.49
OG0002043	336.0	0.11	33	35	0.06	0.06	5.49	5.4	337	311	18.54	18.54
OG0002044	1809.0	0.11	31	35	0.05	0.05	5.65	5.61	378	360	18.14	18.14
OG0002045	426.0	0.03	35	35	0.12	0.12	4.69	4.67	152	152	18.09	18.09
OG0002046	1236.0	0.09	34	35	0.08	0.09	4.94	4.85	207	189	16.71	16.71
OG0002047	633.0	0.03	29	35	0.06	0.06	4.99	4.98	217	216	12.83	12.83
OG0002048	1356.0	0.03	30	35	0.12	0.13	4.67	4.64	166	159	19.89	19.89
OG0002049	1584.0	0.0	20	35	0.15	0.15	4.15	4.15	137	137	20.43	20.43
OG0002050	822.0	0.09	33	35	0.09	0.1	4.74	4.7	212	196	19.66	19.66
OG0002051	582.0	0.03	30	35	0.08	0.08	4.55	4.54	191	190	15.26	15.26
OG0002052	1383.0	0.09	28	34	0.09	0.09	4.73	4.68	183	180	16.26	16.26
OG0002053	645.0	0.03	27	34	0.12	0.12	5.19	5.19	346	343	39.97	39.97
OG0002054	1194.0	0.06	32	34	0.08	0.08	5.09	5.12	247	247	20.03	20.03
OG0002055	241.5	0.0	28	34	0.06	0.06	5.58	5.58	371	371	21.24	21.24
OG0002056	390.0	0.15	33	34	0.18	0.2	4.04	3.98	133	117	23.47	23.47
OG0002057	468.0	0.09	26	34	0.07	0.08	5.13	5.13	298	294	22.29	22.29
OG0002058	924.0	0.03	26	34	0.11	0.11	4.5	4.5	153	153	17.15	17.15
OG0002059	693.0	0.12	30	34	0.09	0.1	4.46	4.47	169	164	15.62	15.62
OG0002060	862.5	0.09	31	34	0.1	0.1	4.75	4.7	191	181	18.56	18.56
OG0002061	885.0	0.03	29	34	0.06	0.06	5.14	5.16	320	320	20.53	20.53
OG0002062	291.0	0.06	30	34	0.09	0.09	4.67	4.67	222	218	19.29	19.29
OG0002063	207.0	0.03	29	34	0.07	0.08	5.51	5.49	329	325	24.53	24.53
OG0002064	1239.0	0.03	34	34	0.16	0.19	4.21	4.14	104	89	17.03	17.03
OG0002065	969.0	0.0	25	34	0.12	0.12	4.67	4.67	168	168	19.85	19.85
OG0002066	924.0	0.09	22	34	0.06	0.06	5.51	5.51	310	307	17.53	17.53
OG0002067	840.0	0.79	15	33	0.06	0.09	4.68	4.61	159	109	10.15	10.15
OG0002068	564.0	0.0	23	34	0.1	0.1	4.85	4.85	195	195	19.97	19.97
OG0002069	888.0	0.12	34	34	0.14	0.15	4.22	4.2	144	135	20.06	20.06
OG0002070	1150.5	0.03	28	34	0.08	0.08	4.91	4.91	230	230	18.35	18.35
OG0002071	720.0	0.03	30	34	0.08	0.08	4.56	4.55	192	191	15.79	15.79
OG0002072	288.0	0.03	33	33	0.1	0.1	4.57	4.58	176	176	17.64	17.64
OG0002073	495.0	0.06	32	33	0.07	0.07	5.2	5.22	238	238	16.64	16.64
OG0002074	1356.0	0.09	29	33	0.07	0.08	5.11	5.03	257	238	17.91	17.91
OG0002075	300.0	0.0	32	33	0.13	0.13	4.54	4.54	154	154	20.03	20.03
OG0002076	1329.0	0.06	33	33	0.36	0.38	3.51	3.51	55	53	19.94	19.94
OG0002077	291.0	0.03	26	33	0.12	0.12	4.65	4.66	213	213	25.97	25.97
OG0002078	297.0	0.09	22	33	0.07	0.07	4.96	4.98	246	241	17.27	17.27
OG0002079	666.0	0.18	21	33	0.05	0.06	5.78	5.72	411	382	22.3	22.3
OG0002080	822.0	0.0	31	33	0.09	0.09	4.47	4.47	191	191	17.94	17.94
OG0002081	1314.0	0.06	17	33	0.07	0.07	5.09	4.99	240	219	15.97	15.97
OG0002082	693.0	0.0	33	33	0.16	0.16	4.14	4.14	128	128	20.12	20.12
OG0002083	705.0	0.09	33	33	0.1	0.11	4.6	4.57	188	173	19.7	19.7
OG0002084	288.0	0.0	28	33	0.16	0.16	4.34	4.34	175	175	27.18	27.18
OG0002085	381.0	0.82	20	33	0.06	0.12	4.79	4.48	206	100	12.39	12.39
OG0002086	1263.0	0.03	32	33	0.15	0.15	4.34	4.34	130	130	20	20
OG0002087	540.0	0.06	33	33	0.2	0.2	4.48	4.48	122	121	24.21	24.21
OG0002088	483.0	0.12	27	33	0.06	0.07	5.27	5.28	288	279	18.61	18.61
OG0002089	165.0	0.09	32	33	0.09	0.1	5.04	4.95	242	221	22.97	22.97
OG0002090	612.0	0.0	23	33	0.09	0.09	4.93	4.93	208	208	19	19
OG0002091	315.0	0.09	29	32	0.08	0.09	4.94	4.88	209	190	17.38	17.38
OG0002092	1110.0	0.03	32	32	0.08	0.08	5.08	5.09	240	240	19.38	19.38
OG0002093	1341.0	0.03	32	32	0.08	0.08	5.08	5.1	241	241	19.59	19.59
OG0002094	1591.5	0.06	32	32	0.11	0.11	4.53	4.51	150	149	16.34	16.34
OG0002095	1197.0	0.0	30	32	0.17	0.17	4.07	4.07	103	103	17.84	17.84
OG0002096	876.0	0.06	31	32	0.18	0.18	4.15	4.12	104	101	18.31	18.31
OG0002097	267.0	0.06	32	32	0.09	0.09	4.94	4.97	208	208	18.62	18.62
OG0002098	1296.0	0.0	32	32	0.09	0.09	4.51	4.51	197	197	18.34	18.34
OG0002099	819.0	0.0	32	32	0.09	0.09	4.5	4.5	198	198	17.94	17.94
OG0002100	543.0	0.38	32	32	0.12	0.14	4.36	4.41	149	126	18.09	18.09
OG0002101	846.0	0.09	27	32	0.06	0.06	5.46	5.46	291	290	16.94	16.94
OG0002102	225.0	0.0	32	32	0.14	0.14	4.51	4.51	172	172	23.62	23.62
OG0002103	1162.5	0.0	24	32	0.13	0.13	4.51	4.51	146	146	18.59	18.59
OG0002104	513.0	0.12	32	32	0.1	0.11	4.66	4.61	189	174	19.19	19.19
OG0002105	963.0	0.81	20	31	0.06	0.13	4.85	4.47	212	100	12.87	12.87
OG0002106	1179.0	0.03	32	32	0.15	0.15	4.32	4.32	128	128	19.34	19.34
OG0002107	759.0	0.03	32	32	0.15	0.15	4.29	4.3	126	126	19.12	19.12
OG0002108	825.0	0.03	32	32	0.15	0.15	4.3	4.3	128	128	19.31	19.31
OG0002109	366.0	0.03	21	32	0.1	0.1	4.83	4.8	206	198	19.97	19.97
OG0002110	885.0	0.06	24	31	0.07	0.07	5.47	5.47	284	282	19.61	19.61
OG0002111	390.0	0.0	28	31	0.08	0.08	5.18	5.18	225	225	18.39	18.39
OG0002112	447.0	0.13	30	31	0.09	0.09	4.94	5.0	220	217	19.84	19.84
OG0002113	207.0	0.13	26	31	0.05	0.05	5.68	5.62	338	317	16.68	16.68
OG0002114	339.0	0.0	28	31	0.07	0.07	5.42	5.42	294	294	21.55	21.55
OG0002115	582.0	0.03	29	31	0.12	0.13	4.56	4.49	224	207	26.45	26.45
OG0002116	1209.0	0.06	27	31	0.18	0.18	3.94	3.98	103	103	18.13	18.13
OG0002117	954.0	0.13	30	31	0.12	0.13	4.55	4.47	167	150	19.39	19.39
OG0002118	1041.0	0.13	31	31	0.12	0.13	4.53	4.43	163	143	19.13	19.13
OG0002119	333.0	0.0	31	31	0.13	0.13	4.41	4.41	149	149	19.87	19.87
OG0002120	792.0	0.0	31	31	0.13	0.13	4.44	4.44	153	153	20.32	20.32
OG0002121	1023.0	0.0	31	31	0.13	0.13	4.39	4.39	150	150	19.97	19.97
OG0002122	102.0	0.0	31	31	0.2	0.2	3.78	3.78	102	102	20.61	20.61
OG0002123	1497.0	0.03	31	31	0.41	0.41	3.49	3.47	45	45	18.35	18.35
OG0002124	630.0	0.03	31	31	0.52	0.54	3.05	3.04	34	33	17.81	17.81
OG0002125	609.0	0.06	31	31	0.06	0.06	5.54	5.51	321	314	19.71	19.71
OG0002126	678.0	0.03	28	30	0.07	0.07	5.04	5.03	241	239	17.67	17.67
OG0002127	942.0	0.03	28	30	0.15	0.16	4.17	4.18	120	118	18.57	18.57
OG0002128	576.0	0.13	30	30	0.46	0.46	3.41	3.42	51	50	23.23	23.23
OG0002129	474.0	0.17	24	30	0.12	0.12	5.04	5.01	253	240	29.9	29.9
OG0002130	169.5	0.03	25	30	0.16	0.16	4.41	4.42	158	158	25.23	25.23
OG0002131	291.0	0.13	23	30	0.08	0.08	4.64	4.65	207	195	15.93	15.93
OG0002132	642.0	0.1	30	30	0.09	0.09	4.98	4.96	250	240	21.33	21.33
OG0002133	876.0	0.03	24	30	0.07	0.07	5.12	5.11	254	252	18.33	18.33
OG0002134	1080.0	0.0	22	30	0.14	0.14	4.33	4.33	125	125	17.97	17.97
OG0002135	408.0	0.0	28	30	0.07	0.07	5.44	5.44	308	308	21.4	21.4
OG0002136	741.0	0.13	30	30	0.11	0.13	4.56	4.5	169	154	19.3	19.3
OG0002137	762.0	0.13	30	30	0.12	0.13	4.53	4.44	161	144	19.07	19.07
OG0002138	1260.0	0.13	26	30	0.08	0.08	4.81	4.81	194	193	15.87	15.87
OG0002139	1665.0	0.03	29	30	0.09	0.1	4.65	4.62	192	186	17.87	17.87
OG0002140	456.0	0.8	19	30	0.07	0.15	4.74	4.39	194	91	13.5	13.5
OG0002141	546.0	0.03	28	30	0.17	0.17	4.08	4.08	100	100	17	17
OG0002142	696.0	0.07	24	30	0.09	0.09	4.93	4.94	196	192	18.2	18.2
OG0002143	1149.0	0.07	27	30	0.09	0.09	4.99	4.95	205	200	18.97	18.97
OG0002144	340.5	0.13	19	30	0.1	0.1	4.78	4.84	222	221	22.73	22.73
OG0002145	843.0	0.0	28	30	0.08	0.08	5.21	5.21	249	249	20.77	20.77
OG0002146	915.0	0.0	28	29	0.15	0.15	4.22	4.22	124	124	18.72	18.72
OG0002147	1275.0	0.07	25	29	0.16	0.17	4.83	4.84	217	216	35.72	35.72
OG0002148	261.0	0.03	16	29	0.11	0.11	5.27	5.28	337	336	36.66	36.66
OG0002149	201.0	0.07	29	29	0.16	0.16	4.13	4.11	124	123	19.83	19.83
OG0002150	951.0	0.1	26	29	0.09	0.11	4.87	4.68	211	174	19.9	19.9
OG0002151	777.0	0.07	23	29	0.06	0.07	5.49	5.45	319	308	20.55	20.55
OG0002152	354.0	0.14	29	29	0.15	0.15	4.19	4.17	113	110	16.97	16.97
OG0002153	609.0	0.07	27	29	0.1	0.11	4.85	4.75	210	189	20.07	20.07
OG0002154	1491.0	0.04	28	28	0.16	0.17	4.16	4.17	115	113	18.86	18.86
OG0002155	984.0	0.0	23	28	0.06	0.06	5.51	5.51	302	302	18.96	18.96
OG0002156	1864.5	0.0	23	28	0.14	0.14	4.51	4.51	146	146	21.07	21.07
OG0002157	234.0	0.07	25	28	0.07	0.07	5.63	5.56	341	315	23.57	23.57
OG0002158	192.0	0.25	25	28	0.07	0.08	5.48	5.32	305	253	20.64	20.64
OG0002159	96.0	0.04	26	28	0.13	0.13	4.72	4.72	204	203	26.25	26.25
OG0002160	537.0	0.11	19	28	0.13	0.13	5.17	5.16	294	292	36.79	36.79
OG0002161	915.0	0.07	28	28	0.1	0.1	5.03	4.98	211	195	20.18	20.18
OG0002162	219.0	0.04	19	28	0.14	0.14	5.12	5.11	295	291	40.14	40.14
OG0002163	363.0	0.0	24	28	0.22	0.22	3.91	3.91	94	94	21.11	21.11
OG0002164	675.0	0.11	28	28	0.06	0.07	5.33	5.3	279	265	17.29	17.29
OG0002165	894.0	0.11	27	28	0.07	0.07	5.31	5.22	277	255	18.5	18.5
OG0002166	309.0	0.07	28	28	0.11	0.11	4.6	4.58	162	156	17.61	17.61
OG0002167	201.0	0.04	25	28	0.08	0.08	4.91	4.92	255	255	19.93	19.93
OG0002168	582.0	0.0	27	28	0.27	0.27	3.62	3.62	73	73	19.86	19.86
OG0002169	427.5	0.07	27	28	0.08	0.09	5.04	5.04	222	216	18.43	18.43
OG0002170	774.0	0.04	27	28	0.11	0.11	4.45	4.45	158	157	16.89	16.89
OG0002171	1618.5	0.07	20	28	0.14	0.14	4.34	4.35	155	152	21.46	21.46
OG0002172	351.0	0.11	26	28	0.08	0.08	5.14	5.14	227	224	18.36	18.36
OG0002173	999.0	0.11	25	28	0.24	0.24	3.71	3.68	78	77	18.82	18.82
OG0002174	1344.0	0.25	24	28	0.07	0.08	5.34	5.19	272	227	18.21	18.21
OG0002175	508.5	0.0	21	28	0.07	0.07	5.26	5.26	275	275	20.39	20.39
OG0002176	1332.0	0.11	24	27	0.15	0.18	4.27	4.16	116	98	17.89	17.89
OG0002177	261.0	0.04	27	27	0.32	0.32	3.5	3.51	63	63	20.37	20.37
OG0002178	627.0	0.04	18	27	0.07	0.07	5.4	5.39	282	281	21.07	21.07
OG0002179	513.0	0.07	20	27	0.07	0.07	5.54	5.5	307	295	20.63	20.63
OG0002180	219.0	0.07	27	27	0.1	0.1	4.88	4.9	185	184	19.3	19.3
OG0002181	1281.0	0.04	26	27	0.07	0.08	5.16	5.14	231	225	16.93	16.93
OG0002182	216.0	0.0	27	27	0.18	0.18	4.16	4.16	129	129	22.81	22.81
OG0002183	435.0	0.19	24	27	0.11	0.12	4.97	4.9	173	160	18.85	18.85
OG0002184	360.0	0.07	27	27	0.08	0.08	5.15	5.15	219	217	17	17
OG0002185	501.0	0.07	23	27	0.07	0.08	5.65	5.58	354	330	25.37	25.37
OG0002186	1341.0	0.07	26	27	0.15	0.15	4.52	4.47	137	130	20	20
OG0002187	1689.0	0.04	27	27	0.1	0.11	4.7	4.64	192	178	19.48	19.48
OG0002188	1491.0	0.07	26	27	0.12	0.12	4.33	4.33	141	136	16.89	16.89
OG0002189	1362.0	0.07	25	27	0.13	0.14	4.2	4.18	129	123	16.63	16.63
OG0002190	1632.0	0.0	23	27	0.62	0.62	3.19	3.19	32	32	19.85	19.85
OG0002191	963.0	0.07	24	27	0.2	0.2	4.3	4.31	138	136	27.37	27.37
OG0002192	685.5	0.0	25	26	0.09	0.09	4.82	4.82	196	196	17.15	17.15
OG0002193	1110.0	0.04	24	26	0.12	0.13	4.52	4.42	151	135	17.62	17.62
OG0002194	1491.0	0.12	20	26	0.17	0.17	4.11	4.09	121	116	20.19	20.19
OG0002195	765.0	0.08	26	26	0.29	0.3	3.43	3.44	65	64	19.08	19.08
OG0002196	696.0	0.04	26	26	0.11	0.11	4.61	4.63	149	149	16.65	16.65
OG0002197	936.0	0.15	23	26	0.08	0.08	5.1	5.13	218	216	17.58	17.58
OG0002198	652.5	0.04	26	26	0.1	0.11	4.95	4.89	205	191	20.27	20.27
OG0002199	945.0	0.08	26	26	0.14	0.14	4.25	4.26	122	121	17.38	17.38
OG0002200	487.5	0.04	21	26	0.16	0.16	4.52	4.53	147	147	22.88	22.88
OG0002201	222.0	0.08	25	26	0.08	0.08	5.42	5.37	279	265	21.12	21.12
OG0002202	330.0	0.04	26	26	0.51	0.51	3.18	3.18	37	37	19.04	19.04
OG0002203	345.0	0.04	26	26	0.39	0.39	3.62	3.61	57	57	21.96	21.96
OG0002204	805.5	0.12	23	26	0.11	0.12	4.48	4.47	137	131	15.31	15.31
OG0002205	279.0	0.08	25	26	0.09	0.09	4.67	4.67	169	168	15.27	15.27
OG0002206	168.0	0.04	20	26	0.14	0.14	5.1	5.11	297	297	40.35	40.35
OG0002207	363.0	0.0	25	26	0.14	0.14	4.84	4.84	238	238	33.77	33.77
OG0002208	894.0	0.0	24	26	0.21	0.21	3.94	3.94	96	96	19.77	19.77
OG0002209	477.0	0.12	24	26	0.14	0.14	4.27	4.28	123	122	17.46	17.46
OG0002210	273.0	0.04	21	26	0.11	0.11	5.19	5.2	276	276	30.92	30.92
OG0002211	1497.0	0.04	20	25	0.08	0.08	5.03	5.03	223	222	17.92	17.92
OG0002212	465.0	0.0	25	25	0.12	0.12	4.66	4.66	154	154	18.72	18.72
OG0002213	498.0	0.04	25	25	0.29	0.29	3.66	3.67	70	70	20.56	20.56
OG0002214	834.0	0.24	17	25	0.09	0.1	5.34	5.28	308	279	28.88	28.88
OG0002215	312.0	0.12	25	25	0.11	0.11	4.56	4.57	170	164	18.48	18.48
OG0002216	1503.0	0.04	15	25	0.11	0.12	4.79	4.73	174	164	19.48	19.48
OG0002217	381.0	0.04	25	25	0.1	0.11	4.93	4.86	199	184	20.32	20.32
OG0002218	264.0	0.04	25	25	0.29	0.29	3.93	3.94	100	100	29.4	29.4
OG0002219	1701.0	0.0	25	25	0.18	0.18	3.98	3.98	92	92	16.8	16.8
OG0002220	1272.0	0.0	21	25	0.1	0.1	4.64	4.64	182	182	18.92	18.92
OG0002221	810.0	0.04	17	25	0.1	0.11	4.94	4.88	206	193	20.8	20.8
OG0002222	735.0	0.04	24	25	0.46	0.46	3.47	3.47	44	44	20.2	20.2
OG0002223	210.0	0.08	21	25	0.11	0.11	5.28	5.26	315	302	34.68	34.68
OG0002224	1101.0	0.12	20	25	0.13	0.13	4.36	4.37	154	150	20.04	20.04
OG0002225	633.0	0.08	25	25	0.26	0.26	3.62	3.6	71	71	18.44	18.44
OG0002226	648.0	0.0	25	25	0.14	0.14	4.23	4.23	132	132	19.12	19.12
OG0002227	840.0	0.0	25	25	0.13	0.13	4.4	4.4	145	145	19.32	19.32
OG0002228	189.0	0.04	25	25	0.24	0.24	3.7	3.69	88	88	21.08	21.08
OG0002229	855.0	0.6	18	25	0.07	0.12	5.12	4.83	232	142	16.56	16.56
OG0002230	198.0	0.16	21	25	0.07	0.07	5.57	5.54	309	295	20.84	20.84
OG0002231	114.0	0.24	14	25	0.07	0.08	5.3	5.23	230	216	16.92	16.92
OG0002232	1965.0	0.08	20	24	0.1	0.11	4.96	4.89	203	184	19.54	19.54
OG0002233	1731.0	0.17	21	24	0.08	0.09	5.03	4.92	207	181	15.54	15.54
OG0002234	1215.0	0.0	24	24	0.13	0.13	4.45	4.45	138	138	17.29	17.29
OG0002235	912.0	0.0	24	24	0.13	0.13	4.41	4.41	134	134	17.21	17.21
OG0002236	945.0	0.04	21	24	0.1	0.11	4.88	4.87	172	170	17.92	17.92
OG0002237	981.0	0.12	19	24	0.08	0.09	4.94	4.83	210	186	17.54	17.54
OG0002238	300.0	0.08	16	24	0.09	0.1	4.6	4.55	177	163	15.96	15.96
OG0002239	568.5	0.04	19	24	0.14	0.14	4.72	4.73	204	203	29.17	29.17
OG0002240	150.0	0.17	18	24	0.1	0.11	4.27	4.24	144	131	14.75	14.75
OG0002241	351.0	0.0	17	24	0.09	0.09	5.1	5.1	212	212	18.33	18.33
OG0002242	1167.0	0.04	19	24	0.11	0.11	4.89	4.91	173	173	19.42	19.42
OG0002243	666.0	0.04	13	24	0.15	0.16	4.39	4.33	123	113	18.29	18.29
OG0002244	117.0	0.08	22	24	0.08	0.09	5.54	5.47	318	294	25.54	25.54
OG0002245	1548.0	0.0	21	24	0.12	0.12	4.53	4.53	154	154	18.21	18.21
OG0002246	967.5	0.0	21	24	0.1	0.1	4.7	4.7	182	182	18.96	18.96
OG0002247	840.0	0.0	22	24	0.09	0.09	4.74	4.74	194	194	18.29	18.29
OG0002248	618.0	0.0	20	24	0.08	0.08	4.94	4.94	223	223	18.33	18.33
OG0002249	789.0	0.04	24	24	0.26	0.26	3.42	3.42	60	59	15.38	15.38
OG0002250	1761.0	0.08	24	24	0.22	0.24	3.69	3.65	78	71	17.29	17.29
OG0002251	1266.0	0.08	24	24	0.2	0.22	3.73	3.7	83	76	17	17
OG0002252	777.0	0.08	24	24	0.2	0.22	3.72	3.68	82	74	16.54	16.54
OG0002253	201.0	0.17	24	24	0.08	0.08	5.31	5.22	271	251	20.96	20.96
OG0002254	142.5	0.42	8	24	0.13	0.18	4.47	4.24	110	80	14.21	14.21
OG0002255	582.0	0.25	23	24	0.07	0.08	4.93	4.85	217	187	15.79	15.79
OG0002256	261.0	0.12	21	24	0.08	0.09	5.41	5.35	274	257	22.29	22.29
OG0002257	315.0	0.04	21	24	0.11	0.11	4.68	4.68	161	160	18.21	18.21
OG0002258	255.0	0.0	17	23	0.12	0.12	5.26	5.26	307	307	37.65	37.65
OG0002259	312.0	0.09	17	23	0.13	0.13	5.15	5.14	276	269	36.3	36.3
OG0002260	495.0	0.09	19	23	0.07	0.08	5.53	5.44	296	271	21.13	21.13
OG0002261	234.0	0.17	18	23	0.12	0.13	5.17	5.12	271	251	32.43	32.43
OG0002262	495.0	0.0	21	23	0.12	0.12	5.28	5.28	296	296	36.3	36.3
OG0002263	1302.0	0.04	23	23	0.35	0.36	3.55	3.55	58	56	20.39	20.39
OG0002264	363.0	0.09	20	23	0.06	0.06	5.66	5.62	319	304	19.13	19.13
OG0002265	393.0	0.09	23	23	0.11	0.13	4.93	4.77	175	148	19	19
OG0002266	453.0	0.13	23	23	0.11	0.12	4.48	4.47	130	124	14.91	14.91
OG0002267	369.0	0.04	22	23	0.15	0.15	4.5	4.49	146	146	21.83	21.83
OG0002268	1776.0	0.0	22	23	0.1	0.1	4.86	4.86	186	186	18.04	18.04
OG0002269	846.0	0.22	20	23	0.06	0.07	5.57	5.54	291	281	18.48	18.48
OG0002270	258.0	0.0	23	23	0.32	0.32	3.9	3.9	90	90	28.57	28.57
OG0002271	552.0	0.09	19	23	0.11	0.12	5.44	5.34	339	308	37.17	37.17
OG0002272	249.0	0.0	16	23	0.14	0.14	4.52	4.52	153	153	22.04	22.04
OG0002273	636.0	0.04	11	23	0.09	0.09	5.32	5.28	266	253	22.91	22.91
OG0002274	345.0	0.04	23	23	0.57	0.57	3.18	3.19	33	33	18.91	18.91
OG0002275	486.0	0.04	23	23	0.09	0.1	4.92	4.84	182	166	16.83	16.83
OG0002276	369.0	0.09	20	23	0.14	0.14	4.33	4.34	148	145	20.3	20.3
OG0002277	1212.0	0.0	21	23	0.12	0.12	4.59	4.59	159	159	19.83	19.83
OG0002278	441.0	0.13	22	23	0.15	0.17	4.64	4.59	173	154	26.48	26.48
OG0002279	1695.0	0.22	13	23	0.08	0.08	5.11	5.13	209	208	17.48	17.48
OG0002280	660.0	0.0	22	23	0.2	0.2	3.9	3.9	80	80	16.35	16.35
OG0002281	789.0	0.26	18	23	0.08	0.11	5.39	5.16	279	213	23.13	23.13
OG0002282	756.0	0.0	20	23	0.1	0.1	4.77	4.77	175	175	18.26	18.26
OG0002283	780.0	0.0	17	23	0.07	0.07	5.41	5.41	278	278	20	20
OG0002284	339.0	0.18	22	22	0.07	0.08	5.08	5.0	205	180	15.05	15.05
OG0002285	678.0	0.05	21	22	0.13	0.13	4.36	4.38	137	137	18.41	18.41
OG0002286	396.0	0.09	20	22	0.14	0.14	4.6	4.61	136	135	19.09	19.09
OG0002287	228.0	0.05	19	22	0.1	0.1	5.38	5.36	304	297	30.32	30.32
OG0002288	1869.0	0.14	22	22	0.3	0.37	3.66	3.51	77	61	22.86	22.86
OG0002289	417.0	0.05	20	22	0.07	0.07	5.52	5.5	286	281	19.95	19.95
OG0002290	865.5	0.82	8	22	0.15	0.46	4.18	3.4	97	31	14.14	14.14
OG0002291	174.0	0.09	15	22	0.13	0.14	5.09	5.07	271	260	36.41	36.41
OG0002292	288.0	0.05	13	22	0.08	0.08	5.38	5.37	253	250	19.5	19.5
OG0002293	2067.0	0.09	14	22	0.13	0.14	4.6	4.56	130	127	17.18	17.18
OG0002294	984.0	0.05	22	22	0.5	0.5	3.33	3.33	40	40	20	20
OG0002295	922.5	0.0	22	22	0.13	0.13	4.45	4.45	134	134	17.45	17.45
OG0002296	1167.0	0.05	21	22	0.13	0.13	4.36	4.35	123	122	16.45	16.45
OG0002297	519.0	0.0	22	22	0.17	0.17	3.94	3.94	85	85	14.73	14.73
OG0002298	1372.5	0.0	21	22	0.11	0.11	4.65	4.65	173	173	19.27	19.27
OG0002299	852.0	0.14	22	22	0.31	0.32	3.51	3.51	57	56	17.68	17.68
OG0002300	186.0	0.0	22	22	0.31	0.31	3.29	3.29	54	54	17	17
OG0002301	996.0	0.05	22	22	0.44	0.45	2.95	2.95	35	34	15.27	15.27
OG0002302	1029.0	0.05	22	22	0.17	0.19	4.32	4.25	133	120	23.27	23.27
OG0002303	1407.0	0.09	20	22	0.08	0.09	5.19	5.15	232	222	18.95	18.95
OG0002304	945.0	0.0	22	22	0.22	0.22	3.91	3.91	89	89	19.64	19.64
OG0002305	1185.0	0.05	19	22	0.09	0.09	5.15	5.11	214	207	19.59	19.59
OG0002306	492.0	0.0	19	22	0.15	0.15	4.41	4.41	142	142	22	22
OG0002307	894.0	0.0	22	22	0.2	0.2	3.67	3.67	90	90	18.36	18.36
OG0002308	1470.0	0.05	20	21	0.17	0.17	4.14	4.16	111	111	18.52	18.52
OG0002309	459.0	0.14	20	21	0.08	0.08	5.35	5.29	255	237	19.24	19.24
OG0002310	339.0	0.19	20	21	0.09	0.1	5.05	4.96	206	187	18.71	18.71
OG0002311	624.0	0.14	18	21	0.13	0.15	5.19	5.08	309	268	39.43	39.43
OG0002312	342.0	0.1	16	21	0.09	0.1	5.02	4.92	180	164	17.05	17.05
OG0002313	627.0	0.05	20	21	0.18	0.18	4.19	4.19	120	119	21.1	21.1
OG0002314	750.0	0.05	20	21	0.12	0.12	4.87	4.86	182	182	22.05	22.05
OG0002315	954.0	0.1	18	21	0.09	0.1	5.06	4.96	205	183	17.52	17.52
OG0002316	324.0	0.43	17	21	0.08	0.09	4.73	4.68	128	120	10.52	10.52
OG0002317	225.0	0.0	21	21	0.13	0.13	4.69	4.69	151	151	20	20
OG0002318	3138.0	0.0	19	21	0.07	0.07	5.31	5.31	233	233	17	17
OG0002319	1506.0	0.0	21	21	0.13	0.13	4.42	4.42	130	130	17.38	17.38
OG0002320	1026.0	0.0	18	21	0.12	0.12	4.72	4.72	145	145	17.95	17.95
OG0002321	408.0	0.0	20	21	0.07	0.07	5.57	5.57	297	297	20.81	20.81
OG0002322	405.0	0.0	19	21	0.17	0.17	4.96	4.96	249	249	42.67	42.67
OG0002323	309.0	0.0	18	21	0.17	0.17	4.73	4.73	207	207	35.33	35.33
OG0002324	246.0	0.05	19	21	0.1	0.1	4.96	4.92	188	180	18.48	18.48
OG0002325	762.0	0.05	17	21	0.08	0.09	5.28	5.23	234	223	19.76	19.76
OG0002326	423.0	0.1	21	21	0.1	0.1	4.59	4.66	158	157	16.05	16.05
OG0002327	429.0	0.0	21	21	0.12	0.12	5.02	5.02	174	174	20.1	20.1
OG0002328	405.0	0.05	21	21	0.14	0.14	4.63	4.62	178	174	24.38	24.38
OG0002329	279.0	0.0	17	21	0.12	0.12	4.52	4.52	167	167	20.14	20.14
OG0002330	183.0	0.19	20	21	0.07	0.08	5.38	5.31	259	240	18.57	18.57
OG0002331	900.0	0.19	16	21	0.12	0.13	4.43	4.38	144	131	17.33	17.33
OG0002332	894.0	0.19	16	21	0.12	0.13	4.45	4.4	145	134	17.48	17.48
OG0002333	141.0	0.19	16	21	0.12	0.12	5.02	4.98	208	200	24.24	24.24
OG0002334	1353.0	0.05	19	21	0.11	0.11	4.76	4.76	169	166	18.24	18.24
OG0002335	1278.0	0.0	15	21	0.08	0.08	5.14	5.14	223	223	18.71	18.71
OG0002336	189.0	0.14	20	21	0.1	0.11	4.73	4.71	158	153	16.52	16.52
OG0002337	1203.0	0.05	20	20	0.19	0.19	3.94	3.92	87	87	16.8	16.8
OG0002338	1725.0	0.0	20	20	0.21	0.21	3.88	3.88	88	88	18.65	18.65
OG0002339	846.0	0.0	20	20	0.22	0.22	3.83	3.83	82	82	18.1	18.1
OG0002340	312.0	0.35	14	20	0.09	0.1	5.11	5.23	209	198	19.35	19.35
OG0002341	528.0	0.0	20	20	0.11	0.11	4.81	4.81	164	164	18.4	18.4
OG0002342	303.0	0.1	15	20	0.08	0.1	5.18	5.01	243	203	20.65	20.65
OG0002343	1380.0	0.0	12	20	0.11	0.11	4.81	4.81	174	174	18.35	18.35
OG0002344	1198.5	0.15	18	20	0.19	0.21	4.03	4.0	94	88	18.1	18.1
OG0002345	390.0	0.0	20	20	0.17	0.17	4.57	4.57	112	112	19.55	19.55
OG0002346	321.0	0.15	18	20	0.12	0.15	4.72	4.52	153	122	18.4	18.4
OG0002347	1590.0	0.15	18	20	0.11	0.12	4.81	4.77	171	158	19.15	19.15
OG0002348	264.0	0.0	19	20	0.21	0.21	3.76	3.76	82	82	17.15	17.15
OG0002349	1611.0	0.0	19	20	0.14	0.14	4.5	4.5	150	150	21.05	21.05
OG0002350	195.0	0.05	16	20	0.15	0.16	5.06	5.06	258	253	39.55	39.55
OG0002351	1173.0	0.05	20	20	0.62	0.62	3.03	3.03	29	29	18.1	18.1
OG0002352	1068.0	0.15	20	20	0.12	0.16	4.66	4.34	150	109	17.6	17.6
OG0002353	775.5	0.0	8	20	0.12	0.12	4.85	4.85	162	162	18.9	18.9
OG0002354	1044.0	0.2	14	20	0.1	0.11	5.07	4.88	240	205	23.05	23.05
OG0002355	253.5	0.05	17	20	0.08	0.09	5.49	5.45	281	271	23.25	23.25
OG0002356	753.0	0.1	18	20	0.08	0.09	5.18	5.14	230	218	19.4	19.4
OG0002357	204.0	0.25	13	20	0.15	0.15	4.47	4.57	138	137	20.9	20.9
OG0002358	531.0	0.0	20	20	0.41	0.41	3.41	3.41	46	46	18.8	18.8
OG0002359	516.0	0.15	19	20	0.13	0.15	4.62	4.54	141	127	18.6	18.6
OG0002360	216.0	0.25	16	20	0.1	0.1	5.37	5.31	249	232	23.75	23.75
OG0002361	219.0	0.2	17	20	0.16	0.2	4.55	4.4	141	108	21.95	21.95
OG0002362	249.0	0.15	13	20	0.12	0.13	4.45	4.39	143	127	16.95	16.95
OG0002363	172.5	0.1	18	20	0.08	0.09	5.12	5.04	217	202	18.35	18.35
OG0002364	1275.0	0.0	6	20	0.15	0.15	3.81	3.81	91	91	13.65	13.65
OG0002365	2643.0	0.0	19	19	0.11	0.11	4.64	4.64	162	162	17.79	17.79
OG0002366	696.0	0.0	19	19	0.11	0.11	4.52	4.52	147	147	16.21	16.21
OG0002367	765.0	0.0	18	19	0.17	0.17	4.0	4.0	98	98	16.68	16.68
OG0002368	1374.0	0.0	18	19	0.18	0.18	4.14	4.14	96	96	17.68	17.68
OG0002369	348.0	0.05	19	19	0.54	0.56	3.35	3.35	39	38	21.21	21.21
OG0002370	390.0	0.11	19	19	0.38	0.39	3.45	3.45	54	52	20.53	20.53
OG0002371	1251.0	0.05	17	19	0.21	0.22	4.41	4.42	141	140	30.11	30.11
OG0002372	969.0	0.05	19	19	0.54	0.54	3.1	3.1	34	34	18.37	18.37
OG0002373	1107.0	0.0	19	19	0.45	0.45	3.37	3.37	46	46	20.63	20.63
OG0002374	1131.0	0.0	19	19	0.86	0.86	2.96	2.96	21	21	18.16	18.16
OG0002375	177.0	0.16	11	19	0.13	0.14	5.12	5.09	247	233	32.84	32.84
OG0002376	357.0	0.05	19	19	0.39	0.39	3.16	3.16	43	42	16.58	16.58
OG0002377	480.0	0.0	19	19	0.6	0.6	3.35	3.35	38	38	22.79	22.79
OG0002378	390.0	0.89	8	19	0.15	1.21	4.13	2.48	96	12	14.47	14.47
OG0002379	453.0	0.0	19	19	0.27	0.27	3.76	3.76	73	73	19.68	19.68
OG0002380	1116.0	0.11	19	19	0.13	0.14	4.36	4.33	134	129	17.95	17.95
OG0002381	585.0	0.05	18	19	0.1	0.11	5.03	4.93	182	165	18.47	18.47
OG0002382	1041.0	0.16	19	19	0.1	0.12	4.74	4.64	159	141	16.32	16.32
OG0002383	1119.0	0.16	19	19	0.1	0.12	4.77	4.67	163	145	16.95	16.95
OG0002384	390.0	0.16	17	19	0.1	0.11	4.96	4.88	175	160	18	18
OG0002385	231.0	0.11	18	19	0.14	0.15	4.73	4.75	164	162	23.63	23.63
OG0002386	132.0	0.11	19	19	0.14	0.16	4.5	4.46	128	119	18.53	18.53
OG0002387	216.0	0.11	17	19	0.14	0.14	4.56	4.51	132	128	18.21	18.21
OG0002388	1359.0	0.05	11	19	0.1	0.1	4.94	4.94	223	222	22.53	22.53
OG0002389	648.0	0.05	16	19	0.13	0.13	5.01	5.02	204	204	27.42	27.42
OG0002390	204.0	0.05	12	19	0.17	0.17	5.03	5.04	236	236	40.63	40.63
OG0002391	333.0	0.05	14	19	0.14	0.15	4.6	4.58	137	135	19.63	19.63
OG0002392	216.0	0.11	19	19	0.11	0.12	4.76	4.74	157	153	17.68	17.68
OG0002393	189.0	0.05	19	19	0.16	0.16	4.54	4.51	123	120	19.47	19.47
OG0002394	207.0	0.26	13	19	0.15	0.15	4.83	4.87	171	166	25.53	25.53
OG0002395	678.0	0.05	14	19	0.12	0.13	4.81	4.79	155	152	19.32	19.32
OG0002396	306.0	0.0	19	19	0.17	0.17	4.08	4.08	112	112	19.21	19.21
OG0002397	366.0	0.05	15	19	0.3	0.3	3.86	3.86	78	78	23.05	23.05
OG0002398	570.0	0.05	15	19	0.26	0.27	3.96	3.96	91	90	24.11	24.11
OG0002399	330.0	0.0	15	19	0.22	0.22	4.24	4.24	125	125	26.89	26.89
OG0002400	897.0	0.05	19	19	0.21	0.23	4.11	4.03	87	77	18.05	18.05
OG0002401	561.0	0.0	18	18	0.11	0.11	4.55	4.55	148	148	16.67	16.67
OG0002402	2022.0	0.0	18	18	0.11	0.11	4.66	4.66	163	163	17.72	17.72
OG0002403	1677.0	0.0	18	18	0.11	0.11	4.57	4.57	152	152	16.67	16.67
OG0002404	780.0	0.0	18	18	0.21	0.21	3.79	3.79	82	82	17.33	17.33
OG0002405	1401.0	0.0	18	18	0.18	0.18	4.17	4.17	100	100	17.83	17.83
OG0002406	1239.0	0.0	18	18	0.18	0.18	4.15	4.15	99	99	17.56	17.56
OG0002407	882.0	0.0	16	18	0.14	0.14	4.42	4.42	136	136	18.5	18.5
OG0002408	288.0	0.17	18	18	0.13	0.13	4.71	4.71	139	134	17.94	17.94
OG0002409	444.0	0.06	18	18	0.1	0.1	4.57	4.57	152	151	15.28	15.28
OG0002410	177.0	0.11	18	18	0.29	0.29	3.89	3.88	74	72	21.11	21.11
OG0002411	1080.0	0.0	18	18	0.17	0.17	4.08	4.08	92	92	15.44	15.44
OG0002412	813.0	0.11	18	18	0.13	0.13	4.61	4.66	158	156	20.67	20.67
OG0002413	594.0	0.06	16	18	0.18	0.18	4.62	4.64	170	169	30.39	30.39
OG0002414	270.0	0.11	18	18	0.33	0.35	3.39	3.38	53	51	17.72	17.72
OG0002415	1269.0	0.06	16	18	0.23	0.27	3.82	3.7	77	65	17.72	17.72
OG0002416	1128.0	0.0	17	18	0.17	0.17	4.5	4.5	119	119	20.39	20.39
OG0002417	784.5	0.06	16	18	0.1	0.11	4.97	4.92	178	168	18.61	18.61
OG0002418	2490.0	0.06	18	18	0.17	0.17	4.06	4.06	110	109	18.61	18.61
OG0002419	288.0	0.06	13	18	0.1	0.11	4.66	4.59	150	139	14.94	14.94
OG0002420	201.0	0.0	18	18	0.3	0.3	3.76	3.76	69	69	20.39	20.39
OG0002421	1653.0	0.0	16	18	0.12	0.12	4.65	4.65	152	152	18.94	18.94
OG0002422	357.0	0.06	10	18	0.08	0.08	5.41	5.38	246	240	18.5	18.5
OG0002423	399.0	0.06	18	18	0.11	0.11	5.2	5.2	211	207	22.5	22.5
OG0002424	2610.0	0.06	18	18	0.1	0.1	4.98	4.99	171	171	17.28	17.28
OG0002425	378.0	0.11	13	18	0.12	0.13	4.5	4.46	151	141	18.5	18.5
OG0002426	711.0	0.06	15	18	0.13	0.15	4.81	4.68	161	139	20.72	20.72
OG0002427	759.0	0.17	17	18	0.11	0.13	4.85	4.7	171	142	19.11	19.11
OG0002428	961.5	0.06	16	18	0.54	0.54	3.37	3.37	39	39	21.06	21.06
OG0002429	516.0	0.0	18	18	0.45	0.45	3.14	3.14	37	37	16.78	16.78
OG0002430	196.5	0.06	14	18	0.15	0.15	5.13	5.11	261	253	39.11	39.11
OG0002431	192.0	0.0	18	18	0.37	0.37	3.53	3.53	59	59	22.06	22.06
OG0002432	918.0	0.06	16	18	0.09	0.09	5.06	5.05	200	199	17.61	17.61
OG0002433	525.0	0.33	14	18	0.09	0.13	4.88	4.62	182	133	17.06	17.06
OG0002434	375.0	0.22	14	18	0.09	0.11	4.87	4.74	181	152	17	17
OG0002435	732.0	0.28	12	18	0.1	0.11	4.94	4.82	185	167	17.89	17.89
OG0002436	642.0	0.0	13	18	0.16	0.16	4.62	4.62	159	159	26	26
OG0002437	1609.5	0.11	14	18	0.1	0.11	4.91	4.85	177	170	18.5	18.5
OG0002438	147.0	0.06	16	18	0.14	0.14	4.43	4.44	130	129	18.39	18.39
OG0002439	468.0	0.0	7	18	0.24	0.24	3.78	3.78	75	75	17.94	17.94
OG0002440	183.0	0.11	18	18	0.24	0.24	4.19	4.17	114	112	27.17	27.17
OG0002441	351.0	0.06	14	18	0.3	0.3	3.77	3.77	73	73	22.11	22.11
OG0002442	390.0	0.0	15	18	0.26	0.26	3.99	3.99	96	96	25	25
OG0002443	351.0	0.0	15	18	0.26	0.26	4.03	4.03	98	98	25.72	25.72
OG0002444	306.0	0.0	14	18	0.22	0.22	4.18	4.18	117	117	25.94	25.94
OG0002445	867.0	0.06	17	18	0.44	0.44	3.29	3.29	42	42	18.28	18.28
OG0002446	399.0	0.06	13	18	0.16	0.18	4.56	4.45	132	116	20.61	20.61
OG0002447	429.0	0.06	4	18	0.07	0.07	5.47	5.47	285	282	19.72	19.72
OG0002448	981.0	0.0	17	17	0.31	0.31	3.48	3.48	53	53	16.41	16.41
OG0002449	1767.0	0.0	17	17	0.28	0.28	3.59	3.59	62	62	17.12	17.12
OG0002450	1719.0	0.0	17	17	0.26	0.26	3.63	3.63	67	67	17.41	17.41
OG0002451	1770.0	0.0	17	17	0.27	0.27	3.56	3.56	62	62	16.76	16.76
OG0002452	1539.0	0.0	13	17	0.12	0.12	4.36	4.36	108	108	12.53	12.53
OG0002453	609.0	0.12	17	17	0.1	0.11	5.03	4.98	185	177	19.18	19.18
OG0002454	759.0	0.0	14	17	0.13	0.13	4.74	4.74	144	144	18.35	18.35
OG0002455	546.0	0.06	15	17	0.26	0.26	4.04	4.04	80	79	20.71	20.71
OG0002456	90.0	0.06	17	17	0.29	0.37	3.49	3.35	62	49	17.94	17.94
OG0002457	591.0	0.12	16	17	0.07	0.08	5.44	5.34	253	231	18.76	18.76
OG0002458	672.0	0.0	17	17	0.15	0.15	4.64	4.64	129	129	19.71	19.71
OG0002459	828.0	0.06	12	17	0.14	0.14	4.6	4.58	123	121	17.53	17.53
OG0002460	1035.0	0.0	15	17	0.1	0.1	5.0	5.0	179	179	17.59	17.59
OG0002461	492.0	0.0	13	17	0.09	0.09	5.31	5.31	230	230	19.71	19.71
OG0002462	564.0	0.06	16	17	0.13	0.13	4.59	4.61	124	123	15.82	15.82
OG0002463	99.0	0.06	17	17	0.24	0.25	3.87	3.86	84	82	20.12	20.12
OG0002464	2007.0	0.18	16	17	0.14	0.16	4.42	4.31	128	113	18.06	18.06
OG0002465	1167.0	0.12	15	17	0.19	0.2	4.12	4.1	100	95	18.53	18.53
OG0002466	150.0	0.0	17	17	0.15	0.15	4.03	4.03	91	91	13.59	13.59
OG0002467	480.0	0.0	14	17	0.09	0.09	5.33	5.33	245	245	21.29	21.29
OG0002468	228.0	0.06	16	17	0.09	0.09	5.28	5.23	226	216	20.47	20.47
OG0002469	930.0	0.0	6	17	0.28	0.28	3.44	3.44	52	52	14.59	14.59
OG0002470	285.0	0.12	16	17	0.14	0.16	4.58	4.46	129	113	18.12	18.12
OG0002471	1338.0	0.12	16	17	0.16	0.16	4.22	4.24	102	101	16.59	16.59
OG0002472	207.0	0.06	17	17	0.46	0.46	3.43	3.44	46	46	21.35	21.35
OG0002473	156.0	0.06	13	17	0.09	0.09	5.32	5.31	236	234	20.59	20.59
OG0002474	621.0	0.06	17	17	0.19	0.19	4.15	4.13	99	99	19.12	19.12
OG0002475	1287.0	0.12	17	17	0.11	0.11	4.95	4.91	179	168	19.18	19.18
OG0002476	696.0	0.0	16	17	0.1	0.1	4.67	4.67	146	146	14.71	14.71
OG0002477	2496.0	0.18	10	17	0.13	0.15	4.72	4.57	187	155	23.76	23.76
OG0002478	399.0	0.12	17	17	0.14	0.15	4.37	4.33	136	127	19.06	19.06
OG0002479	576.0	0.12	14	17	0.08	0.09	5.32	5.26	248	229	20.71	20.71
OG0002480	1002.0	0.06	17	17	0.11	0.11	4.64	4.63	152	150	17.12	17.12
OG0002481	2778.0	0.12	11	17	0.09	0.1	5.17	5.05	209	185	18.24	18.24
OG0002482	654.0	0.24	16	17	0.08	0.09	5.17	5.2	215	205	17.47	17.47
OG0002483	189.0	0.18	17	17	0.08	0.09	5.39	5.27	241	214	19.18	19.18
OG0002484	318.0	0.0	17	17	0.09	0.09	5.19	5.19	212	212	19.53	19.53
OG0002485	525.0	0.12	15	17	0.15	0.16	5.04	5.03	234	227	36.06	36.06
OG0002486	774.0	0.06	15	17	0.16	0.16	5.07	5.06	234	232	37.29	37.29
OG0002487	1884.0	0.06	11	17	0.13	0.13	4.8	4.8	162	161	21.41	21.41
OG0002488	165.0	0.06	14	17	0.09	0.09	5.37	5.33	250	239	21.65	21.65
OG0002489	891.0	0.06	17	17	0.41	0.41	3.27	3.28	43	43	17.76	17.76
OG0002490	429.0	0.82	12	17	0.1	0.3	4.77	3.91	158	54	16	16
OG0002491	1140.0	0.12	11	17	0.07	0.07	5.4	5.4	246	243	17.88	17.88
OG0002492	1383.0	0.0	13	17	0.16	0.16	4.45	4.45	128	128	20.59	20.59
OG0002493	163.5	0.0	15	16	0.11	0.11	4.72	4.72	156	156	17.5	17.5
OG0002494	918.0	0.0	13	16	0.11	0.11	4.93	4.93	180	180	19.75	19.75
OG0002495	1455.0	0.06	15	16	0.15	0.17	4.38	4.23	134	116	19.94	19.94
OG0002496	966.0	0.12	16	16	0.28	0.29	3.72	3.71	62	60	17.56	17.56
OG0002497	1110.0	0.0	16	16	0.19	0.19	4.03	4.03	99	99	18.69	18.69
OG0002498	355.5	0.0	11	16	0.17	0.17	5.23	5.23	241	241	40.44	40.44
OG0002499	337.5	0.0	11	16	0.16	0.16	4.26	4.26	114	114	18.62	18.62
OG0002500	1585.5	0.06	16	16	0.13	0.15	4.54	4.42	145	129	19.44	19.44
OG0002501	603.0	0.0	13	16	0.09	0.09	5.31	5.31	221	221	19.94	19.94
OG0002502	1045.5	0.19	14	16	0.09	0.11	5.22	4.98	218	172	18.56	18.56
OG0002503	4428.0	0.06	14	16	0.2	0.25	4.15	3.97	105	83	20.62	20.62
OG0002504	243.0	0.06	16	16	0.61	0.61	3.26	3.26	34	34	20.81	20.81
OG0002505	774.0	0.25	15	16	0.09	0.11	5.16	4.98	215	177	18.88	18.88
OG0002506	2103.0	0.0	16	16	0.21	0.21	4.16	4.16	91	91	18.81	18.81
OG0002507	1213.5	0.0	15	16	0.28	0.28	3.65	3.65	62	62	17.12	17.12
OG0002508	1080.0	0.12	16	16	0.18	0.18	4.24	4.24	102	98	18	18
OG0002509	1422.0	0.12	16	16	0.18	0.2	4.14	4.13	94	89	17.38	17.38
OG0002510	210.0	0.06	16	16	0.49	0.49	3.76	3.78	62	62	30.44	30.44
OG0002511	135.0	0.06	16	16	0.42	0.42	3.82	3.84	71	71	29.81	29.81
OG0002512	744.0	0.06	16	16	0.13	0.13	4.71	4.73	135	135	17.44	17.44
OG0002513	1296.0	0.0	16	16	0.22	0.22	3.93	3.93	86	86	19.19	19.19
OG0002514	510.0	0.0	16	16	0.22	0.22	3.92	3.92	86	86	18.56	18.56
OG0002515	1038.0	0.0	16	16	0.21	0.21	3.96	3.96	91	91	19.06	19.06
OG0002516	1323.0	0.06	16	16	0.13	0.14	4.51	4.47	135	131	18.06	18.06
OG0002517	534.0	0.06	16	16	0.14	0.14	4.47	4.49	132	131	18	18
OG0002518	489.0	0.12	14	16	0.19	0.21	4.25	4.23	109	102	21	21
OG0002519	330.0	0.12	16	16	0.08	0.09	5.49	5.36	262	233	20.25	20.25
OG0002520	363.0	0.0	12	16	0.15	0.15	4.75	4.75	174	174	25.62	25.62
OG0002521	1440.0	0.25	13	16	0.1	0.11	5.12	5.01	205	182	19.75	19.75
OG0002522	237.0	0.0	16	16	0.35	0.35	3.88	3.88	82	82	29	29
OG0002523	201.0	0.38	13	16	0.09	0.12	5.25	5.0	211	159	18.38	18.38
OG0002524	249.0	0.0	16	16	0.38	0.38	3.53	3.53	50	50	19	19
OG0002525	693.0	0.0	16	16	0.17	0.17	4.25	4.25	116	116	19.19	19.19
OG0002526	1470.0	0.06	14	16	0.11	0.11	4.76	4.74	147	143	15.44	15.44
OG0002527	418.5	0.0	16	16	0.28	0.28	3.72	3.72	68	68	19.38	19.38
OG0002528	165.0	0.0	16	16	0.1	0.1	5.22	5.22	213	213	22.31	22.31
OG0002529	1276.5	0.06	15	16	0.12	0.12	4.6	4.62	144	143	17.56	17.56
OG0002530	309.0	0.0	15	15	0.18	0.18	4.25	4.25	92	92	16.53	16.53
OG0002531	1659.0	0.07	15	15	0.16	0.17	4.39	4.29	110	99	17.27	17.27
OG0002532	1125.0	0.0	15	15	0.2	0.2	3.98	3.98	98	98	19.33	19.33
OG0002533	273.0	0.07	15	15	0.66	0.66	3.23	3.23	31	31	20.53	20.53
OG0002534	498.0	0.2	9	15	0.17	0.2	5.0	4.89	217	187	36.47	36.47
OG0002535	150.0	0.07	12	15	0.22	0.22	4.81	4.81	179	179	39.33	39.33
OG0002536	951.0	0.07	14	15	0.28	0.28	4.29	4.3	119	118	33.53	33.53
OG0002537	297.0	0.07	14	15	0.28	0.28	4.08	4.09	102	101	28.33	28.33
OG0002538	336.0	0.07	14	15	0.28	0.29	4.04	4.05	98	97	27.87	27.87
OG0002539	414.0	0.07	14	15	0.28	0.28	4.01	4.02	96	95	27	27
OG0002540	423.0	0.07	14	15	0.28	0.29	3.94	3.94	91	90	25.73	25.73
OG0002541	558.0	0.07	14	15	0.29	0.29	3.88	3.89	87	86	25.2	25.2
OG0002542	498.0	0.07	14	15	0.31	0.31	3.76	3.76	76	75	23.47	23.47
OG0002543	285.0	0.07	14	15	0.34	0.35	3.65	3.64	65	64	22.27	22.27
OG0002544	597.0	0.2	12	15	0.11	0.13	5.18	5.06	231	203	26.53	26.53
OG0002545	744.0	0.13	13	15	0.1	0.1	5.14	5.08	198	184	19.27	19.27
OG0002546	201.0	0.07	15	15	0.12	0.13	4.77	4.75	148	146	18.47	18.47
OG0002547	435.0	0.0	7	15	0.11	0.11	4.91	4.91	161	161	18.2	18.2
OG0002548	789.0	0.33	13	15	0.09	0.13	5.19	4.86	201	145	18.4	18.4
OG0002549	450.0	0.07	13	15	0.18	0.2	4.2	4.11	106	95	18.67	18.67
OG0002550	297.0	0.0	15	15	0.11	0.11	4.96	4.96	164	164	17.53	17.53
OG0002551	327.0	0.0	11	15	0.11	0.11	4.53	4.53	135	135	14.53	14.53
OG0002552	630.0	0.07	10	15	0.29	0.29	3.85	3.87	80	80	23.27	23.27
OG0002553	582.0	0.0	9	15	0.22	0.22	4.09	4.09	95	95	20.6	20.6
OG0002554	129.0	0.07	14	15	0.09	0.1	5.33	5.25	246	226	21.53	21.53
OG0002555	117.0	0.13	14	15	0.09	0.1	5.33	5.21	243	214	21.93	21.93
OG0002556	924.0	0.07	13	15	0.16	0.17	4.54	4.48	113	107	18.4	18.4
OG0002557	402.0	0.07	15	15	0.16	0.17	4.37	4.29	131	122	20.47	20.47
OG0002558	450.0	0.0	14	15	0.1	0.1	5.15	5.15	205	205	21.33	21.33
OG0002559	585.0	0.2	13	15	0.11	0.13	4.86	4.7	154	128	16.8	16.8
OG0002560	429.0	0.13	15	15	0.26	0.26	3.83	3.88	72	72	18.67	18.67
OG0002561	894.0	0.13	14	15	0.24	0.25	3.7	3.66	64	62	15.53	15.53
OG0002562	906.0	0.07	15	15	0.16	0.16	4.23	4.26	106	106	17.27	17.27
OG0002563	1008.0	0.07	15	15	0.15	0.15	4.44	4.43	124	122	18.27	18.27
OG0002564	717.0	0.07	15	15	0.58	0.6	3.15	3.14	31	30	18.13	18.13
OG0002565	1299.0	0.13	15	15	0.15	0.16	4.35	4.33	107	101	15.8	15.8
OG0002566	273.0	0.0	12	15	0.16	0.16	4.91	4.91	193	193	30.13	30.13
OG0002567	1089.0	0.13	9	15	0.14	0.14	4.49	4.5	150	147	20.27	20.27
OG0002568	594.0	0.13	11	15	0.13	0.16	4.68	4.44	174	139	21.8	21.8
OG0002569	480.0	0.07	15	15	0.17	0.17	4.1	4.09	110	109	18.4	18.4
OG0002570	174.0	0.07	15	15	0.12	0.13	5.15	5.04	206	185	24.93	24.93
OG0002571	1197.0	0.0	15	15	0.2	0.2	4.38	4.38	102	102	20.13	20.13
OG0002572	636.0	0.0	14	15	0.5	0.5	3.37	3.37	44	44	21.93	21.93
OG0002573	312.0	0.07	9	15	0.12	0.12	4.56	4.59	149	149	18.13	18.13
OG0002574	240.0	0.0	15	15	0.32	0.32	3.74	3.74	63	63	20.07	20.07
OG0002575	1353.0	0.07	10	15	0.2	0.24	4.13	4.01	99	85	20.2	20.2
OG0002576	1419.0	0.07	15	15	0.12	0.13	4.82	4.73	160	147	19.2	19.2
OG0002577	1698.0	0.07	15	15	0.11	0.11	5.06	5.05	180	178	19.47	19.47
OG0002578	819.0	0.0	14	15	0.18	0.18	4.14	4.14	99	99	17.4	17.4
OG0002579	858.0	0.0	12	15	0.13	0.13	4.81	4.81	147	147	19.2	19.2
OG0002580	456.0	0.07	2	15	0.08	0.08	5.31	5.31	248	244	19.8	19.8
OG0002581	708.0	0.14	14	14	0.16	0.17	4.28	4.2	106	96	16.79	16.79
OG0002582	819.0	0.0	14	14	0.17	0.17	4.09	4.09	104	104	18.14	18.14
OG0002583	1914.0	0.0	14	14	0.17	0.17	4.22	4.22	114	114	19.5	19.5
OG0002584	1125.0	0.07	13	14	0.27	0.27	3.68	3.69	51	51	13.86	13.86
OG0002585	1272.0	0.0	14	14	0.29	0.29	3.91	3.91	64	64	18.36	18.36
OG0002586	912.0	0.0	13	14	0.18	0.18	4.36	4.36	109	109	19.79	19.79
OG0002587	324.0	0.0	14	14	0.11	0.11	5.23	5.23	212	212	23.36	23.36
OG0002588	333.0	0.07	14	14	0.61	0.63	3.19	3.18	32	31	19.57	19.57
OG0002589	1488.0	0.0	14	14	0.1	0.1	5.15	5.15	195	195	19.5	19.5
OG0002590	1248.0	0.29	12	14	0.13	0.18	4.65	4.31	130	92	16.79	16.79
OG0002591	97.5	0.29	3	14	0.08	0.1	5.33	5.08	214	167	16.93	16.93
OG0002592	730.5	0.21	11	14	0.13	0.13	4.87	4.85	148	143	19.29	19.29
OG0002593	1092.0	0.07	14	14	0.24	0.25	4.13	4.1	73	72	17.86	17.86
OG0002594	708.0	0.07	13	14	0.18	0.18	4.58	4.57	122	122	22.14	22.14
OG0002595	1434.0	0.29	12	14	0.12	0.14	4.55	4.45	136	117	16.5	16.5
OG0002596	709.5	0.29	10	14	0.1	0.12	5.3	5.19	228	193	23.07	23.07
OG0002597	603.0	0.0	10	14	0.13	0.13	4.79	4.79	149	149	18.71	18.71
OG0002598	672.0	0.0	14	14	0.12	0.12	4.91	4.91	163	163	18.86	18.86
OG0002599	294.0	0.07	14	14	0.17	0.21	4.17	3.97	100	81	17.14	17.14
OG0002600	219.0	0.0	14	14	0.19	0.19	4.87	4.87	204	204	38.93	38.93
OG0002601	1149.0	0.07	11	14	0.18	0.18	4.61	4.62	154	153	27.57	27.57
OG0002602	330.0	0.07	14	14	0.25	0.25	4.11	4.13	76	76	19.21	19.21
OG0002603	273.0	0.14	14	14	0.16	0.2	4.7	4.53	141	119	23.21	23.21
OG0002604	477.0	0.07	11	14	0.12	0.12	4.82	4.79	150	145	18	18
OG0002605	1101.0	0.07	14	14	0.17	0.17	4.24	4.27	112	111	18.5	18.5
OG0002606	834.0	0.07	14	14	0.16	0.16	4.26	4.29	114	113	18.43	18.43
OG0002607	1104.0	0.07	14	14	0.16	0.16	4.3	4.33	116	115	18.14	18.14
OG0002608	1039.5	0.21	7	14	0.21	0.23	4.26	4.17	93	85	19.29	19.29
OG0002609	1773.0	0.07	14	14	0.18	0.19	4.11	4.09	107	105	19.43	19.43
OG0002610	873.0	0.0	13	14	0.2	0.2	4.03	4.03	83	83	16.79	16.79
OG0002611	259.5	0.0	14	14	0.61	0.61	3.04	3.04	27	27	16.36	16.36
OG0002612	639.0	0.0	14	14	0.09	0.09	5.22	5.22	212	212	19.71	19.71
OG0002613	1218.0	0.14	11	14	0.09	0.09	5.16	5.13	195	190	17.93	17.93
OG0002614	243.0	0.21	14	14	0.12	0.16	4.87	4.63	163	126	19.71	19.71
OG0002615	261.0	0.29	9	14	0.17	0.17	4.17	4.31	104	104	17.86	17.86
OG0002616	1041.0	0.07	14	14	0.13	0.13	4.52	4.54	132	130	17.29	17.29
OG0002617	948.0	0.07	14	14	0.13	0.13	4.54	4.56	135	133	17.29	17.29
OG0002618	192.0	0.0	14	14	0.23	0.23	3.82	3.82	77	77	17.57	17.57
OG0002619	919.5	0.14	14	14	0.11	0.12	4.76	4.71	150	137	16.29	16.29
OG0002620	435.0	0.07	14	14	0.12	0.13	4.78	4.73	152	145	18.29	18.29
OG0002621	546.0	0.07	13	14	0.09	0.09	5.4	5.38	237	232	20.86	20.86
OG0002622	1167.0	0.0	12	14	0.15	0.15	4.67	4.67	130	130	20	20
OG0002623	570.0	0.07	13	14	0.15	0.15	4.62	4.64	133	132	19.5	19.5
OG0002624	1404.0	0.0	10	14	0.2	0.2	4.31	4.31	101	101	20.36	20.36
OG0002625	432.0	0.0	6	14	0.21	0.21	4.37	4.37	95	95	20.21	20.21
OG0002626	657.0	0.08	13	13	0.12	0.12	5.35	5.32	252	245	29.15	29.15
OG0002627	186.0	0.08	13	13	0.72	0.72	3.22	3.22	30	30	21.62	21.62
OG0002628	327.0	0.0	11	13	0.11	0.11	5.03	5.03	170	170	18.92	18.92
OG0002629	831.0	0.15	12	13	0.11	0.11	5.02	4.97	174	161	18.46	18.46
OG0002630	2310.0	0.15	11	13	0.15	0.19	4.41	4.19	107	86	16.08	16.08
OG0002631	1185.0	0.0	13	13	0.13	0.13	4.76	4.76	142	142	18.46	18.46
OG0002632	1779.0	0.0	12	13	0.17	0.17	4.3	4.3	107	107	18.15	18.15
OG0002633	3030.0	0.0	12	13	0.24	0.24	3.99	3.99	83	83	19.54	19.54
OG0002634	333.0	0.15	12	13	0.13	0.13	5.16	5.11	216	206	27.08	27.08
OG0002635	729.0	0.08	13	13	0.2	0.21	4.03	3.99	85	84	17.23	17.23
OG0002636	330.0	0.08	10	13	0.09	0.1	5.21	5.17	220	208	20.77	20.77
OG0002637	573.0	0.0	13	13	0.62	0.62	3.16	3.16	31	31	19.15	19.15
OG0002638	372.0	0.15	13	13	0.12	0.13	4.79	4.73	136	128	16.92	16.92
OG0002639	1338.0	0.0	10	13	0.34	0.34	3.56	3.56	50	50	17.08	17.08
OG0002640	159.0	0.15	13	13	0.15	0.18	4.69	4.58	136	119	21.08	21.08
OG0002641	318.0	0.0	12	13	0.37	0.37	3.67	3.67	61	61	22.46	22.46
OG0002642	1575.0	0.08	13	13	0.18	0.18	4.22	4.25	107	106	19.08	19.08
OG0002643	1353.0	0.08	13	13	0.14	0.15	4.58	4.59	127	125	18.38	18.38
OG0002644	1590.0	0.0	12	13	0.17	0.17	4.44	4.44	111	111	19	19
OG0002645	783.0	0.15	7	13	0.16	0.17	4.46	4.43	115	112	18.85	18.85
OG0002646	579.0	0.08	10	13	0.17	0.18	4.68	4.64	157	150	27.23	27.23
OG0002647	633.0	0.23	12	13	0.19	0.2	4.92	4.91	191	180	35.46	35.46
OG0002648	1098.0	0.23	9	13	0.17	0.21	4.27	4.1	128	104	21.92	21.92
OG0002649	741.0	0.08	13	13	0.12	0.13	4.68	4.63	143	135	17.62	17.62
OG0002650	1518.0	0.08	13	13	0.12	0.13	4.75	4.7	151	143	18.54	18.54
OG0002651	318.0	0.08	13	13	0.2	0.2	4.3	4.28	89	89	17.54	17.54
OG0002652	231.0	0.08	13	13	0.59	0.61	3.15	3.14	30	29	17.62	17.62
OG0002653	327.0	0.15	13	13	0.25	0.25	3.63	3.65	56	55	13.77	13.77
OG0002654	831.0	0.0	11	13	0.9	0.9	3.25	3.25	27	27	24.31	24.31
OG0002655	417.0	0.23	12	13	0.12	0.14	4.97	4.79	163	136	19.38	19.38
OG0002656	933.0	0.08	13	13	0.26	0.29	3.87	3.8	81	73	21.08	21.08
OG0002657	1920.0	0.0	10	13	0.21	0.21	4.14	4.14	90	90	18.77	18.77
OG0002658	333.0	0.08	10	13	0.19	0.19	4.61	4.62	133	133	25.08	25.08
OG0002659	228.0	0.08	11	13	0.18	0.19	5.02	5.0	221	211	39.08	39.08
OG0002660	819.0	0.08	10	13	0.24	0.24	4.27	4.27	87	86	20.54	20.54
OG0002661	1752.0	0.0	8	13	0.17	0.17	4.34	4.34	103	103	17.15	17.15
OG0002662	1101.0	0.46	9	13	0.12	0.18	4.88	4.52	153	102	18.85	18.85
OG0002663	360.0	0.15	13	13	0.14	0.15	4.59	4.56	127	119	17.54	17.54
OG0002664	570.0	0.0	12	13	0.15	0.15	4.53	4.53	126	126	19.31	19.31
OG0002665	819.0	0.08	12	13	0.16	0.17	4.39	4.39	110	109	18.15	18.15
OG0002666	357.0	0.08	13	13	0.12	0.12	4.98	4.97	162	159	19.46	19.46
OG0002667	495.0	0.25	12	12	0.11	0.14	4.96	4.72	158	124	17.67	17.67
OG0002668	1194.0	0.17	12	12	0.12	0.14	4.87	4.72	151	128	18.42	18.42
OG0002669	237.0	0.0	12	12	0.11	0.11	5.05	5.05	175	175	19.25	19.25
OG0002670	825.0	0.08	11	12	0.32	0.32	4.11	4.12	97	96	30.92	30.92
OG0002671	819.0	0.08	12	12	0.37	0.38	3.63	3.62	57	55	21.17	21.17
OG0002672	349.5	0.25	11	12	0.19	0.19	4.62	4.65	129	126	24.25	24.25
OG0002673	496.5	0.08	11	12	0.12	0.13	5.09	5.06	194	182	23.75	23.75
OG0002674	274.5	0.17	11	12	0.12	0.12	4.83	4.87	149	147	17.58	17.58
OG0002675	456.0	0.0	11	12	0.24	0.24	4.0	4.0	81	81	19.25	19.25
OG0002676	363.0	0.0	12	12	0.16	0.16	4.63	4.63	133	133	20.67	20.67
OG0002677	277.5	0.0	12	12	0.16	0.16	4.58	4.58	129	129	20.25	20.25
OG0002678	396.0	0.25	12	12	0.11	0.13	5.37	5.19	234	193	25.67	25.67
OG0002679	940.5	0.08	10	12	0.16	0.16	4.73	4.75	133	133	20.67	20.67
OG0002680	673.5	0.08	12	12	0.14	0.14	4.64	4.6	121	117	16.92	16.92
OG0002681	255.0	0.08	12	12	0.1	0.11	5.03	4.91	165	146	16.75	16.75
OG0002682	162.0	0.36	10	11	0.11	0.14	5.09	4.88	172	138	19.09	19.09
OG0002683	1305.0	0.0	12	12	0.17	0.17	4.27	4.27	105	105	17.33	17.33
OG0002684	438.0	0.0	12	12	0.27	0.27	3.77	3.77	64	64	17.5	17.5
OG0002685	243.0	0.0	12	12	0.28	0.28	3.77	3.77	63	63	17.67	17.67
OG0002686	1329.0	0.0	12	12	0.3	0.3	3.77	3.77	63	63	19.17	19.17
OG0002687	351.0	0.08	9	12	0.43	0.43	3.52	3.53	48	48	20.83	20.83
OG0002688	273.0	0.0	11	12	0.17	0.17	4.51	4.51	114	114	19.58	19.58
OG0002689	882.0	0.08	12	12	0.24	0.24	3.95	3.9	77	76	18.33	18.33
OG0002690	972.0	0.08	12	12	0.24	0.24	3.93	3.88	75	74	17.83	17.83
OG0002691	922.5	0.08	7	12	0.13	0.13	4.84	4.8	142	137	18.17	18.17
OG0002692	666.0	0.08	11	12	0.1	0.11	5.06	5.01	172	161	17	17
OG0002693	276.0	0.17	12	12	0.19	0.21	4.53	4.47	133	122	25.33	25.33
OG0002694	507.0	0.0	12	12	0.17	0.17	4.54	4.54	118	118	19.92	19.92
OG0002695	465.0	0.0	12	12	0.36	0.36	3.28	3.28	43	43	15.42	15.42
OG0002696	219.0	0.0	7	12	0.23	0.23	4.89	4.89	177	177	41.5	41.5
OG0002697	598.5	0.08	11	12	0.16	0.17	4.56	4.55	122	121	20	20
OG0002698	186.0	0.0	11	12	0.21	0.21	5.04	5.04	195	195	40.58	40.58
OG0002699	1914.0	0.08	8	12	0.18	0.21	4.3	4.19	135	120	24.67	24.67
OG0002700	1669.5	0.67	8	12	0.18	0.28	4.38	4.0	94	60	16.67	16.67
OG0002701	268.5	0.0	10	12	0.14	0.14	5.36	5.36	250	250	35	35
OG0002702	661.5	0.0	8	12	0.19	0.19	4.56	4.56	132	132	24.83	24.83
OG0002703	786.0	0.0	12	12	0.17	0.17	4.31	4.31	105	105	17.92	17.92
OG0002704	1624.5	0.0	10	12	0.18	0.18	4.25	4.25	100	100	18.5	18.5
OG0002705	202.5	0.08	12	12	0.13	0.14	4.81	4.78	134	130	17.83	17.83
OG0002706	855.0	0.0	12	12	0.42	0.42	3.38	3.38	41	41	17.08	17.08
OG0002707	318.0	0.0	12	12	0.21	0.21	4.05	4.05	83	83	17.33	17.33
OG0002708	247.5	0.08	11	12	0.19	0.19	4.31	4.33	90	89	16.92	16.92
OG0002709	2616.0	0.17	11	12	0.12	0.12	4.83	4.81	147	145	17.42	17.42
OG0002710	493.5	0.83	10	12	0.14	0.39	4.33	3.59	100	37	14.33	14.33
OG0002711	562.5	0.0	12	12	0.14	0.14	4.82	4.82	150	150	20.58	20.58
OG0002712	132.0	0.25	12	12	0.55	0.64	3.14	3.11	31	27	17.17	17.17
OG0002713	189.0	0.0	12	12	0.71	0.71	3.35	3.35	34	34	24.25	24.25
OG0002714	849.0	0.08	10	12	0.26	0.26	3.83	3.82	63	61	16.08	16.08
OG0002715	855.0	0.0	11	12	0.17	0.17	4.34	4.34	107	107	18	18
OG0002716	900.0	0.17	11	12	0.22	0.22	4.17	4.19	89	89	19.92	19.92
OG0002717	1173.0	0.0	11	12	0.2	0.2	4.39	4.39	99	99	20.08	20.08
OG0002718	168.0	0.08	4	12	0.1	0.1	5.2	5.12	202	185	19.42	19.42
OG0002719	265.5	0.0	12	12	0.12	0.12	5.04	5.04	169	169	19.83	19.83
OG0002720	591.0	0.08	11	12	0.27	0.27	4.0	4.03	67	67	18.33	18.33
OG0002721	351.0	0.0	10	12	0.17	0.17	4.53	4.53	127	127	21.08	21.08
OG0002722	1012.5	0.0	10	12	0.17	0.17	4.64	4.64	133	133	22.08	22.08
OG0002723	1164.0	0.0	12	12	0.47	0.47	3.33	3.33	41	41	19.25	19.25
OG0002724	3817.5	0.58	7	12	0.15	0.18	4.13	4.15	77	66	11.92	11.92
OG0002725	471.0	0.17	11	12	0.14	0.16	4.77	4.64	154	137	21.92	21.92
OG0002726	1035.0	0.33	9	12	0.19	0.21	4.22	4.17	94	83	17.5	17.5
OG0002727	1039.5	0.17	10	12	0.25	0.26	3.87	3.85	72	68	18	18
OG0002728	1720.5	0.0	6	12	0.11	0.11	5.06	5.06	173	173	19	19
OG0002729	1476.0	0.08	11	12	0.17	0.17	4.36	4.36	110	109	18.25	18.25
OG0002730	255.0	0.0	5	12	0.21	0.21	4.93	4.93	182	182	37.83	37.83
OG0002731	243.0	0.09	11	11	0.12	0.12	4.88	4.85	142	137	16.91	16.91
OG0002732	474.0	0.0	8	11	0.23	0.23	4.11	4.11	76	76	17.82	17.82
OG0002733	753.0	0.0	10	11	0.17	0.17	4.57	4.57	126	126	20.91	20.91
OG0002734	138.0	0.0	11	11	0.41	0.41	3.47	3.47	48	48	19.45	19.45
OG0002735	1383.0	0.0	10	11	0.32	0.32	3.75	3.75	61	61	19.45	19.45
OG0002736	162.0	0.09	11	11	0.53	0.54	3.11	3.11	32	31	16.82	16.82
OG0002737	555.0	0.0	8	11	0.19	0.19	4.54	4.54	107	107	19.91	19.91
OG0002738	1143.0	0.09	11	11	0.25	0.26	3.73	3.72	69	66	17.18	17.18
OG0002739	186.0	0.0	11	11	0.24	0.24	4.09	4.09	81	81	19.18	19.18
OG0002740	426.0	0.0	9	11	0.11	0.11	5.15	5.15	186	186	21.09	21.09
OG0002741	228.0	0.27	9	11	0.14	0.15	4.75	4.68	131	115	17.82	17.82
OG0002742	1011.0	0.09	10	11	0.14	0.15	4.75	4.67	130	119	18	18
OG0002743	240.0	0.36	9	11	0.16	0.16	4.46	4.59	106	104	17.09	17.09
OG0002744	1185.0	0.18	10	11	0.21	0.21	4.38	4.4	91	91	19.09	19.09
OG0002745	258.0	0.09	11	11	0.23	0.23	4.2	4.19	89	89	20.91	20.91
OG0002746	636.0	0.0	11	11	0.14	0.14	4.79	4.79	140	140	19.64	19.64
OG0002747	1554.0	0.0	9	11	0.17	0.17	4.51	4.51	131	131	22.64	22.64
OG0002748	486.0	0.09	11	11	0.2	0.21	4.67	4.61	121	113	23.73	23.73
OG0002749	498.0	0.09	10	11	0.11	0.11	4.98	4.95	169	164	17.82	17.82
OG0002750	159.0	0.0	11	11	0.13	0.13	4.75	4.75	133	133	17.55	17.55
OG0002751	165.0	0.09	8	11	0.47	0.47	3.41	3.43	42	42	19.82	19.82
OG0002752	315.0	0.09	11	11	0.15	0.16	4.78	4.65	137	121	19.91	19.91
OG0002753	153.0	0.0	10	11	0.45	0.45	3.56	3.56	45	45	20.27	20.27
OG0002754	645.0	0.09	8	11	0.16	0.16	5.07	5.07	187	186	30.27	30.27
OG0002755	264.0	0.09	11	11	0.19	0.19	4.18	4.2	100	98	18.82	18.82
OG0002756	1518.0	0.18	8	11	0.15	0.17	4.53	4.43	106	96	16.09	16.09
OG0002757	360.0	0.0	10	11	0.11	0.11	5.15	5.15	191	191	21.36	21.36
OG0002758	285.0	0.0	8	11	0.24	0.24	4.94	4.94	173	173	41.55	41.55
OG0002759	387.0	0.09	7	11	0.23	0.24	4.01	4.02	99	97	23.18	23.18
OG0002760	261.0	0.09	7	11	0.24	0.24	3.99	3.99	96	94	22.64	22.64
OG0002761	303.0	0.09	7	11	0.18	0.19	4.21	4.22	115	113	21.27	21.27
OG0002762	336.0	0.09	7	11	0.18	0.18	4.22	4.23	116	114	21.09	21.09
OG0002763	285.0	0.09	7	11	0.18	0.18	4.28	4.3	122	120	21.36	21.36
OG0002764	261.0	0.36	8	11	0.13	0.18	4.86	4.57	144	105	19	19
OG0002765	360.0	0.09	10	11	0.12	0.13	4.93	4.86	148	139	17.55	17.55
OG0002766	1908.0	0.09	9	11	0.12	0.12	5.11	5.05	181	172	20.91	20.91
OG0002767	453.0	0.0	10	11	0.15	0.15	4.82	4.82	145	145	21.09	21.09
OG0002768	249.0	0.0	11	11	0.31	0.31	3.81	3.81	66	66	20.27	20.27
OG0002769	210.0	0.09	11	11	0.26	0.26	4.06	4.05	81	80	20.91	20.91
OG0002770	186.0	0.18	9	11	0.11	0.12	5.15	5.02	181	158	19.09	19.09
OG0002771	135.0	0.09	11	11	0.48	0.48	3.81	3.82	63	63	30.09	30.09
OG0002772	702.0	0.09	10	11	0.21	0.21	4.74	4.75	169	165	35.18	35.18
OG0002773	504.0	0.09	10	11	0.21	0.22	4.77	4.77	175	171	37.09	37.09
OG0002774	159.0	0.0	9	11	0.18	0.18	4.63	4.63	138	138	24.73	24.73
OG0002775	810.0	0.18	9	11	0.16	0.17	4.53	4.41	118	108	18.45	18.45
OG0002776	1866.0	0.0	8	11	0.15	0.15	4.49	4.49	115	115	17.09	17.09
OG0002777	291.0	0.0	11	11	0.21	0.21	4.36	4.36	101	101	20.91	20.91
OG0002778	738.0	0.09	11	11	0.13	0.13	4.81	4.83	141	141	18.64	18.64
OG0002779	459.0	0.0	10	11	0.13	0.13	5.06	5.06	177	177	23.82	23.82
OG0002780	1824.0	0.09	10	11	0.34	0.34	3.68	3.68	47	46	15.82	15.82
OG0002781	297.0	0.0	7	11	0.67	0.67	3.1	3.1	25	25	16.64	16.64
OG0002782	795.0	0.0	11	11	0.16	0.16	4.53	4.53	124	124	20.27	20.27
OG0002783	1611.0	0.09	11	11	0.25	0.25	4.31	4.31	104	104	25.91	25.91
OG0002784	804.0	0.18	11	11	0.24	0.27	4.3	4.2	105	93	24.82	24.82
OG0002785	1272.0	0.09	11	11	0.17	0.18	4.43	4.34	101	91	16.82	16.82
OG0002786	249.0	0.0	11	11	0.35	0.35	3.82	3.82	54	54	19.09	19.09
OG0002787	717.0	0.0	8	11	0.18	0.18	5.08	5.08	214	214	38.64	38.64
OG0002788	1497.0	0.0	11	11	0.18	0.18	4.54	4.54	112	112	20.27	20.27
OG0002789	369.0	0.0	10	11	0.35	0.35	3.7	3.7	63	63	22.36	22.36
OG0002790	918.0	0.09	11	11	0.18	0.18	4.39	4.41	99	99	18.18	18.18
OG0002791	249.0	0.82	1	11	0.54	0.64	3.12	3.14	27	23	14.64	14.64
OG0002792	207.0	0.0	10	10	0.17	0.17	4.47	4.47	98	98	16.5	16.5
OG0002793	1416.0	0.1	10	10	0.39	0.4	3.34	3.32	41	40	15.8	15.8
OG0002794	234.0	0.1	9	10	0.18	0.18	4.88	4.88	171	170	30.6	30.6
OG0002795	198.0	0.1	10	10	0.76	0.76	2.68	2.69	17	17	13	13
OG0002796	94.5	0.1	10	10	0.63	0.65	3.1	3.09	27	26	17	17
OG0002797	2418.0	0.0	8	10	0.17	0.17	4.62	4.62	118	118	19.5	19.5
OG0002798	474.0	0.0	10	10	0.24	0.24	4.06	4.06	74	74	17.5	17.5
OG0002799	201.0	0.3	8	10	0.1	0.12	5.14	4.96	173	144	17.9	17.9
OG0002800	855.0	0.1	10	10	0.12	0.13	5.1	5.06	174	166	21.7	21.7
OG0002801	835.5	0.0	7	10	0.3	0.3	3.87	3.87	60	60	17.9	17.9
OG0002802	280.5	0.0	10	10	0.31	0.31	3.56	3.56	55	55	17.1	17.1
OG0002803	672.0	0.1	10	10	0.19	0.19	4.2	4.23	81	81	15.2	15.2
OG0002804	723.0	0.0	10	10	0.16	0.16	4.63	4.63	121	121	19.7	19.7
OG0002805	348.0	0.1	10	10	0.2	0.2	4.1	4.14	94	94	18.8	18.8
OG0002806	264.0	0.0	9	10	0.17	0.17	4.49	4.49	111	111	18.5	18.5
OG0002807	214.5	0.1	10	10	0.19	0.21	4.37	4.27	96	87	18.3	18.3
OG0002808	285.0	0.0	9	10	0.12	0.12	4.88	4.88	154	154	17.9	17.9
OG0002809	1953.0	0.0	9	10	0.11	0.11	4.98	4.98	169	169	19.4	19.4
OG0002810	1434.0	0.0	10	10	0.25	0.25	4.15	4.15	83	83	21.1	21.1
OG0002811	277.5	0.2	10	10	0.13	0.16	4.73	4.5	126	101	16.3	16.3
OG0002812	345.0	0.0	10	10	0.14	0.14	4.86	4.86	153	153	22	22
OG0002813	1764.0	0.1	10	10	0.13	0.13	4.91	4.87	148	140	18.8	18.8
OG0002814	2274.0	0.1	10	10	0.18	0.18	4.28	4.31	109	107	19.5	19.5
OG0002815	645.0	0.1	9	10	0.21	0.21	4.04	4.06	89	87	18.5	18.5
OG0002816	1011.0	0.2	9	10	0.2	0.21	3.99	4.05	88	85	17.5	17.5
OG0002817	1263.0	0.2	9	10	0.2	0.21	3.93	3.99	83	80	17	17
OG0002818	544.5	0.3	9	10	0.16	0.22	4.5	4.17	110	81	17.6	17.6
OG0002819	315.0	0.0	6	10	0.24	0.24	4.88	4.88	170	170	40.1	40.1
OG0002820	847.5	0.0	8	10	0.15	0.15	4.85	4.85	140	140	20.4	20.4
OG0002821	1605.0	0.2	10	10	0.2	0.2	4.34	4.3	89	87	17.8	17.8
OG0002822	327.0	0.1	10	10	0.35	0.35	3.81	3.84	63	63	22.3	22.3
OG0002823	516.0	0.0	10	10	0.18	0.18	4.49	4.49	109	109	19.5	19.5
OG0002824	385.5	0.0	8	10	0.16	0.16	4.68	4.68	136	136	21.1	21.1
OG0002825	372.0	0.0	10	10	0.16	0.16	4.45	4.45	109	109	17.9	17.9
OG0002826	907.5	0.0	9	10	0.17	0.17	4.9	4.9	169	169	29.2	29.2
OG0002827	1209.0	0.0	7	10	0.22	0.22	4.75	4.75	137	137	30.5	30.5
OG0002828	396.0	0.0	10	10	0.21	0.21	4.72	4.72	147	147	31.2	31.2
OG0002829	264.0	0.0	7	10	0.25	0.25	4.84	4.84	157	157	39.7	39.7
OG0002830	1039.5	0.0	9	10	0.23	0.23	4.51	4.51	117	117	26.7	26.7
OG0002831	279.0	0.0	9	10	0.21	0.21	4.63	4.63	136	136	28.4	28.4
OG0002832	790.5	0.0	10	10	0.42	0.42	3.79	3.79	65	65	27.2	27.2
OG0002833	910.5	0.0	10	10	0.21	0.21	4.47	4.47	94	94	20.1	20.1
OG0002834	1512.0	0.2	8	10	0.21	0.22	4.16	4.16	81	78	17.4	17.4
OG0002835	838.5	0.0	8	10	0.22	0.22	4.36	4.36	91	91	19.8	19.8
OG0002836	291.0	0.0	10	10	0.4	0.4	3.67	3.67	51	51	20.5	20.5
OG0002837	957.0	0.0	9	10	0.22	0.22	4.32	4.32	93	93	20.8	20.8
OG0002838	639.0	0.2	10	10	0.13	0.15	4.96	4.86	152	134	20	20
OG0002839	777.0	0.0	10	10	0.21	0.21	4.08	4.08	87	87	18.2	18.2
OG0002840	736.5	0.0	9	10	0.14	0.14	5.02	5.02	164	164	23.6	23.6
OG0002841	111.0	0.9	8	10	0.16	0.64	4.15	2.94	77	19	12.2	12.2
OG0002842	361.5	0.0	9	10	0.21	0.21	4.55	4.55	122	122	25.2	25.2
OG0002843	253.5	0.0	7	10	0.15	0.15	4.89	4.89	156	156	22.7	22.7
OG0002844	427.5	0.1	9	10	0.13	0.15	4.96	4.82	158	137	20	20
OG0002845	370.5	0.0	8	10	0.18	0.18	4.47	4.47	108	108	19.6	19.6
OG0002846	492.0	0.3	9	10	0.32	0.33	3.59	3.69	53	51	16.7	16.7
OG0002847	552.0	0.0	10	10	0.2	0.2	4.32	4.32	102	102	20.3	20.3
OG0002848	474.0	0.0	10	10	0.2	0.2	4.32	4.32	102	102	20.4	20.4
OG0002849	969.0	0.1	8	10	0.16	0.16	4.93	4.93	157	156	25.1	25.1
OG0002850	1275.0	0.0	8	10	0.23	0.23	4.1	4.1	92	92	21	21
OG0002851	420.0	0.0	10	10	0.43	0.43	3.33	3.33	41	41	17.6	17.6
OG0002852	631.5	0.2	9	10	0.32	0.34	3.87	3.82	51	48	16.2	16.2
OG0002853	184.5	0.4	8	10	0.14	0.19	4.82	4.49	134	94	18.1	18.1
OG0002854	210.0	0.2	10	10	0.22	0.24	4.45	4.41	113	104	25	25
OG0002855	639.0	0.3	9	10	0.28	0.32	4.19	4.09	86	74	23.9	23.9
OG0002856	183.0	0.2	8	10	0.18	0.19	4.81	4.74	137	130	25.3	25.3
OG0002857	1311.0	0.5	5	10	0.19	0.25	4.08	3.85	73	57	14.2	14.2
OG0002858	558.0	0.1	10	10	0.13	0.15	4.83	4.72	146	132	19.4	19.4
OG0002859	793.5	0.0	5	10	0.2	0.2	4.55	4.55	123	123	24	24
OG0002860	354.0	0.0	8	10	0.15	0.15	4.63	4.63	114	114	17.1	17.1
OG0002861	345.0	0.2	9	10	0.12	0.13	5.11	5.03	178	162	21.8	21.8
OG0002862	519.0	0.0	9	10	0.24	0.24	4.04	4.04	71	71	16.8	16.8
OG0002863	367.5	0.0	10	10	0.18	0.18	4.5	4.5	105	105	19.2	19.2
OG0002864	1099.5	0.1	10	10	0.14	0.14	4.72	4.73	132	129	18	18
OG0002865	246.0	0.7	4	10	0.28	0.57	3.89	3.3	62	30	17.2	17.2
OG0002866	417.0	0.11	8	9	0.15	0.15	4.7	4.69	121	120	17.78	17.78
OG0002867	615.0	0.11	9	9	0.37	0.52	3.49	3.24	47	33	17.22	17.22
OG0002868	1149.0	0.11	9	9	0.26	0.26	3.67	3.7	55	54	14.22	14.22
OG0002869	381.0	0.0	9	9	0.22	0.22	4.86	4.86	165	165	36.44	36.44
OG0002870	198.0	0.11	8	9	0.31	0.31	4.24	4.27	100	99	30.56	30.56
OG0002871	378.0	0.11	8	9	0.37	0.37	3.83	3.86	66	65	24.33	24.33
OG0002872	435.0	0.0	8	9	0.15	0.15	4.91	4.91	150	150	21.78	21.78
OG0002873	360.0	0.11	9	9	0.56	0.62	3.08	3.03	29	26	16.11	16.11
OG0002874	669.0	0.11	9	9	0.2	0.2	4.26	4.28	93	92	18.56	18.56
OG0002875	1371.0	0.11	9	9	0.2	0.2	4.31	4.33	96	96	19.56	19.56
OG0002876	267.0	0.56	5	9	0.15	0.26	4.71	4.25	128	72	18.78	18.78
OG0002877	1047.0	0.22	8	9	0.18	0.21	4.3	4.12	86	74	15.89	15.89
OG0002878	192.0	0.0	9	9	0.33	0.33	4.16	4.16	95	95	31.33	31.33
OG0002879	399.0	0.11	9	9	0.18	0.18	4.34	4.32	91	89	16.22	16.22
OG0002880	411.0	0.0	8	9	0.17	0.17	4.62	4.62	121	121	21	21
OG0002881	1002.0	0.44	8	9	0.15	0.22	4.52	4.12	101	68	15.22	15.22
OG0002882	102.0	0.11	7	9	0.16	0.19	4.64	4.47	120	102	19.11	19.11
OG0002883	675.0	0.11	8	9	0.15	0.15	4.84	4.86	140	140	21.22	21.22
OG0002884	990.0	0.0	9	9	0.21	0.21	4.29	4.29	99	99	20.44	20.44
OG0002885	1239.0	0.0	9	9	0.31	0.31	3.96	3.96	66	66	20.44	20.44
OG0002886	168.0	0.0	9	9	0.24	0.24	4.18	4.18	79	79	18.89	18.89
OG0002887	141.0	0.11	6	9	0.2	0.22	4.93	4.83	173	155	34.56	34.56
OG0002888	96.0	0.0	9	9	0.45	0.45	3.39	3.39	42	42	18.89	18.89
OG0002889	2982.0	0.0	9	9	0.18	0.18	4.43	4.43	105	105	18.89	18.89
OG0002890	144.0	0.0	7	9	0.3	0.3	3.66	3.66	52	52	15.78	15.78
OG0002891	303.0	0.0	9	9	0.15	0.15	4.53	4.53	107	107	15.78	15.78
OG0002892	117.0	0.22	8	9	0.26	0.28	3.96	3.97	79	73	20.33	20.33
OG0002893	426.0	0.11	9	9	0.21	0.22	4.02	4.05	86	84	18.22	18.22
OG0002894	909.0	0.11	9	9	0.21	0.22	4.0	4.03	85	83	17.89	17.89
OG0002895	753.0	0.11	9	9	0.21	0.21	3.87	3.9	78	76	16.33	16.33
OG0002896	975.0	0.0	8	9	0.13	0.13	4.77	4.77	131	131	17.67	17.67
OG0002897	216.0	0.11	8	9	0.19	0.19	4.42	4.4	103	103	19.67	19.67
OG0002898	294.0	0.0	9	9	0.16	0.16	4.75	4.75	126	126	20.11	20.11
OG0002899	303.0	0.22	8	9	0.18	0.19	4.78	4.76	141	132	25.11	25.11
OG0002900	354.0	0.0	8	9	0.2	0.2	4.36	4.36	91	91	18.33	18.33
OG0002901	291.0	0.11	9	9	0.29	0.29	3.9	3.91	72	70	20.56	20.56
OG0002902	447.0	0.0	8	9	0.22	0.22	4.78	4.78	157	157	35.11	35.11
OG0002903	1005.0	0.0	8	9	0.29	0.29	4.07	4.07	76	76	22	22
OG0002904	507.0	0.0	7	9	0.2	0.2	4.23	4.23	108	108	21.44	21.44
OG0002905	522.0	0.0	8	9	0.19	0.19	4.68	4.68	127	127	23.89	23.89
OG0002906	618.0	0.0	8	9	0.16	0.16	4.74	4.74	128	128	20.22	20.22
OG0002907	192.0	0.0	9	9	0.57	0.57	3.4	3.4	39	39	22.11	22.11
OG0002908	423.0	0.0	9	9	0.23	0.23	4.27	4.27	90	90	20.56	20.56
OG0002909	159.0	0.22	8	9	0.14	0.15	4.64	4.64	112	109	16.11	16.11
OG0002910	210.0	0.0	9	9	0.18	0.18	4.64	4.64	113	113	19.78	19.78
OG0002911	405.0	0.22	9	9	0.16	0.2	4.66	4.46	116	95	19.11	19.11
OG0002912	822.0	0.44	6	9	0.4	0.42	3.28	3.21	30	28	11.89	11.89
OG0002913	492.0	0.0	9	9	0.21	0.21	4.57	4.57	119	119	25	25
OG0002914	855.0	0.11	7	9	0.23	0.25	4.16	4.09	81	75	18.67	18.67
OG0002915	150.0	0.11	7	9	0.18	0.19	4.43	4.36	104	96	18.56	18.56
OG0002916	240.0	0.22	9	9	0.17	0.25	4.38	3.99	100	69	17.44	17.44
OG0002917	1215.0	0.0	8	9	0.17	0.17	4.39	4.39	93	93	15.78	15.78
OG0002918	915.0	0.11	9	9	0.15	0.15	4.72	4.7	128	123	18.89	18.89
OG0002919	315.0	0.0	9	9	0.32	0.32	4.06	4.06	77	77	25	25
OG0002920	906.0	0.0	6	9	0.19	0.19	4.3	4.3	93	93	17.56	17.56
OG0002921	312.0	0.11	5	9	0.21	0.21	4.08	4.11	87	87	18.11	18.11
OG0002922	726.0	0.11	9	9	0.18	0.19	4.4	4.37	97	94	17.78	17.78
OG0002923	732.0	0.0	9	9	0.16	0.16	4.72	4.72	128	128	20.22	20.22
OG0002924	510.0	0.33	6	9	0.18	0.2	4.31	4.24	82	75	15.11	15.11
OG0002925	612.0	0.0	9	9	0.13	0.13	4.87	4.87	150	150	19.89	19.89
OG0002926	1977.0	0.0	8	9	0.14	0.14	4.76	4.76	129	129	17.44	17.44
OG0002927	333.0	0.0	9	9	0.15	0.15	4.56	4.56	115	115	17.44	17.44
OG0002928	1665.0	0.0	8	9	0.14	0.14	4.85	4.85	136	136	18.67	18.67
OG0002929	942.0	0.0	8	9	0.31	0.31	3.71	3.71	53	53	16.56	16.56
OG0002930	678.0	0.0	8	9	0.14	0.14	4.86	4.86	145	145	20.33	20.33
OG0002931	633.0	0.33	8	9	0.22	0.32	4.01	3.69	76	52	16.56	16.56
OG0002932	1368.0	0.0	7	9	0.24	0.24	4.23	4.23	89	89	21.67	21.67
OG0002933	168.0	0.22	9	9	0.14	0.15	4.78	4.72	130	117	18	18
OG0002934	162.0	0.22	9	9	0.16	0.18	4.49	4.42	108	94	17.33	17.33
OG0002935	864.0	0.0	9	9	0.23	0.23	4.17	4.17	89	89	20.78	20.78
OG0002936	96.0	0.22	7	9	0.16	0.2	4.67	4.46	121	99	19.33	19.33
OG0002937	399.0	0.33	7	9	0.14	0.14	4.6	4.63	115	112	16	16
OG0002938	273.0	0.11	8	9	0.16	0.18	4.73	4.67	126	117	20.67	20.67
OG0002939	1938.0	0.11	9	9	0.22	0.24	4.09	3.98	75	67	16.22	16.22
OG0002940	762.0	0.0	8	9	0.18	0.18	4.45	4.45	100	100	18	18
OG0002941	963.0	0.0	9	9	0.15	0.15	4.89	4.89	145	145	21.89	21.89
OG0002942	417.0	0.0	8	8	0.23	0.23	4.27	4.27	91	91	21.25	21.25
OG0002943	2280.0	0.12	8	8	0.33	0.34	3.67	3.65	53	52	17.75	17.75
OG0002944	162.0	0.0	5	8	0.24	0.24	4.91	4.91	170	170	41.12	41.12
OG0002945	570.0	0.0	8	8	0.63	0.63	3.32	3.32	35	35	22.12	22.12
OG0002946	216.0	0.0	7	8	0.14	0.14	4.75	4.75	121	121	16.75	16.75
OG0002947	2002.5	0.12	8	8	0.7	0.79	3.11	3.06	27	24	18.88	18.88
OG0002948	718.5	0.12	8	8	0.73	0.84	3.0	2.93	23	20	16.88	16.88
OG0002949	564.0	0.12	8	8	0.74	0.78	2.96	2.94	22	21	16.38	16.38
OG0002950	319.5	0.0	8	8	0.23	0.23	4.31	4.31	81	81	18.5	18.5
OG0002951	1218.0	0.0	8	8	0.19	0.19	4.58	4.58	105	105	19.5	19.5
OG0002952	687.0	0.25	8	8	0.31	0.55	4.12	3.67	80	46	25.12	25.12
OG0002953	166.5	0.0	8	8	0.25	0.25	4.16	4.16	73	73	18.5	18.5
OG0002954	1759.5	0.0	7	8	0.28	0.28	3.76	3.76	55	55	15.38	15.38
OG0002955	195.0	0.0	8	8	0.21	0.21	4.81	4.81	156	156	32.38	32.38
OG0002956	724.5	0.12	8	8	0.21	0.21	4.36	4.34	89	88	18.5	18.5
OG0002957	577.5	0.38	8	8	0.18	0.25	4.52	4.19	103	75	18.38	18.38
OG0002958	918.0	0.0	7	8	0.22	0.22	4.92	4.92	176	176	38.12	38.12
OG0002959	135.0	0.0	8	8	0.46	0.46	3.39	3.39	43	43	19.62	19.62
OG0002960	183.0	0.25	8	8	0.14	0.16	4.68	4.5	111	92	15.12	15.12
OG0002961	697.5	0.12	7	8	0.16	0.16	4.72	4.72	123	122	19.75	19.75
OG0002962	669.0	0.12	8	8	0.27	0.27	3.9	3.93	64	64	17	17
OG0002963	1200.0	0.0	8	8	0.32	0.32	3.61	3.61	58	58	18.62	18.62
OG0002964	145.5	0.0	8	8	0.5	0.5	3.47	3.47	43	43	21.5	21.5
OG0002965	216.0	0.12	8	8	0.24	0.26	4.46	4.41	101	94	24.38	24.38
OG0002966	196.5	0.0	8	8	0.24	0.24	3.97	3.97	67	67	16.25	16.25
OG0002967	306.0	0.12	8	8	0.36	0.4	3.64	3.55	52	47	18.75	18.75
OG0002968	177.0	0.0	7	8	0.39	0.39	4.49	4.49	99	99	38.38	38.38
OG0002969	1281.0	0.0	8	8	0.3	0.3	4.01	4.01	77	77	22.88	22.88
OG0002970	390.0	0.12	8	8	0.27	0.27	4.04	4.04	71	71	19.5	19.5
OG0002971	8274.0	0.12	8	8	0.44	0.45	3.49	3.32	39	38	17.12	17.12
OG0002972	177.0	0.0	8	8	0.3	0.3	3.93	3.93	65	65	19.38	19.38
OG0002973	1176.0	0.0	8	8	0.26	0.26	4.19	4.19	74	74	19	19
OG0002974	724.5	0.12	8	8	0.15	0.18	4.79	4.64	131	112	20	20
OG0002975	204.0	0.0	8	8	0.23	0.23	4.81	4.81	163	163	38.25	38.25
OG0002976	1233.0	0.0	8	8	0.17	0.17	4.49	4.49	103	103	17.38	17.38
OG0002977	681.0	0.12	6	8	0.21	0.24	4.12	4.02	77	68	16.25	16.25
OG0002978	1221.0	0.12	6	8	0.19	0.22	4.12	4.01	79	70	15.25	15.25
OG0002979	1189.5	0.12	6	8	0.2	0.21	4.35	4.31	88	84	17.5	17.5
OG0002980	781.5	0.0	8	8	0.23	0.23	4.1	4.1	72	72	16.25	16.25
OG0002981	1440.0	0.0	6	8	0.26	0.26	3.97	3.97	64	64	16.88	16.88
OG0002982	813.0	0.0	8	8	0.38	0.38	3.76	3.76	58	58	22.12	22.12
OG0002983	744.0	0.25	8	8	0.2	0.22	4.23	4.17	86	77	17	17
OG0002984	390.0	0.12	8	8	0.19	0.2	4.49	4.46	102	98	19.38	19.38
OG0002985	765.0	0.25	6	8	0.21	0.25	4.41	4.24	93	77	19.12	19.12
OG0002986	1114.5	0.12	7	8	0.18	0.2	4.53	4.46	105	96	18.88	18.88
OG0002987	493.5	0.12	8	8	0.56	0.56	3.18	3.2	29	29	16.25	16.25
OG0002988	894.0	0.0	7	8	0.37	0.37	3.83	3.83	58	58	21.25	21.25
OG0002989	213.0	0.0	8	8	0.4	0.4	3.52	3.52	48	48	19.25	19.25
OG0002990	402.0	0.25	7	8	0.16	0.21	4.89	4.61	144	108	22.88	22.88
OG0002991	219.0	0.12	6	8	0.24	0.24	4.82	4.82	159	157	37.75	37.75
OG0002992	96.0	0.12	8	8	0.33	0.41	3.92	3.74	64	51	21	21
OG0002993	486.0	0.12	8	8	0.27	0.28	3.61	3.6	51	50	13.75	13.75
OG0002994	1173.0	0.12	8	8	0.26	0.27	3.63	3.6	53	51	13.88	13.88
OG0002995	921.0	0.0	8	8	0.73	0.73	3.24	3.24	28	28	20.5	20.5
OG0002996	1687.5	0.12	8	8	0.34	0.35	3.79	3.8	54	53	18.5	18.5
OG0002997	339.0	0.25	8	8	0.24	0.27	4.31	4.24	96	85	22.88	22.88
OG0002998	541.5	0.0	7	8	0.14	0.14	4.8	4.8	134	134	19.25	19.25
OG0002999	723.0	0.0	5	8	0.66	0.66	3.24	3.24	30	30	19.75	19.75
OG0003000	789.0	0.25	7	8	0.54	0.57	3.28	3.25	33	31	17.75	17.75
OG0003001	372.0	0.12	8	8	0.28	0.28	4.0	4.04	73	73	20.25	20.25
OG0003002	138.0	0.0	8	8	0.36	0.36	3.73	3.73	56	56	20.38	20.38
OG0003003	816.0	0.0	6	8	0.32	0.32	3.63	3.63	51	51	16.12	16.12
OG0003004	150.0	0.0	7	8	0.39	0.39	4.13	4.13	82	82	32.25	32.25
OG0003005	829.5	0.25	5	8	0.18	0.21	4.38	4.3	97	86	17.88	17.88
OG0003006	186.0	0.0	8	8	0.19	0.19	4.54	4.54	100	100	18.62	18.62
OG0003007	601.5	0.0	8	8	0.18	0.18	4.36	4.36	96	96	17.25	17.25
OG0003008	621.0	0.0	8	8	0.2	0.2	4.3	4.3	86	86	17.12	17.12
OG0003009	426.0	0.12	8	8	0.22	0.26	4.37	4.22	87	74	19.38	19.38
OG0003010	1635.0	0.12	8	8	0.28	0.29	3.82	3.79	63	61	17.62	17.62
OG0003011	1665.0	0.12	8	8	0.24	0.24	4.04	4.09	81	81	19.5	19.5
OG0003012	534.0	0.25	7	8	0.28	0.28	4.12	4.14	68	67	18.88	18.88
OG0003013	1065.0	0.0	8	8	0.27	0.27	4.1	4.1	83	83	22.25	22.25
OG0003014	1428.0	0.0	8	8	0.27	0.27	4.11	4.11	83	83	22.38	22.38
OG0003015	279.0	0.0	8	8	0.29	0.29	3.98	3.98	73	73	21	21
OG0003016	889.5	0.0	3	8	0.14	0.14	4.81	4.81	128	128	18.38	18.38
OG0003017	186.0	0.0	4	8	0.18	0.18	4.68	4.68	118	118	21.12	21.12
OG0003018	804.0	0.38	8	8	0.38	0.38	3.61	3.68	44	44	16.88	16.88
OG0003019	1101.0	0.12	7	8	0.25	0.29	4.03	3.89	78	66	19.12	19.12
OG0003020	573.0	0.0	8	8	0.24	0.24	4.31	4.31	92	92	22	22
OG0003021	954.0	0.12	8	8	0.24	0.29	4.06	3.88	70	57	16.62	16.62
OG0003022	210.0	0.38	8	8	0.19	0.28	4.56	4.18	110	73	20.38	20.38
OG0003023	786.0	0.0	8	8	0.5	0.5	3.55	3.55	44	44	22	22
OG0003024	852.0	0.25	8	8	0.18	0.23	4.7	4.48	119	95	21.75	21.75
OG0003025	610.5	0.12	4	8	0.32	0.38	3.69	3.58	52	44	16.88	16.88
OG0003026	202.5	0.25	6	8	0.15	0.19	5.01	4.8	160	128	24.62	24.62
OG0003027	501.0	0.12	7	8	0.16	0.16	4.74	4.72	122	119	19.25	19.25
OG0003028	669.0	0.0	7	7	0.31	0.31	3.96	3.96	67	67	20.71	20.71
OG0003029	1149.0	0.0	7	7	0.3	0.3	4.01	4.01	70	70	21.14	21.14
OG0003030	192.0	0.0	4	7	0.3	0.3	4.65	4.65	131	131	39.71	39.71
OG0003031	213.0	0.0	6	7	0.19	0.19	4.56	4.56	108	108	20.57	20.57
OG0003032	111.0	0.0	7	7	0.76	0.76	3.15	3.15	27	27	20.57	20.57
OG0003033	438.0	0.0	7	7	0.25	0.25	4.18	4.18	77	77	19.29	19.29
OG0003034	291.0	0.0	6	7	0.18	0.18	4.71	4.71	117	117	20.57	20.57
OG0003035	225.0	0.29	6	7	0.21	0.28	4.4	4.1	94	69	19.57	19.57
OG0003036	987.0	0.0	7	7	0.2	0.2	4.31	4.31	86	86	17	17
OG0003037	243.0	0.14	7	7	0.35	0.39	3.91	3.82	54	48	18.86	18.86
OG0003038	210.0	0.0	7	7	0.3	0.3	4.56	4.56	123	123	37.43	37.43
OG0003039	729.0	0.14	7	7	0.17	0.17	4.66	4.66	110	108	18.43	18.43
OG0003040	618.0	0.0	7	7	0.29	0.29	4.23	4.23	79	79	23.14	23.14
OG0003041	753.0	0.0	5	7	0.34	0.34	3.41	3.41	35	35	12	12
OG0003042	429.0	0.0	3	7	0.91	0.91	2.96	2.96	20	20	18.14	18.14
OG0003043	849.0	0.0	7	7	0.36	0.36	3.68	3.68	44	44	15.71	15.71
OG0003044	747.0	0.14	7	7	0.18	0.22	4.63	4.47	111	94	20.43	20.43
OG0003045	516.0	0.0	7	7	0.66	0.66	3.11	3.11	26	26	17.14	17.14
OG0003046	699.0	0.14	7	7	0.23	0.29	4.11	3.85	79	61	17.86	17.86
OG0003047	762.0	0.14	7	7	0.23	0.3	4.1	3.82	79	60	18	18
OG0003048	375.0	0.0	7	7	0.24	0.24	3.98	3.98	69	69	16.86	16.86
OG0003049	303.0	0.0	5	7	0.22	0.22	4.86	4.86	153	153	33.29	33.29
OG0003050	189.0	0.0	7	7	0.22	0.22	4.14	4.14	70	70	15.14	15.14
OG0003051	738.0	0.29	6	7	0.21	0.25	4.25	4.15	83	71	17.57	17.57
OG0003052	900.0	0.0	7	7	0.33	0.33	3.86	3.86	54	54	17.71	17.71
OG0003053	267.0	0.29	7	7	0.26	0.27	4.31	4.27	85	80	21.71	21.71
OG0003054	312.0	0.0	7	7	0.25	0.25	4.34	4.34	97	97	24.14	24.14
OG0003055	1203.0	0.0	7	7	0.39	0.39	3.5	3.5	48	48	18.71	18.71
OG0003056	528.0	0.14	7	7	0.26	0.26	4.13	4.18	80	80	20.71	20.71
OG0003057	756.0	0.14	7	7	0.23	0.24	4.35	4.36	92	88	20.86	20.86
OG0003058	699.0	0.29	6	7	0.21	0.24	4.25	4.13	79	71	16.86	16.86
OG0003059	468.0	0.0	7	7	0.26	0.26	4.17	4.17	78	78	20	20
OG0003060	1050.0	0.0	7	7	0.27	0.27	3.96	3.96	76	76	20.43	20.43
OG0003061	396.0	0.0	7	7	0.43	0.43	3.34	3.34	39	39	16.86	16.86
OG0003062	231.0	0.14	7	7	0.23	0.24	4.75	4.73	138	134	32.43	32.43
OG0003063	522.0	0.0	7	7	0.18	0.18	4.59	4.59	107	107	19.29	19.29
OG0003064	192.0	0.0	7	7	0.4	0.4	4.01	4.01	75	75	30	30
OG0003065	252.0	0.0	7	7	0.44	0.44	3.9	3.9	65	65	28.43	28.43
OG0003066	483.0	0.0	7	7	0.33	0.33	4.58	4.58	127	127	41.43	41.43
OG0003067	189.0	0.0	6	7	0.31	0.31	4.73	4.73	135	135	41.57	41.57
OG0003068	225.0	0.0	7	7	0.36	0.36	4.52	4.52	114	114	41	41
OG0003069	1767.0	0.0	7	7	0.35	0.35	4.21	4.21	85	85	30	30
OG0003070	681.0	0.0	6	7	0.47	0.47	3.6	3.6	46	46	21.57	21.57
OG0003071	849.0	0.0	7	7	0.35	0.35	3.89	3.89	56	56	19.71	19.71
OG0003072	474.0	0.29	5	7	0.22	0.25	4.3	4.23	81	74	18.14	18.14
OG0003073	180.0	0.0	7	7	0.16	0.16	4.8	4.8	127	127	19.86	19.86
OG0003074	780.0	0.14	7	7	0.29	0.3	3.82	3.81	58	57	16.86	16.86
OG0003075	162.0	0.0	7	7	0.28	0.28	4.65	4.65	133	133	37.71	37.71
OG0003076	234.0	0.0	6	7	0.23	0.23	4.84	4.84	159	159	36	36
OG0003077	168.0	0.0	6	7	0.21	0.21	4.95	4.95	169	169	36.14	36.14
OG0003078	972.0	0.14	7	7	0.2	0.2	4.78	4.77	139	137	28	28
OG0003079	177.0	0.14	7	7	0.2	0.2	4.74	4.74	134	132	26.71	26.71
OG0003080	1929.0	0.14	5	7	0.2	0.22	4.38	4.32	90	83	18.43	18.43
OG0003081	1629.0	0.0	6	7	0.26	0.26	4.07	4.07	67	67	17.29	17.29
OG0003082	276.0	0.57	7	7	0.23	0.38	4.16	3.85	84	50	19	19
OG0003083	921.0	0.0	6	7	0.18	0.18	4.61	4.61	108	108	19	19
OG0003084	1011.0	0.0	6	7	0.18	0.18	4.67	4.67	120	120	22	22
OG0003085	231.0	0.0	7	7	0.33	0.33	4.58	4.58	128	128	42.43	42.43
OG0003086	1506.0	0.0	6	7	0.15	0.15	4.74	4.74	118	118	18.29	18.29
OG0003087	651.0	0.0	7	7	0.19	0.19	4.48	4.48	100	100	19.14	19.14
OG0003088	270.0	0.43	6	7	0.21	0.28	4.25	4.02	80	61	17.14	17.14
OG0003089	186.0	0.43	7	7	0.19	0.29	4.94	4.55	154	102	29.14	29.14
OG0003090	363.0	0.14	7	7	0.32	0.33	3.9	3.94	65	64	21	21
OG0003091	933.0	0.0	7	7	0.35	0.35	3.74	3.74	56	56	19.71	19.71
OG0003092	1362.0	0.0	7	7	0.35	0.35	3.76	3.76	57	57	19.86	19.86
OG0003093	1326.0	0.0	7	7	0.27	0.27	3.93	3.93	71	71	19.29	19.29
OG0003094	246.0	0.0	7	7	0.46	0.46	3.47	3.47	42	42	19.43	19.43
OG0003095	1629.0	0.0	6	7	0.22	0.22	4.3	4.3	83	83	18.43	18.43
OG0003096	756.0	0.0	6	7	0.23	0.23	3.94	3.94	66	66	15.43	15.43
OG0003097	465.0	0.14	7	7	0.2	0.21	4.95	4.89	159	150	31.86	31.86
OG0003098	912.0	0.0	7	7	0.19	0.19	4.52	4.52	98	98	18.57	18.57
OG0003099	186.0	0.29	7	7	0.37	0.37	3.52	3.56	43	43	15.86	15.86
OG0003100	1035.0	0.29	7	7	0.31	0.33	3.24	3.17	32	30	10	10
OG0003101	552.0	0.0	6	7	0.4	0.4	3.68	3.68	44	44	17.71	17.71
OG0003102	300.0	0.29	7	7	0.67	0.67	3.15	3.19	26	26	17.43	17.43
OG0003103	561.0	0.14	7	7	0.8	0.8	3.19	3.2	27	27	21.71	21.71
OG0003104	489.0	0.0	7	7	0.7	0.7	3.15	3.15	28	28	19.71	19.71
OG0003105	525.0	0.14	7	7	0.42	0.42	3.42	3.41	40	40	17	17
OG0003106	894.0	0.14	7	7	0.85	0.85	2.73	2.74	17	17	14.43	14.43
OG0003107	318.0	0.14	7	7	0.46	0.47	3.49	3.46	41	40	18.86	18.86
OG0003108	183.0	0.14	7	7	0.39	0.4	3.69	3.71	55	54	21.43	21.43
OG0003109	225.0	0.0	7	7	1.0	1.0	3.0	3.0	20	20	20	20
OG0003110	858.0	0.0	7	7	0.6	0.6	3.52	3.52	42	42	25.14	25.14
OG0003111	582.0	0.0	7	7	0.59	0.59	3.49	3.49	41	41	24.29	24.29
OG0003112	207.0	0.29	7	7	0.71	0.9	2.79	2.68	19	15	13.57	13.57
OG0003113	222.0	0.0	7	7	0.72	0.72	2.94	2.94	22	22	15.86	15.86
OG0003114	2631.0	0.0	7	7	0.25	0.25	4.12	4.12	76	76	19	19
OG0003115	903.0	0.0	4	7	0.27	0.27	4.03	4.03	66	66	17.57	17.57
OG0003116	525.0	0.14	7	7	0.4	0.4	3.77	3.8	55	55	21.86	21.86
OG0003117	606.0	0.14	7	7	0.45	0.45	3.66	3.68	48	48	21.57	21.57
OG0003118	441.0	0.29	7	7	0.31	0.32	3.92	3.89	60	58	18.43	18.43
OG0003119	465.0	0.14	7	7	0.32	0.33	4.18	4.18	80	78	25.71	25.71
OG0003120	273.0	0.0	7	7	0.26	0.26	4.01	4.01	71	71	18.43	18.43
OG0003121	4566.0	0.0	7	7	0.34	0.34	3.71	3.71	59	59	19.86	19.86
OG0003122	516.0	0.14	7	7	0.41	0.48	3.43	3.34	42	36	17.14	17.14
OG0003123	1500.0	0.14	7	7	0.26	0.3	4.03	3.91	70	60	18	18
OG0003124	105.0	0.14	7	7	0.26	0.3	3.97	3.86	66	57	17.29	17.29
OG0003125	585.0	0.14	6	7	0.24	0.25	4.52	4.5	109	105	26.43	26.43
OG0003126	573.0	0.29	7	7	0.22	0.28	4.11	3.85	72	57	16	16
OG0003127	165.0	0.43	6	7	0.21	0.33	4.51	4.05	102	64	21.14	21.14
OG0003128	645.0	0.14	7	7	0.24	0.24	4.12	4.08	72	70	17.14	17.14
OG0003129	180.0	0.29	6	7	0.4	0.41	3.88	3.85	58	56	23.14	23.14
OG0003130	552.0	0.0	7	7	0.4	0.4	3.76	3.76	47	47	18.86	18.86
OG0003131	177.0	0.14	6	7	0.15	0.15	4.83	4.81	127	125	19.14	19.14
OG0003132	285.0	0.29	3	7	0.54	0.56	3.34	3.32	31	30	16.71	16.71
OG0003133	456.0	0.29	6	7	0.36	0.39	3.97	3.9	64	58	22.86	22.86
OG0003134	609.0	0.0	6	7	0.26	0.26	4.17	4.17	75	75	19.71	19.71
OG0003135	390.0	0.14	6	7	0.32	0.33	3.75	3.75	57	55	18.14	18.14
OG0003136	453.0	0.0	7	7	0.46	0.46	3.43	3.43	41	41	19	19
OG0003137	306.0	0.14	7	7	0.41	0.41	3.41	3.46	41	41	16.86	16.86
OG0003138	1506.0	0.0	5	7	0.18	0.18	4.51	4.51	99	99	18.14	18.14
OG0003139	273.0	0.43	6	7	0.2	0.24	4.39	4.27	90	74	17.71	17.71
OG0003140	402.0	0.0	5	7	0.22	0.22	4.28	4.28	85	85	19	19
OG0003141	1605.0	0.14	7	7	0.28	0.29	4.0	4.01	70	68	19.71	19.71
OG0003142	813.0	0.0	6	7	0.26	0.26	4.12	4.12	71	71	18.14	18.14
OG0003143	1221.0	0.0	7	7	0.22	0.22	4.34	4.34	92	92	20.57	20.57
OG0003144	999.0	0.43	6	7	0.26	0.36	4.02	3.75	67	48	17.14	17.14
OG0003145	672.0	0.29	5	7	0.16	0.19	4.83	4.68	131	110	21	21
OG0003146	855.0	0.0	5	7	0.18	0.18	4.69	4.69	118	118	20.86	20.86
OG0003147	183.0	0.0	7	7	0.27	0.27	4.47	4.47	99	99	26.86	26.86
OG0003148	750.0	0.0	7	7	0.25	0.25	4.01	4.01	73	73	18.14	18.14
OG0003149	1107.0	0.0	7	7	0.25	0.25	4.04	4.04	75	75	18.43	18.43
OG0003150	1533.0	0.0	7	7	0.25	0.25	4.14	4.14	78	78	19.43	19.43
OG0003151	804.0	0.43	6	7	0.6	0.62	3.23	3.28	30	29	18	18
OG0003152	1338.0	0.0	5	7	0.33	0.33	3.93	3.93	64	64	21.29	21.29
OG0003153	384.0	0.5	7	6	0.31	0.43	3.58	3.37	44	32	13.67	13.67
OG0003154	1830.0	0.0	5	7	0.4	0.4	3.77	3.77	48	48	19.14	19.14
OG0003155	198.0	0.43	5	7	0.17	0.28	4.7	4.21	115	71	19.71	19.71
OG0003156	93.0	0.0	2	7	0.15	0.15	4.71	4.71	118	118	17.86	17.86
OG0003157	2287.5	0.0	6	6	0.25	0.25	4.32	4.32	80	80	20	20
OG0003158	273.0	0.0	5	6	0.19	0.19	4.59	4.59	103	103	19.83	19.83
OG0003159	243.0	0.17	6	6	0.44	0.47	3.28	3.28	36	34	15.83	15.83
OG0003160	177.0	0.0	3	6	0.26	0.26	4.48	4.48	103	103	26.5	26.5
OG0003161	363.0	0.17	5	6	0.52	0.53	3.54	3.56	45	44	23.33	23.33
OG0003162	447.0	0.17	5	6	0.68	0.71	3.24	3.24	30	29	20.5	20.5
OG0003163	1317.0	0.0	5	6	0.33	0.33	3.84	3.84	58	58	19	19
OG0003164	573.0	0.17	6	6	0.25	0.27	4.06	4.05	69	66	17.5	17.5
OG0003165	468.0	0.17	5	6	0.17	0.19	4.86	4.78	131	119	22.83	22.83
OG0003166	172.5	0.0	6	6	0.24	0.24	4.29	4.29	85	85	20.33	20.33
OG0003167	1128.0	0.0	6	6	0.28	0.28	4.06	4.06	66	66	18.33	18.33
OG0003168	885.0	0.0	6	6	0.28	0.28	4.06	4.06	66	66	18.17	18.17
OG0003169	1122.0	0.0	6	6	0.27	0.27	3.99	3.99	67	67	18.33	18.33
OG0003170	1164.0	0.0	6	6	0.25	0.25	4.18	4.18	79	79	20	20
OG0003171	967.5	0.0	6	6	0.17	0.17	4.78	4.78	120	120	20.17	20.17
OG0003172	396.0	0.0	5	6	0.25	0.25	4.13	4.13	71	71	17.67	17.67
OG0003173	481.5	0.0	6	6	0.36	0.36	3.7	3.7	56	56	20.17	20.17
OG0003174	594.0	0.17	6	6	0.32	0.32	3.91	3.87	59	59	19	19
OG0003175	117.0	1.0	6	6	0.26	NA	3.32	NA	35	0	9.17	9.17
OG0003176	873.0	0.33	3	6	0.29	0.36	4.25	4.07	81	65	23.17	23.17
OG0003177	861.0	0.17	6	6	0.2	0.24	4.61	4.44	105	89	21	21
OG0003178	180.0	0.0	4	6	0.46	0.46	3.59	3.59	46	46	21	21
OG0003179	409.5	0.0	6	6	0.2	0.2	4.59	4.59	105	105	21	21
OG0003180	412.5	0.0	6	6	0.23	0.23	4.48	4.48	103	103	23.5	23.5
OG0003181	298.5	0.33	6	6	0.19	0.22	4.39	4.28	88	75	16.5	16.5
OG0003182	486.0	0.0	6	6	0.37	0.37	3.82	3.82	58	58	21.5	21.5
OG0003183	1155.0	0.33	6	6	0.38	0.75	3.78	3.25	56	28	21	21
OG0003184	852.0	0.0	5	6	0.4	0.4	3.67	3.67	52	52	21	21
OG0003185	1642.5	0.33	5	6	0.23	0.26	4.21	4.14	80	70	18.5	18.5
OG0003186	393.0	0.0	6	6	0.26	0.26	4.18	4.18	77	77	20.33	20.33
OG0003187	283.5	0.0	5	6	0.23	0.23	4.74	4.74	135	135	31.5	31.5
OG0003188	178.5	0.0	5	6	0.19	0.19	4.54	4.54	101	101	19.5	19.5
OG0003189	1539.0	0.0	6	6	0.56	0.56	3.57	3.57	44	44	24.67	24.67
OG0003190	582.0	0.0	6	6	0.59	0.59	3.51	3.51	41	41	24.17	24.17
OG0003191	594.0	0.0	6	6	0.6	0.6	3.53	3.53	42	42	25	25
OG0003192	747.0	0.0	6	6	0.61	0.61	3.58	3.58	44	44	26.83	26.83
OG0003193	249.0	0.0	6	6	0.6	0.6	3.57	3.57	44	44	26.5	26.5
OG0003194	603.0	0.0	6	6	0.6	0.6	3.6	3.6	45	45	27.17	27.17
OG0003195	1023.0	0.0	6	6	0.6	0.6	3.67	3.67	48	48	28.83	28.83
OG0003196	153.0	0.0	6	6	0.71	0.71	3.72	3.72	48	48	34	34
OG0003197	702.0	0.0	6	6	0.72	0.72	3.7	3.7	47	47	34	34
OG0003198	600.0	0.0	6	6	0.7	0.7	3.67	3.67	46	46	32.17	32.17
OG0003199	306.0	0.0	6	6	0.63	0.63	3.66	3.66	47	47	29.83	29.83
OG0003200	288.0	0.0	6	6	0.62	0.62	3.68	3.68	48	48	30	30
OG0003201	267.0	0.0	6	6	0.62	0.62	3.68	3.68	48	48	30	30
OG0003202	174.0	0.0	6	6	0.62	0.62	3.69	3.69	49	49	30.17	30.17
OG0003203	1299.0	0.0	6	6	0.58	0.58	3.83	3.83	57	57	32.83	32.83
OG0003204	381.0	0.0	6	6	0.57	0.57	3.84	3.84	57	57	32.5	32.5
OG0003205	2487.0	0.0	6	6	0.53	0.53	3.99	3.99	66	66	35.17	35.17
OG0003206	1443.0	0.0	6	6	0.46	0.46	4.01	4.01	68	68	31.33	31.33
OG0003207	801.0	0.0	6	6	0.46	0.46	4.26	4.26	86	86	39.83	39.83
OG0003208	270.0	0.0	6	6	0.46	0.46	4.27	4.27	87	87	40	40
OG0003209	267.0	0.0	6	6	0.44	0.44	4.32	4.32	95	95	41.33	41.33
OG0003210	237.0	0.0	6	6	0.44	0.44	4.3	4.3	92	92	40.83	40.83
OG0003211	570.0	0.0	5	6	0.61	0.61	3.83	3.83	49	49	30	30
OG0003212	1533.0	0.0	6	6	0.5	0.5	3.82	3.82	55	55	27.5	27.5
OG0003213	525.0	0.0	6	6	0.51	0.51	3.66	3.66	48	48	24.33	24.33
OG0003214	969.0	0.0	6	6	0.52	0.52	3.63	3.63	47	47	24.33	24.33
OG0003215	960.0	0.0	6	6	0.53	0.53	3.57	3.57	45	45	23.83	23.83
OG0003216	681.0	0.0	6	6	0.53	0.53	3.53	3.53	44	44	23.33	23.33
OG0003217	489.0	0.0	6	6	0.55	0.55	3.47	3.47	41	41	22.5	22.5
OG0003218	249.0	0.0	6	6	0.57	0.57	3.46	3.46	40	40	22.67	22.67
OG0003219	1044.0	0.0	6	6	0.53	0.53	3.59	3.59	46	46	24.33	24.33
OG0003220	429.0	0.0	6	6	0.43	0.43	3.72	3.72	54	54	23.17	23.17
OG0003221	358.5	0.0	5	6	0.66	0.66	3.38	3.38	34	34	22.5	22.5
OG0003222	324.0	0.0	6	6	0.49	0.49	3.53	3.53	43	43	21.17	21.17
OG0003223	876.0	0.0	6	6	0.53	0.53	3.43	3.43	39	39	20.5	20.5
OG0003224	1497.0	0.0	6	6	0.64	0.64	3.18	3.18	29	29	18.67	18.67
OG0003225	330.0	0.0	6	6	0.61	0.61	3.0	3.0	25	25	15.33	15.33
OG0003226	186.0	0.0	6	6	0.63	0.63	2.93	2.93	23	23	14.5	14.5
OG0003227	1185.0	0.0	6	6	0.65	0.65	3.05	3.05	26	26	16.83	16.83
OG0003228	885.0	0.0	6	6	0.84	0.84	2.99	2.99	22	22	18.5	18.5
OG0003229	1800.0	0.0	6	6	0.85	0.85	3.13	3.13	25	25	21.33	21.33
OG0003230	1563.0	0.0	6	6	0.89	0.89	3.11	3.11	24	24	21.33	21.33
OG0003231	1380.0	0.0	6	6	0.95	0.95	3.07	3.07	22	22	21	21
OG0003232	441.0	0.0	6	6	0.95	0.95	3.02	3.02	21	21	20	20
OG0003233	1002.0	0.0	6	6	0.95	0.95	3.02	3.02	21	21	20	20
OG0003234	552.0	0.0	6	6	0.87	0.87	2.91	2.91	20	20	17.33	17.33
OG0003235	435.0	0.0	6	6	0.94	0.94	2.86	2.86	18	18	17	17
OG0003236	666.0	0.0	6	6	0.9	0.9	2.83	2.83	18	18	16.17	16.17
OG0003237	522.0	0.0	6	6	0.94	0.94	2.8	2.8	17	17	16	16
OG0003238	873.0	0.0	6	6	0.94	0.94	2.8	2.8	17	17	16	16
OG0003239	792.0	0.0	6	6	0.94	0.94	2.8	2.8	17	17	16	16
OG0003240	558.0	0.0	6	6	0.93	0.93	2.8	2.8	17	17	15.83	15.83
OG0003241	474.0	0.0	6	6	0.94	0.94	2.8	2.8	17	17	16	16
OG0003242	1017.0	0.0	6	6	0.94	0.94	2.8	2.8	17	17	16	16
OG0003243	2082.0	0.0	6	6	0.74	0.74	2.25	2.25	11	11	8.17	8.17
OG0003244	8124.0	0.0	6	6	0.63	0.63	2.85	2.85	21	21	13.33	13.33
OG0003245	375.0	0.0	6	6	0.62	0.62	2.79	2.79	20	20	12.33	12.33
OG0003246	411.0	0.0	5	6	0.52	0.52	3.12	3.12	28	28	14.5	14.5
OG0003247	532.5	0.0	6	6	0.3	0.3	3.87	3.87	59	59	17.83	17.83
OG0003248	1186.5	0.17	6	6	0.19	0.21	4.62	4.55	109	99	20.33	20.33
OG0003249	471.0	0.0	5	6	0.26	0.26	4.73	4.73	140	140	36.17	36.17
OG0003250	652.5	0.0	5	6	0.25	0.25	4.22	4.22	73	73	18	18
OG0003251	1317.0	0.0	6	6	0.27	0.27	4.2	4.2	76	76	20.17	20.17
OG0003252	591.0	0.5	5	6	0.18	0.22	4.15	3.96	65	54	11.83	11.83
OG0003253	276.0	0.67	6	6	0.28	0.57	3.93	3.45	67	33	18.67	18.67
OG0003254	553.5	0.33	4	6	0.33	0.38	4.26	4.17	82	71	26.67	26.67
OG0003255	228.0	0.17	6	6	0.24	0.29	4.85	4.71	151	128	36.83	36.83
OG0003256	234.0	0.0	6	6	0.29	0.29	4.73	4.73	136	136	39.67	39.67
OG0003257	934.5	0.0	6	6	0.22	0.22	4.32	4.32	81	81	17.67	17.67
OG0003258	2239.5	0.0	6	6	0.28	0.28	3.94	3.94	63	63	17.33	17.33
OG0003259	505.5	0.33	6	6	0.18	0.21	4.41	4.3	88	76	15.67	15.67
OG0003260	102.0	0.17	6	6	0.48	0.5	3.41	3.4	39	37	18.67	18.67
OG0003261	729.0	0.33	6	6	0.27	0.36	3.95	3.7	61	46	16.67	16.67
OG0003262	411.0	0.17	6	6	0.27	0.3	4.15	4.06	72	64	19.5	19.5
OG0003263	1158.0	0.17	6	6	0.27	0.31	4.17	4.05	73	63	19.83	19.83
OG0003264	192.0	0.0	5	6	0.33	0.33	4.64	4.64	126	126	41.17	41.17
OG0003265	369.0	0.0	5	6	0.27	0.27	4.26	4.26	82	82	22.5	22.5
OG0003266	373.5	0.0	5	6	0.28	0.28	4.32	4.32	92	92	26.17	26.17
OG0003267	946.5	0.0	5	6	0.4	0.4	4.11	4.11	78	78	31	31
OG0003268	1449.0	0.0	6	6	0.72	0.72	2.85	2.85	19	19	13.67	13.67
OG0003269	1542.0	0.17	6	6	0.77	0.81	2.87	2.83	19	18	14.67	14.67
OG0003270	360.0	0.0	6	6	0.47	0.47	3.58	3.58	46	46	21.5	21.5
OG0003271	450.0	0.0	6	6	0.24	0.24	4.38	4.38	91	91	21.83	21.83
OG0003272	289.5	0.17	6	6	0.61	0.64	3.09	3.08	25	24	15.33	15.33
OG0003273	660.0	0.0	6	6	0.25	0.25	4.03	4.03	67	67	16.67	16.67
OG0003274	1368.0	0.0	6	6	0.27	0.27	4.15	4.15	72	72	19.67	19.67
OG0003275	703.5	0.0	6	6	0.24	0.24	4.17	4.17	76	76	18.33	18.33
OG0003276	657.0	0.0	6	6	0.24	0.24	4.18	4.18	77	77	18.5	18.5
OG0003277	1123.5	0.17	6	6	0.21	0.25	4.18	4.0	72	61	15	15
OG0003278	93.0	0.17	6	6	0.39	0.42	3.66	3.6	46	43	18	18
OG0003279	1869.0	0.0	6	6	0.48	0.48	3.24	3.24	32	32	15.5	15.5
OG0003280	945.0	0.0	6	6	0.8	0.8	2.79	2.79	18	18	14.33	14.33
OG0003281	1258.5	0.0	5	6	0.25	0.25	4.18	4.18	73	73	18.5	18.5
OG0003282	175.5	0.0	6	6	0.29	0.29	4.77	4.77	143	143	41.17	41.17
OG0003283	255.0	0.33	6	6	0.25	0.3	4.02	3.94	69	57	17.17	17.17
OG0003284	180.0	0.17	6	6	0.81	0.81	3.11	3.12	24	24	19.5	19.5
OG0003285	1497.0	0.17	6	6	0.29	0.29	3.77	3.84	56	56	16.5	16.5
OG0003286	282.0	0.0	6	6	0.25	0.25	3.89	3.89	57	57	14.17	14.17
OG0003287	96.0	0.17	5	6	0.2	0.22	4.62	4.58	111	102	22	22
OG0003288	672.0	0.17	6	6	0.38	0.39	3.52	3.51	43	42	16.17	16.17
OG0003289	1572.0	0.17	6	6	0.23	0.23	4.3	4.32	83	82	19.17	19.17
OG0003290	291.0	0.0	6	6	0.76	0.76	3.16	3.16	26	26	19.83	19.83
OG0003291	724.5	0.5	6	6	0.19	0.25	4.42	4.17	89	66	16.5	16.5
OG0003292	657.0	0.33	6	6	0.28	0.39	4.01	3.75	66	48	18.67	18.67
OG0003293	762.0	0.0	1	6	0.39	0.39	3.24	3.24	29	29	11.33	11.33
OG0003294	558.0	0.0	6	6	0.18	0.18	4.62	4.62	106	106	19.17	19.17
OG0003295	1197.0	0.17	6	6	0.28	0.32	4.02	3.89	63	55	17.5	17.5
OG0003296	702.0	0.17	6	6	0.21	0.23	4.5	4.39	98	88	20.33	20.33
OG0003297	456.0	0.0	6	6	0.33	0.33	3.79	3.79	54	54	18	18
OG0003298	228.0	0.0	6	6	0.34	0.34	3.78	3.78	53	53	18	18
OG0003299	1431.0	0.0	6	6	0.34	0.34	3.86	3.86	57	57	19.33	19.33
OG0003300	594.0	0.0	6	6	0.34	0.34	3.82	3.82	55	55	18.5	18.5
OG0003301	252.0	0.0	1	6	0.18	0.18	4.2	4.2	68	68	12.17	12.17
OG0003302	418.5	0.0	6	6	0.25	0.25	4.5	4.5	97	97	24.67	24.67
OG0003303	379.5	0.33	5	6	0.19	0.19	4.44	4.43	89	87	16.67	16.67
OG0003304	309.0	0.5	6	6	0.23	0.34	4.19	3.86	78	52	17.83	17.83
OG0003305	654.0	0.0	6	6	0.2	0.2	4.55	4.55	100	100	19.67	19.67
OG0003306	156.0	0.0	3	6	0.31	0.31	4.63	4.63	123	123	38.33	38.33
OG0003307	412.5	0.0	6	6	0.25	0.25	4.39	4.39	86	86	21.67	21.67
OG0003308	195.0	0.17	6	6	0.21	0.26	4.72	4.53	121	100	26	26
OG0003309	708.0	0.0	6	6	0.29	0.29	4.03	4.03	65	65	18.83	18.83
OG0003310	109.5	0.17	6	6	0.18	0.21	4.54	4.42	100	88	18.33	18.33
OG0003311	621.0	0.17	6	6	0.52	0.54	3.47	3.48	41	40	21.5	21.5
OG0003312	636.0	0.17	3	6	0.3	0.31	4.23	4.21	75	71	22.17	22.17
OG0003313	519.0	0.17	5	6	0.21	0.21	4.49	4.49	95	93	19.83	19.83
OG0003314	334.5	0.0	2	6	0.18	0.18	4.48	4.48	90	90	15.83	15.83
OG0003315	178.5	0.33	5	6	0.25	0.34	4.74	4.49	139	103	34.67	34.67
OG0003316	232.5	0.0	6	6	0.35	0.35	4.13	4.13	78	78	27.67	27.67
OG0003317	1056.0	0.0	4	6	0.39	0.39	3.76	3.76	51	51	19.83	19.83
OG0003318	222.0	0.83	1	6	0.52	0.68	3.17	3.09	29	22	15	15
OG0003319	291.0	0.17	5	6	0.28	0.29	4.32	4.31	92	90	25.67	25.67
OG0003320	1957.5	0.0	5	6	0.27	0.27	4.6	4.6	122	122	33.5	33.5
OG0003321	555.0	0.0	5	6	0.27	0.27	4.52	4.52	114	114	30.67	30.67
OG0003322	1167.0	0.0	5	6	0.26	0.26	4.53	4.53	116	116	30.33	30.33
OG0003323	325.5	0.33	3	6	0.62	0.65	3.12	3.16	26	25	16.17	16.17
OG0003324	303.0	0.0	2	6	0.31	0.31	3.97	3.97	74	74	22.67	22.67
OG0003325	565.5	0.0	4	6	0.76	0.76	2.97	2.97	22	22	16.67	16.67
OG0003326	1083.0	0.0	5	5	0.5	0.5	3.37	3.37	37	37	18.4	18.4
OG0003327	1239.0	0.0	5	5	0.48	0.48	3.45	3.45	40	40	19.4	19.4
OG0003328	618.0	0.0	4	5	0.29	0.29	4.56	4.56	107	107	30.6	30.6
OG0003329	231.0	0.0	4	5	0.3	0.3	4.69	4.69	125	125	38	38
OG0003330	168.0	0.0	4	5	0.31	0.31	4.72	4.72	128	128	39.2	39.2
OG0003331	3828.0	0.0	5	5	0.31	0.31	4.11	4.11	64	64	19.8	19.8
OG0003332	219.0	0.0	5	5	0.33	0.33	3.83	3.83	55	55	18.2	18.2
OG0003333	1209.0	0.2	5	5	0.29	0.3	4.11	4.13	67	65	19.2	19.2
OG0003334	201.0	0.4	5	5	0.27	0.32	3.93	3.79	57	47	15.2	15.2
OG0003335	582.0	0.6	5	5	0.22	0.42	4.34	3.72	80	42	17.6	17.6
OG0003336	369.0	0.0	4	5	0.27	0.27	4.23	4.23	74	74	20	20
OG0003337	525.0	0.0	5	5	0.32	0.32	3.99	3.99	62	62	19.8	19.8
OG0003338	615.0	0.0	5	5	0.29	0.29	3.85	3.85	54	54	15.6	15.6
OG0003339	609.0	0.0	5	5	0.35	0.35	3.69	3.69	49	49	17.2	17.2
OG0003340	477.0	0.0	5	5	0.36	0.36	3.78	3.78	49	49	17.8	17.8
OG0003341	705.0	0.0	5	5	0.45	0.45	3.68	3.68	48	48	21.4	21.4
OG0003342	921.0	0.0	5	5	0.5	0.5	3.6	3.6	44	44	21.8	21.8
OG0003343	240.0	0.0	5	5	0.31	0.31	3.83	3.83	55	55	17.2	17.2
OG0003344	801.0	0.0	5	5	0.29	0.29	4.0	4.0	64	64	18.8	18.8
OG0003345	1635.0	0.0	5	5	0.31	0.31	3.99	3.99	62	62	19.2	19.2
OG0003346	1077.0	0.0	5	5	0.67	0.67	3.26	3.26	30	30	20	20
OG0003347	468.0	0.0	5	5	0.99	0.99	2.99	2.99	20	20	19.8	19.8
OG0003348	513.0	0.0	4	5	0.51	0.51	3.61	3.61	39	39	19.8	19.8
OG0003349	567.0	0.0	4	5	0.31	0.31	3.87	3.87	58	58	17.8	17.8
OG0003350	519.0	0.0	5	5	0.41	0.41	3.35	3.35	37	37	15.2	15.2
OG0003351	486.0	0.0	4	5	0.36	0.36	4.41	4.41	100	100	35.8	35.8
OG0003352	1944.0	0.0	4	5	0.35	0.35	4.45	4.45	104	104	36.8	36.8
OG0003353	498.0	0.2	5	5	0.28	0.32	4.13	3.98	66	57	18.2	18.2
OG0003354	102.0	0.6	4	5	0.25	0.26	3.58	3.69	41	40	10.2	10.2
OG0003355	468.0	0.0	5	5	0.33	0.33	3.97	3.97	63	63	20.8	20.8
OG0003356	2106.0	0.2	5	5	0.29	0.3	3.88	3.86	54	53	15.8	15.8
OG0003357	1107.0	0.2	5	5	0.21	0.25	4.5	4.34	92	78	19.4	19.4
OG0003358	573.0	0.0	5	5	0.3	0.3	4.0	4.0	67	67	20.2	20.2
OG0003359	474.0	0.0	5	5	0.33	0.33	3.87	3.87	56	56	18.4	18.4
OG0003360	1920.0	0.2	5	5	0.32	0.32	3.92	3.93	57	57	18	18
OG0003361	930.0	0.2	5	5	0.33	0.33	3.83	3.83	52	52	17.4	17.4
OG0003362	156.0	0.0	3	5	0.44	0.44	3.9	3.9	60	60	26.2	26.2
OG0003363	627.0	0.0	4	5	0.23	0.23	4.47	4.47	95	95	22.2	22.2
OG0003364	195.0	0.0	5	5	0.32	0.32	4.6	4.6	116	116	37.6	37.6
OG0003365	393.0	0.0	5	5	0.93	0.93	3.28	3.28	27	27	25.2	25.2
OG0003366	240.0	0.0	5	5	0.96	0.96	3.28	3.28	27	27	26	26
OG0003367	264.0	0.0	5	5	0.94	0.94	3.41	3.41	31	31	29	29
OG0003368	2910.0	0.0	5	5	0.97	0.97	3.6	3.6	37	37	36	36
OG0003369	447.0	0.0	5	5	0.96	0.96	3.54	3.54	35	35	33.6	33.6
OG0003370	231.0	0.0	5	5	0.97	0.97	3.46	3.46	32	32	31	31
OG0003371	183.0	0.0	5	5	0.95	0.95	3.48	3.48	33	33	31.4	31.4
OG0003372	354.0	0.0	5	5	0.95	0.95	3.48	3.48	33	33	31.4	31.4
OG0003373	231.0	0.0	5	5	0.91	0.91	3.47	3.47	33	33	30	30
OG0003374	384.0	0.0	5	5	0.88	0.88	3.52	3.52	35	35	30.8	30.8
OG0003375	315.0	0.0	5	5	0.85	0.85	3.59	3.59	38	38	32.2	32.2
OG0003376	375.0	0.0	5	5	0.64	0.64	3.73	3.73	46	46	29.6	29.6
OG0003377	795.0	0.0	5	5	0.4	0.4	4.06	4.06	67	67	26.8	26.8
OG0003378	723.0	0.0	5	5	0.73	0.73	3.9	3.9	53	53	38.8	38.8
OG0003379	495.0	0.0	5	5	0.71	0.71	3.98	3.98	58	58	41.2	41.2
OG0003380	441.0	0.0	5	5	0.74	0.74	3.95	3.95	56	56	41.4	41.4
OG0003381	522.0	0.0	5	5	0.75	0.75	3.97	3.97	57	57	43	43
OG0003382	651.0	0.0	5	5	0.76	0.76	3.99	3.99	58	58	43.8	43.8
OG0003383	321.0	0.0	5	5	0.75	0.75	3.96	3.96	57	57	42.8	42.8
OG0003384	222.0	0.0	5	5	0.76	0.76	3.95	3.95	56	56	42.8	42.8
OG0003385	543.0	0.0	5	5	0.74	0.74	3.96	3.96	57	57	42	42
OG0003386	273.0	0.0	5	5	0.75	0.75	3.95	3.95	56	56	42.2	42.2
OG0003387	180.0	0.0	5	5	0.77	0.77	3.9	3.9	53	53	40.8	40.8
OG0003388	192.0	0.0	5	5	0.77	0.77	3.89	3.89	53	53	40.6	40.6
OG0003389	174.0	0.0	4	5	0.41	0.41	4.48	4.48	100	100	40.6	40.6
OG0003390	276.0	0.0	5	5	0.76	0.76	3.89	3.89	52	52	39.6	39.6
OG0003391	198.0	0.0	5	5	0.76	0.76	3.87	3.87	51	51	38.6	38.6
OG0003392	1038.0	0.0	5	5	0.76	0.76	3.93	3.93	54	54	40.8	40.8
OG0003393	522.0	0.0	5	5	0.69	0.69	3.34	3.34	32	32	22.2	22.2
OG0003394	261.0	0.0	5	5	0.63	0.63	3.28	3.28	31	31	19.6	19.6
OG0003395	474.0	0.0	5	5	0.62	0.62	3.34	3.34	33	33	20.4	20.4
OG0003396	114.0	0.0	5	5	0.63	0.63	3.31	3.31	32	32	20.2	20.2
OG0003397	285.0	0.0	5	5	0.66	0.66	3.3	3.3	31	31	20.6	20.6
OG0003398	258.0	0.0	5	5	1.0	1.0	2.83	2.83	17	17	17	17
OG0003399	168.0	0.0	5	5	0.92	0.92	2.54	2.54	13	13	12	12
OG0003400	513.0	0.0	5	5	0.91	0.91	2.8	2.8	17	17	15.4	15.4
OG0003401	1725.0	0.6	5	5	0.34	0.42	3.86	3.71	51	41	17.2	17.2
OG0003402	330.0	0.6	5	5	0.27	0.41	4.09	3.78	67	44	18.2	18.2
OG0003403	1041.0	0.6	5	5	0.27	0.41	4.15	3.82	71	46	19	19
OG0003404	210.0	0.2	5	5	0.22	0.23	4.44	4.39	87	81	18.8	18.8
OG0003405	711.0	0.4	5	5	0.21	0.26	4.17	3.99	67	55	14.2	14.2
OG0003406	228.0	0.0	5	5	0.29	0.29	4.72	4.72	129	129	38	38
OG0003407	117.0	0.4	5	5	0.34	0.67	3.91	3.3	57	29	19.4	19.4
OG0003408	594.0	0.0	5	5	0.37	0.37	3.67	3.67	44	44	16.4	16.4
OG0003409	249.0	0.0	4	5	0.38	0.38	4.47	4.47	105	105	40.2	40.2
OG0003410	135.0	0.2	5	5	0.23	0.25	4.49	4.44	94	86	21.6	21.6
OG0003411	207.0	0.0	5	5	0.34	0.34	4.22	4.22	79	79	26.6	26.6
OG0003412	1050.0	0.2	5	5	0.24	0.24	4.05	4.03	60	59	14.4	14.4
OG0003413	672.0	0.0	3	5	0.28	0.28	4.14	4.14	70	70	19.6	19.6
OG0003414	735.0	0.0	4	5	0.28	0.28	4.02	4.02	62	62	17.4	17.4
OG0003415	576.0	0.0	3	5	0.43	0.43	3.72	3.72	45	45	19.4	19.4
OG0003416	288.0	0.0	5	5	0.33	0.33	3.88	3.88	58	58	19	19
OG0003417	171.0	0.0	5	5	0.58	0.58	3.4	3.4	34	34	19.6	19.6
OG0003418	192.0	0.2	5	5	0.57	0.61	3.28	3.26	31	29	17.8	17.8
OG0003419	870.0	0.0	5	5	0.59	0.59	3.43	3.43	36	36	21.2	21.2
OG0003420	519.0	0.0	5	5	0.36	0.36	3.93	3.93	61	61	22	22
OG0003421	657.0	0.6	5	5	0.36	0.55	3.59	3.35	46	30	16.6	16.6
OG0003422	477.0	1.0	5	5	0.27	NA	2.72	NA	18	0	4.8	4.8
OG0003423	1932.0	0.4	5	5	0.25	0.35	4.25	3.91	74	52	18.2	18.2
OG0003424	843.0	0.0	4	5	0.31	0.31	4.05	4.05	68	68	21	21
OG0003425	792.0	0.2	5	5	0.26	0.26	4.29	4.28	80	79	20.8	20.8
OG0003426	177.0	0.0	5	5	0.35	0.35	4.08	4.08	62	62	21.6	21.6
OG0003427	498.0	0.0	5	5	0.28	0.28	4.27	4.27	79	79	22	22
OG0003428	150.0	0.0	4	5	0.31	0.31	4.58	4.58	111	111	34.2	34.2
OG0003429	189.0	0.0	3	5	0.38	0.38	4.56	4.56	112	112	42.2	42.2
OG0003430	405.0	0.0	5	5	0.96	0.96	3.08	3.08	22	22	21.2	21.2
OG0003431	516.0	0.0	5	5	0.38	0.38	3.76	3.76	49	49	18.4	18.4
OG0003432	426.0	0.4	4	5	0.3	0.92	4.18	3.12	74	24	22.2	22.2
OG0003433	2370.0	0.2	3	5	0.29	0.3	4.4	4.38	88	86	25.6	25.6
OG0003434	867.0	0.0	5	5	0.33	0.33	3.75	3.75	51	51	16.6	16.6
OG0003435	150.0	0.2	5	5	0.28	0.29	4.01	3.98	64	60	17.6	17.6
OG0003436	963.0	0.2	5	5	0.27	0.29	4.06	4.01	67	62	18	18
OG0003437	879.0	0.2	5	5	0.27	0.29	4.06	4.01	67	62	18	18
OG0003438	690.0	0.2	5	5	0.22	0.24	4.21	4.16	72	67	15.8	15.8
OG0003439	1389.0	0.0	5	5	0.22	0.22	4.54	4.54	98	98	21.4	21.4
OG0003440	2976.0	0.0	5	5	0.25	0.25	4.04	4.04	64	64	16	16
OG0003441	1302.0	0.0	5	5	0.31	0.31	3.89	3.89	54	54	17	17
OG0003442	690.0	0.0	5	5	0.77	0.77	3.03	3.03	23	23	17.6	17.6
OG0003443	573.0	0.2	5	5	0.2	0.22	4.62	4.53	101	93	20.2	20.2
OG0003444	549.0	1.0	5	5	0.28	NA	3.92	NA	57	0	16.2	16.2
OG0003445	144.0	0.2	5	5	0.31	0.37	3.96	3.78	62	52	19.4	19.4
OG0003446	612.0	0.0	4	5	0.49	0.49	3.97	3.97	65	65	32	32
OG0003447	213.0	0.0	5	5	0.39	0.39	4.05	4.05	69	69	27	27
OG0003448	345.0	0.2	5	5	0.79	0.79	3.13	3.15	25	25	19.8	19.8
OG0003449	1221.0	0.2	5	5	0.63	0.63	3.46	3.47	35	35	22.2	22.2
OG0003450	531.0	0.0	5	5	0.28	0.28	4.18	4.18	73	73	20.6	20.6
OG0003451	402.0	0.0	5	5	0.28	0.28	4.19	4.19	73	73	20.4	20.4
OG0003452	495.0	0.0	5	5	0.35	0.35	4.01	4.01	66	66	23.2	23.2
OG0003453	297.0	0.0	4	5	0.37	0.37	4.46	4.46	103	103	37.8	37.8
OG0003454	219.0	0.0	4	5	0.34	0.34	4.02	4.02	67	67	22.6	22.6
OG0003455	159.0	0.2	5	5	0.34	0.46	3.79	3.5	52	39	17.8	17.8
OG0003456	501.0	0.4	5	5	0.3	0.35	3.64	3.49	42	35	12.4	12.4
OG0003457	162.0	0.0	5	5	0.41	0.41	4.01	4.01	63	63	25.8	25.8
OG0003458	156.0	0.2	5	5	0.28	0.29	4.57	4.56	109	107	30.6	30.6
OG0003459	177.0	0.2	5	5	0.44	0.47	3.44	3.43	37	35	16.4	16.4
OG0003460	963.0	0.0	5	5	0.27	0.27	4.11	4.11	67	67	17.8	17.8
OG0003461	1233.0	0.0	5	5	0.32	0.32	4.12	4.12	77	77	24.6	24.6
OG0003462	282.0	0.0	5	5	0.38	0.38	3.68	3.68	48	48	18.4	18.4
OG0003463	693.0	0.0	5	5	0.39	0.39	3.89	3.89	54	54	20.8	20.8
OG0003464	438.0	0.0	4	5	0.3	0.3	4.44	4.44	96	96	29	29
OG0003465	408.0	0.0	4	5	0.3	0.3	4.46	4.46	98	98	29	29
OG0003466	369.0	0.2	5	5	0.21	0.26	4.58	4.36	99	79	20.6	20.6
OG0003467	1302.0	0.8	4	5	0.3	1.02	3.96	2.89	61	18	18.4	18.4
OG0003468	237.0	0.2	5	5	0.21	0.29	4.7	4.37	112	81	23.8	23.8
OG0003469	891.0	0.2	4	5	0.25	0.28	4.34	4.25	81	74	20.6	20.6
OG0003470	96.0	0.6	5	5	0.23	0.33	4.09	3.74	62	42	14	14
OG0003471	477.0	0.0	5	5	0.3	0.3	4.73	4.73	126	126	38	38
OG0003472	750.0	0.0	4	5	0.4	0.4	3.51	3.51	43	43	17	17
OG0003473	1191.0	0.0	5	5	0.51	0.51	3.32	3.32	34	34	17.2	17.2
OG0003474	1167.0	0.0	5	5	0.28	0.28	4.06	4.06	66	66	18.6	18.6
OG0003475	1176.0	0.2	5	5	0.22	0.22	4.31	4.32	76	76	16.4	16.4
OG0003476	201.0	0.0	5	5	0.4	0.4	3.68	3.68	49	49	19.6	19.6
OG0003477	2193.0	0.0	5	5	0.41	0.41	3.81	3.81	55	55	22.6	22.6
OG0003478	411.0	0.0	5	5	0.41	0.41	3.76	3.76	53	53	21.6	21.6
OG0003479	1770.0	0.0	5	5	0.4	0.4	3.57	3.57	44	44	17.6	17.6
OG0003480	693.0	0.0	5	5	0.87	0.87	3.12	3.12	24	24	20.8	20.8
OG0003481	1437.0	0.0	5	5	0.81	0.81	3.16	3.16	26	26	21	21
OG0003482	759.0	0.2	5	5	0.22	0.23	4.36	4.34	82	78	18.2	18.2
OG0003483	882.0	0.0	5	5	0.39	0.39	3.81	3.81	50	50	19.4	19.4
OG0003484	801.0	0.0	5	5	0.38	0.38	3.8	3.8	50	50	19.2	19.2
OG0003485	1674.0	0.0	4	5	0.41	0.41	3.86	3.86	50	50	20.6	20.6
OG0003486	474.0	0.0	5	5	0.31	0.31	4.1	4.1	70	70	21.8	21.8
OG0003487	216.0	0.2	5	5	0.28	0.33	4.66	4.5	121	101	33.6	33.6
OG0003488	774.0	0.0	5	5	0.29	0.29	4.0	4.0	61	61	17.6	17.6
OG0003489	171.0	0.0	5	5	0.38	0.38	3.82	3.82	54	54	20.4	20.4
OG0003490	513.0	0.0	5	5	0.34	0.34	4.21	4.21	73	73	24.8	24.8
OG0003491	555.0	0.0	5	5	0.26	0.26	4.16	4.16	69	69	18	18
OG0003492	390.0	0.0	5	5	0.28	0.28	4.3	4.3	80	80	22.4	22.4
OG0003493	246.0	0.0	4	5	0.31	0.31	4.52	4.52	102	102	32	32
OG0003494	774.0	0.2	5	5	0.31	0.31	3.98	3.98	58	58	18	18
OG0003495	609.0	0.0	5	5	0.26	0.26	4.4	4.4	88	88	23.2	23.2
OG0003496	1134.0	0.0	3	5	0.37	0.37	3.77	3.77	46	46	17.2	17.2
OG0003497	312.0	0.0	5	5	0.31	0.31	4.39	4.39	92	92	28.2	28.2
OG0003498	279.0	0.0	3	5	0.2	0.2	4.53	4.53	93	93	18.8	18.8
OG0003499	309.0	0.0	4	5	0.29	0.29	4.17	4.17	69	69	20	20
OG0003500	210.0	0.6	4	5	0.21	0.27	3.88	3.69	50	40	10.6	10.6
OG0003501	1260.0	0.0	5	5	0.31	0.31	3.92	3.92	62	62	19.4	19.4
OG0003502	831.0	0.0	5	5	0.31	0.31	3.88	3.88	60	60	18.8	18.8
OG0003503	315.0	0.0	5	5	0.31	0.31	3.84	3.84	58	58	18.2	18.2
OG0003504	1398.0	0.0	4	5	0.3	0.3	4.6	4.6	112	112	34	34
OG0003505	1272.0	0.0	4	5	0.26	0.26	4.25	4.25	76	76	19.4	19.4
OG0003506	198.0	0.0	4	5	0.27	0.27	4.31	4.31	85	85	22.6	22.6
OG0003507	198.0	0.2	5	5	0.22	0.24	4.71	4.65	117	108	26	26
OG0003508	1083.0	0.2	5	5	0.25	0.28	4.11	3.99	64	57	15.8	15.8
OG0003509	750.0	0.2	5	5	0.33	0.35	4.07	4.01	65	62	21.6	21.6
OG0003510	2046.0	0.2	4	5	0.31	0.39	3.85	3.64	56	44	17.2	17.2
OG0003511	240.0	0.0	4	5	0.37	0.37	4.44	4.44	101	101	37.8	37.8
OG0003512	1011.0	0.0	4	5	0.52	0.52	3.53	3.53	41	41	21.2	21.2
OG0003513	240.0	0.2	4	5	0.37	0.37	4.5	4.54	106	106	38.8	38.8
OG0003514	1320.0	0.0	1	5	0.23	0.23	4.47	4.47	91	91	21.2	21.2
OG0003515	234.0	0.2	5	5	0.4	0.4	3.78	3.84	51	51	20.4	20.4
OG0003516	546.0	0.0	5	5	0.32	0.32	4.65	4.65	120	120	38.8	38.8
OG0003517	708.0	0.2	4	5	0.24	0.25	4.35	4.34	82	79	20	20
OG0003518	411.0	0.0	5	5	0.23	0.23	4.42	4.42	89	89	20.2	20.2
OG0003519	321.0	0.2	3	5	0.78	0.78	3.14	3.13	24	24	18.8	18.8
OG0003520	939.0	0.0	5	5	0.37	0.37	3.65	3.65	47	47	17.6	17.6
OG0003521	855.0	0.0	5	5	0.27	0.27	4.04	4.04	61	61	16.6	16.6
OG0003522	153.0	0.2	4	5	0.23	0.25	4.51	4.46	96	89	22	22
OG0003523	351.0	0.0	4	5	0.31	0.31	4.38	4.38	97	97	30.4	30.4
OG0003524	243.0	0.0	1	5	0.45	0.45	3.77	3.77	57	57	25.4	25.4
OG0003525	489.0	0.25	4	4	0.59	0.59	3.56	3.53	38	38	22.5	22.5
OG0003526	349.5	0.25	4	4	0.6	0.6	3.57	3.53	38	38	22.75	22.75
OG0003527	274.5	0.0	4	4	0.61	0.61	3.55	3.55	37	37	22.75	22.75
OG0003528	766.5	0.0	4	4	0.6	0.6	3.59	3.59	39	39	23.25	23.25
OG0003529	255.0	0.0	4	4	0.59	0.59	3.59	3.59	39	39	23	23
OG0003530	810.0	0.0	4	4	0.6	0.6	3.63	3.63	40	40	24	24
OG0003531	285.0	0.0	4	4	0.59	0.59	3.62	3.62	40	40	23.75	23.75
OG0003532	288.0	0.0	4	4	0.59	0.59	3.65	3.65	41	41	24.25	24.25
OG0003533	417.0	0.0	4	4	0.58	0.58	3.68	3.68	43	43	24.75	24.75
OG0003534	385.5	0.0	4	4	0.56	0.56	3.72	3.72	45	45	25.25	25.25
OG0003535	162.0	0.0	4	4	0.43	0.43	4.34	4.34	90	90	38.75	38.75
OG0003536	117.0	0.0	3	4	0.39	0.39	4.51	4.51	102	102	40.25	40.25
OG0003537	397.5	0.25	4	4	0.42	0.42	3.8	3.85	50	50	21.25	21.25
OG0003538	304.5	0.0	4	4	0.32	0.32	4.5	4.5	95	95	30.25	30.25
OG0003539	207.0	0.0	4	4	0.92	0.92	2.9	2.9	19	19	17.5	17.5
OG0003540	759.0	0.0	4	4	0.44	0.44	3.66	3.66	44	44	19.5	19.5
OG0003541	132.0	0.0	4	4	0.82	0.82	3.09	3.09	24	24	19.75	19.75
OG0003542	613.5	0.25	4	4	0.3	0.36	4.45	4.25	90	74	26.75	26.75
OG0003543	3231.0	0.0	4	4	0.26	0.26	4.07	4.07	60	60	15.75	15.75
OG0003544	2004.0	0.0	4	4	0.26	0.26	4.11	4.11	62	62	16.25	16.25
OG0003545	589.5	0.0	3	4	0.81	0.81	3.15	3.15	25	25	20.25	20.25
OG0003546	195.0	0.0	4	4	0.4	0.4	3.63	3.63	43	43	17	17
OG0003547	915.0	0.0	4	4	0.49	0.49	3.25	3.25	30	30	14.75	14.75
OG0003548	1114.5	0.0	4	4	0.49	0.49	3.25	3.25	30	30	14.75	14.75
OG0003549	1987.5	0.0	4	4	0.87	0.87	2.79	2.79	17	17	14.75	14.75
OG0003550	792.0	0.0	4	4	0.85	0.85	3.0	3.0	21	21	17.75	17.75
OG0003551	1000.5	0.0	4	4	0.75	0.75	3.29	3.29	30	30	22.5	22.5
OG0003552	879.0	0.0	4	4	0.46	0.46	4.02	4.02	63	63	28.75	28.75
OG0003553	186.0	0.0	4	4	0.47	0.47	4.3	4.3	87	87	41	41
OG0003554	394.5	0.0	4	4	0.83	0.83	3.01	3.01	22	22	18.25	18.25
OG0003555	186.0	0.0	4	4	0.81	0.81	3.01	3.01	22	22	17.75	17.75
OG0003556	960.0	0.0	4	4	0.77	0.77	3.07	3.07	24	24	18.5	18.5
OG0003557	189.0	0.0	4	4	0.71	0.71	3.28	3.28	30	30	21.25	21.25
OG0003558	201.0	0.0	4	4	1.0	1.0	3.0	3.0	20	20	20	20
OG0003559	294.0	0.0	4	4	0.53	0.53	3.47	3.47	36	36	19	19
OG0003560	735.0	0.0	4	4	0.51	0.51	3.52	3.52	38	38	19.5	19.5
OG0003561	204.0	0.0	4	4	0.67	0.67	3.12	3.12	26	26	17.5	17.5
OG0003562	271.5	0.0	4	4	0.64	0.64	2.94	2.94	21	21	13.5	13.5
OG0003563	369.0	0.0	4	4	0.83	0.83	3.15	3.15	25	25	20.75	20.75
OG0003564	435.0	0.25	4	4	0.43	0.51	3.6	3.49	44	37	19	19
OG0003565	426.0	0.0	4	4	0.26	0.26	4.35	4.35	78	78	20	20
OG0003566	186.0	0.0	4	4	0.29	0.29	4.28	4.28	75	75	21.5	21.5
OG0003567	150.0	0.0	4	4	0.48	0.48	3.71	3.71	49	49	23.5	23.5
OG0003568	1182.0	0.0	4	4	0.37	0.37	3.79	3.79	47	47	17.5	17.5
OG0003569	444.0	0.0	4	4	0.31	0.31	4.13	4.13	69	69	21.5	21.5
OG0003570	900.0	0.25	4	4	0.25	0.32	4.2	3.96	67	53	17	17
OG0003571	420.0	0.25	4	4	0.35	0.4	3.74	3.67	50	44	17.5	17.5
OG0003572	681.0	0.25	4	4	0.35	0.39	3.78	3.72	52	46	18	18
OG0003573	355.5	0.25	4	4	0.34	0.39	3.8	3.74	53	47	18.25	18.25
OG0003574	651.0	0.25	4	4	0.33	0.39	3.86	3.72	54	46	18	18
OG0003575	217.5	0.0	3	4	0.32	0.32	4.61	4.61	110	110	35.5	35.5
OG0003576	495.0	0.0	4	4	0.54	0.54	4.08	4.08	69	69	37	37
OG0003577	354.0	0.25	4	4	0.37	0.38	3.46	3.43	36	35	13.25	13.25
OG0003578	222.0	0.25	4	4	0.36	0.38	3.48	3.46	37	36	13.5	13.5
OG0003579	384.0	0.25	4	4	0.33	0.34	3.71	3.7	46	45	15.25	15.25
OG0003580	219.0	0.0	2	4	0.47	0.47	3.9	3.9	60	60	28	28
OG0003581	210.0	0.25	3	4	0.33	0.41	4.6	4.39	109	87	35.75	35.75
OG0003582	940.5	0.25	4	4	0.29	0.32	4.26	4.19	75	67	21.75	21.75
OG0003583	204.0	0.0	4	4	0.51	0.51	4.23	4.23	79	79	40.25	40.25
OG0003584	133.5	0.0	4	4	0.77	0.77	3.89	3.89	52	52	40	40
OG0003585	279.0	0.0	4	4	0.41	0.41	3.97	3.97	61	61	25	25
OG0003586	1126.5	0.25	4	4	0.32	0.4	3.89	3.67	53	42	16.75	16.75
OG0003587	790.5	0.25	4	4	0.32	0.4	3.87	3.65	52	41	16.5	16.5
OG0003588	832.5	0.0	4	4	0.82	0.82	3.17	3.17	26	26	21.25	21.25
OG0003589	555.0	0.0	4	4	0.8	0.8	3.17	3.17	26	26	20.75	20.75
OG0003590	576.0	0.25	4	4	0.32	0.42	3.74	3.5	47	36	15.25	15.25
OG0003591	2986.5	0.25	4	4	0.31	0.37	3.94	3.78	57	47	17.5	17.5
OG0003592	1647.0	0.5	4	4	0.33	0.72	3.96	3.21	56	26	18.75	18.75
OG0003593	1101.0	0.0	4	4	0.43	0.43	3.71	3.71	47	47	20	20
OG0003594	721.5	0.5	4	4	0.27	0.35	3.76	3.52	45	34	12	12
OG0003595	579.0	0.25	4	4	0.25	0.27	4.23	4.17	69	65	17.25	17.25
OG0003596	513.0	0.25	4	4	0.31	0.32	4.01	4.04	58	57	18.25	18.25
OG0003597	141.0	0.0	4	4	0.41	0.41	4.13	4.13	69	69	28.25	28.25
OG0003598	1137.0	0.0	4	4	0.41	0.41	3.77	3.77	53	53	21.5	21.5
OG0003599	472.5	0.0	4	4	0.42	0.42	3.66	3.66	48	48	20.25	20.25
OG0003600	1209.0	0.75	4	4	0.29	0.72	3.95	3.09	55	22	15.75	15.75
OG0003601	1285.5	0.5	4	4	0.38	0.39	3.84	3.88	50	49	19	19
OG0003602	528.0	0.25	4	4	0.36	0.37	3.7	3.68	45	44	16.25	16.25
OG0003603	360.0	0.0	4	4	0.45	0.45	3.56	3.56	43	43	19.25	19.25
OG0003604	99.0	0.0	4	4	0.46	0.46	3.48	3.48	40	40	18.5	18.5
OG0003605	153.0	0.0	4	4	0.62	0.62	3.38	3.38	33	33	20.5	20.5
OG0003606	912.0	0.5	4	4	0.32	0.47	3.84	3.52	51	35	16.5	16.5
OG0003607	526.5	0.25	4	4	0.28	0.28	3.95	3.95	54	53	15	15
OG0003608	396.0	0.25	4	4	0.28	0.32	4.35	4.24	81	70	22.5	22.5
OG0003609	90.0	0.25	4	4	0.29	0.36	4.19	4.03	73	60	21.5	21.5
OG0003610	793.5	0.25	4	4	0.31	0.34	4.13	4.1	66	61	20.75	20.75
OG0003611	225.0	0.25	4	4	0.31	0.4	4.51	4.28	99	77	30.5	30.5
OG0003612	291.0	0.0	4	4	0.32	0.32	4.16	4.16	68	68	22	22
OG0003613	291.0	0.25	4	4	0.26	0.3	4.74	4.59	116	100	30.5	30.5
OG0003614	208.5	0.25	3	4	0.35	0.39	4.48	4.38	99	88	34.25	34.25
OG0003615	204.0	0.0	3	4	0.43	0.43	4.51	4.51	104	104	44.75	44.75
OG0003616	106.5	0.0	4	4	0.31	0.31	4.14	4.14	67	67	20.75	20.75
OG0003617	156.0	0.5	4	4	0.25	0.4	4.26	3.81	71	45	18	18
OG0003618	711.0	0.25	4	4	0.53	0.74	3.35	3.09	32	23	17	17
OG0003619	183.0	0.25	4	4	0.3	0.42	4.06	3.73	61	44	18.5	18.5
OG0003620	108.0	1.0	2	4	0.29	NA	2.84	NA	19	0	5.5	5.5
OG0003621	1065.0	0.0	4	4	0.4	0.4	3.92	3.92	59	59	23.75	23.75
OG0003622	202.5	0.0	4	4	0.56	0.56	3.45	3.45	36	36	20	20
OG0003623	561.0	0.75	4	4	0.39	0.71	3.4	2.94	35	19	13.5	13.5
OG0003624	625.5	0.0	4	4	0.59	0.59	2.51	2.51	14	14	8.25	8.25
OG0003625	1584.0	0.0	4	4	0.36	0.36	3.35	3.35	33	33	11.75	11.75
OG0003626	2122.5	0.0	4	4	0.49	0.49	3.24	3.24	29	29	14.25	14.25
OG0003627	1368.0	0.0	4	4	0.66	0.66	3.23	3.23	29	29	19	19
OG0003628	138.0	0.0	3	4	0.39	0.39	4.02	4.02	63	63	24.75	24.75
OG0003629	300.0	0.5	4	4	0.33	0.52	4.68	4.27	115	74	38.25	38.25
OG0003630	523.5	0.0	3	4	0.35	0.35	4.28	4.28	77	77	27.25	27.25
OG0003631	156.0	0.0	3	4	0.58	0.58	3.87	3.87	56	56	32.5	32.5
OG0003632	408.0	0.25	4	4	0.38	0.4	4.15	4.11	70	66	26.25	26.25
OG0003633	246.0	0.25	4	4	0.7	0.74	2.94	2.93	21	20	14.75	14.75
OG0003634	462.0	0.0	4	4	0.64	0.64	3.39	3.39	34	34	21.75	21.75
OG0003635	171.0	0.0	4	4	1.0	1.0	3.0	3.0	20	20	20	20
OG0003636	174.0	0.25	4	4	0.26	0.34	4.39	4.14	82	63	21.25	21.25
OG0003637	207.0	0.0	4	4	0.34	0.34	4.53	4.53	104	104	35	35
OG0003638	172.5	0.0	4	4	1.0	1.0	2.77	2.77	16	16	16	16
OG0003639	382.5	0.0	4	4	0.53	0.53	3.65	3.65	45	45	23.75	23.75
OG0003640	282.0	0.0	4	4	0.84	0.84	3.36	3.36	31	31	26	26
OG0003641	402.0	0.0	4	4	0.75	0.75	3.39	3.39	33	33	24.75	24.75
OG0003642	154.5	0.0	4	4	0.72	0.72	2.9	2.9	20	20	14.5	14.5
OG0003643	943.5	0.0	4	4	0.31	0.31	4.12	4.12	66	66	20.5	20.5
OG0003644	957.0	0.0	4	4	0.49	0.49	3.52	3.52	39	39	19.25	19.25
OG0003645	156.0	0.0	4	4	0.52	0.52	3.51	3.51	38	38	19.75	19.75
OG0003646	177.0	0.0	4	4	0.6	0.6	3.54	3.54	39	39	23.25	23.25
OG0003647	189.0	0.0	4	4	0.6	0.6	3.54	3.54	39	39	23.25	23.25
OG0003648	258.0	0.0	4	4	0.56	0.56	3.06	3.06	25	25	14	14
OG0003649	564.0	0.25	4	4	0.38	0.41	3.66	3.64	44	41	16.75	16.75
OG0003650	786.0	0.25	4	4	0.25	0.31	4.23	4.03	69	56	17.5	17.5
OG0003651	177.0	0.25	4	4	0.34	0.38	3.93	3.87	57	51	19.5	19.5
OG0003652	301.5	0.25	4	4	0.34	0.38	3.93	3.87	57	51	19.5	19.5
OG0003653	282.0	0.0	4	4	0.36	0.36	3.99	3.99	60	60	21.5	21.5
OG0003654	132.0	0.0	4	4	0.35	0.35	3.82	3.82	53	53	18.5	18.5
OG0003655	420.0	0.0	3	4	0.37	0.37	4.52	4.52	102	102	38	38
OG0003656	633.0	0.25	4	4	0.27	0.29	4.35	4.31	80	75	21.75	21.75
OG0003657	126.0	0.25	4	4	0.28	0.3	4.08	4.04	61	57	17	17
OG0003658	616.5	0.0	4	4	0.41	0.41	3.68	3.68	45	45	18.25	18.25
OG0003659	787.5	0.0	3	4	0.26	0.26	4.51	4.51	92	92	23.75	23.75
OG0003660	159.0	0.0	2	4	0.26	0.26	4.39	4.39	81	81	20.75	20.75
OG0003661	327.0	0.25	4	4	0.34	0.41	3.75	3.58	45	38	15.5	15.5
OG0003662	520.5	0.25	4	4	0.31	0.33	3.83	3.76	49	45	15	15
OG0003663	198.0	0.25	4	4	0.29	0.32	4.32	4.21	78	69	22.25	22.25
OG0003664	222.0	0.5	4	4	0.37	0.44	3.68	3.61	45	38	16.75	16.75
OG0003665	1218.0	0.5	4	4	0.27	0.43	4.14	3.71	65	41	17.75	17.75
OG0003666	144.0	0.25	3	4	0.32	0.38	3.97	3.86	61	52	19.5	19.5
OG0003667	634.5	0.25	4	4	0.33	0.34	4.34	4.34	81	80	27	27
OG0003668	654.0	0.25	4	4	0.31	0.34	4.19	4.16	70	64	22	22
OG0003669	172.5	0.0	4	4	0.42	0.42	4.09	4.09	67	67	28.25	28.25
OG0003670	189.0	0.5	4	4	0.33	0.51	3.87	3.52	54	35	17.75	17.75
OG0003671	144.0	0.25	4	4	0.32	0.37	3.85	3.71	51	44	16.25	16.25
OG0003672	240.0	0.0	4	4	0.39	0.39	3.82	3.82	48	48	18.5	18.5
OG0003673	219.0	0.0	4	4	0.41	0.41	4.21	4.21	76	76	31.25	31.25
OG0003674	195.0	0.0	3	4	0.39	0.39	4.44	4.44	96	96	37.5	37.5
OG0003675	727.5	0.0	4	4	0.27	0.27	4.23	4.23	72	72	19.75	19.75
OG0003676	195.0	0.0	4	4	0.38	0.38	3.9	3.9	57	57	21.75	21.75
OG0003677	3109.5	0.0	4	4	0.33	0.33	3.8	3.8	50	50	16.5	16.5
OG0003678	306.0	0.0	4	4	0.6	0.6	3.48	3.48	36	36	21.5	21.5
OG0003679	109.5	0.0	2	4	0.25	0.25	4.29	4.29	73	73	18.5	18.5
OG0003680	960.0	0.25	4	4	0.43	0.45	3.52	3.5	38	37	16.5	16.5
OG0003681	960.0	0.75	4	4	0.25	0.82	4.41	3.22	82	25	20.5	20.5
OG0003682	189.0	0.25	4	4	0.6	0.63	3.01	3.02	24	23	14.5	14.5
OG0003683	249.0	0.0	4	4	0.45	0.45	3.76	3.76	50	50	22.25	22.25
OG0003684	958.5	0.0	4	4	0.54	0.54	3.46	3.46	37	37	20	20
OG0003685	852.0	0.0	4	4	0.52	0.52	3.48	3.48	38	38	19.75	19.75
OG0003686	138.0	0.0	4	4	0.9	0.9	3.05	3.05	22	22	19.75	19.75
OG0003687	301.5	0.25	4	4	0.26	0.36	4.47	4.14	88	63	22.5	22.5
OG0003688	625.5	0.25	4	4	0.27	0.44	4.28	3.8	74	45	19.75	19.75
OG0003689	358.5	0.0	4	4	0.42	0.42	3.85	3.85	49	49	20.5	20.5
OG0003690	694.5	0.0	4	4	0.26	0.26	4.29	4.29	75	75	19.75	19.75
OG0003691	1365.0	0.0	4	4	0.77	0.77	2.98	2.98	21	21	16.25	16.25
OG0003692	457.5	0.0	4	4	0.29	0.29	4.82	4.82	130	130	37.5	37.5
OG0003693	567.0	0.25	4	4	0.33	0.34	3.9	3.88	53	52	17.5	17.5
OG0003694	1326.0	0.0	4	4	0.57	0.57	3.5	3.5	37	37	21	21
OG0003695	240.0	0.0	3	4	0.4	0.4	4.49	4.49	103	103	41.25	41.25
OG0003696	147.0	0.25	3	4	0.43	0.45	4.41	4.4	95	90	40.75	40.75
OG0003697	162.0	0.25	3	4	0.33	0.41	4.51	4.31	100	80	32.75	32.75
OG0003698	321.0	0.0	4	4	0.3	0.3	4.21	4.21	71	71	21.25	21.25
OG0003699	327.0	0.0	4	4	0.37	0.37	4.08	4.08	67	67	24.75	24.75
OG0003700	471.0	0.5	4	4	0.29	0.38	3.95	3.73	55	42	15.75	15.75
OG0003701	216.0	0.0	3	4	0.29	0.29	4.15	4.15	67	67	19.75	19.75
OG0003702	609.0	0.5	4	4	0.32	0.44	4.1	3.82	64	46	20.25	20.25
OG0003703	225.0	0.25	4	4	0.35	0.45	4.01	3.78	63	48	21.75	21.75
OG0003704	186.0	0.75	4	4	0.36	1.19	4.32	3.18	80	24	28.5	28.5
OG0003705	1071.0	0.0	4	4	0.32	0.32	4.0	4.0	60	60	19.25	19.25
OG0003706	279.0	0.0	3	4	0.4	0.4	4.48	4.48	101	101	40.5	40.5
OG0003707	240.0	0.75	4	4	0.42	0.89	3.51	2.89	38	18	16	16
OG0003708	270.0	0.75	4	4	0.43	0.9	3.51	2.89	38	18	16.25	16.25
OG0003709	282.0	0.25	4	4	0.27	0.33	4.18	4.0	68	56	18.5	18.5
OG0003710	994.5	0.0	4	4	0.32	0.32	4.2	4.2	72	72	23.25	23.25
OG0003711	129.0	1.0	3	4	0.35	NA	3.03	NA	23	0	8	8
OG0003712	237.0	0.0	4	4	0.34	0.34	3.94	3.94	58	58	20	20
OG0003713	654.0	0.0	4	4	0.35	0.35	3.89	3.89	52	52	18	18
OG0003714	159.0	0.0	4	4	0.3	0.3	4.72	4.72	118	118	35	35
OG0003715	1083.0	0.0	4	4	0.26	0.26	4.3	4.3	76	76	20	20
OG0003716	454.5	0.25	4	4	0.34	0.46	4.29	4.02	81	60	27.5	27.5
OG0003717	208.5	0.0	4	4	0.29	0.29	4.63	4.63	107	107	30.75	30.75
OG0003718	766.5	0.25	4	4	0.27	0.34	4.24	4.03	72	57	19.5	19.5
OG0003719	366.0	0.0	3	4	0.36	0.36	4.03	4.03	62	62	22.5	22.5
OG0003720	237.0	0.0	3	4	0.3	0.3	4.08	4.08	62	62	18.75	18.75
OG0003721	465.0	0.0	4	4	0.31	0.31	3.81	3.81	52	52	16	16
OG0003722	183.0	0.25	4	4	0.32	0.4	3.75	3.57	49	39	15.75	15.75
OG0003723	298.5	0.0	4	4	0.36	0.36	4.63	4.63	115	115	41	41
OG0003724	232.5	0.25	4	4	0.63	0.66	2.98	2.98	23	22	14.5	14.5
OG0003725	195.0	0.0	3	4	0.59	0.59	3.18	3.18	29	29	17.25	17.25
OG0003726	213.0	0.0	4	4	0.38	0.38	3.86	3.86	54	54	20.75	20.75
OG0003727	580.5	0.0	4	4	0.43	0.43	3.81	3.81	51	51	22	22
OG0003728	468.0	0.25	3	4	0.33	0.39	4.49	4.32	97	82	32	32
OG0003729	1068.0	0.0	4	4	0.4	0.4	3.74	3.74	49	49	19.75	19.75
OG0003730	573.0	0.0	4	4	0.41	0.41	3.74	3.74	49	49	20	20
OG0003731	150.0	0.0	4	4	0.46	0.46	3.59	3.59	42	42	19.5	19.5
OG0003732	249.0	0.0	2	4	0.42	0.42	4.46	4.46	98	98	41.25	41.25
OG0003733	171.0	0.0	2	4	0.43	0.43	4.44	4.44	97	97	41.25	41.25
OG0003734	627.0	0.5	3	4	0.27	0.36	3.82	3.55	47	35	12.5	12.5
OG0003735	157.5	0.0	4	4	0.3	0.3	4.19	4.19	69	69	20.5	20.5
OG0003736	111.0	0.0	4	4	0.77	0.77	2.96	2.96	21	21	16.25	16.25
OG0003737	1044.0	0.0	1	4	0.34	0.34	3.81	3.81	49	49	16.5	16.5
OG0003738	822.0	0.25	4	4	0.41	0.43	3.53	3.5	39	37	16	16
OG0003739	549.0	0.5	4	4	0.63	0.66	3.01	3.04	23	22	14.5	14.5
OG0003740	384.0	0.25	4	4	0.36	0.37	4.27	4.26	78	77	28.25	28.25
OG0003741	498.0	0.25	4	4	0.68	0.68	2.96	2.96	21	21	14.25	14.25
OG0003742	354.0	0.25	4	4	0.39	0.68	3.81	3.26	51	29	19.75	19.75
OG0003743	171.0	0.0	4	4	0.31	0.31	4.64	4.64	112	112	34.5	34.5
OG0003744	1239.0	0.0	4	4	0.55	0.55	3.24	3.24	27	27	14.75	14.75
OG0003745	1350.0	0.0	4	4	0.74	0.74	3.22	3.22	27	27	20	20
OG0003746	115.5	1.0	1	4	0.27	NA	3.36	NA	31	0	8.5	8.5
OG0003747	105.0	0.5	2	4	0.25	0.45	4.33	3.74	76	42	19	19
OG0003748	220.5	1.0	2	4	0.4	NA	2.9	NA	20	0	8	8
OG0003749	192.0	0.0	4	4	0.31	0.31	3.91	3.91	55	55	17	17
OG0003750	192.0	0.0	2	4	0.95	0.95	3.03	3.03	21	21	20	20
OG0003751	1536.0	0.0	1	4	0.28	0.28	4.25	4.25	74	74	20.75	20.75
OG0003752	801.0	0.0	3	3	0.39	0.39	3.83	3.83	48	48	18.67	18.67
OG0003753	102.0	0.0	3	3	0.61	0.61	3.06	3.06	24	24	14.67	14.67
OG0003754	750.0	0.0	3	3	0.58	0.58	3.47	3.47	36	36	21	21
OG0003755	300.0	0.0	3	3	0.68	0.68	3.16	3.16	26	26	17.67	17.67
OG0003756	627.0	0.0	3	3	0.51	0.51	3.61	3.61	41	41	21	21
OG0003757	579.0	0.0	3	3	0.52	0.52	3.61	3.61	41	41	21.33	21.33
OG0003758	249.0	0.0	2	3	0.48	0.48	4.36	4.36	87	87	41.67	41.67
OG0003759	219.0	0.0	3	3	0.5	0.5	4.33	4.33	82	82	40.67	40.67
OG0003760	852.0	0.0	3	3	0.5	0.5	3.73	3.73	47	47	23.67	23.67
OG0003761	285.0	0.33	3	3	0.42	0.44	4.19	4.15	70	66	29.33	29.33
OG0003762	309.0	0.0	3	3	1.0	1.0	2.83	2.83	17	17	17	17
OG0003763	225.0	0.67	2	3	0.38	0.75	3.43	2.77	32	16	12	12
OG0003764	246.0	0.0	3	3	0.84	0.84	3.15	3.15	25	25	21	21
OG0003765	201.0	0.33	3	3	0.85	0.89	2.95	2.93	20	19	17	17
OG0003766	522.0	0.0	3	3	0.94	0.94	2.75	2.75	16	16	15	15
OG0003767	1086.0	0.33	3	3	0.83	0.83	3.0	3.03	21	21	17.33	17.33
OG0003768	135.0	0.0	3	3	1.0	1.0	2.94	2.94	19	19	19	19
OG0003769	231.0	0.0	3	3	0.95	0.95	3.07	3.07	22	22	21	21
OG0003770	237.0	0.0	3	3	0.95	0.95	3.07	3.07	22	22	21	21
OG0003771	366.0	0.0	3	3	0.96	0.96	3.16	3.16	24	24	23	23
OG0003772	588.0	0.0	3	3	0.91	0.91	3.06	3.06	22	22	20	20
OG0003773	564.0	0.0	3	3	0.9	0.9	3.01	3.01	21	21	19	19
OG0003774	339.0	0.0	3	3	0.76	0.76	3.15	3.15	25	25	19	19
OG0003775	630.0	0.0	3	3	0.71	0.71	2.76	2.76	17	17	12	12
OG0003776	822.0	0.0	3	3	0.7	0.7	2.97	2.97	22	22	15.33	15.33
OG0003777	849.0	0.0	3	3	0.71	0.71	2.93	2.93	21	21	15	15
OG0003778	870.0	0.0	3	3	0.85	0.85	2.83	2.83	18	18	15.33	15.33
OG0003779	1185.0	0.0	3	3	0.35	0.35	3.68	3.68	41	41	14.33	14.33
OG0003780	1122.0	0.0	3	3	0.36	0.36	3.71	3.71	43	43	15.67	15.67
OG0003781	936.0	0.0	3	3	0.61	0.61	3.35	3.35	32	32	19.67	19.67
OG0003782	768.0	0.0	3	3	0.67	0.67	3.29	3.29	30	30	20	20
OG0003783	93.0	0.0	3	3	0.69	0.69	3.08	3.08	24	24	16.67	16.67
OG0003784	1170.0	0.0	3	3	0.68	0.68	3.23	3.23	28	28	19	19
OG0003785	1365.0	0.0	3	3	0.63	0.63	3.32	3.32	31	31	19.67	19.67
OG0003786	312.0	0.0	3	3	0.83	0.83	2.98	2.98	21	21	17.33	17.33
OG0003787	339.0	0.0	3	3	0.83	0.83	2.98	2.98	21	21	17.33	17.33
OG0003788	360.0	0.33	3	3	0.63	0.74	2.95	2.85	21	18	13.33	13.33
OG0003789	1599.0	0.33	3	3	0.75	0.75	2.94	3.0	21	21	15.67	15.67
OG0003790	117.0	0.0	3	3	0.93	0.93	3.19	3.19	25	25	23.33	23.33
OG0003791	189.0	0.0	3	3	0.34	0.34	4.07	4.07	59	59	20	20
OG0003792	1827.0	0.0	3	3	0.33	0.33	3.93	3.93	51	51	17	17
OG0003793	1155.0	0.0	3	3	0.55	0.55	3.58	3.58	38	38	21	21
OG0003794	1011.0	0.0	3	3	0.54	0.54	3.52	3.52	36	36	19.33	19.33
OG0003795	195.0	0.0	3	3	0.39	0.39	4.41	4.41	87	87	34.33	34.33
OG0003796	246.0	0.0	2	3	0.62	0.62	4.07	4.07	64	64	40	40
OG0003797	126.0	0.0	3	3	0.54	0.54	3.47	3.47	35	35	19	19
OG0003798	120.0	0.0	3	3	0.43	0.43	3.78	3.78	47	47	20.33	20.33
OG0003799	1626.0	0.0	3	3	0.36	0.36	3.86	3.86	49	49	17.67	17.67
OG0003800	156.0	0.0	3	3	0.5	0.5	4.39	4.39	88	88	43.67	43.67
OG0003801	258.0	0.0	3	3	0.51	0.51	3.52	3.52	36	36	18.33	18.33
OG0003802	192.0	0.0	3	3	0.77	0.77	3.01	3.01	22	22	17	17
OG0003803	192.0	0.33	3	3	0.44	0.92	3.44	2.73	33	16	14.67	14.67
OG0003804	648.0	1.0	3	3	0.5	NA	2.21	NA	10	0	5	5
OG0003805	201.0	0.33	2	3	0.52	0.53	3.96	3.99	58	57	30	30
OG0003806	1296.0	0.0	3	3	0.52	0.52	3.36	3.36	33	33	17	17
OG0003807	735.0	0.33	3	3	0.35	0.4	3.77	3.64	44	38	15.33	15.33
OG0003808	987.0	0.0	3	3	0.35	0.35	3.88	3.88	49	49	17	17
OG0003809	414.0	0.33	3	3	0.69	0.73	2.84	2.78	18	17	12.33	12.33
OG0003810	384.0	0.0	3	3	0.4	0.4	4.01	4.01	58	58	23.33	23.33
OG0003811	396.0	0.0	3	3	0.6	0.6	3.6	3.6	41	41	24.67	24.67
OG0003812	534.0	0.0	3	3	0.65	0.65	3.39	3.39	33	33	21.33	21.33
OG0003813	540.0	0.0	3	3	0.5	0.5	3.46	3.46	34	34	17	17
OG0003814	1263.0	0.0	3	3	0.64	0.64	3.24	3.24	29	29	18.67	18.67
OG0003815	516.0	0.33	3	3	0.42	0.55	3.6	3.38	40	31	17	17
OG0003816	180.0	0.0	3	3	0.39	0.39	4.14	4.14	67	67	26.33	26.33
OG0003817	231.0	0.0	3	3	0.49	0.49	3.36	3.36	33	33	16.33	16.33
OG0003818	423.0	0.0	3	3	0.49	0.49	3.4	3.4	34	34	16.67	16.67
OG0003819	2178.0	0.0	3	3	0.53	0.53	3.57	3.57	40	40	21	21
OG0003820	315.0	0.0	3	3	0.43	0.43	3.7	3.7	45	45	19.33	19.33
OG0003821	438.0	0.0	3	3	0.39	0.39	4.57	4.57	101	101	39.67	39.67
OG0003822	153.0	0.0	3	3	0.33	0.33	4.01	4.01	55	55	18.33	18.33
OG0003823	507.0	0.0	3	3	0.33	0.33	4.08	4.08	59	59	19.67	19.67
OG0003824	354.0	0.33	3	3	0.35	0.41	3.99	3.82	55	46	19	19
OG0003825	357.0	0.0	3	3	0.52	0.52	3.82	3.82	49	49	25.67	25.67
OG0003826	228.0	0.0	3	3	0.96	0.96	3.73	3.73	42	42	40.33	40.33
OG0003827	252.0	0.0	3	3	0.98	0.98	3.71	3.71	41	41	40.33	40.33
OG0003828	189.0	0.67	3	3	0.56	0.86	3.16	2.83	26	17	14.67	14.67
OG0003829	1617.0	0.67	3	3	0.59	0.85	3.17	2.89	26	18	15.33	15.33
OG0003830	486.0	0.33	3	3	0.48	0.5	3.85	3.87	51	49	24.33	24.33
OG0003831	2013.0	0.67	3	3	0.49	0.84	3.75	3.3	46	27	22.67	22.67
OG0003832	189.0	0.67	3	3	0.43	0.82	3.58	3.0	38	20	16.33	16.33
OG0003833	234.0	0.67	3	3	0.49	0.74	3.39	3.09	33	22	16.33	16.33
OG0003834	273.0	0.67	3	3	0.49	0.74	3.39	3.09	33	22	16.33	16.33
OG0003835	675.0	0.33	3	3	0.33	0.42	3.89	3.66	49	39	16.33	16.33
OG0003836	273.0	0.0	3	3	0.47	0.47	3.8	3.8	48	48	22.33	22.33
OG0003837	531.0	0.0	3	3	0.5	0.5	4.13	4.13	68	68	34	34
OG0003838	378.0	0.0	3	3	0.44	0.44	4.42	4.42	90	90	39.67	39.67
OG0003839	156.0	0.0	3	3	0.37	0.37	3.98	3.98	57	57	21.33	21.33
OG0003840	1221.0	0.0	3	3	0.37	0.37	4.04	4.04	60	60	22.33	22.33
OG0003841	450.0	0.0	3	3	0.37	0.37	4.05	4.05	61	61	22.67	22.67
OG0003842	174.0	0.0	3	3	0.76	0.76	3.17	3.17	26	26	19.67	19.67
OG0003843	639.0	0.0	3	3	0.35	0.35	3.82	3.82	47	47	16.33	16.33
OG0003844	195.0	0.0	3	3	0.35	0.35	4.62	4.62	104	104	36.33	36.33
OG0003845	285.0	0.0	3	3	0.5	0.5	4.38	4.38	89	89	44.67	44.67
OG0003846	180.0	0.0	3	3	0.54	0.54	4.24	4.24	78	78	42.33	42.33
OG0003847	1017.0	0.0	3	3	0.53	0.53	3.79	3.79	49	49	26	26
OG0003848	231.0	0.0	3	3	0.47	0.47	3.74	3.74	48	48	22.33	22.33
OG0003849	867.0	0.0	3	3	0.45	0.45	3.77	3.77	47	47	21.33	21.33
OG0003850	1719.0	0.33	3	3	0.45	0.57	3.8	3.62	48	38	21.67	21.67
OG0003851	168.0	0.33	3	3	0.49	0.62	3.76	3.56	47	37	23	23
OG0003852	231.0	0.33	3	3	0.49	0.63	3.72	3.5	45	35	22	22
OG0003853	93.0	0.33	2	3	0.49	0.68	3.68	3.37	43	31	21	21
OG0003854	486.0	0.0	3	3	0.49	0.49	3.71	3.71	45	45	22	22
OG0003855	168.0	0.0	3	3	0.4	0.4	3.78	3.78	47	47	18.67	18.67
OG0003856	279.0	0.33	3	3	0.4	0.61	3.41	3.04	33	22	13.33	13.33
OG0003857	600.0	0.0	3	3	0.41	0.41	3.83	3.83	49	49	20.33	20.33
OG0003858	690.0	0.0	3	3	0.47	0.47	3.45	3.45	34	34	16	16
OG0003859	426.0	0.0	3	3	0.37	0.37	3.91	3.91	53	53	19.67	19.67
OG0003860	750.0	0.0	3	3	0.41	0.41	3.85	3.85	52	52	21.33	21.33
OG0003861	108.0	0.0	3	3	0.41	0.41	3.83	3.83	51	51	21	21
OG0003862	441.0	0.0	3	3	0.41	0.41	3.83	3.83	51	51	21	21
OG0003863	705.0	0.0	3	3	0.39	0.39	3.89	3.89	51	51	19.67	19.67
OG0003864	201.0	0.0	2	3	0.81	0.81	3.47	3.47	33	33	26.67	26.67
OG0003865	285.0	0.33	3	3	0.4	0.49	4.0	3.85	58	48	23.33	23.33
OG0003866	189.0	0.0	3	3	0.52	0.52	3.62	3.62	42	42	22	22
OG0003867	132.0	0.0	3	3	0.39	0.39	4.09	4.09	63	63	24.33	24.33
OG0003868	165.0	0.67	3	3	0.33	0.64	3.83	3.18	46	24	15.33	15.33
OG0003869	249.0	0.0	3	3	0.34	0.34	4.02	4.02	56	56	19	19
OG0003870	510.0	1.0	2	3	0.53	NA	3.5	NA	35	0	18.67	18.67
OG0003871	177.0	0.0	2	3	0.45	0.45	4.39	4.39	89	89	39.67	39.67
OG0003872	222.0	0.0	2	3	0.5	0.5	4.34	4.34	84	84	42.33	42.33
OG0003873	711.0	0.33	3	3	0.45	0.53	3.63	3.53	40	34	18	18
OG0003874	1917.0	0.33	3	3	0.36	0.45	3.7	3.5	42	34	15.33	15.33
OG0003875	1704.0	0.33	3	3	0.36	0.46	3.65	3.41	40	31	14.33	14.33
OG0003876	657.0	0.0	3	3	0.36	0.36	4.11	4.11	63	63	22.67	22.67
OG0003877	642.0	0.0	3	3	0.34	0.34	4.05	4.05	58	58	20	20
OG0003878	933.0	0.33	3	3	0.36	0.46	3.69	3.44	41	32	14.67	14.67
OG0003879	2646.0	0.33	2	3	0.35	0.45	3.77	3.52	44	34	15.33	15.33
OG0003880	687.0	0.0	3	3	0.48	0.48	3.72	3.72	44	44	21.33	21.33
OG0003881	2118.0	0.0	3	3	0.46	0.46	3.68	3.68	42	42	19.33	19.33
OG0003882	540.0	0.0	2	3	0.37	0.37	3.59	3.59	38	38	14	14
OG0003883	975.0	0.33	3	3	0.4	0.51	3.86	3.65	50	39	20	20
OG0003884	291.0	0.0	3	3	0.45	0.45	4.35	4.35	86	86	39	39
OG0003885	483.0	0.0	3	3	0.49	0.49	4.31	4.31	83	83	41	41
OG0003886	294.0	0.0	2	3	0.46	0.46	4.38	4.38	87	87	40.33	40.33
OG0003887	1359.0	0.33	3	3	0.46	0.46	3.6	3.66	39	39	18	18
OG0003888	201.0	0.0	3	3	0.5	0.5	3.53	3.53	36	36	18	18
OG0003889	183.0	0.0	3	3	0.78	0.78	3.09	3.09	24	24	18.67	18.67
OG0003890	615.0	0.0	3	3	0.49	0.49	3.57	3.57	39	39	19	19
OG0003891	585.0	0.33	3	3	0.35	0.47	3.99	3.69	55	40	19	19
OG0003892	384.0	0.33	3	3	0.33	0.43	4.09	3.83	60	46	20	20
OG0003893	585.0	0.0	3	3	0.55	0.55	3.88	3.88	53	53	29	29
OG0003894	357.0	0.33	3	3	0.35	0.44	4.0	3.8	56	45	19.67	19.67
OG0003895	450.0	0.0	3	3	0.5	0.5	4.22	4.22	76	76	38.33	38.33
OG0003896	639.0	0.0	3	3	0.38	0.38	4.16	4.16	67	67	25.67	25.67
OG0003897	642.0	0.0	3	3	0.37	0.37	4.01	4.01	57	57	21.33	21.33
OG0003898	417.0	0.0	3	3	0.48	0.48	4.37	4.37	88	88	42.67	42.67
OG0003899	324.0	0.0	3	3	0.49	0.49	4.35	4.35	87	87	42.33	42.33
OG0003900	192.0	0.0	3	3	0.43	0.43	4.07	4.07	63	63	27.33	27.33
OG0003901	972.0	0.0	3	3	0.4	0.4	3.86	3.86	50	50	20	20
OG0003902	396.0	0.0	3	3	0.39	0.39	3.94	3.94	54	54	21.33	21.33
OG0003903	684.0	0.0	3	3	0.34	0.34	3.75	3.75	43	43	14.67	14.67
OG0003904	360.0	0.33	3	3	0.36	0.38	3.66	3.61	40	38	14.33	14.33
OG0003905	558.0	0.0	3	3	0.51	0.51	3.29	3.29	29	29	14.67	14.67
OG0003906	765.0	0.0	3	3	0.46	0.46	3.59	3.59	39	39	18	18
OG0003907	318.0	0.33	3	3	0.46	0.49	3.41	3.34	32	30	14.67	14.67
OG0003908	288.0	0.0	2	3	0.41	0.41	4.24	4.24	73	73	29.67	29.67
OG0003909	285.0	0.0	3	3	0.49	0.49	4.02	4.02	61	61	30	30
OG0003910	261.0	0.0	3	3	0.49	0.49	3.98	3.98	59	59	29	29
OG0003911	1191.0	0.0	3	3	0.33	0.33	4.04	4.04	57	57	19	19
OG0003912	273.0	0.0	3	3	0.49	0.49	3.81	3.81	50	50	24.33	24.33
OG0003913	225.0	0.0	3	3	0.46	0.46	4.3	4.3	81	81	37.33	37.33
OG0003914	772.5	0.0	3	2	0.53	0.53	3.62	3.62	38	38	20	20
OG0003915	255.0	0.67	3	3	0.47	0.92	3.65	3.04	41	21	19.33	19.33
OG0003916	123.0	1.0	3	3	0.38	NA	3.92	NA	53	0	20	20
OG0003917	165.0	0.67	3	3	0.38	0.42	3.37	3.33	31	28	11.67	11.67
OG0003918	390.0	0.67	3	3	0.39	0.64	3.58	3.14	38	23	14.67	14.67
OG0003919	681.0	0.33	3	3	0.65	0.69	2.94	2.89	19	18	12.33	12.33
OG0003920	246.0	0.67	2	3	0.36	0.51	3.84	3.53	48	34	17.33	17.33
OG0003921	561.0	0.33	3	3	0.42	0.51	3.81	3.66	48	40	20.33	20.33
OG0003922	198.0	0.67	2	3	0.4	0.53	3.64	3.4	40	30	16	16
OG0003923	351.0	0.33	2	3	0.58	0.66	3.8	3.69	48	42	27.67	27.67
OG0003924	984.0	0.0	3	3	0.95	0.95	2.93	2.93	19	19	18	18
OG0003925	273.0	0.33	3	3	0.43	0.43	3.74	3.78	45	45	19.33	19.33
OG0003926	234.0	0.33	3	3	0.59	0.77	3.64	3.39	41	31	24	24
OG0003927	540.0	0.67	3	3	0.36	0.79	3.84	3.09	48	22	17.33	17.33
OG0003928	147.0	0.0	3	3	0.51	0.51	4.02	4.02	61	61	31.33	31.33
OG0003929	183.0	0.0	3	3	0.58	0.58	4.09	4.09	66	66	38.33	38.33
OG0003930	192.0	0.0	3	3	0.61	0.61	3.54	3.54	39	39	23.67	23.67
OG0003931	1104.0	0.0	3	3	0.47	0.47	3.49	3.49	35	35	16.33	16.33
OG0003932	645.0	0.0	3	3	0.45	0.45	3.49	3.49	35	35	15.67	15.67
OG0003933	315.0	0.33	2	3	0.47	0.58	3.71	3.53	45	36	21	21
OG0003934	585.0	0.67	3	3	0.44	1.0	3.47	2.71	34	15	15	15
OG0003935	1272.0	0.0	3	3	0.43	0.43	3.74	3.74	45	45	19.33	19.33
OG0003936	156.0	0.0	3	3	0.6	0.6	3.34	3.34	32	32	19.33	19.33
OG0003937	1053.0	0.0	3	3	0.45	0.45	3.65	3.65	41	41	18.33	18.33
OG0003938	198.0	0.0	3	3	0.72	0.72	3.05	3.05	23	23	16.67	16.67
OG0003939	591.0	0.0	3	3	0.35	0.35	4.0	4.0	56	56	19.67	19.67
OG0003940	705.0	0.33	3	3	0.38	0.5	3.78	3.56	47	36	18	18
OG0003941	237.0	0.0	3	3	0.53	0.53	3.51	3.51	36	36	19	19
OG0003942	750.0	0.0	3	3	0.67	0.67	3.1	3.1	25	25	16.67	16.67
OG0003943	1044.0	0.0	3	3	0.69	0.69	3.11	3.11	25	25	17.33	17.33
OG0003944	282.0	0.0	3	3	0.33	0.33	4.33	4.33	76	76	25.33	25.33
OG0003945	351.0	0.0	3	3	0.35	0.35	4.19	4.19	67	67	23.33	23.33
OG0003946	267.0	0.0	3	3	0.45	0.45	3.85	3.85	50	50	22.33	22.33
OG0003947	513.0	0.33	3	3	0.44	0.48	3.54	3.47	37	34	16.33	16.33
OG0003948	561.0	0.0	3	3	0.57	0.57	3.46	3.46	34	34	19.33	19.33
OG0003949	960.0	0.0	3	3	0.45	0.45	3.72	3.72	47	47	21	21
OG0003950	1098.0	0.0	3	3	0.44	0.44	3.77	3.77	49	49	21.67	21.67
OG0003951	1275.0	0.0	3	3	0.44	0.44	3.81	3.81	51	51	22.33	22.33
OG0003952	240.0	0.0	2	3	0.52	0.52	4.3	4.3	82	82	42.67	42.67
OG0003953	696.0	0.67	3	3	0.71	0.71	2.65	2.77	16	16	11.33	11.33
OG0003954	741.0	0.0	3	3	0.35	0.35	4.1	4.1	62	62	22	22
OG0003955	765.0	0.0	3	3	0.47	0.47	3.75	3.75	45	45	21.33	21.33
OG0003956	168.0	0.0	3	3	0.91	0.91	3.27	3.27	27	27	24.67	24.67
OG0003957	168.0	0.67	2	3	0.5	1.09	3.85	3.14	50	23	25	25
OG0003958	186.0	0.67	3	3	0.44	0.74	3.37	2.94	32	19	14	14
OG0003959	1026.0	0.33	3	3	0.42	0.43	3.8	3.82	47	46	19.67	19.67
OG0003960	1161.0	0.0	3	3	0.45	0.45	3.99	3.99	59	59	26.67	26.67
OG0003961	267.0	0.33	3	3	0.45	0.61	3.85	3.58	52	38	23.33	23.33
OG0003962	246.0	0.0	3	3	0.5	0.5	4.29	4.29	81	81	40.67	40.67
OG0003963	177.0	0.0	3	3	0.36	0.36	4.02	4.02	57	57	20.67	20.67
OG0003964	165.0	0.0	3	3	0.42	0.42	4.15	4.15	67	67	28	28
OG0003965	243.0	0.0	3	3	0.41	0.41	4.0	4.0	59	59	24.33	24.33
OG0003966	501.0	0.0	3	3	0.52	0.52	4.1	4.1	66	66	34.33	34.33
OG0003967	459.0	0.0	3	3	0.39	0.39	4.41	4.41	86	86	33.67	33.67
OG0003968	216.0	0.67	3	3	0.69	0.86	3.2	3.04	26	21	18	18
OG0003969	1275.0	0.0	2	3	0.45	0.45	3.72	3.72	44	44	19.67	19.67
OG0003970	606.0	0.33	3	3	0.35	0.52	4.15	3.78	65	44	23	23
OG0003971	861.0	0.33	3	3	0.57	0.77	3.36	3.08	30	22	17	17
OG0003972	879.0	0.0	2	3	0.43	0.43	3.74	3.74	46	46	20	20
OG0003973	1644.0	0.0	2	3	0.43	0.43	3.81	3.81	49	49	21	21
OG0003974	159.0	1.0	1	3	0.45	NA	1.67	NA	6	0	2.67	2.67
OG0003975	147.0	0.67	3	3	0.52	0.6	3.73	3.64	44	38	22.67	22.67
OG0003976	129.0	0.33	3	3	0.4	0.42	3.8	3.78	47	44	18.67	18.67
OG0003977	174.0	0.0	3	3	0.45	0.45	3.92	3.92	57	57	25.67	25.67
OG0003978	228.0	0.0	3	3	0.76	0.76	3.56	3.56	38	38	29	29
OG0003979	810.0	0.0	3	3	0.52	0.52	3.48	3.48	36	36	18.67	18.67
OG0003980	774.0	0.33	3	3	0.63	0.65	3.2	3.2	27	26	17	17
OG0003981	462.0	0.0	3	3	0.6	0.6	3.19	3.19	27	27	16.33	16.33
OG0003982	924.0	0.0	3	3	0.53	0.53	3.56	3.56	38	38	20	20
OG0003983	165.0	0.0	3	3	0.47	0.47	3.92	3.92	54	54	25.33	25.33
OG0003984	603.0	0.0	3	3	0.62	0.62	3.33	3.33	30	30	18.67	18.67
OG0003985	633.0	0.0	3	3	0.61	0.61	3.32	3.32	30	30	18.33	18.33
OG0003986	624.0	0.0	3	3	0.62	0.62	3.29	3.29	29	29	18	18
OG0003987	606.0	0.0	3	3	0.62	0.62	3.29	3.29	29	29	18	18
OG0003988	810.0	0.0	3	3	0.59	0.59	3.38	3.38	32	32	19	19
OG0003989	705.0	0.0	3	3	0.42	0.42	3.44	3.44	33	33	14	14
OG0003990	588.0	0.0	3	3	0.34	0.34	3.96	3.96	53	53	18	18
OG0003991	951.0	0.0	3	3	0.95	0.95	2.93	2.93	19	19	18	18
OG0003992	213.0	0.0	1	3	0.37	0.37	4.54	4.54	97	97	35.67	35.67
OG0003993	633.0	0.0	2	3	0.67	0.67	3.65	3.65	42	42	28.33	28.33
OG0003994	264.0	0.0	3	3	0.54	0.54	3.35	3.35	32	32	17.33	17.33
OG0003995	405.0	0.0	3	3	0.55	0.55	3.32	3.32	31	31	17	17
OG0003996	321.0	0.0	3	3	0.89	0.89	2.9	2.9	19	19	17	17
OG0003997	522.0	0.0	3	3	0.89	0.89	2.9	2.9	19	19	17	17
OG0003998	411.0	0.0	3	3	0.84	0.84	3.07	3.07	23	23	19.33	19.33
OG0003999	483.0	0.0	3	3	0.83	0.83	3.11	3.11	24	24	20	20
OG0004000	342.0	0.0	3	3	0.78	0.78	3.18	3.18	26	26	20.33	20.33
OG0004001	372.0	0.0	3	3	0.71	0.71	3.33	3.33	31	31	22	22
OG0004002	288.0	0.0	3	3	0.71	0.71	3.29	3.29	30	30	21.33	21.33
OG0004003	1674.0	0.0	3	3	0.54	0.54	3.9	3.9	57	57	31	31
OG0004004	1710.0	0.0	3	3	0.5	0.5	4.14	4.14	72	72	36.33	36.33
OG0004005	462.0	0.0	3	3	0.45	0.45	4.3	4.3	81	81	36.67	36.67
OG0004006	972.0	0.33	3	3	0.42	0.66	4.49	4.06	97	61	40.33	40.33
OG0004007	153.0	0.0	3	3	0.5	0.5	3.63	3.63	43	43	21.67	21.67
OG0004008	384.0	0.33	2	3	0.54	0.58	4.2	4.2	74	70	40.33	40.33
OG0004009	969.0	0.67	3	3	0.43	0.83	3.69	3.14	44	23	19	19
OG0004010	642.0	0.33	3	3	0.34	0.36	3.84	3.81	47	45	16	16
OG0004011	180.0	0.0	3	3	0.34	0.34	4.23	4.23	69	69	23.33	23.33
OG0004012	618.0	1.0	1	3	0.46	NA	3.21	NA	28	0	13	13
OG0004013	105.0	0.33	2	3	0.42	0.5	3.68	3.53	42	35	17.67	17.67
OG0004014	183.0	1.0	1	3	0.97	NA	2.39	NA	11	0	10.67	10.67
OG0004015	447.0	0.0	3	3	0.59	0.59	3.5	3.5	37	37	22	22
OG0004016	1275.0	0.0	3	3	0.55	0.55	3.63	3.63	42	42	23	23
OG0004017	249.0	0.0	3	3	0.55	0.55	3.61	3.61	41	41	22.67	22.67
OG0004018	858.0	0.0	3	3	0.62	0.62	3.57	3.57	40	40	24.67	24.67
OG0004019	837.0	0.0	3	3	0.63	0.63	3.51	3.51	38	38	24	24
OG0004020	111.0	0.33	2	3	0.34	0.42	4.19	4.01	67	55	23	23
OG0004021	282.0	0.0	3	3	0.48	0.48	3.68	3.68	44	44	21.33	21.33
OG0004022	489.0	0.0	3	3	0.38	0.38	4.12	4.12	64	64	24.33	24.33
OG0004023	243.0	0.0	2	3	0.35	0.35	3.97	3.97	54	54	18.67	18.67
OG0004024	198.0	0.0	3	3	0.36	0.36	3.98	3.98	55	55	20	20
OG0004025	750.0	0.0	3	3	0.37	0.37	4.04	4.04	59	59	22	22
OG0004026	564.0	0.0	3	3	0.4	0.4	4.07	4.07	62	62	25	25
OG0004027	1023.0	0.0	3	3	0.41	0.41	4.1	4.1	64	64	26.33	26.33
OG0004028	1233.0	0.0	3	3	0.61	0.61	3.46	3.46	35	35	21.33	21.33
OG0004029	402.0	0.33	3	3	0.39	0.5	3.76	3.56	45	35	17.33	17.33
OG0004030	1461.0	0.67	3	3	0.6	0.75	3.15	3.04	26	21	15.67	15.67
OG0004031	282.0	0.0	3	3	0.42	0.42	3.8	3.8	47	47	19.67	19.67
OG0004032	384.0	0.0	1	3	0.52	0.52	3.79	3.79	47	47	24.33	24.33
OG0004033	243.0	0.33	3	3	0.36	0.56	4.33	3.91	78	50	28	28
OG0004034	216.0	0.0	3	3	0.46	0.46	4.27	4.27	79	79	36	36
OG0004035	411.0	0.0	3	3	0.34	0.34	4.1	4.1	61	61	21	21
OG0004036	282.0	0.0	3	3	0.43	0.43	4.43	4.43	90	90	38.33	38.33
OG0004037	465.0	0.0	3	3	0.42	0.42	4.42	4.42	89	89	37	37
OG0004038	627.0	0.0	2	3	0.62	0.62	4.0	4.0	61	61	38	38
OG0004039	315.0	0.0	3	3	0.37	0.37	3.99	3.99	57	57	21	21
OG0004040	735.0	0.0	3	3	0.51	0.51	3.56	3.56	38	38	19.33	19.33
OG0004041	225.0	0.0	3	3	0.46	0.46	3.65	3.65	41	41	19	19
OG0004042	516.0	0.0	3	3	0.43	0.43	3.5	3.5	35	35	15	15
OG0004043	144.0	0.0	2	3	0.54	0.54	4.23	4.23	77	77	41.33	41.33
OG0004044	105.0	0.0	1	3	0.33	0.33	4.14	4.14	63	63	21	21
OG0004045	318.0	0.0	2	3	0.42	0.42	3.12	3.12	24	24	10	10
OG0004046	1146.0	0.0	3	3	0.39	0.39	3.91	3.91	54	54	21	21
OG0004047	531.0	0.0	3	3	0.46	0.46	3.65	3.65	41	41	18.67	18.67
OG0004048	258.0	0.0	3	3	0.33	0.33	3.93	3.93	51	51	17	17
OG0004049	543.0	0.0	3	3	0.34	0.34	4.11	4.11	62	62	21.33	21.33
OG0004050	105.0	0.0	3	3	0.4	0.4	3.7	3.7	43	43	17	17
OG0004051	294.0	0.0	3	3	0.46	0.46	3.78	3.78	49	49	22.33	22.33
OG0004052	147.0	0.33	2	3	0.39	0.42	3.54	3.5	36	33	14	14
OG0004053	318.0	0.33	3	3	0.81	0.81	2.85	2.87	18	18	14.67	14.67
OG0004054	267.0	0.0	3	3	0.91	0.91	2.85	2.85	18	18	16.33	16.33
OG0004055	102.0	0.33	3	3	0.4	0.44	3.59	3.56	38	35	15.33	15.33
OG0004056	711.0	0.0	2	3	0.75	0.75	3.06	3.06	23	23	17.33	17.33
OG0004057	195.0	0.0	3	3	0.8	0.8	3.07	3.07	23	23	18.33	18.33
OG0004058	303.0	0.33	3	3	0.38	0.4	4.2	4.14	69	65	26	26
OG0004059	180.0	0.33	3	3	0.52	0.6	3.9	3.79	55	47	28.33	28.33
OG0004060	729.0	0.0	3	3	0.6	0.6	3.26	3.26	29	29	17.33	17.33
OG0004061	450.0	0.0	3	3	0.38	0.38	3.93	3.93	54	54	20.33	20.33
OG0004062	252.0	0.33	2	3	0.43	0.43	3.62	3.68	40	40	17.33	17.33
OG0004063	201.0	0.67	3	3	0.4	0.92	3.76	3.0	46	20	18.33	18.33
OG0004064	1101.0	0.33	3	3	0.54	0.91	3.34	2.89	30	18	16.33	16.33
OG0004065	183.0	0.0	3	3	0.88	0.88	3.17	3.17	25	25	22	22
OG0004066	219.0	0.0	2	3	0.49	0.49	4.31	4.31	83	83	41	41
OG0004067	144.0	0.0	3	3	0.57	0.57	3.34	3.34	31	31	17.67	17.67
OG0004068	213.0	0.0	3	3	0.86	0.86	3.0	3.0	21	21	18	18
OG0004069	228.0	0.0	3	3	0.88	0.88	3.06	3.06	22	22	19.33	19.33
OG0004070	105.0	0.33	3	3	0.45	0.49	3.55	3.54	39	36	17.67	17.67
OG0004071	162.0	0.33	3	3	0.65	0.65	3.09	3.13	24	24	15.67	15.67
OG0004072	303.0	0.33	1	3	0.49	0.51	3.89	3.87	53	51	26	26
OG0004073	516.0	0.33	3	3	0.4	0.5	3.68	3.51	43	35	17.33	17.33
OG0004074	369.0	0.33	3	3	0.4	0.43	3.55	3.48	37	34	14.67	14.67
OG0004075	300.0	0.0	3	3	0.47	0.47	3.62	3.62	40	40	19	19
OG0004076	657.0	0.0	3	3	0.86	0.86	3.09	3.09	23	23	19.67	19.67
OG0004077	864.0	0.0	3	3	0.87	0.87	3.09	3.09	23	23	20	20
OG0004078	225.0	0.0	3	3	0.85	0.85	3.17	3.17	25	25	21.33	21.33
OG0004079	930.0	1.0	1	3	0.37	NA	2.16	NA	9	0	3.33	3.33
OG0004080	471.0	0.67	3	3	0.42	0.64	3.44	3.09	33	22	14	14
OG0004081	933.0	0.0	3	3	0.41	0.41	3.74	3.74	45	45	18.67	18.67
OG0004082	393.0	0.33	3	3	0.38	0.56	3.85	3.51	50	34	19	19
OG0004083	156.0	0.0	3	3	0.53	0.53	3.85	3.85	51	51	27	27
OG0004084	1101.0	0.0	2	3	0.48	0.48	3.63	3.63	40	40	19.33	19.33
OG0004085	639.0	0.0	3	3	0.4	0.4	3.97	3.97	56	56	22.67	22.67
OG0004086	423.0	0.0	3	3	0.55	0.55	3.26	3.26	29	29	16	16
OG0004087	891.0	0.33	2	3	0.7	0.86	3.25	3.12	28	23	19.67	19.67
OG0004088	726.0	0.33	3	3	0.71	0.71	3.25	3.27	28	28	20	20
OG0004089	108.0	0.67	3	3	0.94	0.94	2.75	2.77	16	16	15	15
OG0004090	258.0	0.33	3	3	0.84	0.84	2.67	2.69	15	15	12.67	12.67
OG0004091	510.0	0.33	2	3	0.79	0.83	3.05	3.04	22	21	17.33	17.33
OG0004092	846.0	0.33	3	3	0.75	0.75	3.26	3.29	28	28	21	21
OG0004093	465.0	0.33	3	3	1.0	1.0	2.94	2.94	19	19	19	19
OG0004094	888.0	0.67	3	3	0.49	0.79	2.92	2.56	21	13	10.33	10.33
OG0004095	684.0	0.67	3	3	0.59	0.81	3.11	2.89	25	18	14.67	14.67
OG0004096	225.0	1.0	2	3	0.48	NA	3.04	NA	23	0	11	11
OG0004097	246.0	0.0	1	3	0.63	0.63	3.53	3.53	39	39	24.67	24.67
OG0004098	225.0	0.0	1	3	0.63	0.63	3.53	3.53	39	39	24.67	24.67
OG0004099	531.0	0.33	3	3	0.34	0.44	3.82	3.58	46	36	15.67	15.67
OG0004100	447.0	0.0	1	3	0.91	0.91	2.6	2.6	14	14	12.67	12.67
OG0004101	831.0	0.0	2	2	0.94	0.94	3.16	3.16	24	24	22.5	22.5
OG0004102	1201.5	0.0	2	2	0.9	0.9	3.23	3.23	26	26	23.5	23.5
OG0004103	1854.0	0.0	2	2	0.56	0.56	3.46	3.46	33	33	18.5	18.5
OG0004104	807.0	0.0	2	2	0.77	0.77	3.2	3.2	26	26	20	20
OG0004105	136.5	0.0	2	2	0.67	0.67	3.2	3.2	26	26	17.5	17.5
OG0004106	798.0	0.0	2	2	0.93	0.93	2.97	2.97	20	20	18.5	18.5
OG0004107	235.5	0.0	2	2	0.76	0.76	3.08	3.08	23	23	17.5	17.5
OG0004108	456.0	0.0	2	2	0.78	0.78	2.84	2.84	18	18	14	14
OG0004109	537.0	0.0	2	2	0.61	0.61	3.66	3.66	41	41	25	25
OG0004110	618.0	0.0	2	2	0.62	0.62	3.58	3.58	38	38	23.5	23.5
OG0004111	826.5	0.0	2	2	0.62	0.62	3.56	3.56	37	37	23	23
OG0004112	228.0	0.5	2	2	0.58	0.94	4.18	3.74	68	42	39.5	39.5
OG0004113	234.0	0.0	2	2	0.6	0.6	4.15	4.15	67	67	40.5	40.5
OG0004114	306.0	0.0	2	2	0.54	0.54	4.34	4.34	79	79	42.5	42.5
OG0004115	207.0	0.0	1	2	0.61	0.61	4.14	4.14	66	66	40.5	40.5
OG0004116	387.0	0.0	2	2	0.6	0.6	4.08	4.08	62	62	37.5	37.5
OG0004117	195.0	0.5	2	2	0.54	0.75	3.95	3.64	53	38	28.5	28.5
OG0004118	228.0	0.5	2	2	0.54	0.75	3.95	3.64	53	38	28.5	28.5
OG0004119	156.0	0.0	2	2	0.66	0.66	4.05	4.05	61	61	40	40
OG0004120	357.0	0.0	2	2	0.56	0.56	4.25	4.25	73	73	41	41
OG0004121	156.0	0.0	2	2	0.5	0.5	3.71	3.71	41	41	20.5	20.5
OG0004122	454.5	0.0	2	2	0.52	0.52	3.84	3.84	47	47	24.5	24.5
OG0004123	589.5	0.0	2	2	0.52	0.52	3.81	3.81	46	46	24	24
OG0004124	219.0	0.0	2	2	0.63	0.63	4.1	4.1	64	64	40.5	40.5
OG0004125	127.5	0.0	2	2	0.5	0.5	3.91	3.91	50	50	25	25
OG0004126	115.5	0.0	2	2	0.5	0.5	3.81	3.81	45	45	22.5	22.5
OG0004127	156.0	0.0	2	2	0.73	0.73	3.34	3.34	30	30	22	22
OG0004128	222.0	0.0	2	2	0.83	0.83	3.13	3.13	24	24	20	20
OG0004129	178.5	0.0	2	2	0.57	0.57	2.95	2.95	20	20	11.5	11.5
OG0004130	165.0	0.5	2	2	0.74	0.74	3.24	3.3	27	27	20	20
OG0004131	225.0	0.0	2	2	0.67	0.67	3.87	3.87	51	51	34	34
OG0004132	2172.0	0.0	2	2	0.53	0.53	3.54	3.54	35	35	18.5	18.5
OG0004133	187.5	0.0	1	2	0.5	0.5	3.4	3.4	30	30	15	15
OG0004134	372.0	0.0	2	2	0.75	0.75	3.34	3.34	30	30	22.5	22.5
OG0004135	225.0	0.0	2	2	0.51	0.51	3.84	3.84	47	47	24	24
OG0004136	195.0	0.0	2	2	0.74	0.74	3.44	3.44	33	33	24.5	24.5
OG0004137	228.0	0.0	2	2	0.96	0.96	3.28	3.28	27	27	26	26
OG0004138	262.5	0.0	2	2	0.78	0.78	3.47	3.47	34	34	26.5	26.5
OG0004139	405.0	0.0	2	2	0.76	0.76	3.08	3.08	23	23	17.5	17.5
OG0004140	304.5	0.0	2	2	0.57	0.57	3.52	3.52	35	35	20	20
OG0004141	393.0	0.0	2	2	1.0	1.0	2.56	2.56	13	13	13	13
OG0004142	315.0	0.0	2	2	0.96	0.96	2.55	2.55	13	13	12.5	12.5
OG0004143	678.0	0.0	2	2	0.9	0.9	2.68	2.68	15	15	13.5	13.5
OG0004144	312.0	0.0	2	2	0.93	0.93	2.69	2.69	15	15	14	14
OG0004145	855.0	0.0	2	2	0.54	0.54	4.17	4.17	66	66	35.5	35.5
OG0004146	207.0	0.0	2	2	0.56	0.56	4.03	4.03	58	58	32.5	32.5
OG0004147	417.0	0.0	2	2	1.0	1.0	2.48	2.48	12	12	12	12
OG0004148	637.5	0.0	2	2	0.93	0.93	3.12	3.12	23	23	21.5	21.5
OG0004149	132.0	0.5	2	2	0.51	1.0	3.7	3.04	41	21	21	21
OG0004150	159.0	0.5	2	2	0.51	1.0	3.7	3.04	41	21	21	21
OG0004151	885.0	0.5	1	2	0.73	0.91	3.5	3.33	35	28	25.5	25.5
OG0004152	196.5	0.0	2	2	0.62	0.62	3.97	3.97	56	56	35	35
OG0004153	363.0	0.0	1	2	0.65	0.65	3.93	3.93	54	54	35	35
OG0004154	106.5	0.0	2	2	0.8	0.8	3.17	3.17	25	25	20	20
OG0004155	217.5	0.0	2	2	0.51	0.51	3.82	3.82	46	46	23.5	23.5
OG0004156	442.5	0.0	2	2	0.5	0.5	3.53	3.53	34	34	17	17
OG0004157	1194.0	0.5	2	2	0.59	0.87	3.29	2.94	28	19	16.5	16.5
OG0004158	316.5	0.5	2	2	0.59	0.89	3.25	2.89	27	18	16	16
OG0004159	273.0	0.5	2	2	0.59	0.89	3.25	2.89	27	18	16	16
OG0004160	1392.0	0.0	2	2	0.53	0.53	3.51	3.51	34	34	18	18
OG0004161	1314.0	0.0	2	2	0.53	0.53	3.51	3.51	34	34	18	18
OG0004162	400.5	0.0	2	2	0.57	0.57	3.36	3.36	30	30	17	17
OG0004163	108.0	0.0	2	2	0.97	0.97	2.88	2.88	18	18	17.5	17.5
OG0004164	522.0	0.0	2	2	0.53	0.53	3.87	3.87	49	49	26	26
OG0004165	439.5	0.0	2	2	0.53	0.53	3.85	3.85	48	48	25.5	25.5
OG0004166	783.0	0.0	2	2	0.54	0.54	3.84	3.84	48	48	26	26
OG0004167	1081.5	0.0	2	2	0.91	0.91	3.07	3.07	22	22	20	20
OG0004168	514.5	0.0	2	2	0.95	0.95	2.93	2.93	19	19	18	18
OG0004169	1120.5	0.0	2	2	0.93	0.93	2.97	2.97	20	20	18.5	18.5
OG0004170	145.5	0.0	2	2	0.51	0.51	3.7	3.7	41	41	21	21
OG0004171	313.5	0.0	2	2	0.66	0.66	3.55	3.55	37	37	24.5	24.5
OG0004172	258.0	0.0	2	2	0.88	0.88	3.14	3.14	24	24	21	21
OG0004173	501.0	0.0	2	2	0.57	0.57	3.49	3.49	34	34	19.5	19.5
OG0004174	730.5	0.0	2	2	0.74	0.74	3.16	3.16	25	25	18.5	18.5
OG0004175	918.0	0.0	2	2	0.76	0.76	3.24	3.24	27	27	20.5	20.5
OG0004176	465.0	0.5	2	2	0.86	1.02	3.18	3.04	25	21	21.5	21.5
OG0004177	1281.0	1.0	2	2	0.85	NA	3.22	NA	26	0	22	22
OG0004178	682.5	1.0	2	2	0.82	NA	2.95	NA	20	0	16.5	16.5
OG0004179	408.0	1.0	2	2	0.82	NA	2.95	NA	20	0	16.5	16.5
OG0004180	318.0	1.0	2	2	0.82	NA	2.9	NA	19	0	15.5	15.5
OG0004181	975.0	1.0	2	2	0.82	NA	2.9	NA	19	0	15.5	15.5
OG0004182	1329.0	0.0	2	2	0.6	0.6	3.39	3.39	31	31	18.5	18.5
OG0004183	852.0	0.0	2	2	0.57	0.57	3.29	3.29	28	28	16	16
OG0004184	846.0	0.5	2	2	0.58	0.67	3.74	3.64	44	38	25.5	25.5
OG0004185	120.0	0.5	2	2	0.55	0.6	3.76	3.69	44	40	24	24
OG0004186	600.0	0.5	2	2	0.55	0.6	3.76	3.69	44	40	24	24
OG0004187	325.5	0.0	2	2	0.54	0.54	3.78	3.78	45	45	24.5	24.5
OG0004188	460.5	0.0	2	2	0.98	0.98	3.08	3.08	22	22	21.5	21.5
OG0004189	129.0	0.0	2	2	0.51	0.51	3.75	3.75	43	43	22	22
OG0004190	189.0	0.0	2	2	0.56	0.56	4.24	4.24	72	72	40.5	40.5
OG0004191	264.0	0.5	2	2	0.52	0.55	3.08	3.04	22	21	11.5	11.5
OG0004192	429.0	0.5	2	2	0.74	0.78	2.99	3.0	21	20	15.5	15.5
OG0004193	393.0	0.5	2	2	0.75	0.75	2.94	3.0	20	20	15	15
OG0004194	207.0	0.5	2	2	0.72	0.72	3.08	3.14	23	23	16.5	16.5
OG0004195	297.0	0.5	2	2	0.72	0.72	3.08	3.14	23	23	16.5	16.5
OG0004196	697.5	0.0	2	2	0.73	0.73	3.27	3.27	28	28	20.5	20.5
OG0004197	457.5	0.0	2	2	0.72	0.72	3.31	3.31	29	29	21	21
OG0004198	291.0	0.0	2	2	0.72	0.72	3.31	3.31	29	29	21	21
OG0004199	1186.5	0.0	2	2	0.58	0.58	3.36	3.36	30	30	17.5	17.5
OG0004200	939.0	0.0	2	2	0.59	0.59	3.29	3.29	28	28	16.5	16.5
OG0004201	393.0	0.0	2	2	0.53	0.53	3.51	3.51	34	34	18	18
OG0004202	216.0	0.0	2	2	0.83	0.83	2.66	2.66	15	15	12.5	12.5
OG0004203	5128.5	0.0	2	2	0.51	0.51	3.57	3.57	36	36	18.5	18.5
OG0004204	975.0	0.0	2	2	0.51	0.51	3.6	3.6	37	37	19	19
OG0004205	1005.0	0.0	2	2	0.95	0.95	3.03	3.03	21	21	20	20
OG0004206	1156.5	0.0	2	2	0.5	0.5	3.61	3.61	37	37	18.5	18.5
OG0004207	321.0	0.0	2	2	0.54	0.54	3.53	3.53	35	35	19	19
OG0004208	604.5	0.0	2	2	0.54	0.54	3.61	3.61	38	38	20.5	20.5
OG0004209	169.5	0.0	2	2	0.5	0.5	3.71	3.71	41	41	20.5	20.5
OG0004210	211.5	0.0	2	2	0.75	0.75	3.28	3.28	28	28	21	21
OG0004211	166.5	0.5	2	2	0.52	1.0	3.12	2.48	23	12	12	12
OG0004212	640.5	0.5	2	2	0.53	0.75	2.98	2.64	20	14	10.5	10.5
OG0004213	175.5	0.0	2	2	0.5	0.5	3.74	3.74	42	42	21	21
OG0004214	5904.0	0.0	2	2	0.96	0.96	2.63	2.63	14	14	13.5	13.5
OG0004215	438.0	0.0	2	2	0.54	0.54	3.56	3.56	36	36	19.5	19.5
OG0004216	763.5	0.5	2	2	0.5	1.29	3.58	2.64	36	14	18	18
OG0004217	160.5	0.0	1	2	0.57	0.57	3.93	3.93	53	53	30	30
OG0004218	114.0	0.0	2	2	0.51	0.51	3.63	3.63	38	38	19.5	19.5
OG0004219	178.5	0.0	2	2	0.78	0.78	3.31	3.31	29	29	22.5	22.5
OG0004220	315.0	0.0	2	2	0.75	0.75	3.2	3.2	26	26	19.5	19.5
OG0004221	294.0	0.0	2	2	0.6	0.6	4.17	4.17	68	68	41	41
OG0004222	237.0	0.0	2	2	0.71	0.71	3.93	3.93	54	54	38.5	38.5
OG0004223	412.5	0.0	2	2	0.62	0.62	3.21	3.21	26	26	16	16
OG0004224	114.0	0.0	2	2	0.87	0.87	3.26	3.26	27	27	23.5	23.5
OG0004225	886.5	1.0	2	2	0.5	NA	3.04	NA	21	0	10.5	10.5
OG0004226	228.0	0.5	2	2	0.5	0.52	3.53	3.5	34	33	17	17
OG0004227	145.5	0.0	1	2	0.83	0.83	3.09	3.09	23	23	19	19
OG0004228	657.0	0.0	2	2	0.52	0.52	3.7	3.7	41	41	21.5	21.5
OG0004229	405.0	0.0	2	2	0.51	0.51	3.63	3.63	38	38	19.5	19.5
OG0004230	621.0	0.5	2	2	0.5	0.95	3.58	2.94	36	19	18	18
OG0004231	922.5	1.0	2	2	0.5	NA	3.47	NA	32	0	16	16
OG0004232	549.0	0.5	2	2	0.65	1.05	3.38	2.94	31	19	20	20
OG0004233	870.0	0.5	2	2	0.65	0.83	3.08	2.89	23	18	15	15
OG0004234	159.0	0.0	2	2	0.65	0.65	4.12	4.12	65	65	42.5	42.5
OG0004235	126.0	0.5	1	2	0.5	0.52	3.14	3.09	23	22	11.5	11.5
OG0004236	331.5	0.0	2	2	0.75	0.75	3.34	3.34	30	30	22.5	22.5
OG0004237	205.5	0.5	2	2	0.83	1.0	3.32	3.18	29	24	24	24
OG0004238	387.0	0.0	2	2	0.7	0.7	3.03	3.03	22	22	15.5	15.5
OG0004239	199.5	0.5	2	2	0.67	0.84	3.12	2.94	24	19	16	16
OG0004240	756.0	0.5	2	2	0.66	0.87	3.16	2.94	25	19	16.5	16.5
OG0004241	456.0	0.0	2	2	0.84	0.84	2.73	2.73	16	16	13.5	13.5
OG0004242	412.5	0.5	2	2	0.5	0.74	3.33	2.94	28	19	14	14
OG0004243	1222.5	0.5	2	2	0.5	1.04	3.3	2.56	27	13	13.5	13.5
OG0004244	1270.5	0.0	2	2	0.52	0.52	3.42	3.42	31	31	16	16
OG0004245	495.0	0.0	2	2	0.64	0.64	3.31	3.31	29	29	18.5	18.5
OG0004246	132.0	0.0	2	2	1.0	1.0	2.83	2.83	17	17	17	17
OG0004247	102.0	0.0	2	2	0.74	0.74	3.24	3.24	27	27	20	20
OG0004248	264.0	0.0	2	2	0.69	0.69	3.31	3.31	29	29	20	20
OG0004249	642.0	0.0	2	2	1.0	1.0	3.69	3.69	40	40	40	40
OG0004250	135.0	0.0	2	2	1.0	1.0	3.66	3.66	39	39	39	39
OG0004251	96.0	0.0	2	2	1.0	1.0	3.53	3.53	34	34	34	34
OG0004252	189.0	0.0	2	2	0.92	0.92	3.2	3.2	25	25	23	23
OG0004253	135.0	0.0	2	2	1.0	1.0	2.94	2.94	19	19	19	19
OG0004254	90.0	0.0	2	2	0.91	0.91	2.81	2.81	17	17	15.5	15.5
OG0004255	889.5	0.0	2	2	0.54	0.54	3.82	3.82	47	47	25.5	25.5
OG0004256	678.0	0.0	2	2	0.54	0.54	3.78	3.78	45	45	24.5	24.5
OG0004257	1104.0	0.0	2	2	0.54	0.54	3.84	3.84	48	48	26	26
OG0004258	274.5	0.0	2	2	0.52	0.52	3.49	3.49	33	33	17	17
OG0004259	1027.5	0.0	2	2	0.59	0.59	3.09	3.09	23	23	13.5	13.5
OG0004260	553.5	0.0	2	2	0.5	0.5	3.56	3.56	35	35	17.5	17.5
OG0004261	526.5	0.5	2	2	0.51	0.69	3.55	3.26	35	26	18	18
OG0004262	376.5	0.0	2	2	0.62	0.62	3.61	3.61	39	39	24	24
OG0004263	156.0	0.0	2	2	0.55	0.55	3.68	3.68	41	41	22.5	22.5
OG0004264	213.0	0.0	2	2	0.57	0.57	3.65	3.65	40	40	23	23
OG0004265	585.0	0.0	2	2	0.64	0.64	4.15	4.15	67	67	43	43
OG0004266	178.5	0.0	2	2	0.59	0.59	4.03	4.03	59	59	35	35
OG0004267	717.0	0.0	2	2	0.63	0.63	3.2	3.2	26	26	16.5	16.5
OG0004268	204.0	0.0	2	2	0.71	0.71	2.77	2.77	17	17	12	12
OG0004269	157.5	0.0	2	2	0.52	0.52	3.35	3.35	29	29	15	15
OG0004270	186.0	0.0	2	2	0.82	0.82	3.04	3.04	22	22	18	18
OG0004271	495.0	0.0	2	2	0.87	0.87	3.22	3.22	26	26	22.5	22.5
OG0004272	132.0	0.0	2	2	0.97	0.97	2.99	2.99	20	20	19.5	19.5
OG0004273	363.0	0.0	2	2	0.74	0.74	3.24	3.24	27	27	20	20
OG0004274	160.5	0.0	2	2	0.67	0.67	3.97	3.97	56	56	37.5	37.5
OG0004275	138.0	0.0	2	2	0.73	0.73	3.38	3.38	31	31	22.5	22.5
OG0004276	238.5	0.0	2	2	0.74	0.74	3.53	3.53	36	36	26.5	26.5
OG0004277	180.0	0.0	2	2	0.8	0.8	3.35	3.35	30	30	24	24
OG0004278	138.0	0.0	2	2	0.76	0.76	3.92	3.92	53	53	40.5	40.5
OG0004279	607.5	0.0	2	2	0.58	0.58	4.08	4.08	62	62	36	36
OG0004280	162.0	0.0	2	2	0.58	0.58	4.08	4.08	62	62	36	36
OG0004281	219.0	0.0	2	2	0.61	0.61	4.11	4.11	64	64	39	39
OG0004282	234.0	0.0	2	2	0.57	0.57	4.15	4.15	66	66	37.5	37.5
OG0004283	507.0	0.0	2	2	0.62	0.62	3.47	3.47	34	34	21	21
OG0004284	966.0	0.0	2	2	0.51	0.51	3.65	3.65	39	39	20	20
OG0004285	691.5	0.5	2	2	0.5	1.21	3.53	2.64	34	14	17	17
OG0004286	195.0	0.0	2	2	0.53	0.53	3.59	3.59	37	37	19.5	19.5
OG0004287	499.5	0.0	2	2	0.84	0.84	2.9	2.9	19	19	16	16
OG0004288	132.0	0.0	2	2	0.76	0.76	3.44	3.44	33	33	25	25
OG0004289	246.0	0.0	2	2	0.56	0.56	3.81	3.81	47	47	26.5	26.5
OG0004290	463.5	0.0	2	2	0.56	0.56	3.83	3.83	48	48	27	27
OG0004291	742.5	0.0	2	2	0.5	0.5	3.83	3.83	46	46	23	23
OG0004292	189.0	0.5	2	2	0.67	0.97	3.08	2.77	23	16	15.5	15.5
OG0004293	402.0	0.0	2	2	0.71	0.71	3.37	3.37	31	31	22	22
OG0004294	217.5	0.0	2	2	0.79	0.79	3.5	3.5	35	35	27.5	27.5
OG0004295	382.5	0.0	2	2	0.88	0.88	3.23	3.23	26	26	23	23
OG0004296	442.5	0.0	2	2	0.83	0.83	2.85	2.85	18	18	15	15
OG0004297	451.5	0.5	2	2	0.53	0.56	2.87	2.83	18	17	9.5	9.5
OG0004298	195.0	0.0	2	2	0.87	0.87	3.22	3.22	26	26	22.5	22.5
OG0004299	163.5	0.0	2	2	0.89	0.89	3.1	3.1	23	23	20.5	20.5
OG0004300	774.0	0.0	2	2	0.79	0.79	3.32	3.32	29	29	23	23
OG0004301	357.0	0.0	2	2	0.83	0.83	3.32	3.32	29	29	24	24
OG0004302	151.5	0.0	2	2	0.81	0.81	3.42	3.42	32	32	26	26
OG0004303	123.0	0.0	2	2	0.79	0.79	2.99	2.99	21	21	16.5	16.5
OG0004304	154.5	0.0	2	2	0.51	0.51	4.35	4.35	78	78	39.5	39.5
OG0004305	235.5	0.0	2	2	0.8	0.8	3.35	3.35	30	30	24	24
OG0004306	511.5	0.0	2	2	0.81	0.81	3.39	3.39	31	31	25	25
OG0004307	315.0	0.0	2	2	0.51	0.51	3.78	3.78	44	44	22.5	22.5
OG0004308	714.0	0.0	2	2	0.56	0.56	3.22	3.22	26	26	14.5	14.5
OG0004309	2238.0	0.0	2	2	0.54	0.54	3.27	3.27	27	27	14.5	14.5
OG0004310	663.0	0.5	2	2	0.5	0.78	3.22	2.77	25	16	12.5	12.5
OG0004311	966.0	0.0	1	2	0.97	0.97	2.7	2.7	15	15	14.5	14.5
OG0004312	318.0	0.0	1	2	0.97	0.97	2.7	2.7	15	15	14.5	14.5
OG0004313	411.0	0.0	2	2	0.5	0.5	3.4	3.4	30	30	15	15
OG0004314	111.0	0.0	2	2	0.51	0.51	3.65	3.65	39	39	20	20
OG0004315	252.0	0.0	2	2	0.57	0.57	4.18	4.18	68	68	38.5	38.5
OG0004316	1050.0	0.0	2	2	0.5	0.5	3.4	3.4	30	30	15	15
OG0004317	531.0	0.0	2	2	0.5	0.5	3.76	3.76	43	43	21.5	21.5
OG0004318	673.5	0.5	2	2	0.6	0.76	3.13	2.94	24	19	14.5	14.5
OG0004319	198.0	0.0	2	2	0.52	0.52	3.79	3.79	45	45	23.5	23.5
OG0004320	403.5	0.5	2	2	0.51	0.9	3.55	3.0	35	20	18	18
OG0004321	661.5	0.0	2	2	0.5	0.5	3.61	3.61	37	37	18.5	18.5
OG0004322	1476.0	0.5	2	2	0.5	0.53	2.83	2.77	17	16	8.5	8.5
OG0004323	801.0	0.5	2	2	0.52	1.0	3.42	2.77	31	16	16	16
OG0004324	187.5	0.5	2	2	0.5	0.57	3.22	3.09	25	22	12.5	12.5
OG0004325	669.0	0.5	2	2	0.5	0.52	3.43	3.4	31	30	15.5	15.5
OG0004326	198.0	0.0	2	2	0.61	0.61	3.5	3.5	35	35	21.5	21.5
OG0004327	178.5	0.5	2	2	0.52	0.54	3.35	3.33	29	28	15	15
OG0004328	267.0	0.5	2	2	0.52	0.54	3.32	3.3	28	27	14.5	14.5
OG0004329	229.5	0.5	2	2	0.51	0.53	3.55	3.53	35	34	18	18
OG0004330	1056.0	0.5	2	2	0.5	0.53	3.04	3.0	21	20	10.5	10.5
OG0004331	159.0	0.5	2	2	0.5	0.56	2.94	2.83	19	17	9.5	9.5
OG0004332	532.5	0.5	2	2	0.54	0.56	3.27	3.26	27	26	14.5	14.5
OG0004333	2959.5	1.0	2	2	0.69	NA	2.71	NA	16	0	11	11
OG0004334	861.0	1.0	2	2	0.64	NA	2.83	NA	18	0	11.5	11.5
OG0004335	222.0	1.0	2	2	0.51	NA	3.57	NA	36	0	18.5	18.5
OG0004336	213.0	0.5	2	2	0.5	0.54	3.3	3.22	27	25	13.5	13.5
OG0004337	1657.5	0.5	2	2	0.5	0.52	3.14	3.09	23	22	11.5	11.5
OG0004338	385.5	0.5	2	2	0.55	0.69	3.76	3.56	44	35	24	24
OG0004339	135.0	0.5	2	2	0.77	0.77	3.04	3.09	22	22	17	17
OG0004340	330.0	0.5	2	2	0.52	0.53	3.45	3.43	32	31	16.5	16.5
OG0004341	436.5	1.0	2	2	0.52	NA	3.16	NA	24	0	12.5	12.5
OG0004342	426.0	0.5	2	2	0.5	0.52	3.4	3.37	30	29	15	15
OG0004343	360.0	0.5	2	2	0.73	0.8	3.03	3.0	22	20	16	16
OG0004344	268.5	0.0	2	2	0.54	0.54	3.64	3.64	39	39	21	21
OG0004345	240.0	0.5	2	2	0.52	0.54	3.28	3.26	27	26	14	14
OG0004346	975.0	0.0	2	2	0.56	0.56	3.26	3.26	27	27	15	15
OG0004347	109.5	0.0	2	2	0.59	0.59	3.51	3.51	35	35	20.5	20.5
OG0004348	141.0	0.0	2	2	0.58	0.58	3.69	3.69	42	42	24.5	24.5
OG0004349	408.0	0.0	2	2	0.92	0.92	2.87	2.87	18	18	16.5	16.5
OG0004350	394.5	0.0	2	2	0.85	0.85	2.96	2.96	20	20	17	17
OG0004351	189.0	0.5	2	2	0.53	0.79	3.65	3.26	39	26	20.5	20.5
OG0004352	498.0	0.0	2	2	0.66	0.66	3.55	3.55	37	37	24.5	24.5
OG0004353	147.0	0.0	2	2	0.62	0.62	3.97	3.97	56	56	34.5	34.5
OG0004354	1831.5	0.0	2	2	0.54	0.54	3.58	3.58	37	37	20	20
OG0004355	532.5	1.0	1	2	1.0	NA	NA	NA	1	0	1	1
OG0004356	349.5	0.0	2	2	0.82	0.82	3.29	3.29	28	28	23	23
OG0004357	1300.5	0.0	2	2	0.83	0.83	3.36	3.36	30	30	25	25
OG0004358	256.5	0.0	2	2	0.83	0.83	3.36	3.36	30	30	25	25
OG0004359	183.0	0.0	2	2	0.91	0.91	3.27	3.27	27	27	24.5	24.5
OG0004360	1561.5	0.5	2	2	0.51	0.97	3.52	2.89	34	18	17.5	17.5
OG0004361	225.0	0.0	2	2	0.82	0.82	2.79	2.79	17	17	14	14
OG0004362	210.0	0.0	2	2	0.82	0.82	2.59	2.59	14	14	11.5	11.5
OG0004363	471.0	0.5	2	2	0.55	0.91	3.3	2.83	28	17	15.5	15.5
OG0004364	513.0	0.0	2	2	0.7	0.7	3.08	3.08	23	23	16	16
OG0004365	927.0	0.0	2	2	0.68	0.68	3.16	3.16	25	25	17	17
OG0004366	193.5	0.0	2	2	0.5	0.5	3.56	3.56	35	35	17.5	17.5
OG0004367	160.5	0.0	2	2	0.93	0.93	3.12	3.12	23	23	21.5	21.5
OG0004368	1699.5	0.0	2	2	0.51	0.51	3.7	3.7	41	41	21	21
OG0004369	144.0	0.0	2	2	0.97	0.97	2.99	2.99	20	20	19.5	19.5
OG0004370	166.5	0.0	2	2	0.83	0.83	3.36	3.36	30	30	25	25
OG0004371	288.0	0.5	2	2	0.51	1.07	3.86	3.14	48	23	24.5	24.5
OG0004372	148.5	0.0	2	2	0.98	0.98	3.04	3.04	21	21	20.5	20.5
OG0004373	238.5	0.5	2	2	0.5	0.55	3.14	3.04	23	21	11.5	11.5
OG0004374	112.5	1.0	1	2	1.0	NA	NA	NA	1	0	1	1
OG0004375	106.5	1.0	2	2	0.5	NA	2.71	NA	15	0	7.5	7.5
OG0004376	327.0	0.5	2	2	0.95	1.0	2.98	2.94	20	19	19	19
OG0004377	304.5	0.0	2	2	0.83	0.83	3.21	3.21	26	26	21.5	21.5
OG0004378	108.0	0.0	2	2	0.85	0.85	3.09	3.09	23	23	19.5	19.5
OG0004379	1720.5	0.0	2	2	0.81	0.81	3.13	3.13	24	24	19.5	19.5
OG0004380	355.5	0.0	2	2	0.86	0.86	3.18	3.18	25	25	21.5	21.5
OG0004381	1339.5	0.0	2	2	0.64	0.64	3.5	3.5	35	35	22.5	22.5
OG0004382	189.0	0.0	2	2	0.89	0.89	2.91	2.91	19	19	17	17
OG0004383	591.0	0.0	2	1	1.0	1.0	3.4	3.4	30	30	30	30
OG0004384	243.0	0.5	2	2	0.79	0.81	3.28	3.3	28	27	22	22
OG0004385	322.5	0.0	1	2	0.5	0.5	3.58	3.58	36	36	18	18
OG0004386	138.0	0.0	2	2	0.88	0.88	3.3	3.3	28	28	24.5	24.5
OG0004387	297.0	0.0	2	2	0.83	0.83	2.85	2.85	18	18	15	15
OG0004388	198.0	0.0	2	2	0.78	0.78	2.14	2.14	9	9	7	7
OG0004389	625.5	0.0	2	2	0.55	0.55	3.34	3.34	29	29	16	16
OG0004390	154.5	0.0	2	2	0.59	0.59	3.92	3.92	53	53	31.5	31.5
OG0004391	135.0	0.0	2	2	0.98	0.98	3.04	3.04	21	21	20.5	20.5
OG0004392	1309.5	0.0	2	2	0.63	0.63	3.47	3.47	34	34	21.5	21.5
OG0004393	1041.0	0.0	2	2	0.63	0.63	3.47	3.47	34	34	21.5	21.5
OG0004394	322.5	0.0	2	2	0.5	0.5	3.58	3.58	36	36	18	18
OG0004395	526.5	0.0	2	2	0.5	0.5	3.74	3.74	42	42	21	21
OG0004396	129.0	0.0	2	2	1.0	1.0	3.09	3.09	22	22	22	22
OG0004397	336.0	0.0	2	2	0.88	0.88	2.96	2.96	20	20	17.5	17.5
OG0004398	822.0	0.5	2	2	0.54	0.88	3.23	2.77	26	16	14	14
OG0004399	300.0	0.0	2	2	0.96	0.96	3.17	3.17	24	24	23	23
OG0004400	1005.0	0.0	2	2	0.55	0.55	3.34	3.34	29	29	16	16
OG0004401	1173.0	0.0	2	2	0.62	0.62	3.35	3.35	30	30	18.5	18.5
OG0004402	1261.5	0.0	2	2	0.62	0.62	3.31	3.31	29	29	18	18
OG0004403	949.5	0.0	2	2	0.62	0.62	3.28	3.28	28	28	17.5	17.5
OG0004404	339.0	0.0	2	2	0.64	0.64	3.16	3.16	25	25	16	16
OG0004405	465.0	0.0	2	2	0.51	0.51	3.65	3.65	39	39	20	20
OG0004406	207.0	0.0	2	2	0.58	0.58	3.22	3.22	26	26	15	15
OG0004407	324.0	0.0	2	2	0.5	0.5	3.58	3.58	36	36	18	18
OG0004408	96.0	0.0	2	2	0.75	0.75	3.03	3.03	22	22	16.5	16.5
OG0004409	1005.0	0.0	2	2	0.89	0.89	3.06	3.06	22	22	19.5	19.5
OG0004410	208.5	0.0	2	2	0.5	0.5	3.33	3.33	28	28	14	14
OG0004411	544.5	0.0	2	2	0.52	0.52	3.94	3.94	52	52	27	27
OG0004412	375.0	0.0	2	2	0.52	0.52	4.23	4.23	70	70	36.5	36.5
OG0004413	430.5	0.0	2	2	0.51	0.51	4.41	4.41	83	83	42	42
OG0004414	619.5	0.5	2	2	0.5	0.66	3.89	3.61	49	37	24.5	24.5
OG0004415	465.0	0.0	1	2	0.97	0.97	3.6	3.6	37	37	36	36
OG0004416	697.5	0.0	2	2	0.52	0.52	3.77	3.77	44	44	23	23
OG0004417	187.5	0.0	2	2	0.81	0.81	3.21	3.21	26	26	21	21
OG0004418	909.0	0.0	2	2	0.54	0.54	3.27	3.27	27	27	14.5	14.5
OG0004419	96.0	0.0	2	2	0.53	0.53	3.38	3.38	30	30	16	16
OG0004420	696.0	0.0	2	2	0.51	0.51	3.57	3.57	36	36	18.5	18.5
OG0004421	423.0	0.0	2	2	0.5	0.5	3.33	3.33	28	28	14	14
OG0004422	654.0	0.0	2	2	0.64	0.64	3.31	3.31	29	29	18.5	18.5
OG0004423	169.5	0.0	2	2	0.51	0.51	3.73	3.73	42	42	21.5	21.5
OG0004424	165.0	0.0	2	2	0.75	0.75	3.28	3.28	28	28	21	21
OG0004425	8293.5	0.0	1	2	0.67	0.67	3.12	3.12	24	24	16	16
OG0004426	669.0	0.5	2	2	0.55	1.38	3.73	2.83	43	17	23.5	23.5
OG0004427	177.0	0.0	2	2	0.53	0.53	3.54	3.54	35	35	18.5	18.5
OG0004428	375.0	0.0	2	2	0.9	0.9	2.97	2.97	20	20	18	18
OG0004429	135.0	0.0	2	2	0.55	0.55	3.71	3.71	42	42	23	23
OG0004430	201.0	0.0	2	2	0.57	0.57	4.25	4.25	73	73	41.5	41.5
OG0004431	424.5	1.0	2	2	1.0	NA	0.69	NA	2	0	2	2
OG0004432	876.0	0.0	2	2	0.5	0.5	3.61	3.61	37	37	18.5	18.5
OG0004433	849.0	0.0	2	2	0.76	0.76	3.08	3.08	23	23	17.5	17.5
OG0004434	954.0	0.0	2	2	0.54	0.54	3.58	3.58	37	37	20	20
OG0004435	918.0	0.5	2	2	0.53	0.92	3.41	2.89	31	18	16.5	16.5
OG0004436	676.5	0.0	2	2	0.53	0.53	3.51	3.51	34	34	18	18
OG0004437	939.0	0.5	2	2	0.56	0.98	3.81	3.3	47	27	26.5	26.5
OG0004438	252.0	0.5	2	2	0.58	0.83	3.57	3.26	37	26	21.5	21.5
OG0004439	643.5	0.5	2	2	0.66	0.71	3.27	3.26	28	26	18.5	18.5
OG0004440	679.5	0.5	2	2	0.81	0.85	3.25	3.26	27	26	22	22
OG0004441	564.0	0.5	2	2	0.89	0.93	3.06	3.04	22	21	19.5	19.5
OG0004442	378.0	0.5	2	2	0.87	0.95	3.1	3.04	23	21	20	20
OG0004443	1171.5	0.5	2	2	0.88	0.95	3.14	3.09	24	22	21	21
OG0004444	865.5	0.0	2	2	0.86	0.86	3.05	3.05	22	22	19	19
OG0004445	1995.0	0.0	2	2	0.94	0.94	3.16	3.16	24	24	22.5	22.5
OG0004446	900.0	0.0	2	2	0.92	0.92	3.2	3.2	25	25	23	23
OG0004447	375.0	0.0	2	2	0.92	0.92	3.15	3.15	24	24	22	22
OG0004448	2241.0	0.0	2	2	0.9	0.9	3.34	3.34	29	29	26	26
OG0004449	2806.5	0.0	2	2	0.79	0.79	3.48	3.48	34	34	27	27
OG0004450	454.5	0.0	2	2	0.79	0.79	3.38	3.38	31	31	24.5	24.5
OG0004451	294.0	0.0	2	2	0.75	0.75	3.41	3.41	32	32	24	24
OG0004452	216.0	0.0	2	2	0.74	0.74	3.44	3.44	33	33	24.5	24.5
OG0004453	282.0	0.0	2	2	0.74	0.74	3.44	3.44	33	33	24.5	24.5
OG0004454	307.5	0.0	2	2	0.74	0.74	3.47	3.47	34	34	25	25
OG0004455	726.0	0.0	2	2	0.57	0.57	3.33	3.33	29	29	16.5	16.5
OG0004456	334.5	0.0	2	2	0.82	0.82	3.17	3.17	25	25	20.5	20.5
OG0004457	294.0	0.0	2	2	0.94	0.94	2.87	2.87	18	18	17	17
OG0004458	247.5	0.0	2	2	0.57	0.57	3.83	3.83	48	48	27.5	27.5
OG0004459	477.0	0.0	2	2	0.87	0.87	3.22	3.22	26	26	22.5	22.5
OG0004460	181.5	0.0	2	2	0.58	0.58	3.46	3.46	33	33	19	19
OG0004461	177.0	0.0	2	2	0.8	0.8	3.35	3.35	30	30	24	24
OG0004462	376.5	0.0	2	2	0.56	0.56	3.94	3.94	53	53	29.5	29.5
OG0004463	789.0	0.0	2	2	0.51	0.51	3.9	3.9	50	50	25.5	25.5
OG0004464	916.5	0.0	2	2	0.54	0.54	3.58	3.58	37	37	20	20
OG0004465	415.5	0.0	2	2	0.51	0.51	3.52	3.52	34	34	17.5	17.5
OG0004466	165.0	0.0	2	2	0.69	0.69	3.72	3.72	44	44	30.5	30.5
OG0004467	108.0	0.0	2	2	0.86	0.86	3.18	3.18	25	25	21.5	21.5
OG0004468	187.5	0.0	2	2	0.95	0.95	3.08	3.08	22	22	21	21
OG0004469	493.5	0.0	2	2	0.5	0.5	3.76	3.76	43	43	21.5	21.5
OG0004470	411.0	0.0	2	2	0.58	0.58	3.36	3.36	30	30	17.5	17.5
OG0004471	1737.0	0.0	2	2	0.58	0.58	3.96	3.96	55	55	32	32
OG0004472	2622.0	0.5	2	2	0.5	0.94	3.4	2.77	30	16	15	15
OG0004473	309.0	1.0	2	2	0.52	NA	4.18	NA	66	0	34	34
OG0004474	690.0	0.5	2	2	0.5	0.7	3.47	3.14	32	23	16	16
OG0004475	367.5	1.0	2	2	0.62	NA	1.33	NA	4	0	2.5	2.5
OG0004476	948.0	0.0	2	2	0.9	0.9	3.02	3.02	21	21	19	19
OG0004477	489.0	0.0	2	2	0.89	0.89	2.86	2.86	18	18	16	16
OG0004478	1113.0	0.0	2	2	0.87	0.87	2.91	2.91	19	19	16.5	16.5
OG0004479	295.5	0.5	2	2	0.58	0.8	3.36	3.09	30	22	17.5	17.5
OG0004480	517.5	0.5	2	2	0.58	0.82	3.39	3.09	31	22	18	18
OG0004481	309.0	0.5	2	2	0.58	0.8	3.42	3.14	32	23	18.5	18.5
OG0004482	1446.0	0.5	2	2	0.58	0.83	3.46	3.14	33	23	19	19
OG0004483	480.0	0.5	2	2	0.52	0.84	3.24	2.77	26	16	13.5	13.5
OG0004484	184.5	0.0	2	2	0.74	0.74	3.38	3.38	31	31	23	23
OG0004485	264.0	0.0	2	2	0.52	0.52	3.77	3.77	44	44	23	23
OG0004486	165.0	0.0	2	2	0.55	0.55	3.61	3.61	38	38	21	21
OG0004487	987.0	0.0	2	2	0.72	0.72	3.24	3.24	27	27	19.5	19.5
OG0004488	465.0	0.0	2	2	0.75	0.75	3.2	3.2	26	26	19.5	19.5
OG0004489	1278.0	0.0	2	2	0.72	0.72	3.24	3.24	27	27	19.5	19.5
OG0004490	294.0	0.0	2	2	0.7	0.7	3.34	3.34	30	30	21	21
OG0004491	399.0	0.0	2	2	0.7	0.7	3.34	3.34	30	30	21	21
OG0004492	243.0	0.0	2	2	0.52	0.52	4.1	4.1	61	61	31.5	31.5
OG0004493	723.0	0.0	2	2	0.7	0.7	3.44	3.44	33	33	23	23
OG0004494	1357.5	0.0	2	2	0.71	0.71	3.52	3.52	36	36	25.5	25.5
OG0004495	537.0	0.0	2	2	0.71	0.71	3.75	3.75	45	45	32	32
OG0004496	147.0	0.0	2	2	0.73	0.73	3.73	3.73	44	44	32	32
OG0004497	486.0	0.0	2	2	0.73	0.73	3.73	3.73	44	44	32	32
OG0004498	736.5	0.0	2	2	0.73	0.73	3.73	3.73	44	44	32	32
OG0004499	400.5	0.0	2	2	0.72	0.72	3.75	3.75	45	45	32.5	32.5
OG0004500	922.5	0.0	2	2	0.7	0.7	3.77	3.77	46	46	32	32
OG0004501	2227.5	0.0	2	2	0.7	0.7	3.91	3.91	53	53	37	37
OG0004502	190.5	0.0	2	2	0.72	0.72	3.77	3.77	46	46	33	33
OG0004503	996.0	0.0	2	2	0.73	0.73	3.79	3.79	47	47	34.5	34.5
OG0004504	258.0	0.0	2	2	0.74	0.74	3.77	3.77	46	46	34	34
OG0004505	133.5	0.0	2	2	0.74	0.74	3.77	3.77	46	46	34	34
OG0004506	525.0	0.0	2	2	0.72	0.72	3.79	3.79	47	47	34	34
OG0004507	255.0	0.0	2	2	0.66	0.66	3.87	3.87	51	51	33.5	33.5
OG0004508	205.5	0.0	2	2	0.66	0.66	3.87	3.87	51	51	33.5	33.5
OG0004509	415.5	0.0	2	2	0.65	0.65	3.85	3.85	50	50	32.5	32.5
OG0004510	360.0	0.0	2	2	0.65	0.65	3.85	3.85	50	50	32.5	32.5
OG0004511	439.5	0.0	2	2	0.64	0.64	3.84	3.84	49	49	31.5	31.5
OG0004512	1587.0	0.0	2	2	0.76	0.76	3.44	3.44	33	33	25	25
OG0004513	613.5	0.0	2	2	0.81	0.81	3.21	3.21	26	26	21	21
OG0004514	1024.5	0.0	2	2	0.88	0.88	3.14	3.14	24	24	21	21
OG0004515	219.0	0.0	2	2	0.93	0.93	3.02	3.02	21	21	19.5	19.5
OG0004516	363.0	0.0	2	2	0.93	0.93	3.02	3.02	21	21	19.5	19.5
OG0004517	789.0	0.0	2	2	0.9	0.9	3.15	3.15	24	24	21.5	21.5
OG0004518	399.0	0.0	2	2	0.92	0.92	3.15	3.15	24	24	22	22
OG0004519	300.0	0.0	2	2	0.9	0.9	3.15	3.15	24	24	21.5	21.5
OG0004520	442.5	0.0	2	2	0.91	0.91	3.11	3.11	23	23	21	21
OG0004521	541.5	0.0	2	2	0.91	0.91	3.11	3.11	23	23	21	21
OG0004522	387.0	0.0	2	2	0.91	0.91	3.11	3.11	23	23	21	21
OG0004523	219.0	0.0	2	2	0.94	0.94	3.16	3.16	24	24	22.5	22.5
OG0004524	403.5	0.0	2	2	0.78	0.78	3.08	3.08	23	23	18	18
OG0004525	217.5	0.0	2	2	0.62	0.62	3.41	3.41	32	32	20	20
OG0004526	715.5	0.0	2	2	0.53	0.53	3.78	3.78	45	45	24	24
OG0004527	201.0	0.0	1	2	1.0	1.0	3.09	3.09	22	22	22	22
OG0004528	244.5	0.0	2	2	0.56	0.56	4.27	4.27	74	74	41.5	41.5
OG0004529	409.5	0.0	2	2	0.62	0.62	4.17	4.17	68	68	42	42
OG0004530	132.0	0.0	2	2	0.69	0.69	3.87	3.87	51	51	35	35
OG0004531	268.5	0.0	2	2	0.58	0.58	4.03	4.03	59	59	34.5	34.5
OG0004532	141.0	0.0	2	2	0.54	0.54	4.12	4.12	63	63	34	34
OG0004533	702.0	0.0	2	2	0.5	0.5	3.83	3.83	46	46	23	23
OG0004534	703.5	0.0	2	2	0.5	0.5	3.81	3.81	45	45	22.5	22.5
OG0004535	226.5	0.0	2	2	0.5	0.5	4.29	4.29	73	73	36.5	36.5
OG0004536	264.0	0.5	1	2	0.68	0.83	3.03	2.89	22	18	15	15
OG0004537	178.5	1.0	1	2	0.66	NA	2.89	NA	19	0	12.5	12.5
OG0004538	214.5	0.0	2	2	0.7	0.7	3.08	3.08	23	23	16	16
OG0004539	270.0	0.0	2	2	0.71	0.71	3.31	3.31	29	29	20.5	20.5
OG0004540	151.5	0.0	2	2	0.63	0.63	3.38	3.38	31	31	19.5	19.5
OG0004541	859.5	0.0	2	2	0.73	0.73	3.2	3.2	26	26	19	19
OG0004542	805.5	0.0	2	2	0.72	0.72	3.24	3.24	27	27	19.5	19.5
OG0004543	270.0	0.0	1	2	0.5	0.5	3.91	3.91	50	50	25	25
OG0004544	483.0	0.0	2	2	0.51	0.51	3.65	3.65	39	39	20	20
OG0004545	240.0	0.0	2	2	0.74	0.74	3.38	3.38	31	31	23	23
OG0004546	154.5	0.0	2	2	0.76	0.76	3.38	3.38	31	31	23.5	23.5
OG0004547	117.0	0.0	2	2	0.51	0.51	3.86	3.86	48	48	24.5	24.5
OG0004548	241.5	0.0	2	2	0.72	0.72	3.24	3.24	27	27	19.5	19.5
OG0004549	327.0	0.0	2	2	0.75	0.75	3.28	3.28	28	28	21	21
OG0004550	486.0	0.5	2	2	0.7	0.78	3.41	3.37	32	29	22.5	22.5
OG0004551	132.0	0.0	2	2	0.9	0.9	3.37	3.37	30	30	27	27
OG0004552	174.0	0.0	2	2	0.77	0.77	3.41	3.41	32	32	24.5	24.5
OG0004553	315.0	0.0	2	2	0.78	0.78	2.94	2.94	20	20	15.5	15.5
OG0004554	163.5	0.0	2	2	0.66	0.66	3.47	3.47	34	34	22.5	22.5
OG0004555	351.0	0.0	2	2	0.65	0.65	3.68	3.68	42	42	27.5	27.5
OG0004556	316.5	0.0	1	2	0.93	0.93	3.35	3.35	29	29	27	27
OG0004557	447.0	0.0	2	2	0.83	0.83	3.09	3.09	23	23	19	19
OG0004558	202.5	0.0	2	2	0.74	0.74	3.38	3.38	31	31	23	23
OG0004559	225.0	0.0	2	2	0.59	0.59	3.76	3.76	45	45	26.5	26.5
OG0004560	258.0	0.5	2	2	0.59	0.61	3.48	3.5	34	33	20	20
OG0004561	286.5	0.0	2	2	0.78	0.78	3.56	3.56	37	37	29	29
OG0004562	165.0	0.0	2	2	0.75	0.75	3.73	3.73	44	44	33	33
OG0004563	141.0	0.0	2	2	0.77	0.77	3.35	3.35	30	30	23	23
OG0004564	265.5	0.5	2	2	0.62	0.88	3.47	3.18	34	24	21	21
OG0004565	294.0	0.0	2	2	0.77	0.77	3.38	3.38	31	31	24	24
OG0004566	288.0	0.0	2	2	0.74	0.74	3.47	3.47	34	34	25	25
OG0004567	339.0	0.0	2	2	0.75	0.75	3.99	3.99	57	57	43	43
OG0004568	213.0	0.0	1	2	0.5	0.5	4.06	4.06	58	58	29	29
OG0004569	217.5	0.0	2	2	0.5	0.5	3.78	3.78	44	44	22	22
OG0004570	181.5	0.0	2	2	0.67	0.67	4.1	4.1	64	64	43	43
OG0004571	160.5	0.0	2	2	0.76	0.76	3.44	3.44	33	33	25	25
OG0004572	295.5	0.0	2	2	0.71	0.71	3.44	3.44	33	33	23.5	23.5
OG0004573	243.0	0.0	2	2	0.78	0.78	3.17	3.17	25	25	19.5	19.5
OG0004574	166.5	0.0	2	2	0.54	0.54	3.66	3.66	40	40	21.5	21.5
OG0004575	202.5	0.0	2	2	0.83	0.83	3.13	3.13	24	24	20	20
OG0004576	186.0	0.0	2	2	0.66	0.66	3.38	3.38	31	31	20.5	20.5
OG0004577	384.0	0.0	2	2	0.82	0.82	3.29	3.29	28	28	23	23
OG0004578	286.5	0.0	2	2	0.54	0.54	3.61	3.61	38	38	20.5	20.5
OG0004579	270.0	0.0	2	2	0.62	0.62	3.28	3.28	28	28	17.5	17.5
OG0004580	256.5	0.0	2	2	0.5	0.5	3.58	3.58	36	36	18	18
OG0004581	510.0	0.0	2	2	0.5	0.5	3.56	3.56	35	35	17.5	17.5
OG0004582	390.0	0.0	2	2	0.5	0.5	3.71	3.71	41	41	20.5	20.5
OG0004583	249.0	0.5	2	2	0.55	0.6	3.06	3.0	22	20	12	12
OG0004584	102.0	0.0	2	2	0.96	0.96	2.55	2.55	13	13	12.5	12.5
OG0004585	354.0	0.0	2	2	0.67	0.67	3.31	3.31	29	29	19.5	19.5
OG0004586	390.0	0.0	2	2	0.57	0.57	3.33	3.33	29	29	16.5	16.5
OG0004587	1422.0	0.0	2	2	0.69	0.69	2.98	2.98	21	21	14.5	14.5
OG0004588	768.0	0.0	2	2	0.61	0.61	3.96	3.96	55	55	33.5	33.5
OG0004589	264.0	0.0	2	2	0.56	0.56	4.31	4.31	77	77	43	43
OG0004590	174.0	0.0	1	2	0.63	0.63	4.13	4.13	66	66	41.5	41.5
OG0004591	177.0	0.0	2	2	0.74	0.74	3.79	3.79	47	47	35	35
OG0004592	1966.5	0.0	2	2	0.65	0.65	3.08	3.08	23	23	15	15
OG0004593	3430.5	0.0	2	2	0.62	0.62	3.28	3.28	28	28	17.5	17.5
OG0004594	1533.0	0.0	2	2	0.62	0.62	3.12	3.12	24	24	15	15
OG0004595	973.5	0.0	2	2	0.6	0.6	3.13	3.13	24	24	14.5	14.5
OG0004596	190.5	0.0	2	2	0.51	0.51	3.73	3.73	42	42	21.5	21.5
OG0004597	532.5	0.0	2	2	0.52	0.52	3.49	3.49	33	33	17	17
OG0004598	615.0	0.5	2	2	0.52	0.79	3.35	2.94	29	19	15	15
OG0004599	201.0	0.5	2	2	0.78	0.82	2.94	2.94	20	19	15.5	15.5
OG0004600	856.5	0.0	2	2	0.69	0.69	3.12	3.12	24	24	16.5	16.5
OG0004601	204.0	0.0	2	2	0.69	0.69	3.12	3.12	24	24	16.5	16.5
OG0004602	273.0	0.0	2	2	0.64	0.64	3.56	3.56	37	37	23.5	23.5
OG0004603	709.5	0.0	1	2	0.83	0.83	3.36	3.36	30	30	25	25
OG0004604	96.0	0.0	2	2	0.6	0.6	3.61	3.61	39	39	23.5	23.5
OG0004605	1051.5	0.0	2	2	0.5	0.5	3.81	3.81	45	45	22.5	22.5
OG0004606	531.0	0.0	2	2	0.51	0.51	3.65	3.65	39	39	20	20
OG0004607	129.0	0.0	2	2	0.5	0.5	3.5	3.5	33	33	16.5	16.5
OG0004608	321.0	0.0	2	2	0.74	0.74	3.31	3.31	29	29	21.5	21.5
OG0004609	129.0	0.0	2	2	0.65	0.65	3.34	3.34	30	30	19.5	19.5
OG0004610	166.5	0.0	1	2	0.5	0.5	3.56	3.56	35	35	17.5	17.5
OG0004611	228.0	0.0	1	2	0.57	0.57	4.18	4.18	68	68	39	39
OG0004612	127.5	0.0	2	2	0.55	0.55	3.58	3.58	37	37	20.5	20.5
OG0004613	142.5	0.0	1	2	0.54	0.54	3.64	3.64	39	39	21	21
OG0004614	111.0	0.0	2	2	1.0	1.0	3.04	3.04	21	21	21	21
OG0004615	655.5	0.0	2	2	0.9	0.9	3.02	3.02	21	21	19	19
OG0004616	429.0	0.0	2	2	0.92	0.92	2.92	2.92	19	19	17.5	17.5
OG0004617	438.0	0.0	2	2	0.66	0.66	3.41	3.41	32	32	21	21
OG0004618	234.0	0.0	1	2	0.83	0.83	3.67	3.67	41	41	34	34
OG0004619	111.0	1.0	1	2	0.87	NA	2.91	NA	19	0	16.5	16.5
OG0004620	354.0	1.0	1	2	0.84	NA	2.9	NA	19	0	16	16
OG0004621	582.0	0.5	1	2	0.82	0.87	2.95	2.94	20	19	16.5	16.5
OG0004622	396.0	0.0	2	2	0.5	0.5	3.85	3.85	47	47	23.5	23.5
OG0004623	559.5	0.0	2	2	0.5	0.5	3.91	3.91	50	50	25	25
OG0004624	174.0	0.0	2	2	0.57	0.57	4.2	4.2	69	69	39	39
OG0004625	795.0	0.0	2	2	0.95	0.95	2.98	2.98	20	20	19	19
OG0004626	180.0	0.0	2	2	0.64	0.64	3.41	3.41	32	32	20.5	20.5
OG0004627	1153.5	0.0	2	2	0.55	0.55	3.44	3.44	32	32	17.5	17.5
OG0004628	498.0	0.0	2	2	0.54	0.54	3.5	3.5	34	34	18.5	18.5
OG0004629	576.0	0.0	2	2	0.54	0.54	3.53	3.53	35	35	19	19
OG0004630	597.0	0.0	2	2	0.52	0.52	3.79	3.79	45	45	23.5	23.5
OG0004631	846.0	0.5	2	2	0.51	0.79	3.8	3.37	45	29	23	23
OG0004632	661.5	0.0	2	2	0.51	0.51	3.94	3.94	52	52	26.5	26.5
OG0004633	234.0	0.5	2	2	0.51	0.9	3.82	3.26	46	26	23.5	23.5
OG0004634	544.5	0.0	2	2	0.51	0.51	3.63	3.63	38	38	19.5	19.5
OG0004635	685.5	0.0	2	2	0.57	0.57	3.54	3.54	36	36	20.5	20.5
OG0004636	1101.0	0.0	2	2	0.57	0.57	3.54	3.54	36	36	20.5	20.5
OG0004637	147.0	0.5	1	2	0.74	0.97	3.16	2.94	25	19	18.5	18.5
OG0004638	916.5	0.0	2	2	0.59	0.59	3.45	3.45	33	33	19.5	19.5
OG0004639	615.0	0.0	2	2	0.59	0.59	3.48	3.48	34	34	20	20
OG0004640	159.0	0.0	1	2	0.5	0.5	3.56	3.56	35	35	17.5	17.5
OG0004641	396.0	0.0	2	2	0.51	0.51	3.57	3.57	36	36	18.5	18.5
OG0004642	400.5	0.0	2	2	0.53	0.53	3.44	3.44	32	32	17	17
OG0004643	1243.5	0.0	2	2	0.53	0.53	3.44	3.44	32	32	17	17
OG0004644	976.5	0.0	2	2	0.53	0.53	3.48	3.48	33	33	17.5	17.5
OG0004645	3670.5	0.0	2	2	0.52	0.52	3.42	3.42	31	31	16	16
OG0004646	5991.0	0.0	1	2	0.77	0.77	2.51	2.51	13	13	10	10
OG0004647	472.5	0.0	2	2	0.7	0.7	3.34	3.34	30	30	21	21
OG0004648	510.0	0.0	2	2	0.73	0.73	3.38	3.38	31	31	22.5	22.5
OG0004649	282.0	0.0	2	2	0.7	0.7	3.16	3.16	25	25	17.5	17.5
OG0004650	196.5	0.0	1	2	1.0	1.0	3.14	3.14	23	23	23	23
OG0004651	201.0	0.0	1	2	0.98	0.98	3.13	3.13	23	23	22.5	22.5
OG0004652	1003.5	0.0	2	2	0.51	0.51	3.55	3.55	35	35	18	18
OG0004653	384.0	0.0	2	2	0.55	0.55	3.4	3.4	31	31	17	17
OG0004654	514.5	0.5	2	2	0.54	0.78	3.11	2.77	23	16	12.5	12.5
OG0004655	291.0	0.0	2	2	0.5	0.5	3.81	3.81	45	45	22.5	22.5
OG0004656	525.0	0.5	2	2	0.5	0.69	3.58	3.26	36	26	18	18
OG0004657	160.5	0.0	2	2	0.57	0.57	3.54	3.54	36	36	20.5	20.5
OG0004658	2134.5	0.0	2	2	0.68	0.68	3.34	3.34	30	30	20.5	20.5
OG0004659	606.0	0.0	2	2	0.85	0.85	3.09	3.09	23	23	19.5	19.5
OG0004660	102.0	0.5	2	2	0.95	1.0	2.98	2.94	20	19	19	19
OG0004661	447.0	0.0	2	2	0.92	0.92	2.92	2.92	19	19	17.5	17.5
OG0004662	904.5	0.0	2	2	0.8	0.8	3.09	3.09	23	23	18.5	18.5
OG0004663	222.0	0.0	2	2	0.8	0.8	3.42	3.42	32	32	25.5	25.5
OG0004664	768.0	0.0	2	2	0.96	0.96	3.12	3.12	23	23	22	22
OG0004665	135.0	0.0	2	2	0.5	0.5	3.53	3.53	34	34	17	17
OG0004666	240.0	0.0	2	2	0.88	0.88	3.01	3.01	21	21	18.5	18.5
OG0004667	184.5	0.0	2	2	0.5	0.5	3.69	3.69	40	40	20	20
OG0004668	328.5	0.0	2	2	0.56	0.56	3.92	3.92	52	52	29	29
OG0004669	426.0	0.0	2	2	0.51	0.51	3.7	3.7	41	41	21	21
OG0004670	723.0	0.0	2	2	0.53	0.53	3.51	3.51	34	34	18	18
OG0004671	1735.5	0.0	2	2	0.53	0.53	3.56	3.56	36	36	19	19
OG0004672	465.0	0.0	2	2	0.53	0.53	3.44	3.44	32	32	17	17
OG0004673	117.0	0.0	2	2	0.56	0.56	3.55	3.55	36	36	20	20
OG0004674	387.0	0.5	1	2	0.79	0.79	2.89	2.94	19	19	15	15
OG0004675	303.0	0.5	1	2	0.81	0.81	2.84	2.89	18	18	14.5	14.5
OG0004676	378.0	0.0	2	2	0.51	0.51	3.57	3.57	36	36	18.5	18.5
OG0004677	817.5	0.0	2	2	0.52	0.52	3.75	3.75	43	43	22.5	22.5
OG0004678	453.0	0.0	2	2	0.52	0.52	3.72	3.72	42	42	22	22
OG0004679	249.0	0.0	2	2	0.72	0.72	4.02	4.02	59	59	42.5	42.5
OG0004680	196.5	0.0	2	2	0.5	0.5	3.76	3.76	43	43	21.5	21.5
OG0004681	462.0	0.5	2	2	0.5	0.91	3.37	2.77	29	16	14.5	14.5
OG0004682	724.5	0.5	2	2	0.5	0.92	3.5	2.89	33	18	16.5	16.5
OG0004683	210.0	0.0	2	2	0.74	0.74	3.97	3.97	56	56	41.5	41.5
OG0004684	172.5	0.0	2	2	0.64	0.64	4.15	4.15	67	67	43	43
OG0004685	256.5	0.0	2	2	0.6	0.6	4.2	4.2	70	70	42	42
OG0004686	94.5	0.0	2	2	0.5	0.5	3.74	3.74	42	42	21	21
OG0004687	993.0	0.0	2	2	0.5	0.5	3.61	3.61	37	37	18.5	18.5
OG0004688	891.0	0.5	1	2	1.0	1.0	3.09	3.09	22	22	22	22
OG0004689	354.0	0.5	1	2	1.0	1.0	3.09	3.09	22	22	22	22
OG0004690	555.0	0.0	1	2	1.0	1.0	3.04	3.04	21	21	21	21
OG0004691	111.0	0.0	1	2	1.0	1.0	2.83	2.83	17	17	17	17
OG0004692	1153.5	0.0	2	2	0.52	0.52	3.28	3.28	27	27	14	14
OG0004693	4987.5	0.0	2	2	0.52	0.52	3.45	3.45	32	32	16.5	16.5
OG0004694	432.0	0.0	2	2	0.58	0.58	4.19	4.19	69	69	40	40
OG0004695	204.0	0.0	2	2	1.0	1.0	3.14	3.14	23	23	23	23
OG0004696	201.0	0.5	2	2	0.76	0.81	2.78	2.77	17	16	13	13
OG0004697	189.0	0.0	1	2	0.51	0.51	3.52	3.52	34	34	17.5	17.5
OG0004698	346.5	0.0	2	2	0.61	0.61	3.08	3.08	23	23	14	14
OG0004699	468.0	0.5	2	2	0.86	0.86	3.01	3.04	21	21	18	18
OG0004700	1342.5	0.0	2	2	0.81	0.81	2.84	2.84	18	18	14.5	14.5
OG0004701	1533.0	0.0	2	2	0.82	0.82	2.79	2.79	17	17	14	14
OG0004702	126.0	0.0	2	2	0.81	0.81	3.0	3.0	21	21	17	17
OG0004703	1173.0	0.0	2	2	0.77	0.77	3.12	3.12	24	24	18.5	18.5
OG0004704	202.5	0.0	2	2	0.51	0.51	3.57	3.57	36	36	18.5	18.5
OG0004705	286.5	0.0	2	2	0.55	0.55	3.66	3.66	40	40	22	22
OG0004706	510.0	0.0	2	2	0.55	0.55	3.63	3.63	39	39	21.5	21.5
OG0004707	468.0	0.0	2	2	0.55	0.55	3.68	3.68	41	41	22.5	22.5
OG0004708	223.5	0.0	2	2	0.75	0.75	3.63	3.63	40	40	30	30
OG0004709	198.0	0.0	2	2	0.74	0.74	3.66	3.66	41	41	30.5	30.5
OG0004710	292.5	0.0	2	2	0.73	0.73	3.68	3.68	42	42	30.5	30.5
OG0004711	184.5	0.0	2	2	0.88	0.88	2.96	2.96	20	20	17.5	17.5
OG0004712	990.0	0.0	2	2	0.93	0.93	2.97	2.97	20	20	18.5	18.5
OG0004713	112.5	0.0	2	2	0.66	0.66	3.27	3.27	28	28	18.5	18.5
OG0004714	142.5	0.0	2	2	1.0	1.0	2.94	2.94	19	19	19	19
OG0004715	114.0	0.0	2	2	0.86	0.86	3.01	3.01	21	21	18	18
OG0004716	216.0	0.0	2	2	0.55	0.55	3.37	3.37	30	30	16.5	16.5
OG0004717	481.5	0.5	1	2	0.5	0.64	2.89	2.64	18	14	9	9
OG0004718	696.0	0.0	2	2	0.53	0.53	3.51	3.51	34	34	18	18
OG0004719	792.0	0.0	2	2	0.59	0.59	3.59	3.59	38	38	22.5	22.5
OG0004720	1320.0	0.0	2	2	0.53	0.53	3.62	3.62	38	38	20	20
OG0004721	342.0	1.0	1	1	1.0	NA	NA	NA	1	0	1	1
OG0004722	865.5	1.0	1	2	0.95	NA	2.38	NA	11	0	10.5	10.5
OG0004723	231.0	1.0	1	2	0.83	NA	1.05	NA	3	0	2.5	2.5
OG0004724	276.0	1.0	1	2	1.0	NA	NA	NA	1	0	1	1
OG0004725	439.5	1.0	2	2	0.83	NA	3.09	NA	23	0	19	19
OG0004726	468.0	1.0	2	2	0.83	NA	3.09	NA	23	0	19	19
OG0004727	562.5	1.0	2	2	0.82	NA	3.04	NA	22	0	18	18
OG0004728	603.0	0.5	2	2	0.89	0.93	3.06	3.04	22	21	19.5	19.5
OG0004729	234.0	1.0	1	2	0.54	NA	2.46	NA	12	0	6.5	6.5
OG0004730	768.0	0.5	2	2	0.53	0.95	3.62	3.04	38	21	20	20
OG0004731	145.5	0.5	2	2	0.54	0.56	3.53	3.53	35	34	19	19
OG0004732	297.0	0.0	2	2	0.83	0.83	3.0	3.0	21	21	17.5	17.5
OG0004733	171.0	0.5	2	2	0.68	0.68	2.58	2.64	14	14	9.5	9.5
OG0004734	474.0	0.5	2	2	0.67	1.04	3.68	3.3	42	27	28	28
OG0004735	265.5	0.5	2	2	0.5	0.78	3.43	3.0	31	20	15.5	15.5
OG0004736	2571.0	0.0	2	2	0.81	0.81	3.32	3.32	29	29	23.5	23.5
OG0004737	304.5	0.0	2	2	0.94	0.94	2.82	2.82	17	17	16	16
OG0004738	414.0	0.0	2	2	0.94	0.94	2.82	2.82	17	17	16	16
OG0004739	412.5	0.0	1	2	0.91	0.91	3.47	3.47	33	33	30	30
OG0004740	349.5	1.0	2	2	0.64	NA	3.04	NA	22	0	14	14
OG0004741	144.0	0.0	1	2	0.54	0.54	3.58	3.58	37	37	20	20
OG0004742	309.0	0.0	2	2	0.87	0.87	2.91	2.91	19	19	16.5	16.5
OG0004743	162.0	0.0	2	2	0.74	0.74	3.5	3.5	35	35	26	26
OG0004744	151.5	0.0	2	2	0.85	0.85	3.22	3.22	26	26	22	22
OG0004745	132.0	0.0	2	2	0.56	0.56	3.46	3.46	33	33	18.5	18.5
OG0004746	165.0	0.0	2	2	0.53	0.53	4.12	4.12	63	63	33.5	33.5
OG0004747	192.0	0.0	2	2	0.69	0.69	3.37	3.37	31	31	21.5	21.5
OG0004748	243.0	0.0	2	2	0.93	0.93	2.62	2.62	14	14	13	13
OG0004749	120.0	0.0	2	2	1.0	1.0	3.14	3.14	23	23	23	23
OG0004750	2526.0	0.0	2	2	1.0	1.0	3.37	3.37	29	29	29	29
OG0004751	453.0	0.5	2	2	0.98	0.98	3.17	3.18	24	24	23.5	23.5
OG0004752	480.0	0.5	2	2	0.96	0.96	3.17	3.18	24	24	23	23
OG0004753	201.0	0.0	2	2	1.0	1.0	0.69	0.69	2	2	2	2
OG0004754	952.5	0.5	2	2	0.82	0.82	2.95	3.0	20	20	16.5	16.5
OG0004755	1704.0	0.5	2	2	0.52	0.79	3.35	2.94	29	19	15	15
OG0004756	843.0	0.5	2	2	0.87	0.87	3.26	3.3	27	27	23.5	23.5
OG0004757	682.5	0.5	2	2	0.97	0.97	2.88	2.89	18	18	17.5	17.5
OG0004758	486.0	0.5	2	2	0.52	0.57	3.12	3.04	23	21	12	12
OG0004759	186.0	0.5	2	2	0.53	0.55	2.98	2.94	20	19	10.5	10.5
OG0004760	175.5	0.5	2	2	0.51	0.81	3.63	3.18	38	24	19.5	19.5
OG0004761	1062.0	0.5	2	2	0.5	1.11	3.93	3.14	51	23	25.5	25.5
OG0004762	177.0	0.5	2	2	0.53	1.01	4.31	3.69	76	40	40.5	40.5
OG0004763	240.0	0.0	2	2	0.53	0.53	4.26	4.26	72	72	38	38
OG0004764	481.5	1.0	2	2	0.61	NA	2.89	NA	19	0	11.5	11.5
OG0004765	285.0	0.0	1	2	0.76	0.76	3.44	3.44	33	33	25	25
OG0004766	477.0	0.0	1	2	0.75	0.75	3.53	3.53	36	36	27	27
OG0004767	174.0	0.0	1	2	0.77	0.77	3.44	3.44	33	33	25.5	25.5
OG0004768	123.0	0.0	2	2	0.78	0.78	3.17	3.17	25	25	19.5	19.5
OG0004769	531.0	0.0	1	2	0.7	0.7	3.41	3.41	32	32	22.5	22.5
OG0004770	840.0	0.5	2	2	0.64	1.11	3.44	2.94	33	19	21	21
OG0004771	685.5	0.5	2	2	0.66	1.0	3.31	2.94	29	19	19	19
OG0004772	111.0	0.0	2	2	0.5	0.5	3.71	3.71	41	41	20.5	20.5
OG0004773	174.0	0.5	2	2	0.51	0.92	3.52	2.94	34	19	17.5	17.5
OG0004774	292.5	0.0	2	2	0.56	0.56	3.4	3.4	31	31	17.5	17.5
OG0004775	528.0	0.0	2	2	0.51	0.51	3.8	3.8	45	45	23	23
OG0004776	963.0	0.0	2	2	0.51	0.51	3.8	3.8	45	45	23	23
OG0004777	180.0	0.0	1	2	1.0	1.0	3.04	3.04	21	21	21	21
OG0004778	234.0	0.5	2	2	0.68	0.71	3.55	3.56	37	35	25	25
OG0004779	222.0	0.5	2	2	0.68	0.72	3.52	3.53	36	34	24.5	24.5
OG0004780	219.0	0.5	2	2	0.68	0.72	3.52	3.53	36	34	24.5	24.5
OG0004781	363.0	0.5	2	2	0.69	0.74	3.52	3.53	36	34	25	25
OG0004782	666.0	0.5	2	2	0.71	0.75	3.52	3.53	36	34	25.5	25.5
OG0004783	483.0	0.5	2	2	0.72	0.77	3.47	3.47	34	32	24.5	24.5
OG0004784	648.0	0.5	2	2	0.78	0.84	3.35	3.33	30	28	23.5	23.5
OG0004785	810.0	0.5	2	2	0.87	0.94	3.22	3.18	26	24	22.5	22.5
OG0004786	519.0	0.5	2	2	0.91	1.0	3.11	3.04	23	21	21	21
OG0004787	697.5	0.5	2	2	0.95	1.05	3.03	2.94	21	19	20	20
OG0004788	357.0	0.0	2	2	0.97	0.97	2.76	2.76	16	16	15.5	15.5
OG0004789	876.0	0.0	2	2	1.0	1.0	2.64	2.64	14	14	14	14
OG0004790	2157.0	0.0	2	2	0.97	0.97	2.94	2.94	19	19	18.5	18.5
OG0004791	327.0	0.0	2	2	1.0	1.0	2.83	2.83	17	17	17	17
OG0004792	3993.0	0.0	2	2	1.0	1.0	3.09	3.09	22	22	22	22
OG0004793	1872.0	0.0	2	2	0.97	0.97	2.88	2.88	18	18	17.5	17.5
OG0004794	468.0	0.0	2	2	1.0	1.0	2.89	2.89	18	18	18	18
OG0004795	159.0	0.0	2	2	1.0	1.0	2.94	2.94	19	19	19	19
OG0004796	132.0	0.0	2	2	1.0	1.0	2.94	2.94	19	19	19	19
OG0004797	777.0	0.0	2	2	0.97	0.97	2.94	2.94	19	19	18.5	18.5
OG0004798	738.0	0.0	2	2	0.91	0.91	3.11	3.11	23	23	21	21
OG0004799	276.0	1.0	2	2	0.95	NA	3.08	NA	22	0	21	21
OG0004800	225.0	1.0	2	2	0.95	NA	3.03	NA	21	0	20	20
OG0004801	537.0	1.0	2	2	0.94	NA	2.87	NA	18	0	17	17
OG0004802	765.0	1.0	2	2	0.88	NA	2.53	NA	13	0	11.5	11.5
OG0004803	669.0	1.0	2	2	0.92	NA	2.46	NA	12	0	11	11
OG0004804	216.0	0.5	2	2	0.74	0.84	3.7	3.64	43	38	32	32
OG0004805	267.0	0.5	2	2	0.76	0.84	3.68	3.64	42	38	32	32
OG0004806	354.0	0.5	2	2	0.79	0.87	3.69	3.64	42	38	33	33
OG0004807	582.0	0.5	2	2	0.78	0.86	3.71	3.66	43	39	33.5	33.5
OG0004808	306.0	0.5	2	2	0.79	0.87	3.71	3.66	43	39	34	34
OG0004809	264.0	1.0	2	2	0.78	NA	3.73	NA	44	0	34.5	34.5
OG0004810	144.0	1.0	2	2	0.81	NA	3.74	NA	44	0	35.5	35.5
OG0004811	510.0	1.0	2	2	0.82	NA	3.74	NA	44	0	36	36
OG0004812	303.0	1.0	2	2	0.83	NA	3.72	NA	43	0	35.5	35.5
OG0004813	267.0	1.0	2	2	0.83	NA	3.72	NA	43	0	35.5	35.5
OG0004814	330.0	1.0	2	2	0.83	NA	3.69	NA	42	0	35	35
OG0004815	255.0	1.0	2	2	0.83	NA	3.72	NA	43	0	35.5	35.5
OG0004816	819.0	1.0	2	2	0.86	NA	3.63	NA	39	0	33.5	33.5
OG0004817	360.0	1.0	2	2	0.88	NA	3.58	NA	37	0	32.5	32.5
OG0004818	234.0	1.0	2	2	0.89	NA	3.55	NA	36	0	32	32
OG0004819	237.0	1.0	2	2	0.89	NA	3.55	NA	36	0	32	32
OG0004820	210.0	1.0	2	2	0.88	NA	3.55	NA	36	0	31.5	31.5
OG0004821	243.0	1.0	2	2	0.86	NA	3.55	NA	36	0	31	31
OG0004822	219.0	1.0	2	2	0.86	NA	3.55	NA	36	0	31	31
OG0004823	207.0	0.0	1	2	0.5	0.5	3.66	3.66	39	39	19.5	19.5
OG0004824	742.5	0.0	1	2	0.96	0.96	3.17	3.17	24	24	23	23
OG0004825	126.0	0.0	1	2	0.98	0.98	3.08	3.08	22	22	21.5	21.5
OG0004826	720.0	0.0	2	2	0.54	0.54	3.8	3.8	46	46	25	25
OG0004827	400.5	0.0	2	2	0.5	0.5	3.22	3.22	25	25	12.5	12.5
OG0004828	462.0	0.0	2	2	0.88	0.88	2.96	2.96	20	20	17.5	17.5
OG0004829	364.5	0.0	2	2	0.91	0.91	3.53	3.53	35	35	32	32
OG0004830	499.5	0.0	2	2	0.53	0.53	3.62	3.62	38	38	20	20
OG0004831	132.0	0.0	2	2	0.97	0.97	2.82	2.82	17	17	16.5	16.5
OG0004832	163.5	1.0	1	2	0.53	NA	2.81	NA	17	0	9	9
OG0004833	807.0	0.0	1	1	1.0	1.0	2.94	2.94	19	19	19	19
OG0004834	6210.0	0.0	1	1	1.0	1.0	2.71	2.71	15	15	15	15
OG0004835	126.0	0.0	1	1	1.0	1.0	2.83	2.83	17	17	17	17
OG0004836	105.0	0.0	1	1	1.0	1.0	2.89	2.89	18	18	18	18
OG0004837	240.0	0.0	1	1	1.0	1.0	3.26	3.26	26	26	26	26
OG0004838	528.0	0.0	1	1	1.0	1.0	3.61	3.61	37	37	37	37
OG0004839	297.0	0.0	1	1	1.0	1.0	3.81	3.81	45	45	45	45
OG0004840	93.0	0.0	1	1	1.0	1.0	3.04	3.04	21	21	21	21
OG0004841	96.0	0.0	1	1	1.0	1.0	3.43	3.43	31	31	31	31
OG0004842	198.0	0.0	1	1	1.0	1.0	3.0	3.0	20	20	20	20
OG0004843	225.0	0.0	1	1	1.0	1.0	3.18	3.18	24	24	24	24
OG0004844	2724.0	0.0	1	1	1.0	1.0	2.83	2.83	17	17	17	17
OG0004845	615.0	0.0	1	1	1.0	1.0	3.66	3.66	39	39	39	39
OG0004846	228.0	0.0	1	1	1.0	1.0	3.0	3.0	20	20	20	20
OG0004847	117.0	0.0	1	1	1.0	1.0	3.18	3.18	24	24	24	24
OG0004848	144.0	0.0	1	1	1.0	1.0	3.09	3.09	22	22	22	22
OG0004849	96.0	0.0	1	1	1.0	1.0	3.09	3.09	22	22	22	22
OG0004850	1209.0	0.0	1	1	1.0	1.0	3.0	3.0	20	20	20	20
OG0004851	126.0	0.0	1	1	1.0	1.0	2.77	2.77	16	16	16	16
OG0004852	1527.0	0.0	1	1	1.0	1.0	2.89	2.89	18	18	18	18
OG0004853	330.0	0.0	1	1	1.0	1.0	2.77	2.77	16	16	16	16
OG0004854	216.0	0.0	1	1	1.0	1.0	2.94	2.94	19	19	19	19
OG0004855	699.0	0.0	1	1	1.0	1.0	2.94	2.94	19	19	19	19
OG0004856	1227.0	0.0	1	1	1.0	1.0	3.0	3.0	20	20	20	20
OG0004857	735.0	0.0	1	1	1.0	1.0	2.94	2.94	19	19	19	19
OG0004858	1203.0	0.0	1	1	1.0	1.0	2.94	2.94	19	19	19	19
OG0004859	720.0	1.0	1	1	1.0	NA	3.0	NA	20	0	20	20
OG0004860	198.0	1.0	1	1	1.0	NA	2.89	NA	18	0	18	18
OG0004861	96.0	0.0	1	1	1.0	1.0	2.89	2.89	18	18	18	18
OG0004862	105.0	0.0	1	1	1.0	1.0	3.04	3.04	21	21	21	21
OG0004863	195.0	0.0	1	1	1.0	1.0	3.14	3.14	23	23	23	23
OG0004864	171.0	0.0	1	1	1.0	1.0	3.58	3.58	36	36	36	36
OG0004865	90.0	0.0	1	1	1.0	1.0	2.77	2.77	16	16	16	16
OG0004866	204.0	0.0	1	1	1.0	1.0	3.14	3.14	23	23	23	23
OG0004867	96.0	0.0	1	1	1.0	1.0	3.04	3.04	21	21	21	21
OG0004868	789.0	0.0	1	1	1.0	1.0	2.71	2.71	15	15	15	15
OG0004869	309.0	0.0	1	1	1.0	1.0	3.22	3.22	25	25	25	25
OG0004870	291.0	0.0	1	1	1.0	1.0	3.04	3.04	21	21	21	21
OG0004871	108.0	0.0	1	1	1.0	1.0	3.09	3.09	22	22	22	22
OG0004872	375.0	0.0	1	1	1.0	1.0	2.77	2.77	16	16	16	16
OG0004873	228.0	0.0	1	1	1.0	1.0	3.04	3.04	21	21	21	21
OG0004874	561.0	0.0	1	1	1.0	1.0	2.94	2.94	19	19	19	19
OG0004875	285.0	0.0	1	1	1.0	1.0	3.14	3.14	23	23	23	23
OG0004876	528.0	0.0	1	1	1.0	1.0	3.09	3.09	22	22	22	22
OG0004877	384.0	1.0	1	1	1.0	NA	2.83	NA	17	0	17	17
OG0004878	150.0	0.0	1	1	1.0	1.0	3.14	3.14	23	23	23	23
OG0004879	105.0	0.0	1	1	1.0	1.0	2.89	2.89	18	18	18	18
OG0004880	201.0	0.0	1	1	1.0	1.0	3.43	3.43	31	31	31	31
OG0004881	906.0	0.0	1	1	1.0	1.0	3.47	3.47	32	32	32	32
OG0004882	558.0	0.0	1	1	1.0	1.0	3.64	3.64	38	38	38	38
OG0004883	516.0	0.0	1	1	1.0	1.0	3.64	3.64	38	38	38	38
OG0004884	375.0	0.0	1	1	1.0	1.0	3.53	3.53	34	34	34	34
OG0004885	216.0	0.0	1	1	1.0	1.0	3.47	3.47	32	32	32	32
OG0004886	183.0	0.0	1	1	1.0	1.0	2.94	2.94	19	19	19	19
OG0004887	150.0	0.0	1	1	1.0	1.0	2.56	2.56	13	13	13	13
OG0004888	147.0	0.0	1	1	1.0	1.0	2.64	2.64	14	14	14	14
OG0004889	102.0	0.0	1	1	1.0	1.0	2.89	2.89	18	18	18	18
OG0004890	303.0	1.0	1	1	1.0	NA	2.83	NA	17	0	17	17
OG0004891	489.0	1.0	1	1	1.0	NA	2.4	NA	11	0	11	11
OG0004892	609.0	1.0	1	1	1.0	NA	2.48	NA	12	0	12	12
OG0004893	117.0	1.0	1	1	1.0	NA	1.61	NA	5	0	5	5
OG0004894	279.0	0.0	1	1	1.0	1.0	2.89	2.89	18	18	18	18
OG0004895	621.0	0.0	1	1	1.0	1.0	2.77	2.77	16	16	16	16
OG0004896	303.0	0.0	1	1	1.0	1.0	2.89	2.89	18	18	18	18
OG0004897	531.0	0.0	1	1	1.0	1.0	2.83	2.83	17	17	17	17
OG0004898	1242.0	0.0	1	1	1.0	1.0	2.94	2.94	19	19	19	19
OG0004899	204.0	0.0	1	1	1.0	1.0	2.71	2.71	15	15	15	15
OG0004900	108.0	0.0	1	1	1.0	1.0	2.83	2.83	17	17	17	17
OG0004901	174.0	0.0	1	1	1.0	1.0	2.94	2.94	19	19	19	19
OG0004902	471.0	0.0	1	1	1.0	1.0	3.0	3.0	20	20	20	20
OG0004903	267.0	0.0	1	1	1.0	1.0	3.58	3.58	36	36	36	36
OG0004904	213.0	0.0	1	1	1.0	1.0	3.61	3.61	37	37	37	37
OG0004905	678.0	0.0	1	1	1.0	1.0	3.58	3.58	36	36	36	36
OG0004906	432.0	0.0	1	1	1.0	1.0	2.77	2.77	16	16	16	16
OG0004907	252.0	0.0	1	1	1.0	1.0	2.94	2.94	19	19	19	19
OG0004908	162.0	0.0	1	1	1.0	1.0	2.94	2.94	19	19	19	19
OG0004909	135.0	0.0	1	1	1.0	1.0	2.83	2.83	17	17	17	17
OG0004910	159.0	0.0	1	1	1.0	1.0	3.26	3.26	26	26	26	26
OG0004911	138.0	0.0	1	1	1.0	1.0	3.09	3.09	22	22	22	22
OG0004912	408.0	0.0	1	1	1.0	1.0	3.04	3.04	21	21	21	21
OG0004913	99.0	0.0	1	1	1.0	1.0	3.3	3.3	27	27	27	27
OG0004914	189.0	0.0	1	1	1.0	1.0	3.09	3.09	22	22	22	22
OG0004915	189.0	0.0	1	1	1.0	1.0	2.4	2.4	11	11	11	11
OG0004916	93.0	0.0	1	1	1.0	1.0	2.56	2.56	13	13	13	13
OG0004917	453.0	0.0	1	1	1.0	1.0	3.0	3.0	20	20	20	20
OG0004918	807.0	0.0	1	1	1.0	1.0	3.0	3.0	20	20	20	20
OG0004919	450.0	0.0	1	1	1.0	1.0	2.94	2.94	19	19	19	19
OG0004920	135.0	0.0	1	1	1.0	1.0	2.71	2.71	15	15	15	15
OG0004921	201.0	0.0	1	1	1.0	1.0	2.83	2.83	17	17	17	17
OG0004922	396.0	0.0	1	1	1.0	1.0	3.0	3.0	20	20	20	20
OG0004923	630.0	0.0	1	1	1.0	1.0	3.04	3.04	21	21	21	21
OG0004924	129.0	0.0	1	1	1.0	1.0	3.0	3.0	20	20	20	20
OG0004925	762.0	0.0	1	1	1.0	1.0	3.04	3.04	21	21	21	21
OG0004926	291.0	0.0	1	1	1.0	1.0	3.0	3.0	20	20	20	20
OG0004927	774.0	0.0	1	1	1.0	1.0	3.09	3.09	22	22	22	22
OG0004928	537.0	0.0	1	1	1.0	1.0	2.64	2.64	14	14	14	14
OG0004929	114.0	0.0	1	1	1.0	1.0	2.77	2.77	16	16	16	16
OG0004930	297.0	0.0	1	1	1.0	1.0	2.64	2.64	14	14	14	14
OG0004931	114.0	0.0	1	1	1.0	1.0	3.47	3.47	32	32	32	32
OG0004932	120.0	0.0	1	1	1.0	1.0	2.94	2.94	19	19	19	19
OG0004933	153.0	0.0	1	1	1.0	1.0	2.94	2.94	19	19	19	19
OG0004934	126.0	0.0	1	1	1.0	1.0	3.0	3.0	20	20	20	20
OG0004935	201.0	0.0	1	1	1.0	1.0	3.04	3.04	21	21	21	21
OG0004936	561.0	0.0	1	1	1.0	1.0	2.83	2.83	17	17	17	17
OG0004937	2868.0	0.0	1	1	1.0	1.0	2.83	2.83	17	17	17	17
OG0004938	330.0	0.0	1	1	1.0	1.0	3.58	3.58	36	36	36	36
OG0004939	342.0	0.0	1	1	1.0	1.0	3.0	3.0	20	20	20	20
OG0004940	1407.0	0.0	1	1	1.0	1.0	2.94	2.94	19	19	19	19
OG0004941	252.0	0.0	1	1	1.0	1.0	2.83	2.83	17	17	17	17
OG0004942	174.0	0.0	1	1	1.0	1.0	2.71	2.71	15	15	15	15
OG0004943	225.0	1.0	1	1	1.0	NA	2.83	NA	17	0	17	17
OG0004944	342.0	0.0	1	1	1.0	1.0	3.04	3.04	21	21	21	21
OG0004945	471.0	0.0	1	1	1.0	1.0	3.04	3.04	21	21	21	21
OG0004946	273.0	0.0	1	1	1.0	1.0	3.0	3.0	20	20	20	20
OG0004947	1215.0	0.0	1	1	1.0	1.0	2.94	2.94	19	19	19	19
OG0004948	453.0	0.0	1	1	1.0	1.0	3.0	3.0	20	20	20	20
OG0004949	831.0	0.0	1	1	1.0	1.0	3.0	3.0	20	20	20	20
OG0004950	954.0	0.0	1	1	1.0	1.0	3.04	3.04	21	21	21	21
OG0004951	393.0	0.0	1	1	1.0	1.0	3.09	3.09	22	22	22	22
OG0004952	549.0	0.0	1	1	1.0	1.0	2.71	2.71	15	15	15	15
OG0004953	2901.0	0.0	1	1	1.0	1.0	2.83	2.83	17	17	17	17
OG0004954	105.0	0.0	1	1	1.0	1.0	2.83	2.83	17	17	17	17
OG0004955	141.0	0.0	1	1	1.0	1.0	2.77	2.77	16	16	16	16
OG0004956	189.0	0.0	1	1	1.0	1.0	2.77	2.77	16	16	16	16
OG0004957	171.0	0.0	1	1	1.0	1.0	2.89	2.89	18	18	18	18
OG0004958	129.0	0.0	1	1	1.0	1.0	2.94	2.94	19	19	19	19
OG0004959	477.0	0.0	1	1	1.0	1.0	2.77	2.77	16	16	16	16
OG0004960	192.0	0.0	1	1	1.0	1.0	2.64	2.64	14	14	14	14
OG0004961	189.0	0.0	1	1	1.0	1.0	2.94	2.94	19	19	19	19
OG0004962	330.0	0.0	1	1	1.0	1.0	2.94	2.94	19	19	19	19
OG0004963	249.0	0.0	1	1	1.0	1.0	2.89	2.89	18	18	18	18
OG0004964	162.0	0.0	1	1	1.0	1.0	3.18	3.18	24	24	24	24
OG0004965	282.0	0.0	1	1	1.0	1.0	3.18	3.18	24	24	24	24
OG0004966	198.0	0.0	1	1	1.0	1.0	3.18	3.18	24	24	24	24
OG0004967	174.0	0.0	1	1	1.0	1.0	3.64	3.64	38	38	38	38
OG0004968	192.0	0.0	1	1	1.0	1.0	3.71	3.71	41	41	41	41
OG0004969	423.0	0.0	1	1	1.0	1.0	3.22	3.22	25	25	25	25
OG0004970	258.0	0.0	1	1	1.0	1.0	3.22	3.22	25	25	25	25
OG0004971	132.0	0.0	1	1	1.0	1.0	2.94	2.94	19	19	19	19
OG0004972	93.0	0.0	1	1	1.0	1.0	2.89	2.89	18	18	18	18
OG0004973	1404.0	0.0	1	1	1.0	1.0	2.77	2.77	16	16	16	16
OG0004974	147.0	0.0	1	1	1.0	1.0	3.18	3.18	24	24	24	24
OG0004975	342.0	0.0	1	1	1.0	1.0	3.0	3.0	20	20	20	20
OG0004976	102.0	0.0	1	1	1.0	1.0	2.83	2.83	17	17	17	17
OG0004977	192.0	0.0	1	1	1.0	1.0	2.64	2.64	14	14	14	14
OG0004978	171.0	0.0	1	1	1.0	1.0	2.48	2.48	12	12	12	12
OG0004979	429.0	0.0	1	1	1.0	1.0	2.94	2.94	19	19	19	19
OG0004980	171.0	0.0	1	1	1.0	1.0	3.0	3.0	20	20	20	20
OG0004981	201.0	0.0	1	1	1.0	1.0	3.18	3.18	24	24	24	24
OG0004982	132.0	0.0	1	1	1.0	1.0	3.04	3.04	21	21	21	21
OG0004983	249.0	0.0	1	1	1.0	1.0	3.09	3.09	22	22	22	22
OG0004984	219.0	0.0	1	1	1.0	1.0	2.83	2.83	17	17	17	17
OG0004985	225.0	0.0	1	1	1.0	1.0	3.18	3.18	24	24	24	24
OG0004986	111.0	0.0	1	1	1.0	1.0	2.89	2.89	18	18	18	18
OG0004987	147.0	0.0	1	1	1.0	1.0	3.74	3.74	42	42	42	42
OG0004988	639.0	0.0	1	1	1.0	1.0	3.5	3.5	33	33	33	33
OG0004989	132.0	0.0	1	1	1.0	1.0	2.56	2.56	13	13	13	13
OG0004990	168.0	0.0	1	1	1.0	1.0	3.09	3.09	22	22	22	22
OG0004991	183.0	0.0	1	1	1.0	1.0	2.89	2.89	18	18	18	18
OG0004992	165.0	0.0	1	1	1.0	1.0	3.04	3.04	21	21	21	21
OG0004993	210.0	0.0	1	1	1.0	1.0	3.14	3.14	23	23	23	23
OG0004994	114.0	0.0	1	1	1.0	1.0	3.0	3.0	20	20	20	20
OG0004995	537.0	0.0	1	1	1.0	1.0	2.48	2.48	12	12	12	12
OG0004996	6288.0	0.0	1	1	1.0	1.0	2.83	2.83	17	17	17	17
OG0004997	354.0	0.0	1	1	1.0	1.0	3.04	3.04	21	21	21	21
OG0004998	2244.0	0.0	1	1	1.0	1.0	3.14	3.14	23	23	23	23
OG0004999	768.0	0.0	1	1	1.0	1.0	3.09	3.09	22	22	22	22
OG0005000	516.0	0.0	1	1	1.0	1.0	3.14	3.14	23	23	23	23
OG0005001	237.0	0.0	1	1	1.0	1.0	2.89	2.89	18	18	18	18
OG0005002	339.0	0.0	1	1	1.0	1.0	3.18	3.18	24	24	24	24
OG0005003	204.0	0.0	1	1	1.0	1.0	3.18	3.18	24	24	24	24
OG0005004	180.0	0.0	1	1	1.0	1.0	3.18	3.18	24	24	24	24
OG0005005	159.0	0.0	1	1	1.0	1.0	3.0	3.0	20	20	20	20
OG0005006	96.0	1.0	1	1	1.0	NA	2.2	NA	9	0	9	9
OG0005007	471.0	1.0	1	1	1.0	NA	2.3	NA	10	0	10	10
OG0005008	648.0	0.0	1	1	1.0	1.0	3.0	3.0	20	20	20	20
OG0005009	225.0	0.0	1	1	1.0	1.0	2.94	2.94	19	19	19	19
OG0005010	168.0	0.0	1	1	1.0	1.0	2.94	2.94	19	19	19	19
OG0005011	549.0	0.0	1	1	1.0	1.0	3.0	3.0	20	20	20	20
OG0005012	186.0	1.0	1	1	1.0	NA	2.71	NA	15	0	15	15
OG0005013	174.0	1.0	1	1	1.0	NA	2.56	NA	13	0	13	13
OG0005014	339.0	1.0	1	1	1.0	NA	1.95	NA	7	0	7	7
OG0005015	522.0	1.0	1	1	1.0	NA	1.79	NA	6	0	6	6
OG0005016	168.0	1.0	1	1	1.0	NA	1.79	NA	6	0	6	6
OG0005017	354.0	1.0	1	1	1.0	NA	1.79	NA	6	0	6	6
OG0005018	84.0	1.0	1	1	1.0	NA	1.1	NA	3	0	3	3
OG0005019	912.0	1.0	1	1	1.0	NA	NA	NA	1	0	1	1
OG0005020	360.0	1.0	1	1	1.0	NA	2.71	NA	15	0	15	15
OG0005021	585.0	0.0	1	1	1.0	1.0	3.09	3.09	22	22	22	22
OG0005022	585.0	0.0	1	1	1.0	1.0	2.94	2.94	19	19	19	19
OG0005023	2214.0	0.0	1	1	1.0	1.0	2.83	2.83	17	17	17	17
OG0005024	210.0	0.0	1	1	1.0	1.0	2.77	2.77	16	16	16	16
OG0005025	189.0	0.0	1	1	1.0	1.0	2.71	2.71	15	15	15	15
OG0005026	141.0	0.0	1	1	1.0	1.0	2.94	2.94	19	19	19	19
OG0005027	93.0	0.0	1	1	1.0	1.0	3.18	3.18	24	24	24	24
OG0005028	111.0	0.0	1	1	1.0	1.0	3.04	3.04	21	21	21	21
OG0005029	63.0	1.0	1	1	1.0	NA	2.3	NA	10	0	10	10
OG0005030	465.0	0.0	1	1	1.0	1.0	3.0	3.0	20	20	20	20
OG0005031	183.0	0.0	1	1	1.0	1.0	2.71	2.71	15	15	15	15
OG0005032	1722.0	0.0	1	1	1.0	1.0	2.77	2.77	16	16	16	16
OG0005033	204.0	0.0	1	1	1.0	1.0	2.56	2.56	13	13	13	13
OG0005034	246.0	0.0	1	1	1.0	1.0	2.3	2.3	10	10	10	10
OG0005035	444.0	0.0	1	1	1.0	1.0	3.0	3.0	20	20	20	20
OG0005036	147.0	1.0	1	1	1.0	NA	2.64	NA	14	0	14	14
OG0005037	525.0	1.0	1	1	1.0	NA	2.64	NA	14	0	14	14
OG0005038	231.0	1.0	1	1	1.0	NA	2.64	NA	14	0	14	14
OG0005039	537.0	1.0	1	1	1.0	NA	2.77	NA	16	0	16	16
OG0005040	1182.0	1.0	1	1	1.0	NA	2.83	NA	17	0	17	17
OG0005041	264.0	1.0	1	1	1.0	NA	2.83	NA	17	0	17	17
OG0005042	315.0	1.0	1	1	1.0	NA	2.89	NA	18	0	18	18
OG0005043	339.0	1.0	1	1	1.0	NA	2.94	NA	19	0	19	19
OG0005044	366.0	1.0	1	1	1.0	NA	2.94	NA	19	0	19	19
OG0005045	2370.0	1.0	1	1	1.0	NA	3.14	NA	23	0	23	23
OG0005046	906.0	1.0	1	1	1.0	NA	3.3	NA	27	0	27	27
OG0005047	276.0	1.0	1	1	1.0	NA	3.33	NA	28	0	28	28
OG0005048	513.0	1.0	1	1	1.0	NA	3.33	NA	28	0	28	28
OG0005049	2991.0	0.0	1	1	1.0	1.0	3.53	3.53	34	34	34	34
OG0005050	897.0	0.0	1	1	1.0	1.0	3.5	3.5	33	33	33	33
OG0005051	1128.0	0.0	1	1	1.0	1.0	3.58	3.58	36	36	36	36
OG0005052	294.0	0.0	1	1	1.0	1.0	3.56	3.56	35	35	35	35
OG0005053	993.0	0.0	1	1	1.0	1.0	3.56	3.56	35	35	35	35
OG0005054	354.0	0.0	1	1	1.0	1.0	3.53	3.53	34	34	34	34
OG0005055	192.0	0.0	1	1	1.0	1.0	3.56	3.56	35	35	35	35
OG0005056	270.0	0.0	1	1	1.0	1.0	3.56	3.56	35	35	35	35
OG0005057	348.0	0.0	1	1	1.0	1.0	3.61	3.61	37	37	37	37
OG0005058	195.0	1.0	1	1	1.0	NA	3.64	NA	38	0	38	38
OG0005059	192.0	1.0	1	1	1.0	NA	3.64	NA	38	0	38	38
OG0005060	177.0	1.0	1	1	1.0	NA	3.66	NA	39	0	39	39
OG0005061	255.0	1.0	1	1	1.0	NA	3.64	NA	38	0	38	38
OG0005062	120.0	1.0	1	1	1.0	NA	3.58	NA	36	0	36	36
OG0005063	888.0	1.0	1	1	1.0	NA	3.58	NA	36	0	36	36
OG0005064	315.0	1.0	1	1	1.0	NA	3.58	NA	36	0	36	36
OG0005065	510.0	1.0	1	1	1.0	NA	3.58	NA	36	0	36	36
OG0005066	216.0	1.0	1	1	1.0	NA	3.58	NA	36	0	36	36
OG0005067	360.0	1.0	1	1	1.0	NA	3.58	NA	36	0	36	36
OG0005068	297.0	1.0	1	1	1.0	NA	3.56	NA	35	0	35	35
OG0005069	267.0	1.0	1	1	1.0	NA	3.56	NA	35	0	35	35
OG0005070	288.0	1.0	1	1	1.0	NA	3.53	NA	34	0	34	34
OG0005071	387.0	1.0	1	1	1.0	NA	3.53	NA	34	0	34	34
OG0005072	267.0	1.0	1	1	1.0	NA	3.53	NA	34	0	34	34
OG0005073	195.0	1.0	1	1	1.0	NA	3.53	NA	34	0	34	34
OG0005074	897.0	1.0	1	1	1.0	NA	3.5	NA	33	0	33	33
OG0005075	222.0	1.0	1	1	1.0	NA	3.43	NA	31	0	31	31
OG0005076	693.0	1.0	1	1	1.0	NA	3.4	NA	30	0	30	30
OG0005077	189.0	1.0	1	1	1.0	NA	3.3	NA	27	0	27	27
OG0005078	129.0	1.0	1	1	1.0	NA	3.3	NA	27	0	27	27
OG0005079	132.0	1.0	1	1	1.0	NA	3.3	NA	27	0	27	27
OG0005080	483.0	1.0	1	1	1.0	NA	3.26	NA	26	0	26	26
OG0005081	168.0	1.0	1	1	1.0	NA	3.22	NA	25	0	25	25
OG0005082	105.0	1.0	1	1	1.0	NA	2.71	NA	15	0	15	15
OG0005083	960.0	1.0	1	1	1.0	NA	3.26	NA	26	0	26	26
OG0005084	186.0	0.0	1	1	1.0	1.0	3.43	3.43	31	31	31	31
OG0005085	276.0	0.0	1	1	1.0	1.0	3.3	3.3	27	27	27	27
OG0005086	669.0	0.0	1	1	1.0	1.0	3.26	3.26	26	26	26	26
OG0005087	597.0	0.0	1	1	1.0	1.0	3.18	3.18	24	24	24	24
OG0005088	498.0	0.0	1	1	1.0	1.0	3.14	3.14	23	23	23	23
OG0005089	795.0	0.0	1	1	1.0	1.0	3.14	3.14	23	23	23	23
OG0005090	318.0	0.0	1	1	1.0	1.0	3.09	3.09	22	22	22	22
OG0005091	207.0	0.0	1	1	1.0	1.0	3.09	3.09	22	22	22	22
OG0005092	369.0	0.0	1	1	1.0	1.0	3.14	3.14	23	23	23	23
OG0005093	306.0	0.0	1	1	1.0	1.0	3.14	3.14	23	23	23	23
OG0005094	138.0	0.0	1	1	1.0	1.0	3.18	3.18	24	24	24	24
OG0005095	108.0	0.0	1	1	1.0	1.0	3.0	3.0	20	20	20	20
OG0005096	819.0	1.0	1	1	1.0	NA	3.0	NA	20	0	20	20
OG0005097	222.0	0.0	1	1	1.0	1.0	3.09	3.09	22	22	22	22
OG0005098	846.0	0.0	1	1	1.0	1.0	3.09	3.09	22	22	22	22
OG0005099	996.0	0.0	1	1	1.0	1.0	3.09	3.09	22	22	22	22
OG0005100	2919.0	1.0	1	1	1.0	NA	3.26	NA	26	0	26	26
OG0005101	552.0	0.0	1	1	1.0	1.0	3.37	3.37	29	29	29	29
OG0005102	597.0	1.0	1	1	1.0	NA	3.26	NA	26	0	26	26
OG0005103	264.0	1.0	1	1	1.0	NA	2.3	NA	10	0	10	10
OG0005104	195.0	0.0	1	1	1.0	1.0	2.89	2.89	18	18	18	18
OG0005105	507.0	0.0	1	1	1.0	1.0	2.94	2.94	19	19	19	19
OG0005106	129.0	1.0	1	1	1.0	NA	2.94	NA	19	0	19	19
OG0005107	93.0	0.0	1	1	1.0	1.0	2.77	2.77	16	16	16	16
OG0005108	216.0	0.0	1	1	1.0	1.0	3.43	3.43	31	31	31	31
OG0005109	216.0	0.0	1	1	1.0	1.0	3.66	3.66	39	39	39	39
OG0005110	210.0	0.0	1	1	1.0	1.0	3.64	3.64	38	38	38	38
OG0005111	252.0	0.0	1	1	1.0	1.0	2.83	2.83	17	17	17	17
OG0005112	186.0	0.0	1	1	1.0	1.0	2.83	2.83	17	17	17	17
OG0005113	153.0	0.0	1	1	1.0	1.0	2.77	2.77	16	16	16	16
OG0005114	159.0	0.0	1	1	1.0	1.0	3.0	3.0	20	20	20	20
OG0005115	147.0	0.0	1	1	1.0	1.0	3.71	3.71	41	41	41	41
OG0005116	216.0	0.0	1	1	1.0	1.0	3.76	3.76	43	43	43	43
OG0005117	210.0	0.0	1	1	1.0	1.0	3.83	3.83	46	46	46	46
OG0005118	273.0	0.0	1	1	1.0	1.0	2.94	2.94	19	19	19	19
OG0005119	417.0	0.0	1	1	1.0	1.0	2.83	2.83	17	17	17	17
OG0005120	201.0	1.0	1	1	1.0	NA	0.69	NA	2	0	2	2
OG0005121	402.0	1.0	1	1	1.0	NA	NA	NA	1	0	1	1
OG0005122	372.0	1.0	1	1	1.0	NA	2.2	NA	9	0	9	9
OG0005123	303.0	0.0	1	1	1.0	1.0	2.94	2.94	19	19	19	19
OG0005124	159.0	0.0	1	1	1.0	1.0	2.83	2.83	17	17	17	17
OG0005125	177.0	0.0	1	1	1.0	1.0	3.09	3.09	22	22	22	22
OG0005126	75.0	1.0	1	1	1.0	NA	NA	NA	1	0	1	1
OG0005127	252.0	1.0	1	1	1.0	NA	NA	NA	1	0	1	1
OG0005128	252.0	1.0	1	1	1.0	NA	NA	NA	1	0	1	1
OG0005129	252.0	1.0	1	1	1.0	NA	NA	NA	1	0	1	1
OG0005130	252.0	1.0	1	1	1.0	NA	NA	NA	1	0	1	1
OG0005131	255.0	1.0	1	1	1.0	NA	NA	NA	1	0	1	1
OG0005132	252.0	1.0	1	1	1.0	NA	NA	NA	1	0	1	1
OG0005133	252.0	1.0	1	1	1.0	NA	NA	NA	1	0	1	1
OG0005134	252.0	1.0	1	1	1.0	NA	NA	NA	1	0	1	1
OG0005135	252.0	1.0	1	1	1.0	NA	NA	NA	1	0	1	1
OG0005136	252.0	1.0	1	1	1.0	NA	NA	NA	1	0	1	1
OG0005137	243.0	1.0	1	1	1.0	NA	NA	NA	1	0	1	1
OG0005138	234.0	1.0	1	1	1.0	NA	NA	NA	1	0	1	1
OG0005139	1092.0	1.0	1	1	1.0	NA	2.77	NA	16	0	16	16
OG0005140	636.0	1.0	1	1	1.0	NA	2.3	NA	10	0	10	10
OG0005141	402.0	1.0	1	1	1.0	NA	2.77	NA	16	0	16	16
OG0005142	180.0	1.0	1	1	1.0	NA	2.71	NA	15	0	15	15
OG0005143	768.0	1.0	1	1	1.0	NA	2.77	NA	16	0	16	16
OG0005144	270.0	1.0	1	1	1.0	NA	2.77	NA	16	0	16	16
OG0005145	207.0	1.0	1	1	1.0	NA	2.83	NA	17	0	17	17
OG0005146	168.0	1.0	1	1	1.0	NA	2.83	NA	17	0	17	17
OG0005147	807.0	1.0	1	1	1.0	NA	2.89	NA	18	0	18	18
OG0005148	342.0	1.0	1	1	1.0	NA	2.94	NA	19	0	19	19
OG0005149	795.0	1.0	1	1	1.0	NA	3.09	NA	22	0	22	22
OG0005150	624.0	1.0	1	1	1.0	NA	3.22	NA	25	0	25	25
OG0005151	510.0	1.0	1	1	1.0	NA	3.3	NA	27	0	27	27
OG0005152	288.0	1.0	1	1	1.0	NA	3.33	NA	28	0	28	28
OG0005153	1152.0	0.0	1	1	1.0	1.0	3.26	3.26	26	26	26	26
OG0005154	726.0	0.0	1	1	1.0	1.0	3.26	3.26	26	26	26	26
OG0005155	315.0	0.0	1	1	1.0	1.0	3.26	3.26	26	26	26	26
OG0005156	627.0	0.0	1	1	1.0	1.0	3.26	3.26	26	26	26	26
OG0005157	354.0	0.0	1	1	1.0	1.0	3.22	3.22	25	25	25	25
OG0005158	594.0	0.0	1	1	1.0	1.0	3.18	3.18	24	24	24	24
OG0005159	537.0	0.0	1	1	1.0	1.0	3.18	3.18	24	24	24	24
OG0005160	384.0	0.0	1	1	1.0	1.0	3.09	3.09	22	22	22	22
OG0005161	591.0	0.0	1	1	1.0	1.0	3.14	3.14	23	23	23	23
OG0005162	420.0	0.0	1	1	1.0	1.0	3.09	3.09	22	22	22	22
OG0005163	309.0	0.0	1	1	1.0	1.0	3.09	3.09	22	22	22	22
OG0005164	336.0	0.0	1	1	1.0	1.0	3.09	3.09	22	22	22	22
OG0005165	882.0	0.0	1	1	1.0	1.0	3.04	3.04	21	21	21	21
OG0005166	294.0	0.0	1	1	1.0	1.0	2.94	2.94	19	19	19	19
OG0005167	132.0	0.0	1	1	1.0	1.0	2.71	2.71	15	15	15	15
OG0005168	1911.0	1.0	1	1	1.0	NA	2.77	NA	16	0	16	16
OG0005169	705.0	1.0	1	1	1.0	NA	2.71	NA	15	0	15	15
OG0005170	306.0	1.0	1	1	1.0	NA	2.56	NA	13	0	13	13
OG0005171	3321.0	1.0	1	1	1.0	NA	2.56	NA	13	0	13	13
OG0005172	1215.0	1.0	1	1	1.0	NA	2.08	NA	8	0	8	8
OG0005173	159.0	1.0	1	1	1.0	NA	2.08	NA	8	0	8	8
OG0005174	120.0	0.0	1	1	1.0	1.0	3.22	3.22	25	25	25	25
OG0005175	207.0	0.0	1	1	1.0	1.0	2.94	2.94	19	19	19	19
OG0005176	153.0	0.0	1	1	1.0	1.0	2.77	2.77	16	16	16	16
OG0005177	78.0	1.0	1	1	1.0	NA	NA	NA	1	0	1	1
OG0005178	396.0	0.0	1	1	1.0	1.0	3.09	3.09	22	22	22	22
OG0005179	222.0	1.0	1	1	1.0	NA	NA	NA	1	0	1	1
OG0005180	210.0	0.0	1	1	1.0	1.0	3.71	3.71	41	41	41	41
OG0005181	141.0	0.0	1	1	1.0	1.0	2.94	2.94	19	19	19	19
OG0005182	204.0	1.0	1	1	1.0	NA	NA	NA	1	0	1	1
OG0005183	7620.0	1.0	1	1	1.0	NA	2.2	NA	9	0	9	9
OG0005184	219.0	1.0	1	1	1.0	NA	1.39	NA	4	0	4	4
OG0005185	219.0	1.0	1	1	1.0	NA	1.61	NA	5	0	5	5
OG0005186	273.0	1.0	1	1	1.0	NA	2.64	NA	14	0	14	14
OG0005187	651.0	1.0	1	1	1.0	NA	2.71	NA	15	0	15	15
OG0005188	138.0	1.0	1	1	1.0	NA	2.4	NA	11	0	11	11
OG0005189	138.0	1.0	1	1	1.0	NA	2.94	NA	19	0	19	19
OG0005190	168.0	0.0	1	1	1.0	1.0	2.94	2.94	19	19	19	19
OG0005191	144.0	1.0	1	1	1.0	NA	NA	NA	1	0	1	1
OG0005192	168.0	0.0	1	1	1.0	1.0	3.04	3.04	21	21	21	21
OG0005193	162.0	0.0	1	1	1.0	1.0	2.89	2.89	18	18	18	18
OG0005194	153.0	0.0	1	1	1.0	1.0	3.0	3.0	20	20	20	20
OG0005195	204.0	0.0	1	1	1.0	1.0	2.94	2.94	19	19	19	19
OG0005196	216.0	0.0	1	1	1.0	1.0	2.94	2.94	19	19	19	19
OG0005197	471.0	0.0	1	1	1.0	1.0	2.64	2.64	14	14	14	14
OG0005198	96.0	0.0	1	1	1.0	1.0	3.0	3.0	20	20	20	20
OG0005199	108.0	0.0	1	1	1.0	1.0	3.09	3.09	22	22	22	22
OG0005200	90.0	0.0	1	1	1.0	1.0	3.09	3.09	22	22	22	22
OG0005201	252.0	0.0	1	1	1.0	1.0	2.77	2.77	16	16	16	16
OG0005202	339.0	0.0	1	1	1.0	1.0	2.77	2.77	16	16	16	16
OG0005203	390.0	0.0	1	1	1.0	1.0	3.18	3.18	24	24	24	24
OG0005204	417.0	0.0	1	1	1.0	1.0	3.37	3.37	29	29	29	29
OG0005205	105.0	0.0	1	1	1.0	1.0	3.09	3.09	22	22	22	22
OG0005206	150.0	0.0	1	1	1.0	1.0	3.14	3.14	23	23	23	23
OG0005207	228.0	1.0	1	1	1.0	NA	3.0	NA	20	0	20	20
OG0005208	210.0	0.0	1	1	1.0	1.0	2.94	2.94	19	19	19	19
OG0005209	687.0	1.0	1	1	1.0	NA	2.3	NA	10	0	10	10
OG0005210	327.0	1.0	1	1	1.0	NA	2.83	NA	17	0	17	17
OG0005211	333.0	1.0	1	1	1.0	NA	2.77	NA	16	0	16	16
OG0005212	522.0	0.0	1	1	1.0	1.0	2.71	2.71	15	15	15	15
OG0005213	1314.0	0.0	1	1	1.0	1.0	2.77	2.77	16	16	16	16
OG0005214	909.0	0.0	1	1	1.0	1.0	2.77	2.77	16	16	16	16
OG0005215	135.0	0.0	1	1	1.0	1.0	1.95	1.95	7	7	7	7
OG0005216	525.0	0.0	1	1	1.0	1.0	2.4	2.4	11	11	11	11
OG0005217	198.0	0.0	1	1	1.0	1.0	2.48	2.48	12	12	12	12
OG0005218	222.0	0.0	1	1	1.0	1.0	3.14	3.14	23	23	23	23
OG0005219	315.0	0.0	1	1	1.0	1.0	2.89	2.89	18	18	18	18
OG0005220	288.0	0.0	1	1	1.0	1.0	3.09	3.09	22	22	22	22
OG0005221	144.0	0.0	1	1	1.0	1.0	3.09	3.09	22	22	22	22
OG0005222	231.0	0.0	1	1	1.0	1.0	3.14	3.14	23	23	23	23
OG0005223	114.0	0.0	1	1	1.0	1.0	2.94	2.94	19	19	19	19
OG0005224	120.0	0.0	1	1	1.0	1.0	2.94	2.94	19	19	19	19
OG0005225	171.0	0.0	1	1	1.0	1.0	3.74	3.74	42	42	42	42
OG0005226	159.0	0.0	1	1	1.0	1.0	3.74	3.74	42	42	42	42
OG0005227	282.0	0.0	1	1	1.0	1.0	3.74	3.74	42	42	42	42
OG0005228	612.0	0.0	1	1	1.0	1.0	3.04	3.04	21	21	21	21
OG0005229	396.0	0.0	1	1	1.0	1.0	2.94	2.94	19	19	19	19
OG0005230	93.0	0.0	1	1	1.0	1.0	3.37	3.37	29	29	29	29
OG0005231	606.0	0.0	1	1	1.0	1.0	3.3	3.3	27	27	27	27
OG0005232	294.0	0.0	1	1	1.0	1.0	3.3	3.3	27	27	27	27
OG0005233	189.0	0.0	1	1	1.0	1.0	2.64	2.64	14	14	14	14
OG0005234	2439.0	0.0	1	1	1.0	1.0	2.71	2.71	15	15	15	15
OG0005235	249.0	0.0	1	1	1.0	1.0	2.56	2.56	13	13	13	13
OG0005236	144.0	0.0	1	1	1.0	1.0	3.04	3.04	21	21	21	21
OG0005237	258.0	0.0	1	1	1.0	1.0	3.0	3.0	20	20	20	20
OG0005238	183.0	0.0	1	1	1.0	1.0	3.14	3.14	23	23	23	23
OG0005239	210.0	0.0	1	1	1.0	1.0	2.56	2.56	13	13	13	13
OG0005240	141.0	0.0	1	1	1.0	1.0	2.89	2.89	18	18	18	18
OG0005241	444.0	0.0	1	1	1.0	1.0	3.26	3.26	26	26	26	26
OG0005242	231.0	0.0	1	1	1.0	1.0	3.43	3.43	31	31	31	31
OG0005243	267.0	0.0	1	1	1.0	1.0	3.56	3.56	35	35	35	35
OG0005244	156.0	0.0	1	1	1.0	1.0	3.61	3.61	37	37	37	37
OG0005245	102.0	0.0	1	1	1.0	1.0	3.64	3.64	38	38	38	38
OG0005246	192.0	0.0	1	1	1.0	1.0	3.61	3.61	37	37	37	37
OG0005247	441.0	0.0	1	1	1.0	1.0	3.0	3.0	20	20	20	20
OG0005248	1461.0	0.0	1	1	1.0	1.0	3.09	3.09	22	22	22	22
OG0005249	399.0	0.0	1	1	1.0	1.0	2.94	2.94	19	19	19	19
OG0005250	156.0	0.0	1	1	1.0	1.0	3.0	3.0	20	20	20	20
OG0005251	207.0	0.0	1	1	1.0	1.0	3.18	3.18	24	24	24	24
OG0005252	228.0	0.0	1	1	1.0	1.0	2.94	2.94	19	19	19	19
OG0005253	525.0	0.0	1	1	1.0	1.0	2.71	2.71	15	15	15	15
OG0005254	303.0	0.0	1	1	1.0	1.0	3.04	3.04	21	21	21	21
OG0005255	342.0	0.0	1	1	1.0	1.0	3.09	3.09	22	22	22	22
OG0005256	210.0	0.0	1	1	1.0	1.0	3.14	3.14	23	23	23	23
OG0005257	138.0	0.0	1	1	1.0	1.0	3.14	3.14	23	23	23	23
OG0005258	213.0	0.0	1	1	1.0	1.0	3.69	3.69	40	40	40	40
OG0005259	192.0	0.0	1	1	1.0	1.0	3.71	3.71	41	41	41	41
OG0005260	141.0	0.0	1	1	1.0	1.0	3.04	3.04	21	21	21	21
OG0005261	198.0	0.0	1	1	1.0	1.0	2.77	2.77	16	16	16	16
OG0005262	261.0	0.0	1	1	1.0	1.0	3.0	3.0	20	20	20	20
OG0005263	570.0	0.0	1	1	1.0	1.0	2.77	2.77	16	16	16	16
OG0005264	315.0	0.0	1	1	1.0	1.0	3.14	3.14	23	23	23	23
OG0005265	210.0	0.0	1	1	1.0	1.0	3.14	3.14	23	23	23	23
OG0005266	975.0	0.0	1	1	1.0	1.0	3.14	3.14	23	23	23	23
OG0005267	240.0	0.0	1	1	1.0	1.0	3.04	3.04	21	21	21	21
OG0005268	519.0	0.0	1	1	1.0	1.0	3.09	3.09	22	22	22	22
OG0005269	93.0	1.0	1	1	1.0	NA	2.4	NA	11	0	11	11
OG0005270	264.0	0.0	1	1	1.0	1.0	2.71	2.71	15	15	15	15
OG0005271	1101.0	0.0	1	1	1.0	1.0	2.64	2.64	14	14	14	14
OG0005272	153.0	0.0	1	1	1.0	1.0	3.09	3.09	22	22	22	22
OG0005273	93.0	0.0	1	1	1.0	1.0	3.0	3.0	20	20	20	20
OG0005274	9831.0	0.0	1	1	1.0	1.0	2.64	2.64	14	14	14	14
OG0005275	195.0	0.0	1	1	1.0	1.0	2.77	2.77	16	16	16	16
OG0005276	678.0	0.0	1	1	1.0	1.0	3.18	3.18	24	24	24	24
OG0005277	315.0	0.0	1	1	1.0	1.0	2.77	2.77	16	16	16	16
OG0005278	159.0	0.0	1	1	1.0	1.0	2.89	2.89	18	18	18	18
OG0005279	228.0	0.0	1	1	1.0	1.0	2.94	2.94	19	19	19	19
OG0005280	240.0	0.0	1	1	1.0	1.0	3.22	3.22	25	25	25	25
OG0005281	90.0	0.0	1	1	1.0	1.0	3.22	3.22	25	25	25	25
OG0005282	153.0	0.0	1	1	1.0	1.0	3.56	3.56	35	35	35	35
OG0005283	330.0	0.0	1	1	1.0	1.0	2.77	2.77	16	16	16	16
OG0005284	354.0	0.0	1	1	1.0	1.0	2.64	2.64	14	14	14	14
OG0005285	222.0	0.0	1	1	1.0	1.0	2.94	2.94	19	19	19	19
OG0005286	117.0	0.0	1	1	1.0	1.0	3.09	3.09	22	22	22	22
OG0005287	315.0	0.0	1	1	1.0	1.0	2.83	2.83	17	17	17	17
OG0005288	93.0	0.0	1	1	1.0	1.0	2.77	2.77	16	16	16	16
OG0005289	213.0	0.0	1	1	1.0	1.0	2.83	2.83	17	17	17	17
OG0005290	363.0	0.0	1	1	1.0	1.0	3.14	3.14	23	23	23	23
OG0005291	201.0	0.0	1	1	1.0	1.0	3.71	3.71	41	41	41	41
OG0005292	261.0	0.0	1	1	1.0	1.0	3.76	3.76	43	43	43	43
OG0005293	96.0	0.0	1	1	1.0	1.0	3.74	3.74	42	42	42	42
OG0005294	174.0	0.0	1	1	1.0	1.0	3.18	3.18	24	24	24	24
OG0005295	300.0	0.0	1	1	1.0	1.0	2.94	2.94	19	19	19	19
OG0005296	246.0	0.0	1	1	1.0	1.0	3.0	3.0	20	20	20	20
OG0005297	321.0	0.0	1	1	1.0	1.0	2.94	2.94	19	19	19	19
OG0005298	261.0	0.0	1	1	1.0	1.0	3.04	3.04	21	21	21	21
OG0005299	474.0	0.0	1	1	1.0	1.0	2.71	2.71	15	15	15	15
OG0005300	201.0	0.0	1	1	1.0	1.0	2.94	2.94	19	19	19	19
OG0005301	180.0	0.0	1	1	1.0	1.0	2.89	2.89	18	18	18	18
OG0005302	555.0	0.0	1	1	1.0	1.0	2.94	2.94	19	19	19	19
OG0005303	396.0	0.0	1	1	1.0	1.0	2.94	2.94	19	19	19	19
OG0005304	144.0	0.0	1	1	1.0	1.0	2.64	2.64	14	14	14	14
OG0005305	117.0	0.0	1	1	1.0	1.0	3.0	3.0	20	20	20	20
OG0005306	159.0	0.0	1	1	1.0	1.0	3.18	3.18	24	24	24	24
OG0005307	93.0	0.0	1	1	1.0	1.0	3.14	3.14	23	23	23	23
OG0005308	327.0	0.0	1	1	1.0	1.0	3.09	3.09	22	22	22	22
OG0005309	273.0	0.0	1	1	1.0	1.0	2.94	2.94	19	19	19	19
OG0005310	93.0	0.0	1	1	1.0	1.0	3.04	3.04	21	21	21	21
OG0005311	780.0	0.0	1	1	1.0	1.0	3.0	3.0	20	20	20	20
OG0005312	216.0	0.0	1	1	1.0	1.0	3.04	3.04	21	21	21	21
OG0005313	348.0	0.0	1	1	1.0	1.0	3.18	3.18	24	24	24	24
OG0005314	138.0	0.0	1	1	1.0	1.0	3.09	3.09	22	22	22	22
OG0005315	174.0	0.0	1	1	1.0	1.0	3.18	3.18	24	24	24	24
OG0005316	222.0	0.0	1	1	1.0	1.0	3.18	3.18	24	24	24	24
OG0005317	381.0	0.0	1	1	1.0	1.0	2.89	2.89	18	18	18	18
OG0005318	237.0	0.0	1	1	1.0	1.0	3.66	3.66	39	39	39	39
OG0005319	120.0	0.0	1	1	1.0	1.0	3.18	3.18	24	24	24	24
OG0005320	213.0	0.0	1	1	1.0	1.0	3.74	3.74	42	42	42	42
OG0005321	330.0	0.0	1	1	1.0	1.0	3.18	3.18	24	24	24	24
OG0005322	129.0	0.0	1	1	1.0	1.0	3.09	3.09	22	22	22	22
OG0005323	111.0	0.0	1	1	1.0	1.0	2.94	2.94	19	19	19	19
OG0005324	294.0	0.0	1	1	1.0	1.0	3.04	3.04	21	21	21	21
OG0005325	231.0	0.0	1	1	1.0	1.0	3.04	3.04	21	21	21	21
OG0005326	243.0	0.0	1	1	1.0	1.0	3.04	3.04	21	21	21	21
OG0005327	108.0	0.0	1	1	1.0	1.0	3.14	3.14	23	23	23	23
OG0005328	168.0	0.0	1	1	1.0	1.0	2.56	2.56	13	13	13	13
OG0005329	288.0	0.0	1	1	1.0	1.0	2.89	2.89	18	18	18	18
OG0005330	396.0	0.0	1	1	1.0	1.0	3.09	3.09	22	22	22	22
OG0005331	240.0	0.0	1	1	1.0	1.0	2.94	2.94	19	19	19	19
OG0005332	483.0	0.0	1	1	1.0	1.0	2.71	2.71	15	15	15	15
OG0005333	402.0	0.0	1	1	1.0	1.0	2.64	2.64	14	14	14	14
OG0005334	141.0	0.0	1	1	1.0	1.0	2.94	2.94	19	19	19	19
OG0005335	105.0	0.0	1	1	1.0	1.0	2.83	2.83	17	17	17	17
OG0005336	180.0	0.0	1	1	1.0	1.0	2.83	2.83	17	17	17	17
OG0005337	489.0	0.0	1	1	1.0	1.0	2.48	2.48	12	12	12	12
OG0005338	357.0	0.0	1	1	1.0	1.0	2.48	2.48	12	12	12	12
OG0005339	147.0	0.0	1	1	1.0	1.0	2.94	2.94	19	19	19	19
OG0005340	138.0	0.0	1	1	1.0	1.0	2.77	2.77	16	16	16	16
OG0005341	117.0	0.0	1	1	1.0	1.0	2.89	2.89	18	18	18	18
OG0005342	126.0	0.0	1	1	1.0	1.0	2.94	2.94	19	19	19	19
OG0005343	2442.0	0.0	1	1	1.0	1.0	3.14	3.14	23	23	23	23
OG0005344	171.0	0.0	1	1	1.0	1.0	2.64	2.64	14	14	14	14
OG0005345	108.0	0.0	1	1	1.0	1.0	3.04	3.04	21	21	21	21
OG0005346	147.0	0.0	1	1	1.0	1.0	2.77	2.77	16	16	16	16
OG0005347	1143.0	0.0	1	1	1.0	1.0	2.71	2.71	15	15	15	15
OG0005348	228.0	1.0	1	1	1.0	NA	2.83	NA	17	0	17	17
OG0005349	321.0	1.0	1	1	1.0	NA	0.69	NA	2	0	2	2
OG0005350	117.0	1.0	1	1	1.0	NA	1.1	NA	3	0	3	3
OG0005351	159.0	1.0	1	1	1.0	NA	0.69	NA	2	0	2	2
OG0005352	195.0	1.0	1	1	1.0	NA	0.69	NA	2	0	2	2
OG0005353	180.0	1.0	1	1	1.0	NA	0.69	NA	2	0	2	2
OG0005354	279.0	1.0	1	1	1.0	NA	2.71	NA	15	0	15	15
OG0005355	189.0	1.0	1	1	1.0	NA	2.83	NA	17	0	17	17
OG0005356	264.0	1.0	1	1	1.0	NA	2.2	NA	9	0	9	9
OG0005357	60.0	1.0	1	1	1.0	NA	1.1	NA	3	0	3	3
OG0005358	132.0	1.0	1	1	1.0	NA	0.69	NA	2	0	2	2
OG0005359	240.0	1.0	1	1	1.0	NA	0.69	NA	2	0	2	2
OG0005360	246.0	1.0	1	1	1.0	NA	0.69	NA	2	0	2	2
OG0005361	120.0	1.0	1	1	1.0	NA	0.69	NA	2	0	2	2
OG0005362	216.0	1.0	1	1	1.0	NA	1.39	NA	4	0	4	4
OG0005363	150.0	1.0	1	1	1.0	NA	1.39	NA	4	0	4	4
OG0005364	78.0	1.0	1	1	1.0	NA	0.69	NA	2	0	2	2
OG0005365	228.0	1.0	1	1	1.0	NA	0.69	NA	2	0	2	2
OG0005366	207.0	0.0	1	1	1.0	1.0	2.94	2.94	19	19	19	19
OG0005367	87.0	1.0	1	1	1.0	NA	0.69	NA	2	0	2	2
OG0005368	81.0	1.0	1	1	1.0	NA	1.1	NA	3	0	3	3
OG0005369	711.0	1.0	1	1	1.0	NA	NA	NA	1	0	1	1
OG0005370	114.0	0.0	1	1	1.0	1.0	3.0	3.0	20	20	20	20
OG0005371	129.0	0.0	1	1	1.0	1.0	3.18	3.18	24	24	24	24
OG0005372	96.0	1.0	1	1	1.0	NA	0.69	NA	2	0	2	2
OG0005373	156.0	1.0	1	1	1.0	NA	0.69	NA	2	0	2	2
OG0005374	822.0	1.0	1	1	1.0	NA	NA	NA	1	0	1	1
OG0005375	591.0	1.0	1	1	1.0	NA	NA	NA	1	0	1	1
OG0005376	405.0	1.0	1	1	1.0	NA	0.69	NA	2	0	2	2
OG0005377	144.0	1.0	1	1	1.0	NA	1.1	NA	3	0	3	3
OG0005378	297.0	1.0	1	1	1.0	NA	2.64	NA	14	0	14	14
OG0005379	459.0	1.0	1	1	1.0	NA	2.77	NA	16	0	16	16
OG0005380	597.0	1.0	1	1	1.0	NA	2.94	NA	19	0	19	19
OG0005381	531.0	1.0	1	1	1.0	NA	2.94	NA	19	0	19	19
OG0005382	159.0	1.0	1	1	1.0	NA	2.71	NA	15	0	15	15
OG0005383	420.0	1.0	1	1	1.0	NA	0.69	NA	2	0	2	2
OG0005384	189.0	1.0	1	1	1.0	NA	0.69	NA	2	0	2	2
OG0005385	642.0	1.0	1	1	1.0	NA	NA	NA	1	0	1	1
OG0005386	597.0	1.0	1	1	1.0	NA	NA	NA	1	0	1	1
OG0005387	318.0	1.0	1	1	1.0	NA	0.69	NA	2	0	2	2
OG0005388	333.0	1.0	1	1	1.0	NA	0.69	NA	2	0	2	2
OG0005389	99.0	1.0	1	1	1.0	NA	1.1	NA	3	0	3	3
OG0005390	234.0	1.0	1	1	1.0	NA	0.69	NA	2	0	2	2
OG0005391	288.0	1.0	1	1	1.0	NA	0.69	NA	2	0	2	2
OG0005392	78.0	1.0	1	1	1.0	NA	0.69	NA	2	0	2	2
OG0005393	279.0	1.0	1	1	1.0	NA	0.69	NA	2	0	2	2
OG0005394	339.0	1.0	1	1	1.0	NA	0.69	NA	2	0	2	2
OG0005395	453.0	1.0	1	1	1.0	NA	2.64	NA	14	0	14	14
OG0005396	696.0	1.0	1	1	1.0	NA	2.77	NA	16	0	16	16
OG0005397	723.0	1.0	1	1	1.0	NA	2.77	NA	16	0	16	16
OG0005398	165.0	1.0	1	1	1.0	NA	NA	NA	1	0	1	1
OG0005399	198.0	1.0	1	1	1.0	NA	0.69	NA	2	0	2	2
OG0005400	168.0	1.0	1	1	1.0	NA	0.69	NA	2	0	2	2
OG0005401	453.0	1.0	1	1	1.0	NA	0.69	NA	2	0	2	2
OG0005402	387.0	1.0	1	1	1.0	NA	0.69	NA	2	0	2	2
OG0005403	324.0	1.0	1	1	1.0	NA	0.69	NA	2	0	2	2
OG0005404	393.0	1.0	1	1	1.0	NA	0.69	NA	2	0	2	2
OG0005405	174.0	1.0	1	1	1.0	NA	0.69	NA	2	0	2	2
OG0005406	120.0	1.0	1	1	1.0	NA	0.69	NA	2	0	2	2
OG0005407	126.0	1.0	1	1	1.0	NA	0.69	NA	2	0	2	2
OG0005408	192.0	1.0	1	1	1.0	NA	0.69	NA	2	0	2	2
OG0005409	297.0	1.0	1	1	1.0	NA	0.69	NA	2	0	2	2
OG0005410	69.0	1.0	1	1	1.0	NA	0.69	NA	2	0	2	2
OG0005411	744.0	1.0	1	1	1.0	NA	NA	NA	1	0	1	1
OG0005412	168.0	1.0	1	1	1.0	NA	0.69	NA	2	0	2	2
OG0005413	183.0	1.0	1	1	1.0	NA	0.69	NA	2	0	2	2
OG0005414	324.0	1.0	1	1	1.0	NA	1.39	NA	4	0	4	4
OG0005415	609.0	1.0	1	1	1.0	NA	NA	NA	1	0	1	1
OG0005416	120.0	1.0	1	1	1.0	NA	1.1	NA	3	0	3	3
OG0005417	75.0	1.0	1	1	1.0	NA	0.69	NA	2	0	2	2
OG0005418	93.0	1.0	1	1	1.0	NA	0.69	NA	2	0	2	2
OG0005419	225.0	1.0	1	1	1.0	NA	0.69	NA	2	0	2	2
OG0005420	183.0	1.0	1	1	1.0	NA	1.39	NA	4	0	4	4
OG0005421	213.0	1.0	1	1	1.0	NA	1.39	NA	4	0	4	4
OG0005422	297.0	1.0	1	1	1.0	NA	NA	NA	1	0	1	1
OG0005423	285.0	1.0	1	1	1.0	NA	NA	NA	1	0	1	1
OG0005424	186.0	1.0	1	1	1.0	NA	2.2	NA	9	0	9	9
OG0005425	498.0	1.0	1	1	1.0	NA	2.08	NA	8	0	8	8
OG0005426	156.0	1.0	1	1	1.0	NA	0.69	NA	2	0	2	2
OG0005427	168.0	1.0	1	1	1.0	NA	1.1	NA	3	0	3	3
OG0005428	159.0	1.0	1	1	1.0	NA	0.69	NA	2	0	2	2
OG0005429	288.0	1.0	1	1	1.0	NA	0.69	NA	2	0	2	2
OG0005430	264.0	1.0	1	1	1.0	NA	0.69	NA	2	0	2	2
OG0005431	105.0	1.0	1	1	1.0	NA	0.69	NA	2	0	2	2
OG0005432	243.0	1.0	1	1	1.0	NA	2.4	NA	11	0	11	11
OG0005433	1305.0	0.0	1	1	1.0	1.0	3.0	3.0	20	20	20	20
OG0005434	93.0	1.0	1	1	1.0	NA	0.69	NA	2	0	2	2
OG0005435	420.0	1.0	1	1	1.0	NA	1.1	NA	3	0	3	3
OG0005436	795.0	1.0	1	1	1.0	NA	NA	NA	1	0	1	1
OG0005437	222.0	0.0	1	1	1.0	1.0	3.14	3.14	23	23	23	23
OG0005438	462.0	1.0	1	1	1.0	NA	2.08	NA	8	0	8	8
OG0005439	285.0	1.0	1	1	1.0	NA	1.1	NA	3	0	3	3
OG0005440	207.0	1.0	1	1	1.0	NA	0.69	NA	2	0	2	2
OG0005441	225.0	1.0	1	1	1.0	NA	1.1	NA	3	0	3	3
OG0005442	240.0	1.0	1	1	1.0	NA	0.69	NA	2	0	2	2
OG0005443	420.0	1.0	1	1	1.0	NA	0.69	NA	2	0	2	2
OG0005444	60.0	1.0	1	1	1.0	NA	0.69	NA	2	0	2	2
OG0005445	156.0	1.0	1	1	1.0	NA	2.48	NA	12	0	12	12
OG0005446	666.0	1.0	1	1	1.0	NA	2.48	NA	12	0	12	12
OG0005447	498.0	0.0	1	1	1.0	1.0	3.09	3.09	22	22	22	22
OG0005448	174.0	0.0	1	1	1.0	1.0	2.89	2.89	18	18	18	18
OG0005449	195.0	0.0	1	1	1.0	1.0	2.77	2.77	16	16	16	16
OG0005450	261.0	0.0	1	1	1.0	1.0	2.89	2.89	18	18	18	18
OG0005451	228.0	0.0	1	1	1.0	1.0	3.22	3.22	25	25	25	25
OG0005452	171.0	0.0	1	1	1.0	1.0	2.48	2.48	12	12	12	12
OG0005453	312.0	0.0	1	1	1.0	1.0	3.09	3.09	22	22	22	22
OG0005454	171.0	0.0	1	1	1.0	1.0	3.09	3.09	22	22	22	22
OG0005455	105.0	0.0	1	1	1.0	1.0	3.04	3.04	21	21	21	21
OG0005456	144.0	0.0	1	1	1.0	1.0	3.14	3.14	23	23	23	23
OG0005457	108.0	0.0	1	1	1.0	1.0	3.09	3.09	22	22	22	22
OG0005458	141.0	0.0	1	1	1.0	1.0	3.33	3.33	28	28	28	28
OG0005459	189.0	0.0	1	1	1.0	1.0	3.14	3.14	23	23	23	23
OG0005460	168.0	0.0	1	1	1.0	1.0	3.47	3.47	32	32	32	32
OG0005461	339.0	0.0	1	1	1.0	1.0	2.83	2.83	17	17	17	17
OG0005462	156.0	0.0	1	1	1.0	1.0	2.83	2.83	17	17	17	17
OG0005463	132.0	0.0	1	1	1.0	1.0	3.18	3.18	24	24	24	24
OG0005464	156.0	0.0	1	1	1.0	1.0	3.09	3.09	22	22	22	22
OG0005465	156.0	0.0	1	1	1.0	1.0	3.22	3.22	25	25	25	25
OG0005466	132.0	0.0	1	1	1.0	1.0	3.04	3.04	21	21	21	21
OG0005467	213.0	0.0	1	1	1.0	1.0	3.0	3.0	20	20	20	20
OG0005468	123.0	0.0	1	1	1.0	1.0	2.94	2.94	19	19	19	19
OG0005469	105.0	0.0	1	1	1.0	1.0	3.04	3.04	21	21	21	21
OG0005470	252.0	0.0	1	1	1.0	1.0	2.83	2.83	17	17	17	17
OG0005471	177.0	0.0	1	1	1.0	1.0	3.69	3.69	40	40	40	40
OG0005472	243.0	0.0	1	1	1.0	1.0	3.47	3.47	32	32	32	32
OG0005473	168.0	0.0	1	1	1.0	1.0	2.83	2.83	17	17	17	17
OG0005474	789.0	0.0	1	1	1.0	1.0	2.83	2.83	17	17	17	17
OG0005475	270.0	0.0	1	1	1.0	1.0	3.58	3.58	36	36	36	36
OG0005476	138.0	0.0	1	1	1.0	1.0	3.56	3.56	35	35	35	35
OG0005477	255.0	0.0	1	1	1.0	1.0	3.56	3.56	35	35	35	35
OG0005478	342.0	0.0	1	1	1.0	1.0	3.56	3.56	35	35	35	35
OG0005479	867.0	0.0	1	1	1.0	1.0	3.14	3.14	23	23	23	23
OG0005480	90.0	0.0	1	1	1.0	1.0	3.26	3.26	26	26	26	26
OG0005481	159.0	0.0	1	1	1.0	1.0	2.94	2.94	19	19	19	19
OG0005482	249.0	0.0	1	1	1.0	1.0	2.89	2.89	18	18	18	18
OG0005483	714.0	0.0	1	1	1.0	1.0	2.83	2.83	17	17	17	17
OG0005484	876.0	0.0	1	1	1.0	1.0	3.0	3.0	20	20	20	20
OG0005485	1791.0	0.0	1	1	1.0	1.0	3.0	3.0	20	20	20	20
OG0005486	162.0	0.0	1	1	1.0	1.0	2.83	2.83	17	17	17	17
OG0005487	411.0	0.0	1	1	1.0	1.0	2.71	2.71	15	15	15	15
OG0005488	2097.0	0.0	1	1	1.0	1.0	2.71	2.71	15	15	15	15
OG0005489	1380.0	0.0	1	1	1.0	1.0	2.71	2.71	15	15	15	15
OG0005490	945.0	0.0	1	1	1.0	1.0	2.64	2.64	14	14	14	14
OG0005491	384.0	0.0	1	1	1.0	1.0	2.64	2.64	14	14	14	14
OG0005492	531.0	0.0	1	1	1.0	1.0	2.71	2.71	15	15	15	15
OG0005493	312.0	0.0	1	1	1.0	1.0	2.64	2.64	14	14	14	14
OG0005494	795.0	0.0	1	1	1.0	1.0	2.71	2.71	15	15	15	15
OG0005495	1266.0	0.0	1	1	1.0	1.0	2.71	2.71	15	15	15	15
OG0005497	342.0	1.0	1	1	1.0	NA	NA	NA	1	0	1	1
OG0005498	378.0	1.0	1	1	1.0	NA	NA	NA	1	0	1	1
OG0005499	378.0	1.0	1	1	1.0	NA	NA	NA	1	0	1	1
OG0005500	387.0	1.0	1	1	1.0	NA	NA	NA	1	0	1	1
OG0005501	159.0	1.0	1	1	1.0	NA	0.69	NA	2	0	2	2
OG0005502	216.0	1.0	1	1	1.0	NA	0.69	NA	2	0	2	2
OG0005503	606.0	1.0	1	1	1.0	NA	NA	NA	1	0	1	1
OG0005504	237.0	1.0	1	1	1.0	NA	0.69	NA	2	0	2	2
OG0005505	483.0	1.0	1	1	1.0	NA	0.69	NA	2	0	2	2
OG0005506	267.0	1.0	1	1	1.0	NA	NA	NA	1	0	1	1
OG0005507	648.0	1.0	1	1	1.0	NA	NA	NA	1	0	1	1
OG0005508	447.0	1.0	1	1	1.0	NA	NA	NA	1	0	1	1
OG0005509	432.0	1.0	1	1	1.0	NA	NA	NA	1	0	1	1
OG0005510	672.0	1.0	1	1	1.0	NA	0.69	NA	2	0	2	2
OG0005511	135.0	1.0	1	1	1.0	NA	0.69	NA	2	0	2	2
OG0005512	420.0	1.0	1	1	1.0	NA	NA	NA	1	0	1	1
OG0005513	114.0	1.0	1	1	1.0	NA	2.64	NA	14	0	14	14
OG0005514	195.0	0.0	1	1	1.0	1.0	2.94	2.94	19	19	19	19
OG0005515	87.0	1.0	1	1	1.0	NA	0.69	NA	2	0	2	2
OG0005516	381.0	1.0	1	1	1.0	NA	0.69	NA	2	0	2	2
OG0005517	342.0	0.0	1	1	1.0	1.0	2.77	2.77	16	16	16	16
OG0005518	114.0	0.0	1	1	1.0	1.0	2.71	2.71	15	15	15	15
OG0005519	93.0	0.0	1	1	1.0	1.0	2.77	2.77	16	16	16	16
OG0005520	162.0	0.0	1	1	1.0	1.0	2.77	2.77	16	16	16	16
OG0005521	276.0	0.0	1	1	1.0	1.0	2.83	2.83	17	17	17	17
OG0005522	156.0	0.0	1	1	1.0	1.0	2.83	2.83	17	17	17	17
OG0005523	117.0	0.0	1	1	1.0	1.0	3.04	3.04	21	21	21	21
OG0005524	393.0	1.0	1	1	1.0	NA	NA	NA	1	0	1	1
OG0005525	381.0	1.0	1	1	1.0	NA	NA	NA	1	0	1	1
OG0005526	96.0	1.0	1	1	1.0	NA	NA	NA	1	0	1	1
OG0005527	195.0	1.0	1	1	1.0	NA	2.77	NA	16	0	16	16
OG0005528	696.0	0.0	1	1	1.0	1.0	3.0	3.0	20	20	20	20
OG0005529	105.0	0.0	1	1	1.0	1.0	3.14	3.14	23	23	23	23
OG0005530	450.0	0.0	1	1	1.0	1.0	2.83	2.83	17	17	17	17
OG0005531	126.0	0.0	1	1	1.0	1.0	3.04	3.04	21	21	21	21
OG0005532	150.0	0.0	1	1	1.0	1.0	3.0	3.0	20	20	20	20
OG0005533	417.0	1.0	1	1	1.0	NA	NA	NA	1	0	1	1
OG0005534	144.0	0.0	1	1	1.0	1.0	2.83	2.83	17	17	17	17
OG0005535	237.0	0.0	1	1	1.0	1.0	3.0	3.0	20	20	20	20
OG0005536	105.0	0.0	1	1	1.0	1.0	2.77	2.77	16	16	16	16
OG0005537	114.0	0.0	1	1	1.0	1.0	2.83	2.83	17	17	17	17
OG0005538	402.0	1.0	1	1	1.0	NA	NA	NA	1	0	1	1
OG0005539	63.0	1.0	1	1	1.0	NA	NA	NA	1	0	1	1
OG0005540	141.0	1.0	1	1	1.0	NA	NA	NA	1	0	1	1
OG0005541	474.0	1.0	1	1	1.0	NA	NA	NA	1	0	1	1
OG0005542	471.0	1.0	1	1	1.0	NA	NA	NA	1	0	1	1
OG0005543	228.0	1.0	1	1	1.0	NA	0.69	NA	2	0	2	2
OG0005544	234.0	1.0	1	1	1.0	NA	0.69	NA	2	0	2	2
OG0005545	459.0	1.0	1	1	1.0	NA	NA	NA	1	0	1	1
OG0005546	447.0	1.0	1	1	1.0	NA	NA	NA	1	0	1	1
OG0005547	456.0	1.0	1	1	1.0	NA	NA	NA	1	0	1	1
OG0005548	360.0	1.0	1	1	1.0	NA	NA	NA	1	0	1	1
OG0005549	453.0	1.0	1	1	1.0	NA	NA	NA	1	0	1	1
OG0005550	444.0	1.0	1	1	1.0	NA	NA	NA	1	0	1	1
OG0005551	450.0	1.0	1	1	1.0	NA	NA	NA	1	0	1	1
OG0005552	180.0	1.0	1	1	1.0	NA	0.69	NA	2	0	2	2
OG0005553	234.0	1.0	1	1	1.0	NA	0.69	NA	2	0	2	2
OG0005554	432.0	1.0	1	1	1.0	NA	NA	NA	1	0	1	1
OG0005555	228.0	1.0	1	1	1.0	NA	NA	NA	1	0	1	1
OG0005556	228.0	1.0	1	1	1.0	NA	0.69	NA	2	0	2	2
OG0005557	411.0	1.0	1	1	1.0	NA	NA	NA	1	0	1	1
OG0005558	417.0	1.0	1	1	1.0	NA	NA	NA	1	0	1	1
OG0005559	150.0	1.0	1	1	1.0	NA	NA	NA	1	0	1	1
OG0005560	396.0	1.0	1	1	1.0	NA	NA	NA	1	0	1	1
OG0005561	297.0	1.0	1	1	1.0	NA	0.69	NA	2	0	2	2
OG0005562	558.0	1.0	1	1	1.0	NA	0.69	NA	2	0	2	2
OG0005563	450.0	1.0	1	1	1.0	NA	NA	NA	1	0	1	1
OG0005564	99.0	1.0	1	1	1.0	NA	NA	NA	1	0	1	1
OG0005565	408.0	1.0	1	1	1.0	NA	NA	NA	1	0	1	1
OG0005566	264.0	1.0	1	1	1.0	NA	NA	NA	1	0	1	1
OG0005567	456.0	1.0	1	1	1.0	NA	NA	NA	1	0	1	1
OG0005568	186.0	1.0	1	1	1.0	NA	NA	NA	1	0	1	1
OG0005569	960.0	1.0	1	1	1.0	NA	2.77	NA	16	0	16	16
OG0005570	423.0	1.0	1	1	1.0	NA	2.71	NA	15	0	15	15
OG0005571	1323.0	1.0	1	1	1.0	NA	2.64	NA	14	0	14	14
OG0005572	129.0	0.0	1	1	1.0	1.0	2.89	2.89	18	18	18	18
OG0005573	225.0	0.0	1	1	1.0	1.0	2.83	2.83	17	17	17	17
OG0005574	291.0	0.0	1	1	1.0	1.0	3.0	3.0	20	20	20	20
OG0005575	126.0	0.0	1	1	1.0	1.0	2.89	2.89	18	18	18	18
OG0005576	168.0	0.0	1	1	1.0	1.0	2.94	2.94	19	19	19	19
OG0005577	90.0	0.0	1	1	1.0	1.0	2.83	2.83	17	17	17	17
OG0005578	135.0	0.0	1	1	1.0	1.0	3.0	3.0	20	20	20	20
OG0005579	345.0	0.0	1	1	1.0	1.0	2.83	2.83	17	17	17	17
OG0005580	240.0	0.0	1	1	1.0	1.0	3.09	3.09	22	22	22	22
OG0005581	390.0	0.0	1	1	1.0	1.0	3.04	3.04	21	21	21	21
OG0005582	183.0	0.0	1	1	1.0	1.0	2.94	2.94	19	19	19	19
OG0005583	246.0	0.0	1	1	1.0	1.0	3.64	3.64	38	38	38	38
OG0005584	459.0	0.0	1	1	1.0	1.0	3.3	3.3	27	27	27	27
OG0005585	123.0	0.0	1	1	1.0	1.0	3.22	3.22	25	25	25	25
OG0005586	357.0	0.0	1	1	1.0	1.0	2.89	2.89	18	18	18	18
OG0005587	192.0	0.0	1	1	1.0	1.0	2.89	2.89	18	18	18	18
OG0005588	210.0	0.0	1	1	1.0	1.0	2.77	2.77	16	16	16	16
OG0005589	387.0	0.0	1	1	1.0	1.0	3.0	3.0	20	20	20	20
OG0005590	1212.0	0.0	1	1	1.0	1.0	3.18	3.18	24	24	24	24
OG0005591	303.0	0.0	1	1	1.0	1.0	3.09	3.09	22	22	22	22
OG0005592	1680.0	0.0	1	1	1.0	1.0	2.71	2.71	15	15	15	15
OG0005593	387.0	0.0	1	1	1.0	1.0	3.04	3.04	21	21	21	21
OG0005594	1032.0	0.0	1	1	1.0	1.0	3.09	3.09	22	22	22	22
OG0005595	720.0	0.0	1	1	1.0	1.0	2.83	2.83	17	17	17	17
OG0005596	177.0	0.0	1	1	1.0	1.0	3.14	3.14	23	23	23	23
OG0005597	114.0	0.0	1	1	1.0	1.0	3.0	3.0	20	20	20	20
OG0005598	93.0	0.0	1	1	1.0	1.0	2.71	2.71	15	15	15	15
OG0005599	735.0	0.0	1	1	1.0	1.0	1.95	1.95	7	7	7	7
OG0005600	159.0	0.0	1	1	1.0	1.0	3.04	3.04	21	21	21	21
OG0005601	273.0	0.0	1	1	1.0	1.0	3.04	3.04	21	21	21	21
OG0005602	126.0	0.0	1	1	1.0	1.0	2.77	2.77	16	16	16	16
OG0005603	108.0	0.0	1	1	1.0	1.0	2.56	2.56	13	13	13	13
OG0005604	117.0	0.0	1	1	1.0	1.0	2.64	2.64	14	14	14	14
OG0005605	120.0	0.0	1	1	1.0	1.0	2.64	2.64	14	14	14	14
OG0005606	267.0	0.0	1	1	1.0	1.0	2.89	2.89	18	18	18	18
OG0005607	918.0	0.0	1	1	1.0	1.0	2.77	2.77	16	16	16	16
OG0005608	99.0	0.0	1	1	1.0	1.0	2.83	2.83	17	17	17	17
OG0005609	324.0	0.0	1	1	1.0	1.0	3.04	3.04	21	21	21	21
OG0005610	1389.0	0.0	1	1	1.0	1.0	3.09	3.09	22	22	22	22
OG0005611	555.0	0.0	1	1	1.0	1.0	3.09	3.09	22	22	22	22
OG0005612	582.0	0.0	1	1	1.0	1.0	3.18	3.18	24	24	24	24
OG0005613	405.0	0.0	1	1	1.0	1.0	3.14	3.14	23	23	23	23
OG0005614	108.0	0.0	1	1	1.0	1.0	3.09	3.09	22	22	22	22
OG0005615	180.0	0.0	1	1	1.0	1.0	2.71	2.71	15	15	15	15
OG0005616	603.0	0.0	1	1	1.0	1.0	1.95	1.95	7	7	7	7
OG0005617	246.0	0.0	1	1	1.0	1.0	2.71	2.71	15	15	15	15
OG0005618	312.0	0.0	1	1	1.0	1.0	3.14	3.14	23	23	23	23
OG0005619	342.0	0.0	1	1	1.0	1.0	3.09	3.09	22	22	22	22
OG0005620	303.0	0.0	1	1	1.0	1.0	3.18	3.18	24	24	24	24
OG0005621	339.0	0.0	1	1	1.0	1.0	3.14	3.14	23	23	23	23
OG0005622	315.0	0.0	1	1	1.0	1.0	3.18	3.18	24	24	24	24
OG0005623	273.0	0.0	1	1	1.0	1.0	3.18	3.18	24	24	24	24
OG0005624	570.0	0.0	1	1	1.0	1.0	3.18	3.18	24	24	24	24
OG0005625	1101.0	0.0	1	1	1.0	1.0	3.3	3.3	27	27	27	27
OG0005626	327.0	0.0	1	1	1.0	1.0	3.33	3.33	28	28	28	28
OG0005627	228.0	0.0	1	1	1.0	1.0	3.37	3.37	29	29	29	29
OG0005628	555.0	0.0	1	1	1.0	1.0	3.4	3.4	30	30	30	30
OG0005629	330.0	0.0	1	1	1.0	1.0	3.43	3.43	31	31	31	31
OG0005630	147.0	0.0	1	1	1.0	1.0	3.43	3.43	31	31	31	31
OG0005631	423.0	0.0	1	1	1.0	1.0	3.5	3.5	33	33	33	33
OG0005632	408.0	0.0	1	1	1.0	1.0	3.53	3.53	34	34	34	34
OG0005633	282.0	0.0	1	1	1.0	1.0	3.53	3.53	34	34	34	34
OG0005634	396.0	0.0	1	1	1.0	1.0	3.56	3.56	35	35	35	35
OG0005635	129.0	0.0	1	1	1.0	1.0	3.66	3.66	39	39	39	39
OG0005636	228.0	0.0	1	1	1.0	1.0	3.74	3.74	42	42	42	42
OG0005637	438.0	0.0	1	1	1.0	1.0	3.66	3.66	39	39	39	39
OG0005638	189.0	0.0	1	1	1.0	1.0	3.69	3.69	40	40	40	40
OG0005639	489.0	0.0	1	1	1.0	1.0	3.69	3.69	40	40	40	40
OG0005640	525.0	0.0	1	1	1.0	1.0	3.66	3.66	39	39	39	39
OG0005641	1353.0	0.0	1	1	1.0	1.0	3.56	3.56	35	35	35	35
OG0005642	381.0	0.0	1	1	1.0	1.0	3.61	3.61	37	37	37	37
OG0005643	216.0	0.0	1	1	1.0	1.0	3.56	3.56	35	35	35	35
OG0005644	300.0	0.0	1	1	1.0	1.0	3.53	3.53	34	34	34	34
OG0005645	312.0	0.0	1	1	1.0	1.0	3.5	3.5	33	33	33	33
OG0005646	216.0	0.0	1	1	1.0	1.0	3.53	3.53	34	34	34	34
OG0005647	210.0	0.0	1	1	1.0	1.0	3.56	3.56	35	35	35	35
OG0005648	198.0	0.0	1	1	1.0	1.0	3.56	3.56	35	35	35	35
OG0005649	162.0	0.0	1	1	1.0	1.0	3.56	3.56	35	35	35	35
OG0005650	228.0	0.0	1	1	1.0	1.0	3.56	3.56	35	35	35	35
OG0005651	168.0	0.0	1	1	1.0	1.0	3.56	3.56	35	35	35	35
OG0005652	348.0	0.0	1	1	1.0	1.0	3.56	3.56	35	35	35	35
OG0005653	513.0	0.0	1	1	1.0	1.0	3.43	3.43	31	31	31	31
OG0005654	312.0	0.0	1	1	1.0	1.0	3.5	3.5	33	33	33	33
OG0005655	783.0	0.0	1	1	1.0	1.0	3.5	3.5	33	33	33	33
OG0005656	342.0	0.0	1	1	1.0	1.0	3.5	3.5	33	33	33	33
OG0005657	237.0	0.0	1	1	1.0	1.0	3.37	3.37	29	29	29	29
OG0005658	426.0	0.0	1	1	1.0	1.0	3.3	3.3	27	27	27	27
OG0005659	114.0	0.0	1	1	1.0	1.0	3.22	3.22	25	25	25	25
OG0005660	291.0	0.0	1	1	1.0	1.0	3.09	3.09	22	22	22	22
OG0005661	153.0	0.0	1	1	1.0	1.0	2.83	2.83	17	17	17	17
OG0005662	243.0	0.0	1	1	1.0	1.0	2.56	2.56	13	13	13	13
OG0005663	360.0	0.0	1	1	1.0	1.0	2.94	2.94	19	19	19	19
OG0005664	138.0	0.0	1	1	1.0	1.0	2.94	2.94	19	19	19	19
OG0005665	267.0	0.0	1	1	1.0	1.0	2.94	2.94	19	19	19	19
OG0005666	96.0	0.0	1	1	1.0	1.0	3.04	3.04	21	21	21	21
OG0005667	171.0	0.0	1	1	1.0	1.0	2.56	2.56	13	13	13	13
OG0005668	216.0	0.0	1	1	1.0	1.0	2.56	2.56	13	13	13	13
OG0005669	141.0	0.0	1	1	1.0	1.0	3.0	3.0	20	20	20	20
OG0005670	387.0	0.0	1	1	1.0	1.0	2.48	2.48	12	12	12	12
OG0005671	354.0	1.0	1	1	1.0	NA	0.69	NA	2	0	2	2
OG0005672	99.0	0.0	1	1	1.0	1.0	2.64	2.64	14	14	14	14
OG0005673	177.0	0.0	1	1	1.0	1.0	3.0	3.0	20	20	20	20
OG0005674	612.0	0.0	1	1	1.0	1.0	3.0	3.0	20	20	20	20
OG0005675	1896.0	0.0	1	1	1.0	1.0	3.09	3.09	22	22	22	22
OG0005676	339.0	0.0	1	1	1.0	1.0	3.04	3.04	21	21	21	21
OG0005677	195.0	0.0	1	1	1.0	1.0	3.09	3.09	22	22	22	22
OG0005678	120.0	0.0	1	1	1.0	1.0	2.83	2.83	17	17	17	17
OG0005679	585.0	0.0	1	1	1.0	1.0	2.83	2.83	17	17	17	17
OG0005680	96.0	0.0	1	1	1.0	1.0	3.09	3.09	22	22	22	22
OG0005681	213.0	0.0	1	1	1.0	1.0	2.83	2.83	17	17	17	17
OG0005682	153.0	0.0	1	1	1.0	1.0	3.0	3.0	20	20	20	20
OG0005683	99.0	0.0	1	1	1.0	1.0	3.04	3.04	21	21	21	21
OG0005684	1188.0	0.0	1	1	1.0	1.0	3.4	3.4	30	30	30	30
OG0005685	141.0	0.0	1	1	1.0	1.0	3.18	3.18	24	24	24	24
OG0005686	255.0	0.0	1	1	1.0	1.0	3.18	3.18	24	24	24	24
OG0005687	309.0	0.0	1	1	1.0	1.0	3.26	3.26	26	26	26	26
OG0005688	159.0	0.0	1	1	1.0	1.0	3.04	3.04	21	21	21	21
OG0005689	267.0	0.0	1	1	1.0	1.0	2.89	2.89	18	18	18	18
OG0005690	132.0	0.0	1	1	1.0	1.0	2.89	2.89	18	18	18	18
OG0005691	105.0	0.0	1	1	1.0	1.0	2.83	2.83	17	17	17	17
OG0005692	105.0	0.0	1	1	1.0	1.0	2.89	2.89	18	18	18	18
OG0005693	267.0	0.0	1	1	1.0	1.0	2.89	2.89	18	18	18	18
OG0005694	1311.0	0.0	1	1	1.0	1.0	3.04	3.04	21	21	21	21
OG0005695	417.0	0.0	1	1	1.0	1.0	3.0	3.0	20	20	20	20
OG0005696	237.0	0.0	1	1	1.0	1.0	2.71	2.71	15	15	15	15
OG0005697	669.0	0.0	1	1	1.0	1.0	3.22	3.22	25	25	25	25
OG0005698	495.0	0.0	1	1	1.0	1.0	3.18	3.18	24	24	24	24
OG0005699	165.0	0.0	1	1	1.0	1.0	2.83	2.83	17	17	17	17
OG0005700	252.0	0.0	1	1	1.0	1.0	3.22	3.22	25	25	25	25
OG0005701	414.0	0.0	1	1	1.0	1.0	3.22	3.22	25	25	25	25
OG0005702	261.0	0.0	1	1	1.0	1.0	3.22	3.22	25	25	25	25
OG0005703	756.0	0.0	1	1	1.0	1.0	3.26	3.26	26	26	26	26
OG0005704	702.0	0.0	1	1	1.0	1.0	3.26	3.26	26	26	26	26
OG0005705	96.0	0.0	1	1	1.0	1.0	3.26	3.26	26	26	26	26
OG0005706	207.0	0.0	1	1	1.0	1.0	3.3	3.3	27	27	27	27
OG0005707	132.0	0.0	1	1	1.0	1.0	3.26	3.26	26	26	26	26
OG0005708	267.0	0.0	1	1	1.0	1.0	3.26	3.26	26	26	26	26
OG0005709	243.0	0.0	1	1	1.0	1.0	3.26	3.26	26	26	26	26
OG0005710	411.0	0.0	1	1	1.0	1.0	3.3	3.3	27	27	27	27
OG0005711	186.0	0.0	1	1	1.0	1.0	3.0	3.0	20	20	20	20
OG0005712	426.0	0.0	1	1	1.0	1.0	3.22	3.22	25	25	25	25
OG0005713	300.0	0.0	1	1	1.0	1.0	3.22	3.22	25	25	25	25
OG0005714	162.0	0.0	1	1	1.0	1.0	3.18	3.18	24	24	24	24
OG0005715	168.0	0.0	1	1	1.0	1.0	3.18	3.18	24	24	24	24
OG0005716	795.0	0.0	1	1	1.0	1.0	3.26	3.26	26	26	26	26
OG0005717	954.0	0.0	1	1	1.0	1.0	2.94	2.94	19	19	19	19
OG0005718	135.0	0.0	1	1	1.0	1.0	2.56	2.56	13	13	13	13
OG0005719	4683.0	0.0	1	1	1.0	1.0	2.71	2.71	15	15	15	15
OG0005720	93.0	0.0	1	1	1.0	1.0	3.14	3.14	23	23	23	23
OG0005721	96.0	0.0	1	1	1.0	1.0	2.89	2.89	18	18	18	18
OG0005722	180.0	0.0	1	1	1.0	1.0	2.94	2.94	19	19	19	19
OG0005723	378.0	0.0	1	1	1.0	1.0	3.69	3.69	40	40	40	40
OG0005724	129.0	0.0	1	1	1.0	1.0	3.64	3.64	38	38	38	38
OG0005725	156.0	0.0	1	1	1.0	1.0	3.61	3.61	37	37	37	37
OG0005726	192.0	0.0	1	1	1.0	1.0	3.56	3.56	35	35	35	35
OG0005727	198.0	0.0	1	1	1.0	1.0	3.56	3.56	35	35	35	35
OG0005728	126.0	0.0	1	1	1.0	1.0	3.64	3.64	38	38	38	38
OG0005729	171.0	0.0	1	1	1.0	1.0	3.66	3.66	39	39	39	39
OG0005730	93.0	0.0	1	1	1.0	1.0	3.64	3.64	38	38	38	38
OG0005731	228.0	0.0	1	1	1.0	1.0	3.64	3.64	38	38	38	38
OG0005732	261.0	0.0	1	1	1.0	1.0	3.14	3.14	23	23	23	23
OG0005733	684.0	0.0	1	1	1.0	1.0	2.77	2.77	16	16	16	16
OG0005734	381.0	0.0	1	1	1.0	1.0	2.77	2.77	16	16	16	16
OG0005735	867.0	0.0	1	1	1.0	1.0	3.04	3.04	21	21	21	21
OG0005736	189.0	0.0	1	1	1.0	1.0	2.94	2.94	19	19	19	19
OG0005737	90.0	0.0	1	1	1.0	1.0	3.0	3.0	20	20	20	20
OG0005738	195.0	0.0	1	1	1.0	1.0	3.18	3.18	24	24	24	24
OG0005739	132.0	0.0	1	1	1.0	1.0	3.18	3.18	24	24	24	24
OG0005740	738.0	0.0	1	1	1.0	1.0	3.18	3.18	24	24	24	24
OG0005741	213.0	0.0	1	1	1.0	1.0	3.14	3.14	23	23	23	23
OG0005742	201.0	0.0	1	1	1.0	1.0	3.14	3.14	23	23	23	23
OG0005743	102.0	0.0	1	1	1.0	1.0	3.18	3.18	24	24	24	24
OG0005744	624.0	0.0	1	1	1.0	1.0	3.18	3.18	24	24	24	24
OG0005745	363.0	0.0	1	1	1.0	1.0	2.83	2.83	17	17	17	17
OG0005746	105.0	0.0	1	1	1.0	1.0	3.37	3.37	29	29	29	29
OG0005747	270.0	0.0	1	1	1.0	1.0	3.37	3.37	29	29	29	29
OG0005748	258.0	0.0	1	1	1.0	1.0	3.3	3.3	27	27	27	27
OG0005749	249.0	0.0	1	1	1.0	1.0	3.33	3.33	28	28	28	28
OG0005750	489.0	0.0	1	1	1.0	1.0	3.22	3.22	25	25	25	25
OG0005751	429.0	0.0	1	1	1.0	1.0	3.26	3.26	26	26	26	26
OG0005752	279.0	0.0	1	1	1.0	1.0	3.37	3.37	29	29	29	29
OG0005753	108.0	0.0	1	1	1.0	1.0	3.4	3.4	30	30	30	30
OG0005754	297.0	0.0	1	1	1.0	1.0	3.3	3.3	27	27	27	27
OG0005755	609.0	0.0	1	1	1.0	1.0	3.33	3.33	28	28	28	28
OG0005756	501.0	0.0	1	1	1.0	1.0	3.0	3.0	20	20	20	20
OG0005757	978.0	0.0	1	1	1.0	1.0	2.89	2.89	18	18	18	18
OG0005758	96.0	0.0	1	1	1.0	1.0	2.94	2.94	19	19	19	19
OG0005759	246.0	0.0	1	1	1.0	1.0	3.47	3.47	32	32	32	32
OG0005760	114.0	0.0	1	1	1.0	1.0	3.4	3.4	30	30	30	30
OG0005761	567.0	0.0	1	1	1.0	1.0	3.33	3.33	28	28	28	28
OG0005762	201.0	0.0	1	1	1.0	1.0	3.22	3.22	25	25	25	25
OG0005763	147.0	0.0	1	1	1.0	1.0	3.22	3.22	25	25	25	25
OG0005764	387.0	0.0	1	1	1.0	1.0	3.22	3.22	25	25	25	25
OG0005765	114.0	0.0	1	1	1.0	1.0	2.77	2.77	16	16	16	16
OG0005766	843.0	0.0	1	1	1.0	1.0	3.0	3.0	20	20	20	20
OG0005767	165.0	0.0	1	1	1.0	1.0	2.83	2.83	17	17	17	17
OG0005768	222.0	1.0	1	1	1.0	NA	2.56	NA	13	0	13	13
OG0005769	435.0	0.0	1	1	1.0	1.0	3.14	3.14	23	23	23	23
OG0005770	537.0	0.0	1	1	1.0	1.0	3.14	3.14	23	23	23	23
OG0005771	603.0	0.0	1	1	1.0	1.0	3.14	3.14	23	23	23	23
OG0005772	642.0	0.0	1	1	1.0	1.0	3.18	3.18	24	24	24	24
OG0005773	651.0	0.0	1	1	1.0	1.0	3.18	3.18	24	24	24	24
OG0005774	138.0	0.0	1	1	1.0	1.0	3.18	3.18	24	24	24	24
OG0005775	186.0	0.0	1	1	1.0	1.0	2.94	2.94	19	19	19	19
OG0005776	495.0	0.0	1	1	1.0	1.0	2.94	2.94	19	19	19	19
OG0005777	633.0	0.0	1	1	1.0	1.0	2.94	2.94	19	19	19	19
OG0005778	135.0	0.0	1	1	1.0	1.0	2.89	2.89	18	18	18	18
OG0005779	204.0	0.0	1	1	1.0	1.0	3.43	3.43	31	31	31	31
OG0005780	225.0	0.0	1	1	1.0	1.0	3.5	3.5	33	33	33	33
OG0005781	843.0	0.0	1	1	1.0	1.0	3.5	3.5	33	33	33	33
OG0005782	288.0	0.0	1	1	1.0	1.0	3.18	3.18	24	24	24	24
OG0005783	351.0	0.0	1	1	1.0	1.0	3.04	3.04	21	21	21	21
OG0005784	135.0	0.0	1	1	1.0	1.0	3.04	3.04	21	21	21	21
OG0005785	228.0	0.0	1	1	1.0	1.0	2.83	2.83	17	17	17	17
OG0005786	129.0	0.0	1	1	1.0	1.0	3.0	3.0	20	20	20	20
OG0005787	603.0	0.0	1	1	1.0	1.0	3.0	3.0	20	20	20	20
OG0005788	282.0	0.0	1	1	1.0	1.0	2.94	2.94	19	19	19	19
OG0005789	771.0	0.0	1	1	1.0	1.0	3.09	3.09	22	22	22	22
OG0005790	213.0	0.0	1	1	1.0	1.0	3.04	3.04	21	21	21	21
OG0005791	351.0	0.0	1	1	1.0	1.0	3.09	3.09	22	22	22	22
OG0005792	705.0	0.0	1	1	1.0	1.0	3.04	3.04	21	21	21	21
OG0005793	438.0	0.0	1	1	1.0	1.0	2.94	2.94	19	19	19	19
OG0005794	339.0	0.0	1	1	1.0	1.0	2.89	2.89	18	18	18	18
OG0005795	330.0	0.0	1	1	1.0	1.0	2.94	2.94	19	19	19	19
OG0005796	618.0	0.0	1	1	1.0	1.0	3.3	3.3	27	27	27	27
OG0005797	492.0	0.0	1	1	1.0	1.0	3.4	3.4	30	30	30	30
OG0005798	195.0	0.0	1	1	1.0	1.0	3.3	3.3	27	27	27	27
OG0005799	483.0	0.0	1	1	1.0	1.0	3.22	3.22	25	25	25	25
OG0005800	207.0	0.0	1	1	1.0	1.0	3.22	3.22	25	25	25	25
OG0005801	1812.0	0.0	1	1	1.0	1.0	3.18	3.18	24	24	24	24
OG0005802	297.0	0.0	1	1	1.0	1.0	3.04	3.04	21	21	21	21
OG0005803	318.0	0.0	1	1	1.0	1.0	3.04	3.04	21	21	21	21
OG0005804	90.0	0.0	1	1	1.0	1.0	3.0	3.0	20	20	20	20
OG0005805	837.0	0.0	1	1	1.0	1.0	3.09	3.09	22	22	22	22
OG0005806	105.0	0.0	1	1	1.0	1.0	2.56	2.56	13	13	13	13
OG0005807	180.0	0.0	1	1	1.0	1.0	3.0	3.0	20	20	20	20
OG0005808	96.0	0.0	1	1	1.0	1.0	2.77	2.77	16	16	16	16
OG0005809	108.0	0.0	1	1	1.0	1.0	2.83	2.83	17	17	17	17
OG0005810	381.0	0.0	1	1	1.0	1.0	3.0	3.0	20	20	20	20
OG0005811	105.0	0.0	1	1	1.0	1.0	2.83	2.83	17	17	17	17
OG0005812	180.0	0.0	1	1	1.0	1.0	2.64	2.64	14	14	14	14
OG0005813	438.0	0.0	1	1	1.0	1.0	2.71	2.71	15	15	15	15
OG0005814	4572.0	0.0	1	1	1.0	1.0	2.56	2.56	13	13	13	13
OG0005815	282.0	0.0	1	1	1.0	1.0	3.09	3.09	22	22	22	22
OG0005816	207.0	0.0	1	1	1.0	1.0	3.09	3.09	22	22	22	22
OG0005817	90.0	0.0	1	1	1.0	1.0	2.94	2.94	19	19	19	19
OG0005818	447.0	0.0	1	1	1.0	1.0	2.94	2.94	19	19	19	19
OG0005819	189.0	0.0	1	1	1.0	1.0	3.09	3.09	22	22	22	22
OG0005820	165.0	0.0	1	1	1.0	1.0	3.0	3.0	20	20	20	20
OG0005821	105.0	1.0	1	1	1.0	NA	2.4	NA	11	0	11	11
OG0005822	162.0	1.0	1	1	1.0	NA	2.77	NA	16	0	16	16
OG0005823	228.0	1.0	1	1	1.0	NA	2.83	NA	17	0	17	17
OG0005824	228.0	1.0	1	1	1.0	NA	3.33	NA	28	0	28	28
OG0005825	246.0	1.0	1	1	1.0	NA	3.33	NA	28	0	28	28
OG0005826	297.0	1.0	1	1	1.0	NA	3.37	NA	29	0	29	29
OG0005827	306.0	0.0	1	1	1.0	1.0	3.33	3.33	28	28	28	28
OG0005828	156.0	0.0	1	1	1.0	1.0	3.3	3.3	27	27	27	27
OG0005829	249.0	0.0	1	1	1.0	1.0	3.37	3.37	29	29	29	29
OG0005830	378.0	0.0	1	1	1.0	1.0	3.4	3.4	30	30	30	30
OG0005831	177.0	0.0	1	1	1.0	1.0	3.37	3.37	29	29	29	29
OG0005832	1200.0	0.0	1	1	1.0	1.0	3.4	3.4	30	30	30	30
OG0005833	246.0	0.0	1	1	1.0	1.0	3.33	3.33	28	28	28	28
OG0005834	513.0	0.0	1	1	1.0	1.0	3.37	3.37	29	29	29	29
OG0005835	1032.0	0.0	1	1	1.0	1.0	3.18	3.18	24	24	24	24
OG0005836	234.0	0.0	1	1	1.0	1.0	3.18	3.18	24	24	24	24
OG0005837	171.0	0.0	1	1	1.0	1.0	3.09	3.09	22	22	22	22
OG0005838	381.0	0.0	1	1	1.0	1.0	2.94	2.94	19	19	19	19
OG0005839	990.0	1.0	1	1	1.0	NA	3.0	NA	20	0	20	20
OG0005840	2001.0	1.0	1	1	1.0	NA	2.89	NA	18	0	18	18
OG0005841	195.0	1.0	1	1	1.0	NA	2.56	NA	13	0	13	13
OG0005842	177.0	1.0	1	1	1.0	NA	2.71	NA	15	0	15	15
OG0005843	168.0	1.0	1	1	1.0	NA	3.14	NA	23	0	23	23
OG0005844	231.0	1.0	1	1	1.0	NA	3.04	NA	21	0	21	21
OG0005845	240.0	1.0	1	1	1.0	NA	2.83	NA	17	0	17	17
OG0005846	180.0	1.0	1	1	1.0	NA	2.64	NA	14	0	14	14
OG0005847	171.0	1.0	1	1	1.0	NA	2.71	NA	15	0	15	15
OG0005848	183.0	1.0	1	1	1.0	NA	2.3	NA	10	0	10	10
OG0005849	600.0	1.0	1	1	1.0	NA	2.3	NA	10	0	10	10
OG0005850	402.0	1.0	1	1	1.0	NA	2.3	NA	10	0	10	10
OG0005851	1458.0	1.0	1	1	1.0	NA	2.3	NA	10	0	10	10
OG0005852	231.0	1.0	1	1	1.0	NA	2.3	NA	10	0	10	10
OG0005853	231.0	1.0	1	1	1.0	NA	2.3	NA	10	0	10	10
OG0005854	141.0	0.0	1	1	1.0	1.0	3.0	3.0	20	20	20	20
OG0005855	411.0	1.0	1	1	1.0	NA	NA	NA	1	0	1	1
OG0005856	261.0	1.0	1	1	1.0	NA	0.69	NA	2	0	2	2
OG0005857	186.0	0.0	1	1	1.0	1.0	3.04	3.04	21	21	21	21
OG0005858	153.0	1.0	1	1	1.0	NA	2.89	NA	18	0	18	18
OG0005859	1608.0	1.0	1	1	1.0	NA	NA	NA	1	0	1	1
OG0005860	357.0	1.0	1	1	1.0	NA	NA	NA	1	0	1	1
OG0005861	411.0	1.0	1	1	1.0	NA	0.69	NA	2	0	2	2
OG0005862	375.0	1.0	1	1	1.0	NA	1.1	NA	3	0	3	3
OG0005863	417.0	1.0	1	1	1.0	NA	1.1	NA	3	0	3	3
OG0005864	165.0	0.0	1	1	1.0	1.0	3.04	3.04	21	21	21	21
OG0005865	90.0	0.0	1	1	1.0	1.0	3.5	3.5	33	33	33	33
OG0005866	339.0	1.0	1	1	1.0	NA	NA	NA	1	0	1	1
OG0005867	396.0	1.0	1	1	1.0	NA	0.69	NA	2	0	2	2
OG0005868	96.0	0.0	1	1	1.0	1.0	2.71	2.71	15	15	15	15
OG0005869	177.0	0.0	1	1	1.0	1.0	2.71	2.71	15	15	15	15
OG0005870	2496.0	0.0	1	1	1.0	1.0	2.94	2.94	19	19	19	19
OG0005871	591.0	0.0	1	1	1.0	1.0	2.77	2.77	16	16	16	16
OG0005872	105.0	0.0	1	1	1.0	1.0	2.71	2.71	15	15	15	15
OG0005873	486.0	0.0	1	1	1.0	1.0	3.0	3.0	20	20	20	20
OG0005874	96.0	1.0	1	1	1.0	NA	2.83	NA	17	0	17	17
OG0005875	543.0	1.0	1	1	1.0	NA	NA	NA	1	0	1	1
OG0005876	1275.0	0.0	1	1	1.0	1.0	2.94	2.94	19	19	19	19
OG0005877	165.0	1.0	1	1	1.0	NA	2.77	NA	16	0	16	16
OG0005878	90.0	0.0	1	1	1.0	1.0	3.04	3.04	21	21	21	21
OG0005879	1185.0	0.0	1	1	1.0	1.0	3.09	3.09	22	22	22	22
OG0005880	294.0	0.0	1	1	1.0	1.0	3.14	3.14	23	23	23	23
OG0005881	96.0	0.0	1	1	1.0	1.0	3.14	3.14	23	23	23	23
OG0005882	255.0	0.0	1	1	1.0	1.0	3.18	3.18	24	24	24	24
OG0005883	237.0	0.0	1	1	1.0	1.0	3.18	3.18	24	24	24	24
OG0005884	513.0	0.0	1	1	1.0	1.0	3.43	3.43	31	31	31	31
OG0005885	156.0	0.0	1	1	1.0	1.0	3.5	3.5	33	33	33	33
OG0005886	636.0	0.0	1	1	1.0	1.0	3.5	3.5	33	33	33	33
OG0005887	264.0	0.0	1	1	1.0	1.0	3.5	3.5	33	33	33	33
OG0005888	555.0	0.0	1	1	1.0	1.0	3.5	3.5	33	33	33	33
OG0005889	210.0	0.0	1	1	1.0	1.0	3.47	3.47	32	32	32	32
OG0005890	216.0	0.0	1	1	1.0	1.0	3.5	3.5	33	33	33	33
OG0005891	201.0	0.0	1	1	1.0	1.0	3.5	3.5	33	33	33	33
OG0005892	702.0	0.0	1	1	1.0	1.0	3.5	3.5	33	33	33	33
OG0005893	267.0	0.0	1	1	1.0	1.0	3.3	3.3	27	27	27	27
OG0005894	273.0	0.0	1	1	1.0	1.0	3.3	3.3	27	27	27	27
OG0005895	306.0	0.0	1	1	1.0	1.0	3.3	3.3	27	27	27	27
OG0005896	357.0	0.0	1	1	1.0	1.0	3.33	3.33	28	28	28	28
OG0005897	273.0	0.0	1	1	1.0	1.0	3.37	3.37	29	29	29	29
OG0005898	150.0	0.0	1	1	1.0	1.0	2.77	2.77	16	16	16	16
OG0005899	288.0	0.0	1	1	1.0	1.0	3.0	3.0	20	20	20	20
OG0005900	153.0	0.0	1	1	1.0	1.0	3.04	3.04	21	21	21	21
OG0005901	312.0	0.0	1	1	1.0	1.0	3.04	3.04	21	21	21	21
OG0005902	129.0	0.0	1	1	1.0	1.0	3.04	3.04	21	21	21	21
OG0005903	159.0	0.0	1	1	1.0	1.0	3.04	3.04	21	21	21	21
OG0005904	384.0	0.0	1	1	1.0	1.0	3.0	3.0	20	20	20	20
OG0005905	255.0	0.0	1	1	1.0	1.0	3.26	3.26	26	26	26	26
OG0005906	243.0	0.0	1	1	1.0	1.0	3.61	3.61	37	37	37	37
OG0005907	168.0	0.0	1	1	1.0	1.0	3.61	3.61	37	37	37	37
OG0005908	216.0	0.0	1	1	1.0	1.0	3.58	3.58	36	36	36	36
OG0005909	135.0	0.0	1	1	1.0	1.0	3.61	3.61	37	37	37	37
OG0005910	609.0	0.0	1	1	1.0	1.0	3.61	3.61	37	37	37	37
OG0005911	198.0	0.0	1	1	1.0	1.0	3.64	3.64	38	38	38	38
OG0005912	192.0	0.0	1	1	1.0	1.0	3.64	3.64	38	38	38	38
OG0005913	390.0	0.0	1	1	1.0	1.0	3.76	3.76	43	43	43	43
OG0005914	252.0	0.0	1	1	1.0	1.0	3.64	3.64	38	38	38	38
OG0005915	336.0	0.0	1	1	1.0	1.0	3.61	3.61	37	37	37	37
OG0005916	267.0	0.0	1	1	1.0	1.0	3.56	3.56	35	35	35	35
OG0005917	141.0	0.0	1	1	1.0	1.0	3.53	3.53	34	34	34	34
OG0005918	195.0	0.0	1	1	1.0	1.0	3.56	3.56	35	35	35	35
OG0005919	855.0	0.0	1	1	1.0	1.0	2.89	2.89	18	18	18	18
OG0005920	486.0	0.0	1	1	1.0	1.0	2.94	2.94	19	19	19	19
OG0005921	249.0	0.0	1	1	1.0	1.0	2.89	2.89	18	18	18	18
OG0005922	186.0	0.0	1	1	1.0	1.0	3.18	3.18	24	24	24	24
OG0005923	183.0	0.0	1	1	1.0	1.0	3.22	3.22	25	25	25	25
OG0005924	315.0	0.0	1	1	1.0	1.0	3.18	3.18	24	24	24	24
OG0005925	759.0	0.0	1	1	1.0	1.0	3.14	3.14	23	23	23	23
OG0005926	180.0	0.0	1	1	1.0	1.0	3.09	3.09	22	22	22	22
OG0005927	450.0	0.0	1	1	1.0	1.0	3.14	3.14	23	23	23	23
OG0005928	795.0	0.0	1	1	1.0	1.0	3.14	3.14	23	23	23	23
OG0005929	114.0	0.0	1	1	1.0	1.0	3.14	3.14	23	23	23	23
OG0005930	231.0	0.0	1	1	1.0	1.0	3.69	3.69	40	40	40	40
OG0005931	270.0	0.0	1	1	1.0	1.0	3.71	3.71	41	41	41	41
OG0005932	153.0	0.0	1	1	1.0	1.0	3.4	3.4	30	30	30	30
OG0005933	213.0	0.0	1	1	1.0	1.0	2.89	2.89	18	18	18	18
OG0005934	192.0	0.0	1	1	1.0	1.0	3.04	3.04	21	21	21	21
OG0005935	399.0	0.0	1	1	1.0	1.0	3.09	3.09	22	22	22	22
OG0005936	174.0	0.0	1	1	1.0	1.0	3.0	3.0	20	20	20	20
OG0005937	111.0	0.0	1	1	1.0	1.0	2.4	2.4	11	11	11	11
OG0005938	129.0	0.0	1	1	1.0	1.0	3.04	3.04	21	21	21	21
OG0005939	264.0	1.0	1	1	1.0	NA	1.95	NA	7	0	7	7
OG0005940	591.0	0.0	1	1	1.0	1.0	3.22	3.22	25	25	25	25
OG0005941	126.0	1.0	1	1	1.0	NA	3.04	NA	21	0	21	21
OG0005942	504.0	1.0	1	1	1.0	NA	2.64	NA	14	0	14	14
OG0005943	351.0	1.0	1	1	1.0	NA	2.83	NA	17	0	17	17
OG0005944	150.0	0.0	1	1	1.0	1.0	3.18	3.18	24	24	24	24
OG0005945	105.0	0.0	1	1	1.0	1.0	2.89	2.89	18	18	18	18
OG0005946	216.0	0.0	1	1	1.0	1.0	3.0	3.0	20	20	20	20
OG0005947	201.0	0.0	1	1	1.0	1.0	3.0	3.0	20	20	20	20
OG0005948	153.0	0.0	1	1	1.0	1.0	3.04	3.04	21	21	21	21
OG0005949	837.0	0.0	1	1	1.0	1.0	2.77	2.77	16	16	16	16
OG0005950	99.0	0.0	1	1	1.0	1.0	2.83	2.83	17	17	17	17
OG0005951	201.0	0.0	1	1	1.0	1.0	1.39	1.39	4	4	4	4
OG0005952	414.0	0.0	1	1	1.0	1.0	3.18	3.18	24	24	24	24
OG0005953	132.0	0.0	1	1	1.0	1.0	3.22	3.22	25	25	25	25
OG0005954	186.0	0.0	1	1	1.0	1.0	3.0	3.0	20	20	20	20
OG0005955	882.0	0.0	1	1	1.0	1.0	2.83	2.83	17	17	17	17
OG0005956	321.0	0.0	1	1	1.0	1.0	2.83	2.83	17	17	17	17
OG0005957	105.0	0.0	1	1	1.0	1.0	2.77	2.77	16	16	16	16
OG0005958	282.0	0.0	1	1	1.0	1.0	3.26	3.26	26	26	26	26
OG0005959	312.0	0.0	1	1	1.0	1.0	3.26	3.26	26	26	26	26
OG0005960	180.0	0.0	1	1	1.0	1.0	3.22	3.22	25	25	25	25
OG0005961	264.0	0.0	1	1	1.0	1.0	3.22	3.22	25	25	25	25
OG0005962	573.0	0.0	1	1	1.0	1.0	3.04	3.04	21	21	21	21
OG0005963	243.0	0.0	1	1	1.0	1.0	3.09	3.09	22	22	22	22
OG0005964	117.0	0.0	1	1	1.0	1.0	3.04	3.04	21	21	21	21
OG0005965	105.0	0.0	1	1	1.0	1.0	3.0	3.0	20	20	20	20
OG0005966	159.0	0.0	1	1	1.0	1.0	2.94	2.94	19	19	19	19
OG0005967	207.0	0.0	1	1	1.0	1.0	2.89	2.89	18	18	18	18
OG0005968	246.0	0.0	1	1	1.0	1.0	2.89	2.89	18	18	18	18
OG0005969	465.0	0.0	1	1	1.0	1.0	3.3	3.3	27	27	27	27
OG0005970	270.0	0.0	1	1	1.0	1.0	3.5	3.5	33	33	33	33
OG0005971	1089.0	0.0	1	1	1.0	1.0	3.47	3.47	32	32	32	32
OG0005972	258.0	0.0	1	1	1.0	1.0	3.47	3.47	32	32	32	32
OG0005973	261.0	0.0	1	1	1.0	1.0	3.53	3.53	34	34	34	34
OG0005974	948.0	0.0	1	1	1.0	1.0	3.58	3.58	36	36	36	36
OG0005975	237.0	0.0	1	1	1.0	1.0	3.53	3.53	34	34	34	34
OG0005976	168.0	0.0	1	1	1.0	1.0	3.4	3.4	30	30	30	30
OG0005977	129.0	0.0	1	1	1.0	1.0	3.37	3.37	29	29	29	29
OG0005978	240.0	0.0	1	1	1.0	1.0	3.37	3.37	29	29	29	29
OG0005979	594.0	0.0	1	1	1.0	1.0	3.33	3.33	28	28	28	28
OG0005980	159.0	0.0	1	1	1.0	1.0	3.18	3.18	24	24	24	24
OG0005981	177.0	0.0	1	1	1.0	1.0	3.04	3.04	21	21	21	21
OG0005982	297.0	0.0	1	1	1.0	1.0	3.22	3.22	25	25	25	25
OG0005983	336.0	0.0	1	1	1.0	1.0	3.18	3.18	24	24	24	24
OG0005984	1332.0	0.0	1	1	1.0	1.0	3.09	3.09	22	22	22	22
OG0005985	156.0	0.0	1	1	1.0	1.0	2.56	2.56	13	13	13	13
OG0005986	135.0	0.0	1	1	1.0	1.0	3.0	3.0	20	20	20	20
OG0005987	549.0	0.0	1	1	1.0	1.0	3.14	3.14	23	23	23	23
OG0005988	885.0	0.0	1	1	1.0	1.0	3.22	3.22	25	25	25	25
OG0005989	567.0	0.0	1	1	1.0	1.0	3.18	3.18	24	24	24	24
OG0005990	507.0	0.0	1	1	1.0	1.0	3.09	3.09	22	22	22	22
OG0005991	1014.0	0.0	1	1	1.0	1.0	3.09	3.09	22	22	22	22
OG0005992	150.0	1.0	1	1	1.0	NA	0.69	NA	2	0	2	2
OG0005993	930.0	0.0	1	1	1.0	1.0	2.3	2.3	10	10	10	10
OG0005994	165.0	1.0	1	1	1.0	NA	2.56	NA	13	0	13	13
OG0005995	441.0	1.0	1	1	1.0	NA	2.3	NA	10	0	10	10
OG0005996	162.0	1.0	1	1	1.0	NA	2.3	NA	10	0	10	10
OG0005997	102.0	0.0	1	1	1.0	1.0	2.94	2.94	19	19	19	19
OG0005998	138.0	0.0	1	1	1.0	1.0	3.14	3.14	23	23	23	23
OG0005999	96.0	0.0	1	1	1.0	1.0	3.14	3.14	23	23	23	23
OG0006000	678.0	0.0	1	1	1.0	1.0	3.09	3.09	22	22	22	22
OG0006001	132.0	0.0	1	1	1.0	1.0	3.0	3.0	20	20	20	20
OG0006002	813.0	0.0	1	1	1.0	1.0	3.09	3.09	22	22	22	22
OG0006003	150.0	0.0	1	1	1.0	1.0	3.04	3.04	21	21	21	21
OG0006004	174.0	0.0	1	1	1.0	1.0	3.04	3.04	21	21	21	21
OG0006005	738.0	0.0	1	1	1.0	1.0	3.09	3.09	22	22	22	22
OG0006006	714.0	0.0	1	1	1.0	1.0	3.09	3.09	22	22	22	22
OG0006007	1308.0	0.0	1	1	1.0	1.0	3.04	3.04	21	21	21	21
OG0006008	2091.0	0.0	1	1	1.0	1.0	3.0	3.0	20	20	20	20
OG0006009	105.0	1.0	1	1	1.0	NA	2.77	NA	16	0	16	16
OG0006010	93.0	1.0	1	1	1.0	NA	2.64	NA	14	0	14	14
OG0006011	105.0	1.0	1	1	1.0	NA	2.2	NA	9	0	9	9
OG0006012	1584.0	1.0	1	1	1.0	NA	2.94	NA	19	0	19	19
OG0006013	2781.0	1.0	1	1	1.0	NA	3.04	NA	21	0	21	21
OG0006014	162.0	0.0	1	1	1.0	1.0	2.94	2.94	19	19	19	19
OG0006015	567.0	0.0	1	1	1.0	1.0	3.0	3.0	20	20	20	20
OG0006016	360.0	0.0	1	1	1.0	1.0	3.0	3.0	20	20	20	20
OG0006017	165.0	0.0	1	1	1.0	1.0	3.09	3.09	22	22	22	22
OG0006018	267.0	0.0	1	1	1.0	1.0	3.09	3.09	22	22	22	22
OG0006019	237.0	0.0	1	1	1.0	1.0	3.18	3.18	24	24	24	24
OG0006020	204.0	0.0	1	1	1.0	1.0	3.22	3.22	25	25	25	25
OG0006021	321.0	0.0	1	1	1.0	1.0	3.18	3.18	24	24	24	24
OG0006022	174.0	0.0	1	1	1.0	1.0	3.22	3.22	25	25	25	25
OG0006023	228.0	0.0	1	1	1.0	1.0	3.37	3.37	29	29	29	29
OG0006024	378.0	0.0	1	1	1.0	1.0	3.33	3.33	28	28	28	28
OG0006025	321.0	0.0	1	1	1.0	1.0	3.3	3.3	27	27	27	27
OG0006026	237.0	0.0	1	1	1.0	1.0	3.3	3.3	27	27	27	27
OG0006027	615.0	0.0	1	1	1.0	1.0	3.33	3.33	28	28	28	28
OG0006028	234.0	0.0	1	1	1.0	1.0	3.3	3.3	27	27	27	27
OG0006029	192.0	0.0	1	1	1.0	1.0	3.3	3.3	27	27	27	27
OG0006030	141.0	0.0	1	1	1.0	1.0	3.09	3.09	22	22	22	22
OG0006031	267.0	0.0	1	1	1.0	1.0	3.14	3.14	23	23	23	23
OG0006032	192.0	0.0	1	1	1.0	1.0	3.09	3.09	22	22	22	22
OG0006033	201.0	0.0	1	1	1.0	1.0	3.0	3.0	20	20	20	20
OG0006034	129.0	0.0	1	1	1.0	1.0	2.89	2.89	18	18	18	18
OG0006035	93.0	0.0	1	1	1.0	1.0	3.18	3.18	24	24	24	24
OG0006036	150.0	0.0	1	1	1.0	1.0	3.18	3.18	24	24	24	24
OG0006037	177.0	0.0	1	1	1.0	1.0	3.22	3.22	25	25	25	25
OG0006038	204.0	0.0	1	1	1.0	1.0	3.09	3.09	22	22	22	22
OG0006039	198.0	0.0	1	1	1.0	1.0	3.09	3.09	22	22	22	22
OG0006040	951.0	0.0	1	1	1.0	1.0	3.14	3.14	23	23	23	23
OG0006041	297.0	0.0	1	1	1.0	1.0	3.14	3.14	23	23	23	23
OG0006042	111.0	0.0	1	1	1.0	1.0	3.14	3.14	23	23	23	23
OG0006043	153.0	0.0	1	1	1.0	1.0	3.09	3.09	22	22	22	22
OG0006044	147.0	0.0	1	1	1.0	1.0	3.04	3.04	21	21	21	21
OG0006045	267.0	0.0	1	1	1.0	1.0	2.71	2.71	15	15	15	15
OG0006046	174.0	0.0	1	1	1.0	1.0	2.94	2.94	19	19	19	19
OG0006047	252.0	0.0	1	1	1.0	1.0	2.94	2.94	19	19	19	19
OG0006048	342.0	0.0	1	1	1.0	1.0	3.26	3.26	26	26	26	26
OG0006049	246.0	0.0	1	1	1.0	1.0	3.18	3.18	24	24	24	24
OG0006050	297.0	0.0	1	1	1.0	1.0	3.22	3.22	25	25	25	25
OG0006051	186.0	0.0	1	1	1.0	1.0	3.22	3.22	25	25	25	25
OG0006052	405.0	0.0	1	1	1.0	1.0	3.26	3.26	26	26	26	26
OG0006053	423.0	0.0	1	1	1.0	1.0	3.3	3.3	27	27	27	27
OG0006054	294.0	0.0	1	1	1.0	1.0	3.3	3.3	27	27	27	27
OG0006055	216.0	0.0	1	1	1.0	1.0	3.47	3.47	32	32	32	32
OG0006056	180.0	0.0	1	1	1.0	1.0	3.47	3.47	32	32	32	32
OG0006057	138.0	0.0	1	1	1.0	1.0	3.47	3.47	32	32	32	32
OG0006058	252.0	0.0	1	1	1.0	1.0	3.47	3.47	32	32	32	32
OG0006059	465.0	0.0	1	1	1.0	1.0	3.47	3.47	32	32	32	32
OG0006060	282.0	0.0	1	1	1.0	1.0	3.5	3.5	33	33	33	33
OG0006061	135.0	0.0	1	1	1.0	1.0	3.5	3.5	33	33	33	33
OG0006062	117.0	0.0	1	1	1.0	1.0	3.47	3.47	32	32	32	32
OG0006063	153.0	0.0	1	1	1.0	1.0	3.47	3.47	32	32	32	32
OG0006064	339.0	0.0	1	1	1.0	1.0	3.5	3.5	33	33	33	33
OG0006065	144.0	0.0	1	1	1.0	1.0	3.43	3.43	31	31	31	31
OG0006066	180.0	0.0	1	1	1.0	1.0	3.43	3.43	31	31	31	31
OG0006067	174.0	0.0	1	1	1.0	1.0	3.43	3.43	31	31	31	31
OG0006068	225.0	0.0	1	1	1.0	1.0	3.47	3.47	32	32	32	32
OG0006069	114.0	0.0	1	1	1.0	1.0	3.47	3.47	32	32	32	32
OG0006070	90.0	0.0	1	1	1.0	1.0	3.4	3.4	30	30	30	30
OG0006071	243.0	0.0	1	1	1.0	1.0	3.33	3.33	28	28	28	28
OG0006072	339.0	0.0	1	1	1.0	1.0	3.3	3.3	27	27	27	27
OG0006073	96.0	0.0	1	1	1.0	1.0	3.0	3.0	20	20	20	20
OG0006074	342.0	0.0	1	1	1.0	1.0	3.09	3.09	22	22	22	22
OG0006075	204.0	0.0	1	1	1.0	1.0	3.4	3.4	30	30	30	30
OG0006076	387.0	0.0	1	1	1.0	1.0	3.43	3.43	31	31	31	31
OG0006077	171.0	0.0	1	1	1.0	1.0	3.53	3.53	34	34	34	34
OG0006078	537.0	0.0	1	1	1.0	1.0	3.53	3.53	34	34	34	34
OG0006079	210.0	0.0	1	1	1.0	1.0	3.5	3.5	33	33	33	33
OG0006080	120.0	0.0	1	1	1.0	1.0	3.47	3.47	32	32	32	32
OG0006081	240.0	0.0	1	1	1.0	1.0	3.5	3.5	33	33	33	33
OG0006082	165.0	0.0	1	1	1.0	1.0	3.47	3.47	32	32	32	32
OG0006083	135.0	0.0	1	1	1.0	1.0	3.47	3.47	32	32	32	32
OG0006084	219.0	0.0	1	1	1.0	1.0	3.37	3.37	29	29	29	29
OG0006085	321.0	0.0	1	1	1.0	1.0	3.4	3.4	30	30	30	30
OG0006086	216.0	0.0	1	1	1.0	1.0	3.37	3.37	29	29	29	29
OG0006087	291.0	0.0	1	1	1.0	1.0	3.33	3.33	28	28	28	28
OG0006088	207.0	0.0	1	1	1.0	1.0	3.43	3.43	31	31	31	31
OG0006089	141.0	0.0	1	1	1.0	1.0	3.0	3.0	20	20	20	20
OG0006090	141.0	0.0	1	1	1.0	1.0	3.14	3.14	23	23	23	23
OG0006091	177.0	0.0	1	1	1.0	1.0	3.3	3.3	27	27	27	27
OG0006092	195.0	0.0	1	1	1.0	1.0	3.26	3.26	26	26	26	26
OG0006093	189.0	0.0	1	1	1.0	1.0	3.22	3.22	25	25	25	25
OG0006094	195.0	0.0	1	1	1.0	1.0	3.22	3.22	25	25	25	25
OG0006095	318.0	0.0	1	1	1.0	1.0	3.04	3.04	21	21	21	21
OG0006096	159.0	0.0	1	1	1.0	1.0	3.04	3.04	21	21	21	21
OG0006097	123.0	0.0	1	1	1.0	1.0	2.89	2.89	18	18	18	18
OG0006098	165.0	0.0	1	1	1.0	1.0	3.14	3.14	23	23	23	23
OG0006099	129.0	0.0	1	1	1.0	1.0	3.14	3.14	23	23	23	23
OG0006100	180.0	0.0	1	1	1.0	1.0	2.94	2.94	19	19	19	19
OG0006101	129.0	0.0	1	1	1.0	1.0	3.04	3.04	21	21	21	21
OG0006102	162.0	0.0	1	1	1.0	1.0	3.0	3.0	20	20	20	20
OG0006103	231.0	0.0	1	1	1.0	1.0	3.04	3.04	21	21	21	21
OG0006104	300.0	0.0	1	1	1.0	1.0	3.04	3.04	21	21	21	21
OG0006105	237.0	0.0	1	1	1.0	1.0	2.48	2.48	12	12	12	12
OG0006106	180.0	0.0	1	1	1.0	1.0	3.3	3.3	27	27	27	27
OG0006107	123.0	0.0	1	1	1.0	1.0	3.3	3.3	27	27	27	27
OG0006108	459.0	0.0	1	1	1.0	1.0	3.3	3.3	27	27	27	27
OG0006109	336.0	0.0	1	1	1.0	1.0	3.18	3.18	24	24	24	24
OG0006110	303.0	0.0	1	1	1.0	1.0	3.18	3.18	24	24	24	24
OG0006111	228.0	0.0	1	1	1.0	1.0	3.18	3.18	24	24	24	24
OG0006112	165.0	0.0	1	1	1.0	1.0	3.22	3.22	25	25	25	25
OG0006113	186.0	0.0	1	1	1.0	1.0	3.14	3.14	23	23	23	23
OG0006114	213.0	0.0	1	1	1.0	1.0	3.04	3.04	21	21	21	21
OG0006115	150.0	0.0	1	1	1.0	1.0	3.04	3.04	21	21	21	21
OG0006116	243.0	0.0	1	1	1.0	1.0	3.09	3.09	22	22	22	22
OG0006117	258.0	0.0	1	1	1.0	1.0	2.94	2.94	19	19	19	19
OG0006118	702.0	0.0	1	1	1.0	1.0	2.71	2.71	15	15	15	15
OG0006119	114.0	0.0	1	1	1.0	1.0	2.89	2.89	18	18	18	18
OG0006120	159.0	0.0	1	1	1.0	1.0	2.71	2.71	15	15	15	15
OG0006121	264.0	0.0	1	1	1.0	1.0	2.77	2.77	16	16	16	16
OG0006122	162.0	0.0	1	1	1.0	1.0	2.83	2.83	17	17	17	17
OG0006123	90.0	0.0	1	1	1.0	1.0	2.94	2.94	19	19	19	19
OG0006124	156.0	0.0	1	1	1.0	1.0	3.22	3.22	25	25	25	25
OG0006125	216.0	0.0	1	1	1.0	1.0	3.33	3.33	28	28	28	28
OG0006126	324.0	0.0	1	1	1.0	1.0	3.33	3.33	28	28	28	28
OG0006127	207.0	0.0	1	1	1.0	1.0	3.33	3.33	28	28	28	28
OG0006128	258.0	0.0	1	1	1.0	1.0	3.3	3.3	27	27	27	27
OG0006129	102.0	0.0	1	1	1.0	1.0	3.3	3.3	27	27	27	27
OG0006130	348.0	0.0	1	1	1.0	1.0	3.18	3.18	24	24	24	24
OG0006131	201.0	0.0	1	1	1.0	1.0	3.04	3.04	21	21	21	21
OG0006132	168.0	0.0	1	1	1.0	1.0	3.14	3.14	23	23	23	23
OG0006133	132.0	0.0	1	1	1.0	1.0	3.04	3.04	21	21	21	21
OG0006134	240.0	0.0	1	1	1.0	1.0	2.94	2.94	19	19	19	19
OG0006135	93.0	0.0	1	1	1.0	1.0	2.89	2.89	18	18	18	18
OG0006136	210.0	0.0	1	1	1.0	1.0	2.89	2.89	18	18	18	18
OG0006137	327.0	0.0	1	1	1.0	1.0	2.89	2.89	18	18	18	18
OG0006138	480.0	0.0	1	1	1.0	1.0	3.26	3.26	26	26	26	26
OG0006139	549.0	0.0	1	1	1.0	1.0	3.3	3.3	27	27	27	27
OG0006140	717.0	0.0	1	1	1.0	1.0	3.33	3.33	28	28	28	28
OG0006141	300.0	0.0	1	1	1.0	1.0	3.37	3.37	29	29	29	29
OG0006142	312.0	0.0	1	1	1.0	1.0	3.37	3.37	29	29	29	29
OG0006143	444.0	0.0	1	1	1.0	1.0	3.3	3.3	27	27	27	27
OG0006144	132.0	0.0	1	1	1.0	1.0	3.22	3.22	25	25	25	25
OG0006145	153.0	0.0	1	1	1.0	1.0	3.26	3.26	26	26	26	26
OG0006146	330.0	0.0	1	1	1.0	1.0	3.22	3.22	25	25	25	25
OG0006147	405.0	0.0	1	1	1.0	1.0	3.22	3.22	25	25	25	25
OG0006148	156.0	0.0	1	1	1.0	1.0	3.18	3.18	24	24	24	24
OG0006149	372.0	0.0	1	1	1.0	1.0	3.22	3.22	25	25	25	25
OG0006150	321.0	0.0	1	1	1.0	1.0	3.26	3.26	26	26	26	26
OG0006151	198.0	0.0	1	1	1.0	1.0	3.3	3.3	27	27	27	27
OG0006152	303.0	0.0	1	1	1.0	1.0	3.4	3.4	30	30	30	30
OG0006153	303.0	0.0	1	1	1.0	1.0	3.4	3.4	30	30	30	30
OG0006154	177.0	0.0	1	1	1.0	1.0	3.43	3.43	31	31	31	31
OG0006155	150.0	0.0	1	1	1.0	1.0	3.4	3.4	30	30	30	30
OG0006156	423.0	0.0	1	1	1.0	1.0	3.37	3.37	29	29	29	29
OG0006157	144.0	0.0	1	1	1.0	1.0	3.3	3.3	27	27	27	27
OG0006158	159.0	0.0	1	1	1.0	1.0	3.26	3.26	26	26	26	26
OG0006159	375.0	0.0	1	1	1.0	1.0	3.3	3.3	27	27	27	27
OG0006160	147.0	0.0	1	1	1.0	1.0	3.26	3.26	26	26	26	26
OG0006161	216.0	0.0	1	1	1.0	1.0	3.26	3.26	26	26	26	26
OG0006162	240.0	0.0	1	1	1.0	1.0	3.04	3.04	21	21	21	21
OG0006163	273.0	0.0	1	1	1.0	1.0	3.0	3.0	20	20	20	20
OG0006164	366.0	0.0	1	1	1.0	1.0	3.09	3.09	22	22	22	22
OG0006165	237.0	0.0	1	1	1.0	1.0	3.04	3.04	21	21	21	21
OG0006166	168.0	0.0	1	1	1.0	1.0	3.09	3.09	22	22	22	22
OG0006167	192.0	0.0	1	1	1.0	1.0	3.18	3.18	24	24	24	24
OG0006168	213.0	0.0	1	1	1.0	1.0	3.3	3.3	27	27	27	27
OG0006169	120.0	0.0	1	1	1.0	1.0	3.37	3.37	29	29	29	29
OG0006170	222.0	0.0	1	1	1.0	1.0	3.4	3.4	30	30	30	30
OG0006171	147.0	0.0	1	1	1.0	1.0	3.47	3.47	32	32	32	32
OG0006172	162.0	0.0	1	1	1.0	1.0	3.47	3.47	32	32	32	32
OG0006173	228.0	0.0	1	1	1.0	1.0	3.5	3.5	33	33	33	33
OG0006174	114.0	0.0	1	1	1.0	1.0	3.37	3.37	29	29	29	29
OG0006175	165.0	0.0	1	1	1.0	1.0	3.37	3.37	29	29	29	29
OG0006176	264.0	0.0	1	1	1.0	1.0	3.3	3.3	27	27	27	27
OG0006177	258.0	0.0	1	1	1.0	1.0	3.26	3.26	26	26	26	26
OG0006178	315.0	0.0	1	1	1.0	1.0	3.22	3.22	25	25	25	25
OG0006179	219.0	0.0	1	1	1.0	1.0	3.04	3.04	21	21	21	21
OG0006180	144.0	0.0	1	1	1.0	1.0	3.04	3.04	21	21	21	21
OG0006181	222.0	0.0	1	1	1.0	1.0	3.09	3.09	22	22	22	22
OG0006182	270.0	0.0	1	1	1.0	1.0	3.14	3.14	23	23	23	23
OG0006183	144.0	0.0	1	1	1.0	1.0	3.14	3.14	23	23	23	23
OG0006184	840.0	0.0	1	1	1.0	1.0	3.26	3.26	26	26	26	26
OG0006185	306.0	0.0	1	1	1.0	1.0	3.22	3.22	25	25	25	25
OG0006186	147.0	0.0	1	1	1.0	1.0	3.14	3.14	23	23	23	23
OG0006187	252.0	0.0	1	1	1.0	1.0	3.14	3.14	23	23	23	23
OG0006188	165.0	0.0	1	1	1.0	1.0	3.0	3.0	20	20	20	20
OG0006189	306.0	0.0	1	1	1.0	1.0	3.0	3.0	20	20	20	20
OG0006190	192.0	0.0	1	1	1.0	1.0	2.94	2.94	19	19	19	19
OG0006191	462.0	0.0	1	1	1.0	1.0	3.09	3.09	22	22	22	22
OG0006192	342.0	0.0	1	1	1.0	1.0	3.22	3.22	25	25	25	25
OG0006193	258.0	0.0	1	1	1.0	1.0	3.26	3.26	26	26	26	26
OG0006194	282.0	0.0	1	1	1.0	1.0	3.33	3.33	28	28	28	28
OG0006195	138.0	0.0	1	1	1.0	1.0	3.5	3.5	33	33	33	33
OG0006196	309.0	0.0	1	1	1.0	1.0	3.5	3.5	33	33	33	33
OG0006197	525.0	0.0	1	1	1.0	1.0	3.5	3.5	33	33	33	33
OG0006198	186.0	0.0	1	1	1.0	1.0	3.5	3.5	33	33	33	33
OG0006199	150.0	0.0	1	1	1.0	1.0	3.5	3.5	33	33	33	33
OG0006200	114.0	0.0	1	1	1.0	1.0	3.47	3.47	32	32	32	32
OG0006201	120.0	0.0	1	1	1.0	1.0	3.37	3.37	29	29	29	29
OG0006202	237.0	0.0	1	1	1.0	1.0	3.37	3.37	29	29	29	29
OG0006203	255.0	0.0	1	1	1.0	1.0	3.37	3.37	29	29	29	29
OG0006204	234.0	0.0	1	1	1.0	1.0	3.33	3.33	28	28	28	28
OG0006205	222.0	0.0	1	1	1.0	1.0	3.33	3.33	28	28	28	28
OG0006206	405.0	0.0	1	1	1.0	1.0	3.33	3.33	28	28	28	28
OG0006207	252.0	0.0	1	1	1.0	1.0	3.18	3.18	24	24	24	24
OG0006208	189.0	0.0	1	1	1.0	1.0	3.14	3.14	23	23	23	23
OG0006209	513.0	0.0	1	1	1.0	1.0	3.18	3.18	24	24	24	24
OG0006210	153.0	0.0	1	1	1.0	1.0	3.18	3.18	24	24	24	24
OG0006211	261.0	0.0	1	1	1.0	1.0	3.22	3.22	25	25	25	25
OG0006212	456.0	0.0	1	1	1.0	1.0	3.3	3.3	27	27	27	27
OG0006213	219.0	0.0	1	1	1.0	1.0	3.22	3.22	25	25	25	25
OG0006214	174.0	0.0	1	1	1.0	1.0	3.22	3.22	25	25	25	25
OG0006215	552.0	0.0	1	1	1.0	1.0	3.26	3.26	26	26	26	26
OG0006216	141.0	0.0	1	1	1.0	1.0	3.04	3.04	21	21	21	21
OG0006217	144.0	0.0	1	1	1.0	1.0	3.04	3.04	21	21	21	21
OG0006218	198.0	0.0	1	1	1.0	1.0	3.04	3.04	21	21	21	21
OG0006219	186.0	0.0	1	1	1.0	1.0	3.09	3.09	22	22	22	22
OG0006220	150.0	0.0	1	1	1.0	1.0	3.18	3.18	24	24	24	24
OG0006221	126.0	0.0	1	1	1.0	1.0	3.18	3.18	24	24	24	24
OG0006222	195.0	0.0	1	1	1.0	1.0	3.3	3.3	27	27	27	27
OG0006223	285.0	0.0	1	1	1.0	1.0	3.33	3.33	28	28	28	28
OG0006224	147.0	0.0	1	1	1.0	1.0	3.43	3.43	31	31	31	31
OG0006225	225.0	0.0	1	1	1.0	1.0	3.47	3.47	32	32	32	32
OG0006226	243.0	0.0	1	1	1.0	1.0	3.58	3.58	36	36	36	36
OG0006227	219.0	0.0	1	1	1.0	1.0	3.58	3.58	36	36	36	36
OG0006228	147.0	0.0	1	1	1.0	1.0	3.61	3.61	37	37	37	37
OG0006229	228.0	0.0	1	1	1.0	1.0	3.61	3.61	37	37	37	37
OG0006230	195.0	0.0	1	1	1.0	1.0	3.61	3.61	37	37	37	37
OG0006231	156.0	0.0	1	1	1.0	1.0	3.61	3.61	37	37	37	37
OG0006232	216.0	0.0	1	1	1.0	1.0	3.61	3.61	37	37	37	37
OG0006233	93.0	0.0	1	1	1.0	1.0	3.64	3.64	38	38	38	38
OG0006234	480.0	0.0	1	1	1.0	1.0	3.66	3.66	39	39	39	39
OG0006235	522.0	0.0	1	1	1.0	1.0	3.69	3.69	40	40	40	40
OG0006236	132.0	0.0	1	1	1.0	1.0	3.78	3.78	44	44	44	44
OG0006237	441.0	0.0	1	1	1.0	1.0	3.83	3.83	46	46	46	46
OG0006238	132.0	0.0	1	1	1.0	1.0	3.69	3.69	40	40	40	40
OG0006239	444.0	0.0	1	1	1.0	1.0	3.74	3.74	42	42	42	42
OG0006240	213.0	0.0	1	1	1.0	1.0	3.3	3.3	27	27	27	27
OG0006241	219.0	0.0	1	1	1.0	1.0	3.3	3.3	27	27	27	27
OG0006242	96.0	0.0	1	1	1.0	1.0	3.33	3.33	28	28	28	28
OG0006243	207.0	0.0	1	1	1.0	1.0	3.37	3.37	29	29	29	29
OG0006244	252.0	0.0	1	1	1.0	1.0	3.37	3.37	29	29	29	29
OG0006245	264.0	0.0	1	1	1.0	1.0	3.4	3.4	30	30	30	30
OG0006246	297.0	0.0	1	1	1.0	1.0	3.4	3.4	30	30	30	30
OG0006247	357.0	0.0	1	1	1.0	1.0	3.33	3.33	28	28	28	28
OG0006248	144.0	0.0	1	1	1.0	1.0	3.26	3.26	26	26	26	26
OG0006249	216.0	0.0	1	1	1.0	1.0	3.3	3.3	27	27	27	27
OG0006250	156.0	0.0	1	1	1.0	1.0	3.18	3.18	24	24	24	24
OG0006251	240.0	0.0	1	1	1.0	1.0	3.09	3.09	22	22	22	22
OG0006252	390.0	0.0	1	1	1.0	1.0	3.09	3.09	22	22	22	22
OG0006253	252.0	0.0	1	1	1.0	1.0	2.77	2.77	16	16	16	16
OG0006254	285.0	0.0	1	1	1.0	1.0	2.71	2.71	15	15	15	15
OG0006255	657.0	0.0	1	1	1.0	1.0	2.89	2.89	18	18	18	18
OG0006256	321.0	0.0	1	1	1.0	1.0	2.64	2.64	14	14	14	14
OG0006257	141.0	0.0	1	1	1.0	1.0	2.77	2.77	16	16	16	16
OG0006258	399.0	0.0	1	1	1.0	1.0	3.14	3.14	23	23	23	23
OG0006259	282.0	0.0	1	1	1.0	1.0	3.3	3.3	27	27	27	27
OG0006260	579.0	0.0	1	1	1.0	1.0	3.3	3.3	27	27	27	27
OG0006261	240.0	0.0	1	1	1.0	1.0	3.33	3.33	28	28	28	28
OG0006262	258.0	0.0	1	1	1.0	1.0	3.37	3.37	29	29	29	29
OG0006263	291.0	0.0	1	1	1.0	1.0	3.33	3.33	28	28	28	28
OG0006264	150.0	0.0	1	1	1.0	1.0	3.33	3.33	28	28	28	28
OG0006265	225.0	0.0	1	1	1.0	1.0	3.37	3.37	29	29	29	29
OG0006266	267.0	0.0	1	1	1.0	1.0	3.4	3.4	30	30	30	30
OG0006267	183.0	0.0	1	1	1.0	1.0	3.47	3.47	32	32	32	32
OG0006268	147.0	0.0	1	1	1.0	1.0	3.37	3.37	29	29	29	29
OG0006269	321.0	0.0	1	1	1.0	1.0	3.18	3.18	24	24	24	24
OG0006270	225.0	0.0	1	1	1.0	1.0	3.18	3.18	24	24	24	24
OG0006271	159.0	0.0	1	1	1.0	1.0	3.18	3.18	24	24	24	24
OG0006272	255.0	0.0	1	1	1.0	1.0	3.22	3.22	25	25	25	25
OG0006273	225.0	0.0	1	1	1.0	1.0	3.22	3.22	25	25	25	25
OG0006274	228.0	0.0	1	1	1.0	1.0	3.14	3.14	23	23	23	23
OG0006275	240.0	0.0	1	1	1.0	1.0	3.26	3.26	26	26	26	26
OG0006276	141.0	0.0	1	1	1.0	1.0	3.26	3.26	26	26	26	26
OG0006277	261.0	0.0	1	1	1.0	1.0	3.18	3.18	24	24	24	24
OG0006278	117.0	0.0	1	1	1.0	1.0	3.18	3.18	24	24	24	24
OG0006279	93.0	0.0	1	1	1.0	1.0	3.0	3.0	20	20	20	20
OG0006280	285.0	0.0	1	1	1.0	1.0	3.14	3.14	23	23	23	23
OG0006281	531.0	0.0	1	1	1.0	1.0	3.26	3.26	26	26	26	26
OG0006282	270.0	0.0	1	1	1.0	1.0	3.33	3.33	28	28	28	28
OG0006283	99.0	0.0	1	1	1.0	1.0	3.37	3.37	29	29	29	29
OG0006284	315.0	0.0	1	1	1.0	1.0	3.33	3.33	28	28	28	28
OG0006285	147.0	0.0	1	1	1.0	1.0	3.33	3.33	28	28	28	28
OG0006286	156.0	0.0	1	1	1.0	1.0	3.33	3.33	28	28	28	28
OG0006287	339.0	0.0	1	1	1.0	1.0	3.37	3.37	29	29	29	29
OG0006288	126.0	0.0	1	1	1.0	1.0	3.26	3.26	26	26	26	26
OG0006289	747.0	0.0	1	1	1.0	1.0	3.18	3.18	24	24	24	24
OG0006290	288.0	0.0	1	1	1.0	1.0	3.26	3.26	26	26	26	26
OG0006291	519.0	0.0	1	1	1.0	1.0	3.26	3.26	26	26	26	26
OG0006292	153.0	0.0	1	1	1.0	1.0	3.3	3.3	27	27	27	27
OG0006293	186.0	0.0	1	1	1.0	1.0	3.18	3.18	24	24	24	24
OG0006294	237.0	0.0	1	1	1.0	1.0	3.09	3.09	22	22	22	22
OG0006295	114.0	0.0	1	1	1.0	1.0	3.3	3.3	27	27	27	27
OG0006296	276.0	0.0	1	1	1.0	1.0	3.33	3.33	28	28	28	28
OG0006297	129.0	0.0	1	1	1.0	1.0	3.4	3.4	30	30	30	30
OG0006298	123.0	0.0	1	1	1.0	1.0	3.4	3.4	30	30	30	30
OG0006299	153.0	0.0	1	1	1.0	1.0	3.4	3.4	30	30	30	30
OG0006300	411.0	0.0	1	1	1.0	1.0	3.56	3.56	35	35	35	35
OG0006301	147.0	0.0	1	1	1.0	1.0	3.66	3.66	39	39	39	39
OG0006302	183.0	0.0	1	1	1.0	1.0	3.64	3.64	38	38	38	38
OG0006303	381.0	0.0	1	1	1.0	1.0	3.64	3.64	38	38	38	38
OG0006304	123.0	0.0	1	1	1.0	1.0	3.61	3.61	37	37	37	37
OG0006305	210.0	0.0	1	1	1.0	1.0	3.58	3.58	36	36	36	36
OG0006306	588.0	0.0	1	1	1.0	1.0	3.61	3.61	37	37	37	37
OG0006307	234.0	0.0	1	1	1.0	1.0	3.58	3.58	36	36	36	36
OG0006308	198.0	0.0	1	1	1.0	1.0	3.58	3.58	36	36	36	36
OG0006309	225.0	0.0	1	1	1.0	1.0	3.58	3.58	36	36	36	36
OG0006310	102.0	0.0	1	1	1.0	1.0	3.58	3.58	36	36	36	36
OG0006311	117.0	0.0	1	1	1.0	1.0	3.61	3.61	37	37	37	37
OG0006312	135.0	0.0	1	1	1.0	1.0	3.61	3.61	37	37	37	37
OG0006313	303.0	0.0	1	1	1.0	1.0	3.61	3.61	37	37	37	37
OG0006314	351.0	0.0	1	1	1.0	1.0	3.58	3.58	36	36	36	36
OG0006315	651.0	0.0	1	1	1.0	1.0	3.56	3.56	35	35	35	35
OG0006316	153.0	0.0	1	1	1.0	1.0	3.53	3.53	34	34	34	34
OG0006317	219.0	0.0	1	1	1.0	1.0	3.5	3.5	33	33	33	33
OG0006318	111.0	0.0	1	1	1.0	1.0	3.5	3.5	33	33	33	33
OG0006319	99.0	0.0	1	1	1.0	1.0	3.33	3.33	28	28	28	28
OG0006320	336.0	0.0	1	1	1.0	1.0	3.26	3.26	26	26	26	26
OG0006321	297.0	0.0	1	1	1.0	1.0	3.37	3.37	29	29	29	29
OG0006322	222.0	0.0	1	1	1.0	1.0	3.37	3.37	29	29	29	29
OG0006323	213.0	0.0	1	1	1.0	1.0	3.37	3.37	29	29	29	29
OG0006324	162.0	0.0	1	1	1.0	1.0	3.3	3.3	27	27	27	27
OG0006325	96.0	0.0	1	1	1.0	1.0	3.37	3.37	29	29	29	29
OG0006326	90.0	0.0	1	1	1.0	1.0	3.4	3.4	30	30	30	30
OG0006327	315.0	0.0	1	1	1.0	1.0	3.4	3.4	30	30	30	30
OG0006328	123.0	0.0	1	1	1.0	1.0	3.37	3.37	29	29	29	29
OG0006329	129.0	0.0	1	1	1.0	1.0	3.3	3.3	27	27	27	27
OG0006330	285.0	0.0	1	1	1.0	1.0	3.3	3.3	27	27	27	27
OG0006331	363.0	0.0	1	1	1.0	1.0	3.3	3.3	27	27	27	27
OG0006332	444.0	0.0	1	1	1.0	1.0	3.33	3.33	28	28	28	28
OG0006333	498.0	0.0	1	1	1.0	1.0	3.22	3.22	25	25	25	25
OG0006334	123.0	0.0	1	1	1.0	1.0	3.37	3.37	29	29	29	29
OG0006335	150.0	0.0	1	1	1.0	1.0	3.33	3.33	28	28	28	28
OG0006336	180.0	0.0	1	1	1.0	1.0	3.3	3.3	27	27	27	27
OG0006337	228.0	0.0	1	1	1.0	1.0	3.3	3.3	27	27	27	27
OG0006338	201.0	0.0	1	1	1.0	1.0	3.26	3.26	26	26	26	26
OG0006339	228.0	0.0	1	1	1.0	1.0	3.22	3.22	25	25	25	25
OG0006340	105.0	0.0	1	1	1.0	1.0	3.22	3.22	25	25	25	25
OG0006341	201.0	0.0	1	1	1.0	1.0	3.26	3.26	26	26	26	26
OG0006342	309.0	0.0	1	1	1.0	1.0	3.22	3.22	25	25	25	25
OG0006343	537.0	0.0	1	1	1.0	1.0	3.5	3.5	33	33	33	33
OG0006344	147.0	0.0	1	1	1.0	1.0	3.5	3.5	33	33	33	33
OG0006345	138.0	0.0	1	1	1.0	1.0	3.5	3.5	33	33	33	33
OG0006346	219.0	0.0	1	1	1.0	1.0	3.5	3.5	33	33	33	33
OG0006347	171.0	0.0	1	1	1.0	1.0	3.5	3.5	33	33	33	33
OG0006348	378.0	0.0	1	1	1.0	1.0	3.47	3.47	32	32	32	32
OG0006349	102.0	0.0	1	1	1.0	1.0	3.47	3.47	32	32	32	32
OG0006350	213.0	0.0	1	1	1.0	1.0	3.53	3.53	34	34	34	34
OG0006351	213.0	0.0	1	1	1.0	1.0	3.58	3.58	36	36	36	36
OG0006352	234.0	0.0	1	1	1.0	1.0	3.56	3.56	35	35	35	35
OG0006353	333.0	0.0	1	1	1.0	1.0	3.56	3.56	35	35	35	35
OG0006354	183.0	0.0	1	1	1.0	1.0	3.53	3.53	34	34	34	34
OG0006355	390.0	0.0	1	1	1.0	1.0	3.47	3.47	32	32	32	32
OG0006356	159.0	0.0	1	1	1.0	1.0	3.26	3.26	26	26	26	26
OG0006357	132.0	0.0	1	1	1.0	1.0	3.26	3.26	26	26	26	26
OG0006358	129.0	0.0	1	1	1.0	1.0	3.0	3.0	20	20	20	20
OG0006359	336.0	0.0	1	1	1.0	1.0	3.22	3.22	25	25	25	25
OG0006360	201.0	0.0	1	1	1.0	1.0	3.18	3.18	24	24	24	24
OG0006361	126.0	0.0	1	1	1.0	1.0	3.14	3.14	23	23	23	23
OG0006362	258.0	0.0	1	1	1.0	1.0	3.26	3.26	26	26	26	26
OG0006363	603.0	0.0	1	1	1.0	1.0	3.37	3.37	29	29	29	29
OG0006364	354.0	0.0	1	1	1.0	1.0	3.33	3.33	28	28	28	28
OG0006365	228.0	0.0	1	1	1.0	1.0	3.33	3.33	28	28	28	28
OG0006366	657.0	0.0	1	1	1.0	1.0	3.4	3.4	30	30	30	30
OG0006367	363.0	0.0	1	1	1.0	1.0	3.4	3.4	30	30	30	30
OG0006368	189.0	0.0	1	1	1.0	1.0	3.4	3.4	30	30	30	30
OG0006369	183.0	0.0	1	1	1.0	1.0	3.43	3.43	31	31	31	31
OG0006370	150.0	0.0	1	1	1.0	1.0	3.43	3.43	31	31	31	31
OG0006371	165.0	0.0	1	1	1.0	1.0	3.43	3.43	31	31	31	31
OG0006372	174.0	0.0	1	1	1.0	1.0	3.43	3.43	31	31	31	31
OG0006373	363.0	0.0	1	1	1.0	1.0	3.37	3.37	29	29	29	29
OG0006374	708.0	0.0	1	1	1.0	1.0	3.33	3.33	28	28	28	28
OG0006375	189.0	0.0	1	1	1.0	1.0	3.3	3.3	27	27	27	27
OG0006376	243.0	0.0	1	1	1.0	1.0	3.3	3.3	27	27	27	27
OG0006377	291.0	0.0	1	1	1.0	1.0	3.22	3.22	25	25	25	25
OG0006378	165.0	0.0	1	1	1.0	1.0	3.26	3.26	26	26	26	26
OG0006379	147.0	0.0	1	1	1.0	1.0	3.26	3.26	26	26	26	26
OG0006380	387.0	0.0	1	1	1.0	1.0	3.33	3.33	28	28	28	28
OG0006381	243.0	0.0	1	1	1.0	1.0	3.47	3.47	32	32	32	32
OG0006382	198.0	0.0	1	1	1.0	1.0	3.47	3.47	32	32	32	32
OG0006383	258.0	0.0	1	1	1.0	1.0	3.37	3.37	29	29	29	29
OG0006384	222.0	0.0	1	1	1.0	1.0	3.4	3.4	30	30	30	30
OG0006385	213.0	0.0	1	1	1.0	1.0	3.37	3.37	29	29	29	29
OG0006386	258.0	0.0	1	1	1.0	1.0	3.33	3.33	28	28	28	28
OG0006387	207.0	0.0	1	1	1.0	1.0	3.33	3.33	28	28	28	28
OG0006388	195.0	0.0	1	1	1.0	1.0	3.33	3.33	28	28	28	28
OG0006389	231.0	0.0	1	1	1.0	1.0	3.33	3.33	28	28	28	28
OG0006390	159.0	0.0	1	1	1.0	1.0	3.33	3.33	28	28	28	28
OG0006391	375.0	0.0	1	1	1.0	1.0	3.22	3.22	25	25	25	25
OG0006392	132.0	0.0	1	1	1.0	1.0	3.04	3.04	21	21	21	21
OG0006393	393.0	0.0	1	1	1.0	1.0	3.04	3.04	21	21	21	21
OG0006394	105.0	0.0	1	1	1.0	1.0	2.83	2.83	17	17	17	17
OG0006395	282.0	0.0	1	1	1.0	1.0	2.77	2.77	16	16	16	16
OG0006396	105.0	0.0	1	1	1.0	1.0	3.09	3.09	22	22	22	22
OG0006397	177.0	0.0	1	1	1.0	1.0	3.09	3.09	22	22	22	22
OG0006398	180.0	0.0	1	1	1.0	1.0	3.14	3.14	23	23	23	23
OG0006399	153.0	0.0	1	1	1.0	1.0	3.33	3.33	28	28	28	28
OG0006400	186.0	0.0	1	1	1.0	1.0	3.4	3.4	30	30	30	30
OG0006401	141.0	0.0	1	1	1.0	1.0	3.37	3.37	29	29	29	29
OG0006402	141.0	0.0	1	1	1.0	1.0	3.37	3.37	29	29	29	29
OG0006403	189.0	0.0	1	1	1.0	1.0	3.37	3.37	29	29	29	29
OG0006404	102.0	0.0	1	1	1.0	1.0	3.4	3.4	30	30	30	30
OG0006405	246.0	0.0	1	1	1.0	1.0	3.4	3.4	30	30	30	30
OG0006406	93.0	0.0	1	1	1.0	1.0	3.47	3.47	32	32	32	32
OG0006407	138.0	0.0	1	1	1.0	1.0	3.47	3.47	32	32	32	32
OG0006408	141.0	0.0	1	1	1.0	1.0	3.5	3.5	33	33	33	33
OG0006409	150.0	0.0	1	1	1.0	1.0	3.47	3.47	32	32	32	32
OG0006410	102.0	0.0	1	1	1.0	1.0	3.47	3.47	32	32	32	32
OG0006411	465.0	0.0	1	1	1.0	1.0	3.33	3.33	28	28	28	28
OG0006412	141.0	0.0	1	1	1.0	1.0	3.22	3.22	25	25	25	25
OG0006413	210.0	0.0	1	1	1.0	1.0	3.09	3.09	22	22	22	22
OG0006414	135.0	0.0	1	1	1.0	1.0	3.33	3.33	28	28	28	28
OG0006415	186.0	0.0	1	1	1.0	1.0	3.33	3.33	28	28	28	28
OG0006416	126.0	0.0	1	1	1.0	1.0	3.43	3.43	31	31	31	31
OG0006417	324.0	0.0	1	1	1.0	1.0	3.43	3.43	31	31	31	31
OG0006418	144.0	0.0	1	1	1.0	1.0	3.4	3.4	30	30	30	30
OG0006419	141.0	0.0	1	1	1.0	1.0	3.5	3.5	33	33	33	33
OG0006420	111.0	0.0	1	1	1.0	1.0	3.5	3.5	33	33	33	33
OG0006421	135.0	0.0	1	1	1.0	1.0	3.53	3.53	34	34	34	34
OG0006422	171.0	0.0	1	1	1.0	1.0	3.4	3.4	30	30	30	30
OG0006423	150.0	0.0	1	1	1.0	1.0	3.4	3.4	30	30	30	30
OG0006424	132.0	0.0	1	1	1.0	1.0	3.4	3.4	30	30	30	30
OG0006425	732.0	0.0	1	1	1.0	1.0	3.26	3.26	26	26	26	26
OG0006426	204.0	0.0	1	1	1.0	1.0	3.18	3.18	24	24	24	24
OG0006427	204.0	0.0	1	1	1.0	1.0	3.22	3.22	25	25	25	25
OG0006428	303.0	0.0	1	1	1.0	1.0	3.22	3.22	25	25	25	25
OG0006429	639.0	0.0	1	1	1.0	1.0	3.22	3.22	25	25	25	25
OG0006430	228.0	0.0	1	1	1.0	1.0	3.14	3.14	23	23	23	23
OG0006431	372.0	0.0	1	1	1.0	1.0	3.14	3.14	23	23	23	23
OG0006432	333.0	0.0	1	1	1.0	1.0	3.14	3.14	23	23	23	23
OG0006433	225.0	0.0	1	1	1.0	1.0	3.14	3.14	23	23	23	23
OG0006434	204.0	0.0	1	1	1.0	1.0	3.04	3.04	21	21	21	21
OG0006435	306.0	0.0	1	1	1.0	1.0	3.18	3.18	24	24	24	24
OG0006436	159.0	0.0	1	1	1.0	1.0	3.18	3.18	24	24	24	24
OG0006437	273.0	0.0	1	1	1.0	1.0	3.18	3.18	24	24	24	24
OG0006438	213.0	0.0	1	1	1.0	1.0	3.22	3.22	25	25	25	25
OG0006439	171.0	0.0	1	1	1.0	1.0	3.26	3.26	26	26	26	26
OG0006440	186.0	0.0	1	1	1.0	1.0	3.37	3.37	29	29	29	29
OG0006441	129.0	0.0	1	1	1.0	1.0	3.47	3.47	32	32	32	32
OG0006442	213.0	0.0	1	1	1.0	1.0	3.47	3.47	32	32	32	32
OG0006443	327.0	0.0	1	1	1.0	1.0	3.47	3.47	32	32	32	32
OG0006444	174.0	0.0	1	1	1.0	1.0	3.47	3.47	32	32	32	32
OG0006445	156.0	0.0	1	1	1.0	1.0	3.53	3.53	34	34	34	34
OG0006446	156.0	0.0	1	1	1.0	1.0	3.58	3.58	36	36	36	36
OG0006447	468.0	0.0	1	1	1.0	1.0	3.58	3.58	36	36	36	36
OG0006448	105.0	0.0	1	1	1.0	1.0	3.56	3.56	35	35	35	35
OG0006449	132.0	0.0	1	1	1.0	1.0	3.58	3.58	36	36	36	36
OG0006450	567.0	0.0	1	1	1.0	1.0	3.61	3.61	37	37	37	37
OG0006451	135.0	0.0	1	1	1.0	1.0	3.5	3.5	33	33	33	33
OG0006452	420.0	0.0	1	1	1.0	1.0	3.53	3.53	34	34	34	34
OG0006453	240.0	0.0	1	1	1.0	1.0	3.47	3.47	32	32	32	32
OG0006454	204.0	0.0	1	1	1.0	1.0	3.5	3.5	33	33	33	33
OG0006455	129.0	0.0	1	1	1.0	1.0	3.5	3.5	33	33	33	33
OG0006456	222.0	0.0	1	1	1.0	1.0	3.47	3.47	32	32	32	32
OG0006457	198.0	0.0	1	1	1.0	1.0	3.4	3.4	30	30	30	30
OG0006458	183.0	0.0	1	1	1.0	1.0	3.47	3.47	32	32	32	32
OG0006459	249.0	0.0	1	1	1.0	1.0	3.53	3.53	34	34	34	34
OG0006460	228.0	0.0	1	1	1.0	1.0	3.58	3.58	36	36	36	36
OG0006461	498.0	0.0	1	1	1.0	1.0	3.58	3.58	36	36	36	36
OG0006462	114.0	0.0	1	1	1.0	1.0	3.56	3.56	35	35	35	35
OG0006463	138.0	0.0	1	1	1.0	1.0	3.5	3.5	33	33	33	33
OG0006464	123.0	0.0	1	1	1.0	1.0	3.5	3.5	33	33	33	33
OG0006465	159.0	0.0	1	1	1.0	1.0	3.53	3.53	34	34	34	34
OG0006466	258.0	0.0	1	1	1.0	1.0	3.53	3.53	34	34	34	34
OG0006467	384.0	0.0	1	1	1.0	1.0	3.53	3.53	34	34	34	34
OG0006468	201.0	0.0	1	1	1.0	1.0	3.43	3.43	31	31	31	31
OG0006469	117.0	0.0	1	1	1.0	1.0	3.5	3.5	33	33	33	33
OG0006470	225.0	0.0	1	1	1.0	1.0	3.56	3.56	35	35	35	35
OG0006471	132.0	0.0	1	1	1.0	1.0	3.53	3.53	34	34	34	34
OG0006472	153.0	0.0	1	1	1.0	1.0	3.58	3.58	36	36	36	36
OG0006473	207.0	0.0	1	1	1.0	1.0	3.58	3.58	36	36	36	36
OG0006474	282.0	0.0	1	1	1.0	1.0	3.58	3.58	36	36	36	36
OG0006475	153.0	0.0	1	1	1.0	1.0	3.53	3.53	34	34	34	34
OG0006476	291.0	0.0	1	1	1.0	1.0	3.5	3.5	33	33	33	33
OG0006477	201.0	0.0	1	1	1.0	1.0	3.5	3.5	33	33	33	33
OG0006478	171.0	0.0	1	1	1.0	1.0	3.53	3.53	34	34	34	34
OG0006479	111.0	0.0	1	1	1.0	1.0	3.53	3.53	34	34	34	34
OG0006480	126.0	0.0	1	1	1.0	1.0	3.53	3.53	34	34	34	34
OG0006481	96.0	0.0	1	1	1.0	1.0	3.61	3.61	37	37	37	37
OG0006482	270.0	0.0	1	1	1.0	1.0	3.71	3.71	41	41	41	41
OG0006483	264.0	0.0	1	1	1.0	1.0	3.71	3.71	41	41	41	41
OG0006484	177.0	0.0	1	1	1.0	1.0	3.71	3.71	41	41	41	41
OG0006485	120.0	0.0	1	1	1.0	1.0	3.69	3.69	40	40	40	40
OG0006486	126.0	0.0	1	1	1.0	1.0	3.69	3.69	40	40	40	40
OG0006487	207.0	0.0	1	1	1.0	1.0	3.74	3.74	42	42	42	42
OG0006488	210.0	0.0	1	1	1.0	1.0	3.74	3.74	42	42	42	42
OG0006489	96.0	0.0	1	1	1.0	1.0	3.74	3.74	42	42	42	42
OG0006490	234.0	0.0	1	1	1.0	1.0	3.76	3.76	43	43	43	43
OG0006491	237.0	0.0	1	1	1.0	1.0	3.78	3.78	44	44	44	44
OG0006492	360.0	0.0	1	1	1.0	1.0	3.78	3.78	44	44	44	44
OG0006493	324.0	0.0	1	1	1.0	1.0	3.78	3.78	44	44	44	44
OG0006494	267.0	0.0	1	1	1.0	1.0	3.76	3.76	43	43	43	43
OG0006495	213.0	0.0	1	1	1.0	1.0	3.74	3.74	42	42	42	42
OG0006496	234.0	0.0	1	1	1.0	1.0	3.71	3.71	41	41	41	41
OG0006497	141.0	0.0	1	1	1.0	1.0	3.69	3.69	40	40	40	40
OG0006498	237.0	0.0	1	1	1.0	1.0	3.66	3.66	39	39	39	39
OG0006499	255.0	0.0	1	1	1.0	1.0	3.47	3.47	32	32	32	32
OG0006500	744.0	0.0	1	1	1.0	1.0	3.47	3.47	32	32	32	32
OG0006501	435.0	0.0	1	1	1.0	1.0	3.43	3.43	31	31	31	31
OG0006502	204.0	0.0	1	1	1.0	1.0	3.4	3.4	30	30	30	30
OG0006503	504.0	0.0	1	1	1.0	1.0	3.37	3.37	29	29	29	29
OG0006504	201.0	0.0	1	1	1.0	1.0	3.3	3.3	27	27	27	27
OG0006505	363.0	0.0	1	1	1.0	1.0	3.3	3.3	27	27	27	27
OG0006506	207.0	0.0	1	1	1.0	1.0	3.18	3.18	24	24	24	24
OG0006507	165.0	0.0	1	1	1.0	1.0	3.22	3.22	25	25	25	25
OG0006508	93.0	0.0	1	1	1.0	1.0	3.22	3.22	25	25	25	25
OG0006509	303.0	0.0	1	1	1.0	1.0	3.3	3.3	27	27	27	27
OG0006510	270.0	0.0	1	1	1.0	1.0	3.37	3.37	29	29	29	29
OG0006511	342.0	0.0	1	1	1.0	1.0	3.37	3.37	29	29	29	29
OG0006512	285.0	0.0	1	1	1.0	1.0	3.37	3.37	29	29	29	29
OG0006513	642.0	0.0	1	1	1.0	1.0	3.43	3.43	31	31	31	31
OG0006514	198.0	0.0	1	1	1.0	1.0	3.4	3.4	30	30	30	30
OG0006515	111.0	0.0	1	1	1.0	1.0	3.4	3.4	30	30	30	30
OG0006516	240.0	0.0	1	1	1.0	1.0	3.4	3.4	30	30	30	30
OG0006517	114.0	0.0	1	1	1.0	1.0	3.37	3.37	29	29	29	29
OG0006518	228.0	0.0	1	1	1.0	1.0	3.33	3.33	28	28	28	28
OG0006519	159.0	0.0	1	1	1.0	1.0	3.22	3.22	25	25	25	25
OG0006520	96.0	0.0	1	1	1.0	1.0	3.18	3.18	24	24	24	24
OG0006521	204.0	0.0	1	1	1.0	1.0	3.18	3.18	24	24	24	24
OG0006522	177.0	0.0	1	1	1.0	1.0	3.18	3.18	24	24	24	24
OG0006523	456.0	0.0	1	1	1.0	1.0	3.3	3.3	27	27	27	27
OG0006524	354.0	0.0	1	1	1.0	1.0	3.26	3.26	26	26	26	26
OG0006525	174.0	0.0	1	1	1.0	1.0	3.26	3.26	26	26	26	26
OG0006526	204.0	0.0	1	1	1.0	1.0	3.26	3.26	26	26	26	26
OG0006527	240.0	0.0	1	1	1.0	1.0	3.37	3.37	29	29	29	29
OG0006528	126.0	0.0	1	1	1.0	1.0	3.33	3.33	28	28	28	28
OG0006529	249.0	0.0	1	1	1.0	1.0	3.33	3.33	28	28	28	28
OG0006530	183.0	0.0	1	1	1.0	1.0	3.33	3.33	28	28	28	28
OG0006531	222.0	0.0	1	1	1.0	1.0	3.26	3.26	26	26	26	26
OG0006532	153.0	0.0	1	1	1.0	1.0	3.3	3.3	27	27	27	27
OG0006533	213.0	0.0	1	1	1.0	1.0	3.18	3.18	24	24	24	24
OG0006534	354.0	0.0	1	1	1.0	1.0	3.14	3.14	23	23	23	23
OG0006535	213.0	0.0	1	1	1.0	1.0	3.3	3.3	27	27	27	27
OG0006536	165.0	0.0	1	1	1.0	1.0	3.4	3.4	30	30	30	30
OG0006537	327.0	0.0	1	1	1.0	1.0	3.37	3.37	29	29	29	29
OG0006538	237.0	0.0	1	1	1.0	1.0	3.33	3.33	28	28	28	28
OG0006539	138.0	0.0	1	1	1.0	1.0	3.3	3.3	27	27	27	27
OG0006540	333.0	0.0	1	1	1.0	1.0	3.33	3.33	28	28	28	28
OG0006541	111.0	0.0	1	1	1.0	1.0	3.37	3.37	29	29	29	29
OG0006542	189.0	0.0	1	1	1.0	1.0	3.4	3.4	30	30	30	30
OG0006543	111.0	0.0	1	1	1.0	1.0	3.33	3.33	28	28	28	28
OG0006544	195.0	0.0	1	1	1.0	1.0	3.22	3.22	25	25	25	25
OG0006545	513.0	0.0	1	1	1.0	1.0	3.22	3.22	25	25	25	25
OG0006546	177.0	0.0	1	1	1.0	1.0	3.22	3.22	25	25	25	25
OG0006547	111.0	0.0	1	1	1.0	1.0	3.3	3.3	27	27	27	27
OG0006548	255.0	0.0	1	1	1.0	1.0	3.26	3.26	26	26	26	26
OG0006549	93.0	0.0	1	1	1.0	1.0	3.33	3.33	28	28	28	28
OG0006550	204.0	0.0	1	1	1.0	1.0	3.37	3.37	29	29	29	29
OG0006551	225.0	0.0	1	1	1.0	1.0	3.33	3.33	28	28	28	28
OG0006552	123.0	0.0	1	1	1.0	1.0	3.33	3.33	28	28	28	28
OG0006553	669.0	0.0	1	1	1.0	1.0	3.3	3.3	27	27	27	27
OG0006554	126.0	0.0	1	1	1.0	1.0	3.3	3.3	27	27	27	27
OG0006555	168.0	0.0	1	1	1.0	1.0	3.4	3.4	30	30	30	30
OG0006556	135.0	0.0	1	1	1.0	1.0	3.33	3.33	28	28	28	28
OG0006557	207.0	0.0	1	1	1.0	1.0	3.33	3.33	28	28	28	28
OG0006558	156.0	0.0	1	1	1.0	1.0	3.22	3.22	25	25	25	25
OG0006559	180.0	0.0	1	1	1.0	1.0	3.22	3.22	25	25	25	25
OG0006560	144.0	0.0	1	1	1.0	1.0	3.26	3.26	26	26	26	26
OG0006561	201.0	0.0	1	1	1.0	1.0	3.14	3.14	23	23	23	23
OG0006562	99.0	0.0	1	1	1.0	1.0	3.14	3.14	23	23	23	23
OG0006563	249.0	0.0	1	1	1.0	1.0	3.37	3.37	29	29	29	29
OG0006564	273.0	0.0	1	1	1.0	1.0	3.37	3.37	29	29	29	29
OG0006565	192.0	0.0	1	1	1.0	1.0	3.33	3.33	28	28	28	28
OG0006566	309.0	0.0	1	1	1.0	1.0	3.33	3.33	28	28	28	28
OG0006567	159.0	0.0	1	1	1.0	1.0	3.37	3.37	29	29	29	29
OG0006568	312.0	0.0	1	1	1.0	1.0	3.37	3.37	29	29	29	29
OG0006569	153.0	0.0	1	1	1.0	1.0	3.37	3.37	29	29	29	29
OG0006570	399.0	0.0	1	1	1.0	1.0	3.43	3.43	31	31	31	31
OG0006571	435.0	0.0	1	1	1.0	1.0	3.43	3.43	31	31	31	31
OG0006572	213.0	0.0	1	1	1.0	1.0	3.4	3.4	30	30	30	30
OG0006573	159.0	0.0	1	1	1.0	1.0	3.4	3.4	30	30	30	30
OG0006574	267.0	0.0	1	1	1.0	1.0	3.33	3.33	28	28	28	28
OG0006575	114.0	0.0	1	1	1.0	1.0	3.33	3.33	28	28	28	28
OG0006576	144.0	0.0	1	1	1.0	1.0	3.33	3.33	28	28	28	28
OG0006577	306.0	0.0	1	1	1.0	1.0	3.33	3.33	28	28	28	28
OG0006578	306.0	0.0	1	1	1.0	1.0	3.33	3.33	28	28	28	28
OG0006579	570.0	0.0	1	1	1.0	1.0	3.33	3.33	28	28	28	28
OG0006580	210.0	0.0	1	1	1.0	1.0	3.33	3.33	28	28	28	28
OG0006581	192.0	0.0	1	1	1.0	1.0	3.33	3.33	28	28	28	28
OG0006582	144.0	0.0	1	1	1.0	1.0	3.22	3.22	25	25	25	25
OG0006583	234.0	0.0	1	1	1.0	1.0	3.22	3.22	25	25	25	25
OG0006584	267.0	0.0	1	1	1.0	1.0	3.22	3.22	25	25	25	25
OG0006585	369.0	0.0	1	1	1.0	1.0	3.33	3.33	28	28	28	28
OG0006586	276.0	0.0	1	1	1.0	1.0	3.26	3.26	26	26	26	26
OG0006587	204.0	0.0	1	1	1.0	1.0	3.33	3.33	28	28	28	28
OG0006588	222.0	0.0	1	1	1.0	1.0	3.22	3.22	25	25	25	25
OG0006589	120.0	0.0	1	1	1.0	1.0	3.22	3.22	25	25	25	25
OG0006590	195.0	0.0	1	1	1.0	1.0	3.22	3.22	25	25	25	25
OG0006591	156.0	0.0	1	1	1.0	1.0	3.22	3.22	25	25	25	25
OG0006592	294.0	0.0	1	1	1.0	1.0	2.94	2.94	19	19	19	19
OG0006593	117.0	0.0	1	1	1.0	1.0	3.81	3.81	45	45	45	45
OG0006594	246.0	0.0	1	1	1.0	1.0	3.83	3.83	46	46	46	46
OG0006595	225.0	0.0	1	1	1.0	1.0	3.83	3.83	46	46	46	46
OG0006596	201.0	0.0	1	1	1.0	1.0	3.85	3.85	47	47	47	47
OG0006597	111.0	0.0	1	1	1.0	1.0	3.83	3.83	46	46	46	46
OG0006598	165.0	0.0	1	1	1.0	1.0	3.69	3.69	40	40	40	40
OG0006599	123.0	0.0	1	1	1.0	1.0	3.53	3.53	34	34	34	34
OG0006600	255.0	0.0	1	1	1.0	1.0	3.56	3.56	35	35	35	35
OG0006601	138.0	0.0	1	1	1.0	1.0	3.5	3.5	33	33	33	33
OG0006602	201.0	0.0	1	1	1.0	1.0	3.33	3.33	28	28	28	28
OG0006603	249.0	0.0	1	1	1.0	1.0	3.26	3.26	26	26	26	26
OG0006604	213.0	0.0	1	1	1.0	1.0	3.18	3.18	24	24	24	24
OG0006605	246.0	0.0	1	1	1.0	1.0	3.04	3.04	21	21	21	21
OG0006606	312.0	0.0	1	1	1.0	1.0	3.04	3.04	21	21	21	21
OG0006607	318.0	0.0	1	1	1.0	1.0	3.0	3.0	20	20	20	20
OG0006608	177.0	0.0	1	1	1.0	1.0	3.26	3.26	26	26	26	26
OG0006609	141.0	0.0	1	1	1.0	1.0	3.14	3.14	23	23	23	23
OG0006610	261.0	0.0	1	1	1.0	1.0	3.14	3.14	23	23	23	23
OG0006611	207.0	0.0	1	1	1.0	1.0	3.22	3.22	25	25	25	25
OG0006612	315.0	0.0	1	1	1.0	1.0	3.22	3.22	25	25	25	25
OG0006613	312.0	0.0	1	1	1.0	1.0	3.3	3.3	27	27	27	27
OG0006614	348.0	0.0	1	1	1.0	1.0	3.33	3.33	28	28	28	28
OG0006615	183.0	0.0	1	1	1.0	1.0	3.5	3.5	33	33	33	33
OG0006616	138.0	0.0	1	1	1.0	1.0	3.5	3.5	33	33	33	33
OG0006617	168.0	0.0	1	1	1.0	1.0	3.5	3.5	33	33	33	33
OG0006618	351.0	0.0	1	1	1.0	1.0	3.53	3.53	34	34	34	34
OG0006619	315.0	0.0	1	1	1.0	1.0	3.61	3.61	37	37	37	37
OG0006620	240.0	0.0	1	1	1.0	1.0	3.61	3.61	37	37	37	37
OG0006621	252.0	0.0	1	1	1.0	1.0	3.58	3.58	36	36	36	36
OG0006622	285.0	0.0	1	1	1.0	1.0	3.56	3.56	35	35	35	35
OG0006623	174.0	0.0	1	1	1.0	1.0	3.58	3.58	36	36	36	36
OG0006624	159.0	0.0	1	1	1.0	1.0	3.58	3.58	36	36	36	36
OG0006625	144.0	0.0	1	1	1.0	1.0	3.56	3.56	35	35	35	35
OG0006626	210.0	0.0	1	1	1.0	1.0	3.53	3.53	34	34	34	34
OG0006627	645.0	0.0	1	1	1.0	1.0	3.53	3.53	34	34	34	34
OG0006628	231.0	0.0	1	1	1.0	1.0	3.5	3.5	33	33	33	33
OG0006629	102.0	0.0	1	1	1.0	1.0	3.4	3.4	30	30	30	30
OG0006630	93.0	0.0	1	1	1.0	1.0	3.4	3.4	30	30	30	30
OG0006631	381.0	0.0	1	1	1.0	1.0	3.43	3.43	31	31	31	31
OG0006632	99.0	0.0	1	1	1.0	1.0	3.33	3.33	28	28	28	28
OG0006633	279.0	0.0	1	1	1.0	1.0	3.18	3.18	24	24	24	24
OG0006634	177.0	0.0	1	1	1.0	1.0	3.14	3.14	23	23	23	23
OG0006635	198.0	0.0	1	1	1.0	1.0	3.14	3.14	23	23	23	23
OG0006636	504.0	0.0	1	1	1.0	1.0	3.09	3.09	22	22	22	22
OG0006637	282.0	0.0	1	1	1.0	1.0	3.0	3.0	20	20	20	20
OG0006638	144.0	0.0	1	1	1.0	1.0	3.74	3.74	42	42	42	42
OG0006639	195.0	0.0	1	1	1.0	1.0	3.76	3.76	43	43	43	43
OG0006640	147.0	0.0	1	1	1.0	1.0	3.78	3.78	44	44	44	44
OG0006641	348.0	0.0	1	1	1.0	1.0	3.64	3.64	38	38	38	38
OG0006642	300.0	0.0	1	1	1.0	1.0	3.5	3.5	33	33	33	33
OG0006643	138.0	0.0	1	1	1.0	1.0	3.47	3.47	32	32	32	32
OG0006644	192.0	0.0	1	1	1.0	1.0	3.47	3.47	32	32	32	32
OG0006645	357.0	0.0	1	1	1.0	1.0	3.26	3.26	26	26	26	26
OG0006646	324.0	0.0	1	1	1.0	1.0	3.22	3.22	25	25	25	25
OG0006647	357.0	0.0	1	1	1.0	1.0	3.18	3.18	24	24	24	24
OG0006648	654.0	0.0	1	1	1.0	1.0	3.22	3.22	25	25	25	25
OG0006649	291.0	0.0	1	1	1.0	1.0	3.22	3.22	25	25	25	25
OG0006650	303.0	0.0	1	1	1.0	1.0	3.22	3.22	25	25	25	25
OG0006651	246.0	0.0	1	1	1.0	1.0	3.18	3.18	24	24	24	24
OG0006652	228.0	0.0	1	1	1.0	1.0	3.09	3.09	22	22	22	22
OG0006653	225.0	0.0	1	1	1.0	1.0	3.09	3.09	22	22	22	22
OG0006654	348.0	0.0	1	1	1.0	1.0	3.04	3.04	21	21	21	21
OG0006655	435.0	0.0	1	1	1.0	1.0	3.33	3.33	28	28	28	28
OG0006656	339.0	0.0	1	1	1.0	1.0	3.33	3.33	28	28	28	28
OG0006657	240.0	0.0	1	1	1.0	1.0	3.26	3.26	26	26	26	26
OG0006658	279.0	0.0	1	1	1.0	1.0	3.22	3.22	25	25	25	25
OG0006659	381.0	0.0	1	1	1.0	1.0	3.3	3.3	27	27	27	27
OG0006660	258.0	0.0	1	1	1.0	1.0	3.43	3.43	31	31	31	31
OG0006661	303.0	0.0	1	1	1.0	1.0	3.43	3.43	31	31	31	31
OG0006662	168.0	0.0	1	1	1.0	1.0	3.4	3.4	30	30	30	30
OG0006663	168.0	0.0	1	1	1.0	1.0	3.33	3.33	28	28	28	28
OG0006664	162.0	0.0	1	1	1.0	1.0	3.33	3.33	28	28	28	28
OG0006665	243.0	0.0	1	1	1.0	1.0	3.33	3.33	28	28	28	28
OG0006666	273.0	0.0	1	1	1.0	1.0	3.47	3.47	32	32	32	32
OG0006667	153.0	0.0	1	1	1.0	1.0	3.4	3.4	30	30	30	30
OG0006668	96.0	0.0	1	1	1.0	1.0	3.43	3.43	31	31	31	31
OG0006669	315.0	0.0	1	1	1.0	1.0	3.43	3.43	31	31	31	31
OG0006670	318.0	0.0	1	1	1.0	1.0	3.43	3.43	31	31	31	31
OG0006671	159.0	0.0	1	1	1.0	1.0	3.43	3.43	31	31	31	31
OG0006672	234.0	0.0	1	1	1.0	1.0	3.4	3.4	30	30	30	30
OG0006673	156.0	0.0	1	1	1.0	1.0	3.4	3.4	30	30	30	30
OG0006674	147.0	0.0	1	1	1.0	1.0	3.47	3.47	32	32	32	32
OG0006675	132.0	0.0	1	1	1.0	1.0	3.18	3.18	24	24	24	24
OG0006676	255.0	0.0	1	1	1.0	1.0	3.04	3.04	21	21	21	21
OG0006677	177.0	0.0	1	1	1.0	1.0	3.0	3.0	20	20	20	20
OG0006678	168.0	0.0	1	1	1.0	1.0	2.64	2.64	14	14	14	14
OG0006679	189.0	0.0	1	1	1.0	1.0	2.94	2.94	19	19	19	19
OG0006680	273.0	0.0	1	1	1.0	1.0	3.0	3.0	20	20	20	20
OG0006681	324.0	0.0	1	1	1.0	1.0	3.0	3.0	20	20	20	20
OG0006682	402.0	0.0	1	1	1.0	1.0	3.22	3.22	25	25	25	25
OG0006683	159.0	0.0	1	1	1.0	1.0	3.26	3.26	26	26	26	26
OG0006684	270.0	0.0	1	1	1.0	1.0	3.14	3.14	23	23	23	23
OG0006685	372.0	0.0	1	1	1.0	1.0	3.14	3.14	23	23	23	23
OG0006686	255.0	0.0	1	1	1.0	1.0	3.14	3.14	23	23	23	23
OG0006687	225.0	0.0	1	1	1.0	1.0	3.22	3.22	25	25	25	25
OG0006688	105.0	0.0	1	1	1.0	1.0	3.61	3.61	37	37	37	37
OG0006689	123.0	0.0	1	1	1.0	1.0	3.64	3.64	38	38	38	38
OG0006690	261.0	0.0	1	1	1.0	1.0	3.64	3.64	38	38	38	38
OG0006691	195.0	0.0	1	1	1.0	1.0	3.69	3.69	40	40	40	40
OG0006692	93.0	0.0	1	1	1.0	1.0	3.71	3.71	41	41	41	41
OG0006693	132.0	0.0	1	1	1.0	1.0	3.76	3.76	43	43	43	43
OG0006694	108.0	0.0	1	1	1.0	1.0	3.76	3.76	43	43	43	43
OG0006695	165.0	0.0	1	1	1.0	1.0	3.85	3.85	47	47	47	47
OG0006696	114.0	0.0	1	1	1.0	1.0	3.83	3.83	46	46	46	46
OG0006697	168.0	0.0	1	1	1.0	1.0	3.76	3.76	43	43	43	43
OG0006698	189.0	0.0	1	1	1.0	1.0	3.71	3.71	41	41	41	41
OG0006699	189.0	0.0	1	1	1.0	1.0	3.53	3.53	34	34	34	34
OG0006700	726.0	0.0	1	1	1.0	1.0	3.14	3.14	23	23	23	23
OG0006701	504.0	0.0	1	1	1.0	1.0	3.26	3.26	26	26	26	26
OG0006702	348.0	0.0	1	1	1.0	1.0	3.22	3.22	25	25	25	25
OG0006703	180.0	0.0	1	1	1.0	1.0	3.3	3.3	27	27	27	27
OG0006704	195.0	0.0	1	1	1.0	1.0	3.33	3.33	28	28	28	28
OG0006705	255.0	0.0	1	1	1.0	1.0	3.26	3.26	26	26	26	26
OG0006706	258.0	0.0	1	1	1.0	1.0	3.33	3.33	28	28	28	28
OG0006707	141.0	0.0	1	1	1.0	1.0	3.14	3.14	23	23	23	23
OG0006708	345.0	0.0	1	1	1.0	1.0	3.14	3.14	23	23	23	23
OG0006709	510.0	0.0	1	1	1.0	1.0	3.22	3.22	25	25	25	25
OG0006710	597.0	0.0	1	1	1.0	1.0	3.3	3.3	27	27	27	27
OG0006711	99.0	0.0	1	1	1.0	1.0	3.3	3.3	27	27	27	27
OG0006712	159.0	0.0	1	1	1.0	1.0	3.3	3.3	27	27	27	27
OG0006713	108.0	0.0	1	1	1.0	1.0	3.3	3.3	27	27	27	27
OG0006714	225.0	0.0	1	1	1.0	1.0	3.3	3.3	27	27	27	27
OG0006715	144.0	0.0	1	1	1.0	1.0	3.37	3.37	29	29	29	29
OG0006716	186.0	0.0	1	1	1.0	1.0	3.4	3.4	30	30	30	30
OG0006717	294.0	0.0	1	1	1.0	1.0	3.37	3.37	29	29	29	29
OG0006718	96.0	0.0	1	1	1.0	1.0	3.22	3.22	25	25	25	25
OG0006719	570.0	0.0	1	1	1.0	1.0	3.26	3.26	26	26	26	26
OG0006720	423.0	0.0	1	1	1.0	1.0	3.09	3.09	22	22	22	22
OG0006721	309.0	0.0	1	1	1.0	1.0	3.09	3.09	22	22	22	22
OG0006722	168.0	0.0	1	1	1.0	1.0	3.14	3.14	23	23	23	23
OG0006723	162.0	0.0	1	1	1.0	1.0	3.09	3.09	22	22	22	22
OG0006724	303.0	0.0	1	1	1.0	1.0	3.09	3.09	22	22	22	22
OG0006725	162.0	0.0	1	1	1.0	1.0	3.22	3.22	25	25	25	25
OG0006726	135.0	0.0	1	1	1.0	1.0	3.22	3.22	25	25	25	25
OG0006727	96.0	0.0	1	1	1.0	1.0	3.22	3.22	25	25	25	25
OG0006728	114.0	0.0	1	1	1.0	1.0	3.22	3.22	25	25	25	25
OG0006729	168.0	0.0	1	1	1.0	1.0	3.33	3.33	28	28	28	28
OG0006730	189.0	0.0	1	1	1.0	1.0	3.37	3.37	29	29	29	29
OG0006731	111.0	0.0	1	1	1.0	1.0	3.43	3.43	31	31	31	31
OG0006732	111.0	0.0	1	1	1.0	1.0	3.33	3.33	28	28	28	28
OG0006733	231.0	0.0	1	1	1.0	1.0	3.26	3.26	26	26	26	26
OG0006734	207.0	0.0	1	1	1.0	1.0	3.22	3.22	25	25	25	25
OG0006735	378.0	0.0	1	1	1.0	1.0	3.3	3.3	27	27	27	27
OG0006736	135.0	0.0	1	1	1.0	1.0	3.3	3.3	27	27	27	27
OG0006737	255.0	0.0	1	1	1.0	1.0	3.26	3.26	26	26	26	26
OG0006738	291.0	0.0	1	1	1.0	1.0	3.3	3.3	27	27	27	27
OG0006739	186.0	0.0	1	1	1.0	1.0	3.26	3.26	26	26	26	26
OG0006740	93.0	0.0	1	1	1.0	1.0	3.22	3.22	25	25	25	25
OG0006741	141.0	0.0	1	1	1.0	1.0	3.14	3.14	23	23	23	23
OG0006742	189.0	0.0	1	1	1.0	1.0	3.09	3.09	22	22	22	22
OG0006743	138.0	0.0	1	1	1.0	1.0	2.83	2.83	17	17	17	17
OG0006744	159.0	0.0	1	1	1.0	1.0	3.18	3.18	24	24	24	24
OG0006745	435.0	0.0	1	1	1.0	1.0	3.18	3.18	24	24	24	24
OG0006746	261.0	0.0	1	1	1.0	1.0	3.18	3.18	24	24	24	24
OG0006747	288.0	0.0	1	1	1.0	1.0	3.14	3.14	23	23	23	23
OG0006748	492.0	0.0	1	1	1.0	1.0	3.14	3.14	23	23	23	23
OG0006749	546.0	0.0	1	1	1.0	1.0	3.18	3.18	24	24	24	24
OG0006750	207.0	0.0	1	1	1.0	1.0	3.0	3.0	20	20	20	20
OG0006751	264.0	0.0	1	1	1.0	1.0	3.04	3.04	21	21	21	21
OG0006752	156.0	0.0	1	1	1.0	1.0	3.09	3.09	22	22	22	22
OG0006753	183.0	0.0	1	1	1.0	1.0	3.14	3.14	23	23	23	23
OG0006754	138.0	0.0	1	1	1.0	1.0	3.18	3.18	24	24	24	24
OG0006755	354.0	0.0	1	1	1.0	1.0	3.26	3.26	26	26	26	26
OG0006756	276.0	0.0	1	1	1.0	1.0	3.22	3.22	25	25	25	25
OG0006757	243.0	0.0	1	1	1.0	1.0	3.14	3.14	23	23	23	23
OG0006758	447.0	0.0	1	1	1.0	1.0	2.83	2.83	17	17	17	17
OG0006759	177.0	0.0	1	1	1.0	1.0	2.83	2.83	17	17	17	17
OG0006760	456.0	0.0	1	1	1.0	1.0	3.0	3.0	20	20	20	20
OG0006761	348.0	0.0	1	1	1.0	1.0	3.0	3.0	20	20	20	20
OG0006762	174.0	0.0	1	1	1.0	1.0	2.89	2.89	18	18	18	18
OG0006763	147.0	0.0	1	1	1.0	1.0	3.09	3.09	22	22	22	22
OG0006764	255.0	0.0	1	1	1.0	1.0	3.0	3.0	20	20	20	20
OG0006765	294.0	0.0	1	1	1.0	1.0	3.04	3.04	21	21	21	21
OG0006766	213.0	0.0	1	1	1.0	1.0	3.04	3.04	21	21	21	21
OG0006767	243.0	0.0	1	1	1.0	1.0	2.83	2.83	17	17	17	17
OG0006768	96.0	0.0	1	1	1.0	1.0	2.83	2.83	17	17	17	17
OG0006769	165.0	0.0	1	1	1.0	1.0	3.14	3.14	23	23	23	23
OG0006770	150.0	0.0	1	1	1.0	1.0	3.14	3.14	23	23	23	23
OG0006771	183.0	0.0	1	1	1.0	1.0	3.18	3.18	24	24	24	24
OG0006772	120.0	0.0	1	1	1.0	1.0	3.0	3.0	20	20	20	20
OG0006773	198.0	0.0	1	1	1.0	1.0	2.71	2.71	15	15	15	15
OG0006774	447.0	0.0	1	1	1.0	1.0	2.77	2.77	16	16	16	16
OG0006775	168.0	0.0	1	1	1.0	1.0	2.89	2.89	18	18	18	18
OG0006776	234.0	0.0	1	1	1.0	1.0	3.22	3.22	25	25	25	25
OG0006777	288.0	0.0	1	1	1.0	1.0	3.22	3.22	25	25	25	25
OG0006778	243.0	0.0	1	1	1.0	1.0	3.22	3.22	25	25	25	25
OG0006779	117.0	0.0	1	1	1.0	1.0	3.18	3.18	24	24	24	24
OG0006780	183.0	0.0	1	1	1.0	1.0	3.22	3.22	25	25	25	25
OG0006781	387.0	0.0	1	1	1.0	1.0	3.22	3.22	25	25	25	25
OG0006782	243.0	0.0	1	1	1.0	1.0	3.22	3.22	25	25	25	25
OG0006783	96.0	0.0	1	1	1.0	1.0	3.18	3.18	24	24	24	24
OG0006784	180.0	0.0	1	1	1.0	1.0	3.18	3.18	24	24	24	24
OG0006785	183.0	0.0	1	1	1.0	1.0	3.18	3.18	24	24	24	24
OG0006786	240.0	0.0	1	1	1.0	1.0	3.04	3.04	21	21	21	21
OG0006787	132.0	0.0	1	1	1.0	1.0	3.09	3.09	22	22	22	22
OG0006788	516.0	0.0	1	1	1.0	1.0	3.14	3.14	23	23	23	23
OG0006789	339.0	0.0	1	1	1.0	1.0	3.18	3.18	24	24	24	24
OG0006790	273.0	0.0	1	1	1.0	1.0	3.09	3.09	22	22	22	22
OG0006791	396.0	0.0	1	1	1.0	1.0	3.0	3.0	20	20	20	20
OG0006792	405.0	0.0	1	1	1.0	1.0	2.94	2.94	19	19	19	19
OG0006793	387.0	0.0	1	1	1.0	1.0	3.0	3.0	20	20	20	20
OG0006794	171.0	0.0	1	1	1.0	1.0	3.04	3.04	21	21	21	21
OG0006795	99.0	0.0	1	1	1.0	1.0	3.04	3.04	21	21	21	21
OG0006796	312.0	0.0	1	1	1.0	1.0	3.14	3.14	23	23	23	23
OG0006797	207.0	0.0	1	1	1.0	1.0	3.04	3.04	21	21	21	21
OG0006798	114.0	0.0	1	1	1.0	1.0	3.09	3.09	22	22	22	22
OG0006799	357.0	0.0	1	1	1.0	1.0	3.09	3.09	22	22	22	22
OG0006800	186.0	0.0	1	1	1.0	1.0	3.0	3.0	20	20	20	20
OG0006801	705.0	0.0	1	1	1.0	1.0	2.89	2.89	18	18	18	18
OG0006802	171.0	0.0	1	1	1.0	1.0	2.83	2.83	17	17	17	17
OG0006803	312.0	0.0	1	1	1.0	1.0	2.77	2.77	16	16	16	16
OG0006804	144.0	0.0	1	1	1.0	1.0	2.89	2.89	18	18	18	18
OG0006805	297.0	0.0	1	1	1.0	1.0	3.0	3.0	20	20	20	20
OG0006806	123.0	0.0	1	1	1.0	1.0	3.09	3.09	22	22	22	22
OG0006807	540.0	0.0	1	1	1.0	1.0	2.48	2.48	12	12	12	12
OG0006808	6150.0	0.0	1	1	1.0	1.0	2.77	2.77	16	16	16	16
OG0006809	477.0	0.0	1	1	1.0	1.0	2.4	2.4	11	11	11	11
OG0006810	969.0	0.0	1	1	1.0	1.0	2.4	2.4	11	11	11	11
OG0006811	702.0	0.0	1	1	1.0	1.0	3.09	3.09	22	22	22	22
OG0006812	441.0	0.0	1	1	1.0	1.0	3.09	3.09	22	22	22	22
OG0006813	882.0	0.0	1	1	1.0	1.0	3.09	3.09	22	22	22	22
OG0006814	204.0	0.0	1	1	1.0	1.0	3.14	3.14	23	23	23	23
OG0006815	129.0	0.0	1	1	1.0	1.0	3.0	3.0	20	20	20	20
OG0006816	249.0	0.0	1	1	1.0	1.0	3.47	3.47	32	32	32	32
OG0006817	504.0	0.0	1	1	1.0	1.0	3.56	3.56	35	35	35	35
OG0006818	219.0	0.0	1	1	1.0	1.0	3.56	3.56	35	35	35	35
OG0006819	510.0	0.0	1	1	1.0	1.0	3.4	3.4	30	30	30	30
OG0006820	114.0	0.0	1	1	1.0	1.0	2.83	2.83	17	17	17	17
OG0006821	303.0	0.0	1	1	1.0	1.0	3.04	3.04	21	21	21	21
OG0006822	318.0	0.0	1	1	1.0	1.0	3.0	3.0	20	20	20	20
OG0006823	159.0	0.0	1	1	1.0	1.0	3.78	3.78	44	44	44	44
OG0006824	252.0	0.0	1	1	1.0	1.0	3.81	3.81	45	45	45	45
OG0006825	213.0	0.0	1	1	1.0	1.0	3.69	3.69	40	40	40	40
OG0006826	105.0	0.0	1	1	1.0	1.0	3.58	3.58	36	36	36	36
OG0006827	603.0	0.0	1	1	1.0	1.0	3.09	3.09	22	22	22	22
OG0006828	279.0	0.0	1	1	1.0	1.0	2.94	2.94	19	19	19	19
OG0006829	444.0	0.0	1	1	1.0	1.0	2.64	2.64	14	14	14	14
OG0006830	477.0	0.0	1	1	1.0	1.0	3.18	3.18	24	24	24	24
OG0006831	315.0	0.0	1	1	1.0	1.0	3.04	3.04	21	21	21	21
OG0006832	132.0	0.0	1	1	1.0	1.0	3.56	3.56	35	35	35	35
OG0006833	306.0	0.0	1	1	1.0	1.0	3.66	3.66	39	39	39	39
OG0006834	417.0	0.0	1	1	1.0	1.0	3.64	3.64	38	38	38	38
OG0006835	204.0	0.0	1	1	1.0	1.0	3.64	3.64	38	38	38	38
OG0006836	105.0	0.0	1	1	1.0	1.0	3.09	3.09	22	22	22	22
OG0006837	177.0	0.0	1	1	1.0	1.0	2.94	2.94	19	19	19	19
OG0006838	165.0	0.0	1	1	1.0	1.0	3.14	3.14	23	23	23	23
OG0006839	99.0	0.0	1	1	1.0	1.0	3.09	3.09	22	22	22	22
OG0006840	249.0	0.0	1	1	1.0	1.0	2.64	2.64	14	14	14	14
OG0006841	183.0	0.0	1	1	1.0	1.0	3.66	3.66	39	39	39	39
OG0006842	294.0	0.0	1	1	1.0	1.0	3.09	3.09	22	22	22	22
OG0006843	738.0	0.0	1	1	1.0	1.0	3.14	3.14	23	23	23	23
OG0006844	153.0	0.0	1	1	1.0	1.0	3.0	3.0	20	20	20	20
OG0006845	156.0	0.0	1	1	1.0	1.0	3.09	3.09	22	22	22	22
OG0006846	1542.0	0.0	1	1	1.0	1.0	3.09	3.09	22	22	22	22
OG0006847	330.0	0.0	1	1	1.0	1.0	2.89	2.89	18	18	18	18
OG0006848	465.0	0.0	1	1	1.0	1.0	3.0	3.0	20	20	20	20
OG0006849	135.0	0.0	1	1	1.0	1.0	3.14	3.14	23	23	23	23
OG0006850	174.0	0.0	1	1	1.0	1.0	3.14	3.14	23	23	23	23
OG0006851	1959.0	1.0	1	1	1.0	NA	2.48	NA	12	0	12	12
OG0006852	1134.0	1.0	1	1	1.0	NA	2.3	NA	10	0	10	10
OG0006853	180.0	0.0	1	1	1.0	1.0	2.89	2.89	18	18	18	18
OG0006854	111.0	0.0	1	1	1.0	1.0	2.71	2.71	15	15	15	15
OG0006855	171.0	0.0	1	1	1.0	1.0	3.0	3.0	20	20	20	20
OG0006856	306.0	0.0	1	1	1.0	1.0	2.94	2.94	19	19	19	19
OG0006857	141.0	0.0	1	1	1.0	1.0	2.94	2.94	19	19	19	19
OG0006858	252.0	0.0	1	1	1.0	1.0	3.04	3.04	21	21	21	21
OG0006859	7278.0	0.0	1	1	1.0	1.0	2.56	2.56	13	13	13	13
OG0006860	105.0	0.0	1	1	1.0	1.0	2.89	2.89	18	18	18	18
OG0006861	498.0	0.0	1	1	1.0	1.0	3.26	3.26	26	26	26	26
OG0006862	276.0	0.0	1	1	1.0	1.0	3.18	3.18	24	24	24	24
OG0006863	1230.0	0.0	1	1	1.0	1.0	3.04	3.04	21	21	21	21
OG0006864	174.0	0.0	1	1	1.0	1.0	3.09	3.09	22	22	22	22
OG0006865	96.0	0.0	1	1	1.0	1.0	2.94	2.94	19	19	19	19
OG0006866	612.0	0.0	1	1	1.0	1.0	3.09	3.09	22	22	22	22
OG0006867	135.0	0.0	1	1	1.0	1.0	2.77	2.77	16	16	16	16
OG0006868	93.0	0.0	1	1	1.0	1.0	2.89	2.89	18	18	18	18
OG0006869	243.0	0.0	1	1	1.0	1.0	3.61	3.61	37	37	37	37
OG0006870	540.0	0.0	1	1	1.0	1.0	3.64	3.64	38	38	38	38
OG0006871	270.0	0.0	1	1	1.0	1.0	3.26	3.26	26	26	26	26
OG0006872	120.0	0.0	1	1	1.0	1.0	3.09	3.09	22	22	22	22
OG0006873	270.0	0.0	1	1	1.0	1.0	3.14	3.14	23	23	23	23
OG0006874	372.0	0.0	1	1	1.0	1.0	3.22	3.22	25	25	25	25
OG0006875	273.0	0.0	1	1	1.0	1.0	3.3	3.3	27	27	27	27
OG0006876	417.0	0.0	1	1	1.0	1.0	3.09	3.09	22	22	22	22
OG0006877	498.0	0.0	1	1	1.0	1.0	3.09	3.09	22	22	22	22
OG0006878	249.0	0.0	1	1	1.0	1.0	3.14	3.14	23	23	23	23
OG0006880	387.0	1.0	1	1	1.0	NA	2.4	NA	11	0	11	11
OG0006881	273.0	1.0	1	1	1.0	NA	2.4	NA	11	0	11	11
OG0006882	96.0	0.0	1	1	1.0	1.0	2.48	2.48	12	12	12	12
OG0006883	171.0	0.0	1	1	1.0	1.0	2.89	2.89	18	18	18	18
OG0006884	210.0	0.0	1	1	1.0	1.0	2.94	2.94	19	19	19	19
OG0006885	93.0	0.0	1	1	1.0	1.0	2.64	2.64	14	14	14	14
OG0006886	291.0	0.0	1	1	1.0	1.0	2.71	2.71	15	15	15	15
OG0006887	123.0	0.0	1	1	1.0	1.0	3.0	3.0	20	20	20	20
OG0006888	297.0	0.0	1	1	1.0	1.0	2.83	2.83	17	17	17	17
OG0006889	243.0	0.0	1	1	1.0	1.0	2.71	2.71	15	15	15	15
OG0006890	2040.0	0.0	1	1	1.0	1.0	2.83	2.83	17	17	17	17
OG0006891	942.0	0.0	1	1	1.0	1.0	2.71	2.71	15	15	15	15
OG0006892	684.0	0.0	1	1	1.0	1.0	2.77	2.77	16	16	16	16
OG0006893	966.0	0.0	1	1	1.0	1.0	2.71	2.71	15	15	15	15
OG0006894	153.0	0.0	1	1	1.0	1.0	2.64	2.64	14	14	14	14
OG0006895	111.0	0.0	1	1	1.0	1.0	2.89	2.89	18	18	18	18
OG0006896	603.0	0.0	1	1	1.0	1.0	3.0	3.0	20	20	20	20
OG0006897	174.0	0.0	1	1	1.0	1.0	2.83	2.83	17	17	17	17
OG0006898	159.0	0.0	1	1	1.0	1.0	2.83	2.83	17	17	17	17
OG0006899	93.0	0.0	1	1	1.0	1.0	3.4	3.4	30	30	30	30
OG0006900	675.0	0.0	1	1	1.0	1.0	3.4	3.4	30	30	30	30
OG0006901	129.0	0.0	1	1	1.0	1.0	3.33	3.33	28	28	28	28
OG0006902	249.0	0.0	1	1	1.0	1.0	3.58	3.58	36	36	36	36
OG0006903	126.0	0.0	1	1	1.0	1.0	2.94	2.94	19	19	19	19
OG0006904	168.0	0.0	1	1	1.0	1.0	2.94	2.94	19	19	19	19
OG0006905	327.0	0.0	1	1	1.0	1.0	3.0	3.0	20	20	20	20
OG0006906	138.0	0.0	1	1	1.0	1.0	2.83	2.83	17	17	17	17
OG0006907	165.0	0.0	1	1	1.0	1.0	2.83	2.83	17	17	17	17
OG0006908	192.0	0.0	1	1	1.0	1.0	3.09	3.09	22	22	22	22
OG0006909	186.0	0.0	1	1	1.0	1.0	3.09	3.09	22	22	22	22
OG0006910	102.0	0.0	1	1	1.0	1.0	2.77	2.77	16	16	16	16
OG0006911	174.0	0.0	1	1	1.0	1.0	3.18	3.18	24	24	24	24
OG0006912	420.0	0.0	1	1	1.0	1.0	3.61	3.61	37	37	37	37
OG0006913	417.0	0.0	1	1	1.0	1.0	3.58	3.58	36	36	36	36
OG0006914	804.0	0.0	1	1	1.0	1.0	3.64	3.64	38	38	38	38
OG0006915	582.0	0.0	1	1	1.0	1.0	3.61	3.61	37	37	37	37
OG0006916	276.0	0.0	1	1	1.0	1.0	3.58	3.58	36	36	36	36
OG0006917	183.0	0.0	1	1	1.0	1.0	3.69	3.69	40	40	40	40
OG0006918	135.0	0.0	1	1	1.0	1.0	3.53	3.53	34	34	34	34
OG0006919	201.0	0.0	1	1	1.0	1.0	3.5	3.5	33	33	33	33
OG0006920	150.0	0.0	1	1	1.0	1.0	3.4	3.4	30	30	30	30
OG0006921	117.0	0.0	1	1	1.0	1.0	3.3	3.3	27	27	27	27
OG0006922	114.0	0.0	1	1	1.0	1.0	2.77	2.77	16	16	16	16
OG0006923	123.0	0.0	1	1	1.0	1.0	3.04	3.04	21	21	21	21
OG0006924	312.0	0.0	1	1	1.0	1.0	2.64	2.64	14	14	14	14
OG0006925	129.0	0.0	1	1	1.0	1.0	3.04	3.04	21	21	21	21
OG0006926	984.0	0.0	1	1	1.0	1.0	3.04	3.04	21	21	21	21
OG0006927	222.0	0.0	1	1	1.0	1.0	3.04	3.04	21	21	21	21
OG0006928	621.0	0.0	1	1	1.0	1.0	3.04	3.04	21	21	21	21
OG0006929	156.0	0.0	1	1	1.0	1.0	2.83	2.83	17	17	17	17
OG0006930	1011.0	0.0	1	1	1.0	1.0	3.33	3.33	28	28	28	28
OG0006931	180.0	0.0	1	1	1.0	1.0	3.14	3.14	23	23	23	23
OG0006932	141.0	0.0	1	1	1.0	1.0	3.18	3.18	24	24	24	24
OG0006933	150.0	0.0	1	1	1.0	1.0	2.89	2.89	18	18	18	18
OG0006934	501.0	0.0	1	1	1.0	1.0	3.04	3.04	21	21	21	21
OG0006935	351.0	0.0	1	1	1.0	1.0	3.04	3.04	21	21	21	21
OG0006936	105.0	1.0	1	1	1.0	NA	3.0	NA	20	0	20	20
OG0006937	90.0	0.0	1	1	1.0	1.0	3.09	3.09	22	22	22	22
OG0006938	384.0	0.0	1	1	1.0	1.0	3.09	3.09	22	22	22	22
OG0006939	90.0	0.0	1	1	1.0	1.0	3.09	3.09	22	22	22	22
OG0006940	258.0	0.0	1	1	1.0	1.0	3.0	3.0	20	20	20	20
OG0006941	294.0	0.0	1	1	1.0	1.0	2.94	2.94	19	19	19	19
OG0006942	252.0	0.0	1	1	1.0	1.0	2.94	2.94	19	19	19	19
OG0006943	1122.0	0.0	1	1	1.0	1.0	3.0	3.0	20	20	20	20
OG0006944	135.0	0.0	1	1	1.0	1.0	2.89	2.89	18	18	18	18
OG0006945	207.0	0.0	1	1	1.0	1.0	3.64	3.64	38	38	38	38
OG0006946	183.0	0.0	1	1	1.0	1.0	3.58	3.58	36	36	36	36
OG0006947	570.0	0.0	1	1	1.0	1.0	2.89	2.89	18	18	18	18
OG0006948	93.0	0.0	1	1	1.0	1.0	2.48	2.48	12	12	12	12
OG0006949	141.0	0.0	1	1	1.0	1.0	3.18	3.18	24	24	24	24
OG0006950	201.0	0.0	1	1	1.0	1.0	3.0	3.0	20	20	20	20
OG0006951	273.0	0.0	1	1	1.0	1.0	3.66	3.66	39	39	39	39
OG0006952	393.0	0.0	1	1	1.0	1.0	3.61	3.61	37	37	37	37
OG0006953	486.0	0.0	1	1	1.0	1.0	3.69	3.69	40	40	40	40
OG0006954	189.0	0.0	1	1	1.0	1.0	3.04	3.04	21	21	21	21
OG0006955	195.0	0.0	1	1	1.0	1.0	2.94	2.94	19	19	19	19
OG0006956	1560.0	1.0	1	1	1.0	NA	2.2	NA	9	0	9	9
OG0006957	1194.0	0.0	1	1	1.0	1.0	2.83	2.83	17	17	17	17
OG0006958	1461.0	0.0	1	1	1.0	1.0	2.77	2.77	16	16	16	16
OG0006959	876.0	0.0	1	1	1.0	1.0	2.77	2.77	16	16	16	16
OG0006960	735.0	0.0	1	1	1.0	1.0	2.71	2.71	15	15	15	15
OG0006961	126.0	0.0	1	1	1.0	1.0	2.94	2.94	19	19	19	19
OG0006962	138.0	0.0	1	1	1.0	1.0	3.14	3.14	23	23	23	23
OG0006963	132.0	0.0	1	1	1.0	1.0	3.0	3.0	20	20	20	20
OG0006964	231.0	0.0	1	1	1.0	1.0	3.0	3.0	20	20	20	20
OG0006965	96.0	0.0	1	1	1.0	1.0	3.14	3.14	23	23	23	23
OG0006966	183.0	0.0	1	1	1.0	1.0	2.94	2.94	19	19	19	19
OG0006967	189.0	0.0	1	1	1.0	1.0	3.56	3.56	35	35	35	35
OG0006968	612.0	0.0	1	1	1.0	1.0	3.58	3.58	36	36	36	36
OG0006969	237.0	0.0	1	1	1.0	1.0	3.53	3.53	34	34	34	34
OG0006970	483.0	0.0	1	1	1.0	1.0	3.58	3.58	36	36	36	36
OG0006971	288.0	0.0	1	1	1.0	1.0	3.58	3.58	36	36	36	36
OG0006972	186.0	0.0	1	1	1.0	1.0	3.56	3.56	35	35	35	35
OG0006973	624.0	0.0	1	1	1.0	1.0	3.56	3.56	35	35	35	35
OG0006974	771.0	0.0	1	1	1.0	1.0	3.53	3.53	34	34	34	34
OG0006975	183.0	0.0	1	1	1.0	1.0	3.26	3.26	26	26	26	26
OG0006976	183.0	0.0	1	1	1.0	1.0	3.14	3.14	23	23	23	23
OG0006977	282.0	0.0	1	1	1.0	1.0	2.89	2.89	18	18	18	18
OG0006978	105.0	0.0	1	1	1.0	1.0	2.4	2.4	11	11	11	11
OG0006979	93.0	0.0	1	1	1.0	1.0	2.64	2.64	14	14	14	14
OG0006980	171.0	0.0	1	1	1.0	1.0	3.0	3.0	20	20	20	20
OG0006981	852.0	0.0	1	1	1.0	1.0	3.14	3.14	23	23	23	23
OG0006982	111.0	0.0	1	1	1.0	1.0	3.0	3.0	20	20	20	20
OG0006983	543.0	0.0	1	1	1.0	1.0	3.4	3.4	30	30	30	30
OG0006984	198.0	0.0	1	1	1.0	1.0	3.3	3.3	27	27	27	27
OG0006985	318.0	0.0	1	1	1.0	1.0	3.26	3.26	26	26	26	26
OG0006986	219.0	0.0	1	1	1.0	1.0	3.37	3.37	29	29	29	29
OG0006987	411.0	0.0	1	1	1.0	1.0	3.3	3.3	27	27	27	27
OG0006988	180.0	0.0	1	1	1.0	1.0	3.3	3.3	27	27	27	27
OG0006989	288.0	0.0	1	1	1.0	1.0	3.26	3.26	26	26	26	26
OG0006990	252.0	0.0	1	1	1.0	1.0	3.3	3.3	27	27	27	27
OG0006991	243.0	0.0	1	1	1.0	1.0	3.33	3.33	28	28	28	28
OG0006992	312.0	0.0	1	1	1.0	1.0	3.09	3.09	22	22	22	22
OG0006993	960.0	0.0	1	1	1.0	1.0	3.09	3.09	22	22	22	22
OG0006994	123.0	0.0	1	1	1.0	1.0	3.04	3.04	21	21	21	21
OG0006995	249.0	0.0	1	1	1.0	1.0	2.94	2.94	19	19	19	19
OG0006996	405.0	0.0	1	1	1.0	1.0	2.94	2.94	19	19	19	19
OG0006997	93.0	0.0	1	1	1.0	1.0	2.94	2.94	19	19	19	19
OG0006998	420.0	0.0	1	1	1.0	1.0	2.71	2.71	15	15	15	15
OG0006999	156.0	0.0	1	1	1.0	1.0	2.4	2.4	11	11	11	11
OG0007000	195.0	0.0	1	1	1.0	1.0	3.09	3.09	22	22	22	22
OG0007001	165.0	0.0	1	1	1.0	1.0	2.94	2.94	19	19	19	19
OG0007002	321.0	0.0	1	1	1.0	1.0	3.04	3.04	21	21	21	21
OG0007003	270.0	0.0	1	1	1.0	1.0	3.0	3.0	20	20	20	20
OG0007004	567.0	0.0	1	1	1.0	1.0	2.94	2.94	19	19	19	19
OG0007005	366.0	0.0	1	1	1.0	1.0	2.94	2.94	19	19	19	19
OG0007006	234.0	0.0	1	1	1.0	1.0	2.89	2.89	18	18	18	18
OG0007007	249.0	0.0	1	1	1.0	1.0	2.83	2.83	17	17	17	17
OG0007008	102.0	0.0	1	1	1.0	1.0	2.48	2.48	12	12	12	12
OG0007009	111.0	0.0	1	1	1.0	1.0	2.71	2.71	15	15	15	15
OG0007010	402.0	0.0	1	1	1.0	1.0	2.94	2.94	19	19	19	19
OG0007011	150.0	0.0	1	1	1.0	1.0	3.04	3.04	21	21	21	21
OG0007012	129.0	0.0	1	1	1.0	1.0	3.14	3.14	23	23	23	23
OG0007013	213.0	0.0	1	1	1.0	1.0	2.64	2.64	14	14	14	14
OG0007014	96.0	0.0	1	1	1.0	1.0	2.83	2.83	17	17	17	17
OG0007015	510.0	0.0	1	1	1.0	1.0	3.04	3.04	21	21	21	21
OG0007016	240.0	0.0	1	1	1.0	1.0	3.0	3.0	20	20	20	20
OG0007017	765.0	0.0	1	1	1.0	1.0	2.94	2.94	19	19	19	19
OG0007018	1542.0	0.0	1	1	1.0	1.0	2.89	2.89	18	18	18	18
OG0007019	177.0	0.0	1	1	1.0	1.0	1.79	1.79	6	6	6	6
OG0007020	186.0	0.0	1	1	1.0	1.0	1.79	1.79	6	6	6	6
OG0007021	252.0	0.0	1	1	1.0	1.0	1.61	1.61	5	5	5	5
OG0007022	102.0	0.0	1	1	1.0	1.0	2.89	2.89	18	18	18	18
OG0007023	183.0	0.0	1	1	1.0	1.0	3.3	3.3	27	27	27	27
OG0007024	264.0	0.0	1	1	1.0	1.0	3.0	3.0	20	20	20	20
OG0007025	150.0	0.0	1	1	1.0	1.0	3.04	3.04	21	21	21	21
OG0007026	102.0	0.0	1	1	1.0	1.0	3.04	3.04	21	21	21	21
OG0007027	192.0	0.0	1	1	1.0	1.0	3.0	3.0	20	20	20	20
OG0007028	138.0	0.0	1	1	1.0	1.0	3.04	3.04	21	21	21	21
OG0007029	192.0	0.0	1	1	1.0	1.0	3.04	3.04	21	21	21	21
OG0007030	111.0	0.0	1	1	1.0	1.0	3.0	3.0	20	20	20	20
OG0007031	276.0	0.0	1	1	1.0	1.0	2.94	2.94	19	19	19	19
OG0007032	105.0	0.0	1	1	1.0	1.0	3.04	3.04	21	21	21	21
OG0007033	153.0	0.0	1	1	1.0	1.0	2.94	2.94	19	19	19	19
OG0007034	90.0	0.0	1	1	1.0	1.0	2.71	2.71	15	15	15	15
OG0007035	96.0	0.0	1	1	1.0	1.0	2.71	2.71	15	15	15	15
OG0007036	294.0	0.0	1	1	1.0	1.0	2.77	2.77	16	16	16	16
OG0007037	327.0	0.0	1	1	1.0	1.0	2.77	2.77	16	16	16	16
OG0007038	123.0	0.0	1	1	1.0	1.0	2.56	2.56	13	13	13	13
OG0007039	108.0	0.0	1	1	1.0	1.0	2.94	2.94	19	19	19	19
OG0007040	1044.0	0.0	1	1	1.0	1.0	2.89	2.89	18	18	18	18
OG0007041	453.0	0.0	1	1	1.0	1.0	2.83	2.83	17	17	17	17
OG0007042	129.0	0.0	1	1	1.0	1.0	3.0	3.0	20	20	20	20
OG0007043	1335.0	0.0	1	1	1.0	1.0	3.22	3.22	25	25	25	25
OG0007044	126.0	0.0	1	1	1.0	1.0	3.04	3.04	21	21	21	21
OG0007045	195.0	0.0	1	1	1.0	1.0	3.04	3.04	21	21	21	21
OG0007046	570.0	0.0	1	1	1.0	1.0	3.04	3.04	21	21	21	21
OG0007047	96.0	0.0	1	1	1.0	1.0	3.14	3.14	23	23	23	23
OG0007048	183.0	0.0	1	1	1.0	1.0	3.0	3.0	20	20	20	20
OG0007049	744.0	0.0	1	1	1.0	1.0	2.94	2.94	19	19	19	19
OG0007050	255.0	0.0	1	1	1.0	1.0	3.04	3.04	21	21	21	21
OG0007051	132.0	0.0	1	1	1.0	1.0	3.04	3.04	21	21	21	21
OG0007052	270.0	0.0	1	1	1.0	1.0	3.04	3.04	21	21	21	21
OG0007053	207.0	0.0	1	1	1.0	1.0	3.04	3.04	21	21	21	21
OG0007054	1830.0	0.0	1	1	1.0	1.0	3.26	3.26	26	26	26	26
OG0007055	360.0	0.0	1	1	1.0	1.0	3.04	3.04	21	21	21	21
OG0007056	489.0	0.0	1	1	1.0	1.0	2.89	2.89	18	18	18	18
OG0007057	132.0	0.0	1	1	1.0	1.0	2.94	2.94	19	19	19	19
OG0007058	150.0	0.0	1	1	1.0	1.0	3.0	3.0	20	20	20	20
OG0007059	318.0	0.0	1	1	1.0	1.0	3.04	3.04	21	21	21	21
OG0007060	186.0	0.0	1	1	1.0	1.0	3.04	3.04	21	21	21	21
OG0007061	126.0	0.0	1	1	1.0	1.0	3.0	3.0	20	20	20	20
OG0007062	153.0	0.0	1	1	1.0	1.0	2.89	2.89	18	18	18	18
OG0007063	171.0	0.0	1	1	1.0	1.0	2.89	2.89	18	18	18	18
OG0007064	144.0	0.0	1	1	1.0	1.0	2.94	2.94	19	19	19	19
OG0007065	180.0	0.0	1	1	1.0	1.0	3.09	3.09	22	22	22	22
OG0007066	354.0	0.0	1	1	1.0	1.0	3.09	3.09	22	22	22	22
OG0007067	90.0	1.0	1	1	1.0	NA	2.71	NA	15	0	15	15
OG0007068	393.0	1.0	1	1	1.0	NA	2.4	NA	11	0	11	11
OG0007069	468.0	1.0	1	1	1.0	NA	2.56	NA	13	0	13	13
OG0007070	264.0	1.0	1	1	1.0	NA	2.71	NA	15	0	15	15
OG0007071	267.0	1.0	1	1	1.0	NA	2.71	NA	15	0	15	15
OG0007072	258.0	1.0	1	1	1.0	NA	2.71	NA	15	0	15	15
OG0007073	264.0	1.0	1	1	1.0	NA	2.77	NA	16	0	16	16
OG0007074	345.0	0.0	1	1	1.0	1.0	3.14	3.14	23	23	23	23
OG0007075	240.0	0.0	1	1	1.0	1.0	3.14	3.14	23	23	23	23
OG0007076	213.0	0.0	1	1	1.0	1.0	2.94	2.94	19	19	19	19
OG0007077	1851.0	0.0	1	1	1.0	1.0	2.94	2.94	19	19	19	19
OG0007078	477.0	0.0	1	1	1.0	1.0	2.94	2.94	19	19	19	19
OG0007079	1140.0	0.0	1	1	1.0	1.0	2.94	2.94	19	19	19	19
OG0007080	90.0	0.0	1	1	1.0	1.0	3.22	3.22	25	25	25	25
OG0007081	249.0	0.0	1	1	1.0	1.0	2.94	2.94	19	19	19	19
OG0007082	240.0	0.0	1	1	1.0	1.0	2.94	2.94	19	19	19	19
OG0007083	246.0	0.0	1	1	1.0	1.0	2.94	2.94	19	19	19	19
OG0007084	243.0	0.0	1	1	1.0	1.0	3.0	3.0	20	20	20	20
OG0007085	99.0	0.0	1	1	1.0	1.0	3.0	3.0	20	20	20	20
OG0007086	177.0	0.0	1	1	1.0	1.0	2.94	2.94	19	19	19	19
OG0007087	1224.0	0.0	1	1	1.0	1.0	2.71	2.71	15	15	15	15
OG0007088	243.0	0.0	1	1	1.0	1.0	2.89	2.89	18	18	18	18
OG0007089	1374.0	0.0	1	1	1.0	1.0	2.89	2.89	18	18	18	18
OG0007090	324.0	0.0	1	1	1.0	1.0	2.83	2.83	17	17	17	17
OG0007091	291.0	0.0	1	1	1.0	1.0	2.83	2.83	17	17	17	17
OG0007092	378.0	0.0	1	1	1.0	1.0	3.0	3.0	20	20	20	20
OG0007093	222.0	0.0	1	1	1.0	1.0	2.94	2.94	19	19	19	19
OG0007094	192.0	0.0	1	1	1.0	1.0	3.0	3.0	20	20	20	20
OG0007095	207.0	0.0	1	1	1.0	1.0	3.0	3.0	20	20	20	20
OG0007096	837.0	0.0	1	1	1.0	1.0	2.94	2.94	19	19	19	19
OG0007097	315.0	0.0	1	1	1.0	1.0	2.71	2.71	15	15	15	15
OG0007098	177.0	0.0	1	1	1.0	1.0	2.94	2.94	19	19	19	19
OG0007099	171.0	0.0	1	1	1.0	1.0	2.77	2.77	16	16	16	16
OG0007100	144.0	0.0	1	1	1.0	1.0	3.0	3.0	20	20	20	20
OG0007101	450.0	0.0	1	1	1.0	1.0	3.0	3.0	20	20	20	20
OG0007102	1191.0	0.0	1	1	1.0	1.0	3.09	3.09	22	22	22	22
OG0007103	1365.0	0.0	1	1	1.0	1.0	2.94	2.94	19	19	19	19
OG0007104	1671.0	0.0	1	1	1.0	1.0	2.77	2.77	16	16	16	16
OG0007105	456.0	0.0	1	1	1.0	1.0	3.0	3.0	20	20	20	20
OG0007106	1674.0	0.0	1	1	1.0	1.0	3.0	3.0	20	20	20	20
OG0007107	135.0	0.0	1	1	1.0	1.0	2.64	2.64	14	14	14	14
OG0007108	402.0	0.0	1	1	1.0	1.0	3.09	3.09	22	22	22	22
OG0007109	213.0	0.0	1	1	1.0	1.0	3.09	3.09	22	22	22	22
OG0007110	798.0	0.0	1	1	1.0	1.0	3.0	3.0	20	20	20	20
OG0007111	666.0	0.0	1	1	1.0	1.0	3.22	3.22	25	25	25	25
OG0007112	390.0	0.0	1	1	1.0	1.0	2.94	2.94	19	19	19	19
OG0007113	1500.0	0.0	1	1	1.0	1.0	3.0	3.0	20	20	20	20
OG0007114	726.0	0.0	1	1	1.0	1.0	2.3	2.3	10	10	10	10
OG0007115	147.0	0.0	1	1	1.0	1.0	3.0	3.0	20	20	20	20
OG0007116	168.0	0.0	1	1	1.0	1.0	2.71	2.71	15	15	15	15
OG0007117	204.0	0.0	1	1	1.0	1.0	2.94	2.94	19	19	19	19
OG0007118	804.0	0.0	1	1	1.0	1.0	3.0	3.0	20	20	20	20
OG0007119	252.0	0.0	1	1	1.0	1.0	2.89	2.89	18	18	18	18
OG0007120	213.0	0.0	1	1	1.0	1.0	3.04	3.04	21	21	21	21
OG0007121	987.0	0.0	1	1	1.0	1.0	2.77	2.77	16	16	16	16
OG0007122	1119.0	0.0	1	1	1.0	1.0	2.94	2.94	19	19	19	19
OG0007123	360.0	0.0	1	1	1.0	1.0	2.89	2.89	18	18	18	18
OG0007124	432.0	0.0	1	1	1.0	1.0	2.89	2.89	18	18	18	18
OG0007125	150.0	0.0	1	1	1.0	1.0	2.89	2.89	18	18	18	18
OG0007126	633.0	0.0	1	1	1.0	1.0	2.94	2.94	19	19	19	19
OG0007127	324.0	0.0	1	1	1.0	1.0	2.94	2.94	19	19	19	19
OG0007128	333.0	0.0	1	1	1.0	1.0	2.77	2.77	16	16	16	16
OG0007129	351.0	0.0	1	1	1.0	1.0	2.3	2.3	10	10	10	10
OG0007130	372.0	0.0	1	1	1.0	1.0	2.64	2.64	14	14	14	14
OG0007131	528.0	0.0	1	1	1.0	1.0	2.94	2.94	19	19	19	19
OG0007132	1590.0	0.0	1	1	1.0	1.0	3.0	3.0	20	20	20	20
OG0007133	177.0	0.0	1	1	1.0	1.0	3.04	3.04	21	21	21	21
OG0007134	177.0	0.0	1	1	1.0	1.0	3.14	3.14	23	23	23	23
OG0007135	783.0	0.0	1	1	1.0	1.0	3.04	3.04	21	21	21	21
OG0007136	381.0	0.0	1	1	1.0	1.0	3.0	3.0	20	20	20	20
OG0007137	273.0	0.0	1	1	1.0	1.0	2.83	2.83	17	17	17	17
OG0007138	795.0	0.0	1	1	1.0	1.0	2.83	2.83	17	17	17	17
OG0007139	243.0	0.0	1	1	1.0	1.0	2.89	2.89	18	18	18	18
OG0007140	894.0	0.0	1	1	1.0	1.0	2.94	2.94	19	19	19	19
OG0007141	1683.0	0.0	1	1	1.0	1.0	2.89	2.89	18	18	18	18
OG0007142	1191.0	0.0	1	1	1.0	1.0	2.83	2.83	17	17	17	17
OG0007143	411.0	0.0	1	1	1.0	1.0	2.89	2.89	18	18	18	18
OG0007144	327.0	0.0	1	1	1.0	1.0	3.14	3.14	23	23	23	23
OG0007145	174.0	0.0	1	1	1.0	1.0	3.26	3.26	26	26	26	26
OG0007146	153.0	0.0	1	1	1.0	1.0	3.18	3.18	24	24	24	24
OG0007147	156.0	0.0	1	1	1.0	1.0	3.18	3.18	24	24	24	24
OG0007148	171.0	0.0	1	1	1.0	1.0	3.09	3.09	22	22	22	22
OG0007149	837.0	0.0	1	1	1.0	1.0	3.0	3.0	20	20	20	20
OG0007150	276.0	0.0	1	1	1.0	1.0	2.89	2.89	18	18	18	18
OG0007151	270.0	0.0	1	1	1.0	1.0	3.04	3.04	21	21	21	21
OG0007152	522.0	0.0	1	1	1.0	1.0	3.04	3.04	21	21	21	21
OG0007153	105.0	1.0	1	1	1.0	NA	2.77	NA	16	0	16	16
OG0007154	1530.0	0.0	1	1	1.0	1.0	2.77	2.77	16	16	16	16
OG0007155	801.0	0.0	1	1	1.0	1.0	2.83	2.83	17	17	17	17
OG0007156	1566.0	0.0	1	1	1.0	1.0	3.09	3.09	22	22	22	22
OG0007157	138.0	0.0	1	1	1.0	1.0	3.04	3.04	21	21	21	21
OG0007158	429.0	0.0	1	1	1.0	1.0	3.14	3.14	23	23	23	23
OG0007159	258.0	0.0	1	1	1.0	1.0	3.04	3.04	21	21	21	21
OG0007160	492.0	0.0	1	1	1.0	1.0	2.94	2.94	19	19	19	19
OG0007161	1668.0	0.0	1	1	1.0	1.0	3.0	3.0	20	20	20	20
OG0007162	177.0	0.0	1	1	1.0	1.0	3.04	3.04	21	21	21	21
OG0007163	1470.0	0.0	1	1	1.0	1.0	3.09	3.09	22	22	22	22
OG0007164	1098.0	0.0	1	1	1.0	1.0	3.09	3.09	22	22	22	22
OG0007165	237.0	0.0	1	1	1.0	1.0	3.0	3.0	20	20	20	20
OG0007166	93.0	1.0	1	1	1.0	NA	2.94	NA	19	0	19	19
OG0007167	174.0	0.0	1	1	1.0	1.0	3.09	3.09	22	22	22	22
OG0007168	603.0	0.0	1	1	1.0	1.0	3.09	3.09	22	22	22	22
OG0007169	1038.0	0.0	1	1	1.0	1.0	3.14	3.14	23	23	23	23
OG0007170	453.0	0.0	1	1	1.0	1.0	2.77	2.77	16	16	16	16
OG0007171	1299.0	0.0	1	1	1.0	1.0	2.83	2.83	17	17	17	17
OG0007172	849.0	0.0	1	1	1.0	1.0	3.18	3.18	24	24	24	24
OG0007173	315.0	0.0	1	1	1.0	1.0	2.2	2.2	9	9	9	9
OG0007174	4857.0	1.0	1	1	1.0	NA	2.3	NA	10	0	10	10
OG0007175	159.0	1.0	1	1	1.0	NA	1.61	NA	5	0	5	5
OG0007176	6756.0	1.0	1	1	1.0	NA	2.08	NA	8	0	8	8
OG0007177	252.0	0.0	1	1	1.0	1.0	3.0	3.0	20	20	20	20
OG0007178	300.0	0.0	1	1	1.0	1.0	3.04	3.04	21	21	21	21
OG0007179	450.0	0.0	1	1	1.0	1.0	3.09	3.09	22	22	22	22
OG0007180	837.0	0.0	1	1	1.0	1.0	3.09	3.09	22	22	22	22
OG0007181	855.0	1.0	1	1	1.0	NA	3.14	NA	23	0	23	23
OG0007182	543.0	1.0	1	1	1.0	NA	3.14	NA	23	0	23	23
OG0007183	90.0	1.0	1	1	1.0	NA	3.0	NA	20	0	20	20
OG0007184	318.0	1.0	1	1	1.0	NA	2.64	NA	14	0	14	14
OG0007185	249.0	1.0	1	1	1.0	NA	2.64	NA	14	0	14	14
OG0007186	186.0	0.0	1	1	1.0	1.0	3.14	3.14	23	23	23	23
OG0007187	99.0	0.0	1	1	1.0	1.0	3.09	3.09	22	22	22	22
OG0007188	585.0	0.0	1	1	1.0	1.0	2.89	2.89	18	18	18	18
OG0007189	1110.0	0.0	1	1	1.0	1.0	2.89	2.89	18	18	18	18
OG0007190	456.0	0.0	1	1	1.0	1.0	2.83	2.83	17	17	17	17
OG0007191	549.0	0.0	1	1	1.0	1.0	2.83	2.83	17	17	17	17
OG0007192	279.0	0.0	1	1	1.0	1.0	2.64	2.64	14	14	14	14
OG0007193	2487.0	0.0	1	1	1.0	1.0	2.71	2.71	15	15	15	15
OG0007194	2592.0	0.0	1	1	1.0	1.0	2.71	2.71	15	15	15	15
OG0007195	105.0	0.0	1	1	1.0	1.0	2.48	2.48	12	12	12	12
OG0007196	162.0	0.0	1	1	1.0	1.0	3.09	3.09	22	22	22	22
OG0007197	105.0	0.0	1	1	1.0	1.0	3.26	3.26	26	26	26	26
OG0007198	426.0	0.0	1	1	1.0	1.0	3.3	3.3	27	27	27	27
OG0007199	204.0	0.0	1	1	1.0	1.0	3.56	3.56	35	35	35	35
OG0007200	123.0	0.0	1	1	1.0	1.0	3.71	3.71	41	41	41	41
OG0007201	801.0	0.0	1	1	1.0	1.0	3.04	3.04	21	21	21	21
OG0007202	222.0	0.0	1	1	1.0	1.0	3.09	3.09	22	22	22	22
OG0007203	189.0	0.0	1	1	1.0	1.0	3.04	3.04	21	21	21	21
OG0007204	378.0	0.0	1	1	1.0	1.0	2.89	2.89	18	18	18	18
OG0007205	105.0	0.0	1	1	1.0	1.0	2.71	2.71	15	15	15	15
OG0007206	147.0	0.0	1	1	1.0	1.0	2.77	2.77	16	16	16	16
OG0007207	1008.0	0.0	1	1	1.0	1.0	2.94	2.94	19	19	19	19
OG0007208	231.0	0.0	1	1	1.0	1.0	2.71	2.71	15	15	15	15
OG0007209	531.0	0.0	1	1	1.0	1.0	2.94	2.94	19	19	19	19
OG0007210	141.0	0.0	1	1	1.0	1.0	2.83	2.83	17	17	17	17
OG0007211	411.0	0.0	1	1	1.0	1.0	2.89	2.89	18	18	18	18
OG0007212	723.0	0.0	1	1	1.0	1.0	2.71	2.71	15	15	15	15
OG0007213	1014.0	0.0	1	1	1.0	1.0	2.77	2.77	16	16	16	16
OG0007214	687.0	0.0	1	1	1.0	1.0	3.04	3.04	21	21	21	21
OG0007215	195.0	0.0	1	1	1.0	1.0	2.64	2.64	14	14	14	14
OG0007216	594.0	0.0	1	1	1.0	1.0	3.22	3.22	25	25	25	25
OG0007217	111.0	0.0	1	1	1.0	1.0	3.0	3.0	20	20	20	20
OG0007218	177.0	0.0	1	1	1.0	1.0	2.94	2.94	19	19	19	19
OG0007219	1023.0	1.0	1	1	1.0	NA	2.77	NA	16	0	16	16
OG0007220	2184.0	0.0	1	1	1.0	1.0	2.89	2.89	18	18	18	18
OG0007221	369.0	0.0	1	1	1.0	1.0	3.09	3.09	22	22	22	22
OG0007222	174.0	0.0	1	1	1.0	1.0	3.0	3.0	20	20	20	20
OG0007223	117.0	0.0	1	1	1.0	1.0	3.04	3.04	21	21	21	21
OG0007224	372.0	0.0	1	1	1.0	1.0	2.89	2.89	18	18	18	18
OG0007225	147.0	0.0	1	1	1.0	1.0	2.94	2.94	19	19	19	19
OG0007226	291.0	0.0	1	1	1.0	1.0	2.56	2.56	13	13	13	13
OG0007227	462.0	0.0	1	1	1.0	1.0	3.22	3.22	25	25	25	25
OG0007228	174.0	0.0	1	1	1.0	1.0	2.83	2.83	17	17	17	17
OG0007229	132.0	0.0	1	1	1.0	1.0	3.0	3.0	20	20	20	20
OG0007230	939.0	0.0	1	1	1.0	1.0	3.09	3.09	22	22	22	22
OG0007231	942.0	0.0	1	1	1.0	1.0	3.18	3.18	24	24	24	24
OG0007232	90.0	0.0	1	1	1.0	1.0	3.09	3.09	22	22	22	22
OG0007233	618.0	0.0	1	1	1.0	1.0	3.04	3.04	21	21	21	21
OG0007234	528.0	0.0	1	1	1.0	1.0	3.0	3.0	20	20	20	20
OG0007235	5133.0	0.0	1	1	1.0	1.0	2.64	2.64	14	14	14	14
OG0007236	5247.0	0.0	1	1	1.0	1.0	2.3	2.3	10	10	10	10
OG0007237	138.0	0.0	1	1	1.0	1.0	3.0	3.0	20	20	20	20
OG0007238	459.0	0.0	1	1	1.0	1.0	2.94	2.94	19	19	19	19
OG0007239	492.0	0.0	1	1	1.0	1.0	3.0	3.0	20	20	20	20
OG0007240	114.0	0.0	1	1	1.0	1.0	3.47	3.47	32	32	32	32
OG0007241	222.0	0.0	1	1	1.0	1.0	3.56	3.56	35	35	35	35
OG0007242	96.0	0.0	1	1	1.0	1.0	2.64	2.64	14	14	14	14
OG0007243	420.0	0.0	1	1	1.0	1.0	2.89	2.89	18	18	18	18
OG0007244	303.0	0.0	1	1	1.0	1.0	2.89	2.89	18	18	18	18
OG0007245	273.0	0.0	1	1	1.0	1.0	2.89	2.89	18	18	18	18
OG0007246	600.0	0.0	1	1	1.0	1.0	2.83	2.83	17	17	17	17
OG0007247	1860.0	0.0	1	1	1.0	1.0	3.0	3.0	20	20	20	20
OG0007248	780.0	0.0	1	1	1.0	1.0	2.89	2.89	18	18	18	18
OG0007249	561.0	0.0	1	1	1.0	1.0	2.77	2.77	16	16	16	16
OG0007250	567.0	0.0	1	1	1.0	1.0	2.83	2.83	17	17	17	17
OG0007251	423.0	0.0	1	1	1.0	1.0	2.56	2.56	13	13	13	13
OG0007252	1071.0	0.0	1	1	1.0	1.0	2.71	2.71	15	15	15	15
OG0007253	114.0	0.0	1	1	1.0	1.0	2.77	2.77	16	16	16	16
OG0007254	90.0	0.0	1	1	1.0	1.0	2.77	2.77	16	16	16	16
OG0007255	180.0	0.0	1	1	1.0	1.0	3.04	3.04	21	21	21	21
OG0007256	936.0	0.0	1	1	1.0	1.0	2.64	2.64	14	14	14	14
OG0007257	585.0	0.0	1	1	1.0	1.0	2.56	2.56	13	13	13	13
OG0007258	1680.0	0.0	1	1	1.0	1.0	2.48	2.48	12	12	12	12
OG0007259	2343.0	0.0	1	1	1.0	1.0	2.48	2.48	12	12	12	12
OG0007260	1074.0	0.0	1	1	1.0	1.0	2.48	2.48	12	12	12	12
OG0007261	108.0	0.0	1	1	1.0	1.0	2.83	2.83	17	17	17	17
OG0007262	279.0	0.0	1	1	1.0	1.0	3.26	3.26	26	26	26	26
OG0007263	144.0	0.0	1	1	1.0	1.0	3.26	3.26	26	26	26	26
OG0007264	156.0	0.0	1	1	1.0	1.0	3.3	3.3	27	27	27	27
OG0007265	267.0	0.0	1	1	1.0	1.0	2.64	2.64	14	14	14	14
OG0007266	189.0	0.0	1	1	1.0	1.0	2.83	2.83	17	17	17	17
OG0007267	144.0	0.0	1	1	1.0	1.0	3.04	3.04	21	21	21	21
OG0007268	312.0	0.0	1	1	1.0	1.0	3.61	3.61	37	37	37	37
OG0007269	114.0	0.0	1	1	1.0	1.0	3.37	3.37	29	29	29	29
OG0007270	102.0	0.0	1	1	1.0	1.0	2.83	2.83	17	17	17	17
OG0007271	105.0	0.0	1	1	1.0	1.0	2.94	2.94	19	19	19	19
OG0007272	366.0	0.0	1	1	1.0	1.0	3.78	3.78	44	44	44	44
OG0007273	207.0	0.0	1	1	1.0	1.0	2.83	2.83	17	17	17	17
OG0007274	123.0	0.0	1	1	1.0	1.0	2.77	2.77	16	16	16	16
OG0007275	1173.0	0.0	1	1	1.0	1.0	3.09	3.09	22	22	22	22
OG0007276	1296.0	0.0	1	1	1.0	1.0	3.09	3.09	22	22	22	22
OG0007277	96.0	0.0	1	1	1.0	1.0	3.14	3.14	23	23	23	23
OG0007278	507.0	0.0	1	1	1.0	1.0	3.0	3.0	20	20	20	20
OG0007279	1071.0	0.0	1	1	1.0	1.0	3.04	3.04	21	21	21	21
OG0007280	165.0	0.0	1	1	1.0	1.0	2.94	2.94	19	19	19	19
OG0007281	594.0	0.0	1	1	1.0	1.0	3.26	3.26	26	26	26	26
OG0007282	600.0	0.0	1	1	1.0	1.0	3.18	3.18	24	24	24	24
OG0007283	600.0	0.0	1	1	1.0	1.0	3.18	3.18	24	24	24	24
OG0007284	177.0	0.0	1	1	1.0	1.0	3.18	3.18	24	24	24	24
OG0007285	99.0	0.0	1	1	1.0	1.0	3.18	3.18	24	24	24	24
OG0007286	111.0	1.0	1	1	1.0	NA	2.89	NA	18	0	18	18
OG0007287	111.0	0.0	1	1	1.0	1.0	3.09	3.09	22	22	22	22
OG0007288	174.0	0.0	1	1	1.0	1.0	2.94	2.94	19	19	19	19
OG0007289	120.0	0.0	1	1	1.0	1.0	2.94	2.94	19	19	19	19
OG0007290	285.0	0.0	1	1	1.0	1.0	2.56	2.56	13	13	13	13
OG0007291	159.0	0.0	1	1	1.0	1.0	3.09	3.09	22	22	22	22
OG0007292	204.0	0.0	1	1	1.0	1.0	3.71	3.71	41	41	41	41
OG0007293	207.0	0.0	1	1	1.0	1.0	3.74	3.74	42	42	42	42
OG0007294	159.0	0.0	1	1	1.0	1.0	3.71	3.71	41	41	41	41
OG0007295	192.0	0.0	1	1	1.0	1.0	3.56	3.56	35	35	35	35
OG0007296	309.0	0.0	1	1	1.0	1.0	3.53	3.53	34	34	34	34
OG0007297	147.0	0.0	1	1	1.0	1.0	2.83	2.83	17	17	17	17
OG0007298	174.0	0.0	1	1	1.0	1.0	3.09	3.09	22	22	22	22
OG0007299	1326.0	0.0	1	1	1.0	1.0	2.94	2.94	19	19	19	19
OG0007300	846.0	0.0	1	1	1.0	1.0	2.77	2.77	16	16	16	16
OG0007301	117.0	0.0	1	1	1.0	1.0	3.09	3.09	22	22	22	22
OG0007302	108.0	0.0	1	1	1.0	1.0	3.22	3.22	25	25	25	25
OG0007303	189.0	0.0	1	1	1.0	1.0	2.2	2.2	9	9	9	9
OG0007304	1359.0	0.0	1	1	1.0	1.0	2.4	2.4	11	11	11	11
OG0007305	102.0	0.0	1	1	1.0	1.0	3.09	3.09	22	22	22	22
OG0007306	483.0	0.0	1	1	1.0	1.0	3.14	3.14	23	23	23	23
OG0007307	186.0	0.0	1	1	1.0	1.0	3.78	3.78	44	44	44	44
OG0007308	306.0	0.0	1	1	1.0	1.0	3.76	3.76	43	43	43	43
OG0007309	828.0	0.0	1	1	1.0	1.0	3.0	3.0	20	20	20	20
OG0007310	108.0	0.0	1	1	1.0	1.0	2.89	2.89	18	18	18	18
OG0007311	93.0	0.0	1	1	1.0	1.0	2.89	2.89	18	18	18	18
OG0007312	390.0	0.0	1	1	1.0	1.0	2.94	2.94	19	19	19	19
OG0007313	315.0	0.0	1	1	1.0	1.0	2.89	2.89	18	18	18	18
OG0007314	189.0	0.0	1	1	1.0	1.0	2.48	2.48	12	12	12	12
OG0007315	636.0	0.0	1	1	1.0	1.0	2.71	2.71	15	15	15	15
OG0007316	480.0	0.0	1	1	1.0	1.0	2.77	2.77	16	16	16	16
OG0007317	264.0	0.0	1	1	1.0	1.0	2.94	2.94	19	19	19	19
OG0007318	117.0	0.0	1	1	1.0	1.0	2.94	2.94	19	19	19	19
OG0007319	189.0	0.0	1	1	1.0	1.0	2.94	2.94	19	19	19	19
OG0007320	780.0	0.0	1	1	1.0	1.0	3.58	3.58	36	36	36	36
OG0007321	366.0	0.0	1	1	1.0	1.0	2.94	2.94	19	19	19	19
OG0007322	93.0	0.0	1	1	1.0	1.0	2.71	2.71	15	15	15	15
OG0007323	285.0	0.0	1	1	1.0	1.0	2.94	2.94	19	19	19	19
OG0007324	1242.0	0.0	1	1	1.0	1.0	3.18	3.18	24	24	24	24
OG0007325	714.0	0.0	1	1	1.0	1.0	2.83	2.83	17	17	17	17
OG0007326	801.0	0.0	1	1	1.0	1.0	2.83	2.83	17	17	17	17
OG0007327	1206.0	0.0	1	1	1.0	1.0	2.71	2.71	15	15	15	15
OG0007328	681.0	0.0	1	1	1.0	1.0	2.77	2.77	16	16	16	16
OG0007329	96.0	0.0	1	1	1.0	1.0	2.71	2.71	15	15	15	15
OG0007330	207.0	0.0	1	1	1.0	1.0	2.89	2.89	18	18	18	18
OG0007331	552.0	0.0	1	1	1.0	1.0	2.89	2.89	18	18	18	18
OG0007332	1119.0	0.0	1	1	1.0	1.0	2.94	2.94	19	19	19	19
OG0007333	297.0	0.0	1	1	1.0	1.0	2.83	2.83	17	17	17	17
OG0007334	351.0	0.0	1	1	1.0	1.0	2.83	2.83	17	17	17	17
OG0007335	783.0	0.0	1	1	1.0	1.0	2.89	2.89	18	18	18	18
OG0007336	1221.0	0.0	1	1	1.0	1.0	2.94	2.94	19	19	19	19
OG0007337	576.0	0.0	1	1	1.0	1.0	2.89	2.89	18	18	18	18
OG0007338	903.0	0.0	1	1	1.0	1.0	2.89	2.89	18	18	18	18
OG0007339	459.0	0.0	1	1	1.0	1.0	2.83	2.83	17	17	17	17
OG0007340	771.0	0.0	1	1	1.0	1.0	2.89	2.89	18	18	18	18
OG0007341	396.0	0.0	1	1	1.0	1.0	2.64	2.64	14	14	14	14
OG0007342	585.0	0.0	1	1	1.0	1.0	2.83	2.83	17	17	17	17
OG0007343	417.0	0.0	1	1	1.0	1.0	3.0	3.0	20	20	20	20
OG0007344	327.0	0.0	1	1	1.0	1.0	3.0	3.0	20	20	20	20
OG0007345	387.0	0.0	1	1	1.0	1.0	3.09	3.09	22	22	22	22
OG0007346	138.0	0.0	1	1	1.0	1.0	3.18	3.18	24	24	24	24
OG0007347	216.0	0.0	1	1	1.0	1.0	3.09	3.09	22	22	22	22
OG0007348	522.0	0.0	1	1	1.0	1.0	3.04	3.04	21	21	21	21
OG0007349	216.0	0.0	1	1	1.0	1.0	3.04	3.04	21	21	21	21
OG0007350	774.0	0.0	1	1	1.0	1.0	3.04	3.04	21	21	21	21
OG0007351	99.0	0.0	1	1	1.0	1.0	3.04	3.04	21	21	21	21
OG0007352	141.0	0.0	1	1	1.0	1.0	3.14	3.14	23	23	23	23
OG0007353	105.0	0.0	1	1	1.0	1.0	2.89	2.89	18	18	18	18
OG0007354	111.0	1.0	1	1	1.0	NA	2.77	NA	16	0	16	16
OG0007355	279.0	0.0	1	1	1.0	1.0	3.56	3.56	35	35	35	35
OG0007356	234.0	0.0	1	1	1.0	1.0	3.69	3.69	40	40	40	40
OG0007357	213.0	0.0	1	1	1.0	1.0	2.77	2.77	16	16	16	16
OG0007358	333.0	0.0	1	1	1.0	1.0	3.09	3.09	22	22	22	22
OG0007359	102.0	0.0	1	1	1.0	1.0	3.04	3.04	21	21	21	21
OG0007360	120.0	0.0	1	1	1.0	1.0	3.14	3.14	23	23	23	23
OG0007361	333.0	0.0	1	1	1.0	1.0	2.4	2.4	11	11	11	11
OG0007362	7881.0	0.0	1	1	1.0	1.0	2.77	2.77	16	16	16	16
OG0007363	465.0	0.0	1	1	1.0	1.0	2.2	2.2	9	9	9	9
OG0007364	342.0	0.0	1	1	1.0	1.0	2.83	2.83	17	17	17	17
OG0007365	1215.0	0.0	1	1	1.0	1.0	2.83	2.83	17	17	17	17
OG0007366	90.0	0.0	1	1	1.0	1.0	2.83	2.83	17	17	17	17
OG0007367	297.0	1.0	1	1	1.0	NA	2.4	NA	11	0	11	11
OG0007368	174.0	0.0	1	1	1.0	1.0	2.83	2.83	17	17	17	17
OG0007369	576.0	0.0	1	1	1.0	1.0	2.2	2.2	9	9	9	9
OG0007370	465.0	0.0	1	1	1.0	1.0	2.2	2.2	9	9	9	9
OG0007371	6357.0	0.0	1	1	1.0	1.0	2.4	2.4	11	11	11	11
OG0007372	90.0	0.0	1	1	1.0	1.0	2.4	2.4	11	11	11	11
OG0007373	162.0	0.0	1	1	1.0	1.0	2.77	2.77	16	16	16	16
OG0007374	129.0	0.0	1	1	1.0	1.0	3.0	3.0	20	20	20	20
OG0007375	231.0	0.0	1	1	1.0	1.0	2.89	2.89	18	18	18	18
OG0007376	270.0	0.0	1	1	1.0	1.0	2.89	2.89	18	18	18	18
OG0007377	162.0	0.0	1	1	1.0	1.0	3.69	3.69	40	40	40	40
OG0007378	267.0	0.0	1	1	1.0	1.0	2.89	2.89	18	18	18	18
OG0007379	132.0	0.0	1	1	1.0	1.0	3.5	3.5	33	33	33	33
OG0007380	372.0	0.0	1	1	1.0	1.0	2.94	2.94	19	19	19	19
OG0007381	213.0	0.0	1	1	1.0	1.0	3.09	3.09	22	22	22	22
OG0007382	246.0	0.0	1	1	1.0	1.0	2.77	2.77	16	16	16	16
OG0007383	399.0	0.0	1	1	1.0	1.0	2.94	2.94	19	19	19	19
OG0007384	261.0	0.0	1	1	1.0	1.0	3.64	3.64	38	38	38	38
OG0007385	225.0	0.0	1	1	1.0	1.0	3.09	3.09	22	22	22	22
OG0007386	567.0	0.0	1	1	1.0	1.0	2.89	2.89	18	18	18	18
OG0007387	228.0	0.0	1	1	1.0	1.0	3.22	3.22	25	25	25	25
OG0007388	111.0	0.0	1	1	1.0	1.0	3.18	3.18	24	24	24	24
OG0007389	183.0	0.0	1	1	1.0	1.0	3.47	3.47	32	32	32	32
OG0007390	408.0	0.0	1	1	1.0	1.0	3.53	3.53	34	34	34	34
OG0007391	663.0	0.0	1	1	1.0	1.0	3.26	3.26	26	26	26	26
OG0007392	363.0	0.0	1	1	1.0	1.0	3.22	3.22	25	25	25	25
OG0007393	1293.0	0.0	1	1	1.0	1.0	3.26	3.26	26	26	26	26
OG0007394	501.0	0.0	1	1	1.0	1.0	3.26	3.26	26	26	26	26
OG0007395	225.0	0.0	1	1	1.0	1.0	3.33	3.33	28	28	28	28
OG0007396	90.0	0.0	1	1	1.0	1.0	2.94	2.94	19	19	19	19
OG0007397	495.0	0.0	1	1	1.0	1.0	3.04	3.04	21	21	21	21
OG0007398	144.0	0.0	1	1	1.0	1.0	2.83	2.83	17	17	17	17
OG0007399	948.0	0.0	1	1	1.0	1.0	2.94	2.94	19	19	19	19
OG0007400	1344.0	0.0	1	1	1.0	1.0	3.04	3.04	21	21	21	21
OG0007401	1092.0	0.0	1	1	1.0	1.0	3.04	3.04	21	21	21	21
OG0007402	246.0	0.0	1	1	1.0	1.0	3.14	3.14	23	23	23	23
OG0007403	171.0	0.0	1	1	1.0	1.0	3.09	3.09	22	22	22	22
OG0007404	366.0	0.0	1	1	1.0	1.0	3.04	3.04	21	21	21	21
OG0007405	219.0	0.0	1	1	1.0	1.0	2.77	2.77	16	16	16	16
OG0007406	243.0	0.0	1	1	1.0	1.0	3.61	3.61	37	37	37	37
OG0007407	114.0	0.0	1	1	1.0	1.0	3.04	3.04	21	21	21	21
OG0007408	285.0	0.0	1	1	1.0	1.0	2.89	2.89	18	18	18	18
OG0007409	990.0	0.0	1	1	1.0	1.0	3.0	3.0	20	20	20	20
OG0007410	225.0	0.0	1	1	1.0	1.0	3.37	3.37	29	29	29	29
OG0007411	117.0	0.0	1	1	1.0	1.0	2.89	2.89	18	18	18	18
OG0007412	183.0	0.0	1	1	1.0	1.0	2.77	2.77	16	16	16	16
OG0007413	309.0	0.0	1	1	1.0	1.0	2.83	2.83	17	17	17	17
OG0007414	222.0	0.0	1	1	1.0	1.0	2.94	2.94	19	19	19	19
OG0007415	102.0	0.0	1	1	1.0	1.0	2.77	2.77	16	16	16	16
OG0007416	168.0	0.0	1	1	1.0	1.0	2.89	2.89	18	18	18	18
OG0007417	102.0	0.0	1	1	1.0	1.0	2.56	2.56	13	13	13	13
OG0007418	93.0	0.0	1	1	1.0	1.0	2.64	2.64	14	14	14	14
OG0007419	435.0	0.0	1	1	1.0	1.0	3.14	3.14	23	23	23	23
OG0007420	141.0	0.0	1	1	1.0	1.0	3.14	3.14	23	23	23	23
OG0007421	14424.0	0.0	1	1	1.0	1.0	2.89	2.89	18	18	18	18
OG0007422	423.0	0.0	1	1	1.0	1.0	2.64	2.64	14	14	14	14
OG0007423	327.0	0.0	1	1	1.0	1.0	3.0	3.0	20	20	20	20
OG0007424	213.0	0.0	1	1	1.0	1.0	3.18	3.18	24	24	24	24
OG0007425	1911.0	0.0	1	1	1.0	1.0	3.0	3.0	20	20	20	20
OG0007426	555.0	0.0	1	1	1.0	1.0	3.04	3.04	21	21	21	21
OG0007427	495.0	0.0	1	1	1.0	1.0	2.89	2.89	18	18	18	18
OG0007428	303.0	0.0	1	1	1.0	1.0	2.77	2.77	16	16	16	16
OG0007429	441.0	0.0	1	1	1.0	1.0	3.0	3.0	20	20	20	20
OG0007430	5565.0	0.0	1	1	1.0	1.0	3.09	3.09	22	22	22	22
OG0007431	855.0	0.0	1	1	1.0	1.0	3.14	3.14	23	23	23	23
OG0007432	306.0	0.0	1	1	1.0	1.0	2.89	2.89	18	18	18	18
OG0007433	26898.0	0.0	1	1	1.0	1.0	2.3	2.3	10	10	10	10
OG0007434	1383.0	0.0	1	1	1.0	1.0	1.1	1.1	3	3	3	3
OG0007435	288.0	0.0	1	1	1.0	1.0	2.83	2.83	17	17	17	17
OG0007436	885.0	0.0	1	1	1.0	1.0	3.04	3.04	21	21	21	21
OG0007437	46716.0	0.0	1	1	1.0	1.0	3.0	3.0	20	20	20	20
OG0007438	1617.0	0.0	1	1	1.0	1.0	2.08	2.08	8	8	8	8
OG0007439	507.0	0.0	1	1	1.0	1.0	2.64	2.64	14	14	14	14
OG0007440	7629.0	0.0	1	1	1.0	1.0	2.89	2.89	18	18	18	18
OG0007441	996.0	0.0	1	1	1.0	1.0	2.2	2.2	9	9	9	9
OG0007442	3891.0	0.0	1	1	1.0	1.0	2.64	2.64	14	14	14	14
OG0007443	2595.0	0.0	1	1	1.0	1.0	2.71	2.71	15	15	15	15
OG0007444	546.0	0.0	1	1	1.0	1.0	2.94	2.94	19	19	19	19
OG0007445	522.0	0.0	1	1	1.0	1.0	3.09	3.09	22	22	22	22
OG0007446	417.0	0.0	1	1	1.0	1.0	2.56	2.56	13	13	13	13
OG0007447	2061.0	0.0	1	1	1.0	1.0	3.04	3.04	21	21	21	21
OG0007448	396.0	0.0	1	1	1.0	1.0	3.0	3.0	20	20	20	20
OG0007449	528.0	0.0	1	1	1.0	1.0	3.09	3.09	22	22	22	22
OG0007450	633.0	0.0	1	1	1.0	1.0	3.04	3.04	21	21	21	21
OG0007451	546.0	0.0	1	1	1.0	1.0	3.0	3.0	20	20	20	20
OG0007452	141.0	0.0	1	1	1.0	1.0	2.64	2.64	14	14	14	14
OG0007453	405.0	0.0	1	1	1.0	1.0	2.94	2.94	19	19	19	19
OG0007454	642.0	0.0	1	1	1.0	1.0	2.83	2.83	17	17	17	17
OG0007455	1743.0	0.0	1	1	1.0	1.0	2.89	2.89	18	18	18	18
OG0007456	41991.0	0.0	1	1	1.0	1.0	3.04	3.04	21	21	21	21
OG0007457	888.0	0.0	1	1	1.0	1.0	2.94	2.94	19	19	19	19
OG0007458	8253.0	0.0	1	1	1.0	1.0	2.83	2.83	17	17	17	17
OG0007459	231.0	0.0	1	1	1.0	1.0	3.09	3.09	22	22	22	22
OG0007460	351.0	0.0	1	1	1.0	1.0	2.64	2.64	14	14	14	14
OG0007461	8226.0	0.0	1	1	1.0	1.0	2.83	2.83	17	17	17	17
OG0007462	5304.0	0.0	1	1	1.0	1.0	2.83	2.83	17	17	17	17
OG0007463	168.0	0.0	1	1	1.0	1.0	2.83	2.83	17	17	17	17
OG0007464	2487.0	0.0	1	1	1.0	1.0	2.77	2.77	16	16	16	16
OG0007465	6888.0	0.0	1	1	1.0	1.0	1.95	1.95	7	7	7	7
OG0007466	243.0	0.0	1	1	1.0	1.0	2.4	2.4	11	11	11	11
OG0007467	468.0	0.0	1	1	1.0	1.0	2.4	2.4	11	11	11	11
OG0007468	1200.0	0.0	1	1	1.0	1.0	2.77	2.77	16	16	16	16
OG0007469	792.0	0.0	1	1	1.0	1.0	2.77	2.77	16	16	16	16
OG0007470	204.0	0.0	1	1	1.0	1.0	3.18	3.18	24	24	24	24
OG0007471	351.0	0.0	1	1	1.0	1.0	3.14	3.14	23	23	23	23
OG0007472	282.0	0.0	1	1	1.0	1.0	2.94	2.94	19	19	19	19
OG0007473	135.0	0.0	1	1	1.0	1.0	2.83	2.83	17	17	17	17
OG0007474	1467.0	0.0	1	1	1.0	1.0	2.89	2.89	18	18	18	18
OG0007475	234.0	0.0	1	1	1.0	1.0	2.77	2.77	16	16	16	16
OG0007476	7539.0	0.0	1	1	1.0	1.0	2.71	2.71	15	15	15	15
OG0007477	216.0	0.0	1	1	1.0	1.0	2.71	2.71	15	15	15	15
OG0007478	186.0	0.0	1	1	1.0	1.0	2.64	2.64	14	14	14	14
OG0007479	210.0	0.0	1	1	1.0	1.0	2.71	2.71	15	15	15	15
OG0007480	114.0	0.0	1	1	1.0	1.0	2.77	2.77	16	16	16	16
OG0007481	321.0	0.0	1	1	1.0	1.0	3.26	3.26	26	26	26	26
OG0007482	159.0	0.0	1	1	1.0	1.0	3.04	3.04	21	21	21	21
OG0007483	174.0	0.0	1	1	1.0	1.0	3.09	3.09	22	22	22	22
OG0007484	105.0	0.0	1	1	1.0	1.0	2.83	2.83	17	17	17	17
OG0007485	282.0	0.0	1	1	1.0	1.0	2.83	2.83	17	17	17	17
OG0007486	213.0	0.0	1	1	1.0	1.0	2.89	2.89	18	18	18	18
OG0007487	141.0	0.0	1	1	1.0	1.0	2.83	2.83	17	17	17	17
OG0007488	1080.0	0.0	1	1	1.0	1.0	2.89	2.89	18	18	18	18
OG0007489	555.0	0.0	1	1	1.0	1.0	2.83	2.83	17	17	17	17
OG0007490	708.0	0.0	1	1	1.0	1.0	2.89	2.89	18	18	18	18
OG0007491	627.0	0.0	1	1	1.0	1.0	2.77	2.77	16	16	16	16
OG0007492	180.0	0.0	1	1	1.0	1.0	3.56	3.56	35	35	35	35
OG0007493	90.0	0.0	1	1	1.0	1.0	3.18	3.18	24	24	24	24
OG0007494	168.0	0.0	1	1	1.0	1.0	3.3	3.3	27	27	27	27
OG0007495	111.0	0.0	1	1	1.0	1.0	3.18	3.18	24	24	24	24
OG0007496	150.0	1.0	1	1	1.0	NA	1.39	NA	4	0	4	4
OG0007497	135.0	1.0	1	1	1.0	NA	1.1	NA	3	0	3	3
OG0007498	216.0	1.0	1	1	1.0	NA	1.1	NA	3	0	3	3
OG0007499	102.0	1.0	1	1	1.0	NA	2.3	NA	10	0	10	10
OG0007500	351.0	1.0	1	1	1.0	NA	2.3	NA	10	0	10	10
OG0007501	480.0	1.0	1	1	1.0	NA	2.2	NA	9	0	9	9
OG0007502	423.0	1.0	1	1	1.0	NA	2.2	NA	9	0	9	9
OG0007503	150.0	1.0	1	1	1.0	NA	0.69	NA	2	0	2	2
OG0007504	330.0	1.0	1	1	1.0	NA	0.69	NA	2	0	2	2
OG0007505	210.0	1.0	1	1	1.0	NA	NA	NA	1	0	1	1
OG0007506	108.0	1.0	1	1	1.0	NA	2.71	NA	15	0	15	15
OG0007507	93.0	1.0	1	1	1.0	NA	2.56	NA	13	0	13	13
OG0007508	1317.0	0.0	1	1	1.0	1.0	2.77	2.77	16	16	16	16
OG0007509	651.0	0.0	1	1	1.0	1.0	3.3	3.3	27	27	27	27
OG0007510	177.0	1.0	1	1	1.0	NA	1.95	NA	7	0	7	7
OG0007511	714.0	1.0	1	1	1.0	NA	NA	NA	1	0	1	1
OG0007512	561.0	1.0	1	1	1.0	NA	0.69	NA	2	0	2	2
OG0007513	156.0	1.0	1	1	1.0	NA	NA	NA	1	0	1	1
OG0007514	351.0	1.0	1	1	1.0	NA	NA	NA	1	0	1	1
OG0007515	183.0	0.0	1	1	1.0	1.0	3.18	3.18	24	24	24	24
OG0007516	150.0	0.0	1	1	1.0	1.0	2.94	2.94	19	19	19	19
OG0007517	522.0	0.0	1	1	1.0	1.0	3.0	3.0	20	20	20	20
OG0007518	453.0	1.0	1	1	1.0	NA	3.0	NA	20	0	20	20
OG0007519	195.0	1.0	1	1	1.0	NA	2.77	NA	16	0	16	16
OG0007520	861.0	1.0	1	1	1.0	NA	2.3	NA	10	0	10	10
OG0007521	81.0	1.0	1	1	1.0	NA	2.2	NA	9	0	9	9
OG0007522	138.0	0.0	1	1	1.0	1.0	3.18	3.18	24	24	24	24
OG0007523	717.0	1.0	1	1	1.0	NA	2.2	NA	9	0	9	9
OG0007524	270.0	1.0	1	1	1.0	NA	2.2	NA	9	0	9	9
OG0007525	207.0	1.0	1	1	1.0	NA	2.3	NA	10	0	10	10
OG0007526	501.0	1.0	1	1	1.0	NA	2.56	NA	13	0	13	13
OG0007527	150.0	0.0	1	1	1.0	1.0	2.77	2.77	16	16	16	16
OG0007528	189.0	1.0	1	1	1.0	NA	2.83	NA	17	0	17	17
OG0007529	381.0	1.0	1	1	1.0	NA	2.64	NA	14	0	14	14
OG0007530	144.0	1.0	1	1	1.0	NA	2.3	NA	10	0	10	10
OG0007531	633.0	1.0	1	1	1.0	NA	2.56	NA	13	0	13	13
OG0007532	195.0	1.0	1	1	1.0	NA	1.61	NA	5	0	5	5
OG0007533	174.0	1.0	1	1	1.0	NA	0.69	NA	2	0	2	2
OG0007534	99.0	1.0	1	1	1.0	NA	3.18	NA	24	0	24	24
OG0007535	315.0	1.0	1	1	1.0	NA	2.48	NA	12	0	12	12
OG0007536	186.0	1.0	1	1	1.0	NA	2.3	NA	10	0	10	10
OG0007537	105.0	1.0	1	1	1.0	NA	2.56	NA	13	0	13	13
OG0007538	1011.0	1.0	1	1	1.0	NA	NA	NA	1	0	1	1
OG0007539	372.0	1.0	1	1	1.0	NA	2.56	NA	13	0	13	13
OG0007540	303.0	1.0	1	1	1.0	NA	2.64	NA	14	0	14	14
OG0007541	444.0	1.0	1	1	1.0	NA	2.64	NA	14	0	14	14
OG0007542	519.0	1.0	1	1	1.0	NA	2.64	NA	14	0	14	14
OG0007543	651.0	1.0	1	1	1.0	NA	2.56	NA	13	0	13	13
OG0007544	225.0	1.0	1	1	1.0	NA	2.3	NA	10	0	10	10
OG0007545	720.0	0.0	1	1	1.0	1.0	2.77	2.77	16	16	16	16
OG0007546	174.0	0.0	1	1	1.0	1.0	2.89	2.89	18	18	18	18
OG0007547	222.0	0.0	1	1	1.0	1.0	2.83	2.83	17	17	17	17
OG0007548	264.0	0.0	1	1	1.0	1.0	2.64	2.64	14	14	14	14
OG0007549	195.0	0.0	1	1	1.0	1.0	2.71	2.71	15	15	15	15
OG0007550	108.0	0.0	1	1	1.0	1.0	3.04	3.04	21	21	21	21
OG0007551	186.0	0.0	1	1	1.0	1.0	3.04	3.04	21	21	21	21
OG0007552	93.0	0.0	1	1	1.0	1.0	3.09	3.09	22	22	22	22
OG0007553	303.0	0.0	1	1	1.0	1.0	3.04	3.04	21	21	21	21
OG0007554	129.0	0.0	1	1	1.0	1.0	3.04	3.04	21	21	21	21
OG0007555	294.0	0.0	1	1	1.0	1.0	3.04	3.04	21	21	21	21
OG0007556	606.0	0.0	1	1	1.0	1.0	3.04	3.04	21	21	21	21
OG0007557	315.0	0.0	1	1	1.0	1.0	3.0	3.0	20	20	20	20
OG0007558	111.0	0.0	1	1	1.0	1.0	2.89	2.89	18	18	18	18
OG0007559	195.0	0.0	1	1	1.0	1.0	3.09	3.09	22	22	22	22
OG0007560	150.0	0.0	1	1	1.0	1.0	3.09	3.09	22	22	22	22
OG0007561	186.0	0.0	1	1	1.0	1.0	3.0	3.0	20	20	20	20
OG0007562	126.0	0.0	1	1	1.0	1.0	2.83	2.83	17	17	17	17
OG0007563	135.0	0.0	1	1	1.0	1.0	2.77	2.77	16	16	16	16
OG0007564	258.0	0.0	1	1	1.0	1.0	2.77	2.77	16	16	16	16
OG0007565	825.0	0.0	1	1	1.0	1.0	2.89	2.89	18	18	18	18
OG0007566	207.0	0.0	1	1	1.0	1.0	3.0	3.0	20	20	20	20
OG0007567	237.0	0.0	1	1	1.0	1.0	2.94	2.94	19	19	19	19
OG0007568	162.0	0.0	1	1	1.0	1.0	2.94	2.94	19	19	19	19
OG0007569	159.0	0.0	1	1	1.0	1.0	3.09	3.09	22	22	22	22
OG0007570	171.0	0.0	1	1	1.0	1.0	2.94	2.94	19	19	19	19
OG0007571	249.0	0.0	1	1	1.0	1.0	3.18	3.18	24	24	24	24
OG0007572	387.0	0.0	1	1	1.0	1.0	3.04	3.04	21	21	21	21
OG0007573	165.0	0.0	1	1	1.0	1.0	3.09	3.09	22	22	22	22
OG0007574	267.0	0.0	1	1	1.0	1.0	2.89	2.89	18	18	18	18
OG0007575	174.0	0.0	1	1	1.0	1.0	3.0	3.0	20	20	20	20
OG0007576	279.0	0.0	1	1	1.0	1.0	3.04	3.04	21	21	21	21
OG0007577	324.0	0.0	1	1	1.0	1.0	3.04	3.04	21	21	21	21
OG0007578	165.0	0.0	1	1	1.0	1.0	3.09	3.09	22	22	22	22
OG0007579	330.0	0.0	1	1	1.0	1.0	3.04	3.04	21	21	21	21
OG0007580	219.0	0.0	1	1	1.0	1.0	2.94	2.94	19	19	19	19
OG0007581	225.0	0.0	1	1	1.0	1.0	3.04	3.04	21	21	21	21
OG0007582	177.0	0.0	1	1	1.0	1.0	3.09	3.09	22	22	22	22
OG0007583	213.0	0.0	1	1	1.0	1.0	3.18	3.18	24	24	24	24
OG0007584	120.0	0.0	1	1	1.0	1.0	3.14	3.14	23	23	23	23
OG0007585	120.0	0.0	1	1	1.0	1.0	2.77	2.77	16	16	16	16
OG0007586	144.0	0.0	1	1	1.0	1.0	3.04	3.04	21	21	21	21
OG0007587	246.0	0.0	1	1	1.0	1.0	3.0	3.0	20	20	20	20
OG0007588	354.0	0.0	1	1	1.0	1.0	3.09	3.09	22	22	22	22
OG0007589	129.0	0.0	1	1	1.0	1.0	3.0	3.0	20	20	20	20
OG0007590	264.0	0.0	1	1	1.0	1.0	3.18	3.18	24	24	24	24
OG0007591	135.0	0.0	1	1	1.0	1.0	3.18	3.18	24	24	24	24
OG0007592	162.0	0.0	1	1	1.0	1.0	3.18	3.18	24	24	24	24
OG0007593	273.0	0.0	1	1	1.0	1.0	3.22	3.22	25	25	25	25
OG0007594	189.0	0.0	1	1	1.0	1.0	3.22	3.22	25	25	25	25
OG0007595	240.0	0.0	1	1	1.0	1.0	2.77	2.77	16	16	16	16
OG0007596	405.0	0.0	1	1	1.0	1.0	3.04	3.04	21	21	21	21
OG0007597	222.0	0.0	1	1	1.0	1.0	3.09	3.09	22	22	22	22
OG0007598	150.0	0.0	1	1	1.0	1.0	2.94	2.94	19	19	19	19
OG0007599	234.0	0.0	1	1	1.0	1.0	2.56	2.56	13	13	13	13
OG0007600	120.0	0.0	1	1	1.0	1.0	3.14	3.14	23	23	23	23
OG0007601	321.0	0.0	1	1	1.0	1.0	3.22	3.22	25	25	25	25
OG0007602	186.0	0.0	1	1	1.0	1.0	3.04	3.04	21	21	21	21
OG0007603	270.0	0.0	1	1	1.0	1.0	2.77	2.77	16	16	16	16
OG0007604	120.0	0.0	1	1	1.0	1.0	3.14	3.14	23	23	23	23
OG0007605	141.0	0.0	1	1	1.0	1.0	3.04	3.04	21	21	21	21
OG0007606	147.0	0.0	1	1	1.0	1.0	3.3	3.3	27	27	27	27
OG0007607	153.0	0.0	1	1	1.0	1.0	3.26	3.26	26	26	26	26
OG0007608	234.0	0.0	1	1	1.0	1.0	3.26	3.26	26	26	26	26
OG0007609	243.0	0.0	1	1	1.0	1.0	3.04	3.04	21	21	21	21
OG0007610	135.0	0.0	1	1	1.0	1.0	3.18	3.18	24	24	24	24
OG0007611	195.0	0.0	1	1	1.0	1.0	3.14	3.14	23	23	23	23
OG0007612	162.0	0.0	1	1	1.0	1.0	3.22	3.22	25	25	25	25
OG0007613	168.0	0.0	1	1	1.0	1.0	3.09	3.09	22	22	22	22
OG0007614	135.0	0.0	1	1	1.0	1.0	3.14	3.14	23	23	23	23
OG0007615	120.0	0.0	1	1	1.0	1.0	3.14	3.14	23	23	23	23
OG0007616	189.0	0.0	1	1	1.0	1.0	3.18	3.18	24	24	24	24
OG0007617	93.0	0.0	1	1	1.0	1.0	2.64	2.64	14	14	14	14
OG0007618	315.0	0.0	1	1	1.0	1.0	2.77	2.77	16	16	16	16
OG0007619	285.0	0.0	1	1	1.0	1.0	2.77	2.77	16	16	16	16
OG0007620	228.0	0.0	1	1	1.0	1.0	3.09	3.09	22	22	22	22
OG0007621	186.0	0.0	1	1	1.0	1.0	3.22	3.22	25	25	25	25
OG0007622	204.0	0.0	1	1	1.0	1.0	3.09	3.09	22	22	22	22
OG0007623	243.0	0.0	1	1	1.0	1.0	3.04	3.04	21	21	21	21
OG0007624	327.0	0.0	1	1	1.0	1.0	2.94	2.94	19	19	19	19
OG0007625	144.0	0.0	1	1	1.0	1.0	3.04	3.04	21	21	21	21
OG0007626	129.0	0.0	1	1	1.0	1.0	3.09	3.09	22	22	22	22
OG0007627	219.0	0.0	1	1	1.0	1.0	3.22	3.22	25	25	25	25
OG0007628	147.0	0.0	1	1	1.0	1.0	2.89	2.89	18	18	18	18
OG0007629	249.0	0.0	1	1	1.0	1.0	2.89	2.89	18	18	18	18
OG0007630	99.0	0.0	1	1	1.0	1.0	2.94	2.94	19	19	19	19
OG0007631	102.0	0.0	1	1	1.0	1.0	2.77	2.77	16	16	16	16
OG0007632	156.0	0.0	1	1	1.0	1.0	2.89	2.89	18	18	18	18
OG0007633	279.0	0.0	1	1	1.0	1.0	3.09	3.09	22	22	22	22
OG0007634	420.0	0.0	1	1	1.0	1.0	3.09	3.09	22	22	22	22
OG0007635	459.0	0.0	1	1	1.0	1.0	3.09	3.09	22	22	22	22
OG0007636	435.0	0.0	1	1	1.0	1.0	2.77	2.77	16	16	16	16
OG0007637	585.0	0.0	1	1	1.0	1.0	3.09	3.09	22	22	22	22
OG0007638	153.0	0.0	1	1	1.0	1.0	2.77	2.77	16	16	16	16
OG0007639	369.0	0.0	1	1	1.0	1.0	3.0	3.0	20	20	20	20
OG0007640	105.0	0.0	1	1	1.0	1.0	2.83	2.83	17	17	17	17
OG0007641	117.0	0.0	1	1	1.0	1.0	3.09	3.09	22	22	22	22
OG0007642	4899.0	0.0	1	1	1.0	1.0	2.83	2.83	17	17	17	17
OG0007643	588.0	0.0	1	1	1.0	1.0	2.56	2.56	13	13	13	13
OG0007644	135.0	0.0	1	1	1.0	1.0	2.94	2.94	19	19	19	19
OG0007645	102.0	0.0	1	1	1.0	1.0	3.43	3.43	31	31	31	31
OG0007646	93.0	0.0	1	1	1.0	1.0	3.0	3.0	20	20	20	20
OG0007647	222.0	0.0	1	1	1.0	1.0	3.14	3.14	23	23	23	23
OG0007648	507.0	0.0	1	1	1.0	1.0	3.14	3.14	23	23	23	23
OG0007649	147.0	0.0	1	1	1.0	1.0	3.14	3.14	23	23	23	23
OG0007650	1401.0	1.0	1	1	1.0	NA	3.0	NA	20	0	20	20
OG0007651	102.0	1.0	1	1	1.0	NA	2.3	NA	10	0	10	10
OG0007652	162.0	1.0	1	1	1.0	NA	2.89	NA	18	0	18	18
OG0007653	1161.0	0.0	1	1	1.0	1.0	2.94	2.94	19	19	19	19
OG0007654	237.0	0.0	1	1	1.0	1.0	3.0	3.0	20	20	20	20
OG0007655	177.0	0.0	1	1	1.0	1.0	3.18	3.18	24	24	24	24
OG0007656	453.0	0.0	1	1	1.0	1.0	3.18	3.18	24	24	24	24
OG0007657	861.0	1.0	1	1	1.0	NA	2.64	NA	14	0	14	14
OG0007658	126.0	0.0	1	1	1.0	1.0	2.4	2.4	11	11	11	11
OG0007659	309.0	0.0	1	1	1.0	1.0	3.61	3.61	37	37	37	37
OG0007660	120.0	0.0	1	1	1.0	1.0	3.04	3.04	21	21	21	21
OG0007661	111.0	0.0	1	1	1.0	1.0	3.09	3.09	22	22	22	22
OG0007662	504.0	0.0	1	1	1.0	1.0	3.04	3.04	21	21	21	21
OG0007663	117.0	0.0	1	1	1.0	1.0	3.0	3.0	20	20	20	20
OG0007664	744.0	0.0	1	1	1.0	1.0	2.89	2.89	18	18	18	18
OG0007665	852.0	0.0	1	1	1.0	1.0	2.89	2.89	18	18	18	18
OG0007666	198.0	0.0	1	1	1.0	1.0	3.0	3.0	20	20	20	20
OG0007667	129.0	0.0	1	1	1.0	1.0	2.77	2.77	16	16	16	16
OG0007668	1416.0	0.0	1	1	1.0	1.0	2.77	2.77	16	16	16	16
OG0007669	261.0	0.0	1	1	1.0	1.0	2.71	2.71	15	15	15	15
OG0007670	132.0	0.0	1	1	1.0	1.0	3.04	3.04	21	21	21	21
OG0007671	264.0	0.0	1	1	1.0	1.0	3.04	3.04	21	21	21	21
OG0007672	111.0	0.0	1	1	1.0	1.0	3.04	3.04	21	21	21	21
OG0007673	99.0	0.0	1	1	1.0	1.0	3.14	3.14	23	23	23	23
OG0007674	96.0	0.0	1	1	1.0	1.0	2.94	2.94	19	19	19	19
OG0007675	183.0	0.0	1	1	1.0	1.0	3.0	3.0	20	20	20	20
OG0007676	153.0	0.0	1	1	1.0	1.0	2.71	2.71	15	15	15	15
OG0007677	153.0	0.0	1	1	1.0	1.0	3.04	3.04	21	21	21	21
OG0007678	138.0	0.0	1	1	1.0	1.0	2.83	2.83	17	17	17	17
OG0007679	108.0	0.0	1	1	1.0	1.0	3.04	3.04	21	21	21	21
OG0007680	330.0	0.0	1	1	1.0	1.0	2.83	2.83	17	17	17	17
OG0007681	180.0	0.0	1	1	1.0	1.0	2.89	2.89	18	18	18	18
OG0007682	249.0	0.0	1	1	1.0	1.0	3.37	3.37	29	29	29	29
OG0007683	171.0	0.0	1	1	1.0	1.0	3.33	3.33	28	28	28	28
OG0007684	156.0	0.0	1	1	1.0	1.0	3.09	3.09	22	22	22	22
OG0007685	195.0	0.0	1	1	1.0	1.0	3.33	3.33	28	28	28	28
OG0007686	216.0	0.0	1	1	1.0	1.0	3.43	3.43	31	31	31	31
OG0007687	360.0	0.0	1	1	1.0	1.0	3.37	3.37	29	29	29	29
OG0007688	174.0	0.0	1	1	1.0	1.0	3.3	3.3	27	27	27	27
OG0007689	222.0	1.0	1	1	1.0	NA	2.64	NA	14	0	14	14
OG0007690	144.0	1.0	1	1	1.0	NA	2.64	NA	14	0	14	14
OG0007691	174.0	1.0	1	1	1.0	NA	2.64	NA	14	0	14	14
OG0007692	90.0	0.0	1	1	1.0	1.0	2.64	2.64	14	14	14	14
OG0007693	1767.0	0.0	1	1	1.0	1.0	2.48	2.48	12	12	12	12
OG0007694	1149.0	0.0	1	1	1.0	1.0	2.56	2.56	13	13	13	13
OG0007695	306.0	0.0	1	1	1.0	1.0	2.48	2.48	12	12	12	12
OG0007696	105.0	0.0	1	1	1.0	1.0	2.83	2.83	17	17	17	17
OG0007697	366.0	0.0	1	1	1.0	1.0	2.89	2.89	18	18	18	18
OG0007698	477.0	0.0	1	1	1.0	1.0	2.64	2.64	14	14	14	14
OG0007699	1008.0	0.0	1	1	1.0	1.0	2.64	2.64	14	14	14	14
OG0007700	192.0	0.0	1	1	1.0	1.0	2.48	2.48	12	12	12	12
OG0007701	96.0	0.0	1	1	1.0	1.0	2.83	2.83	17	17	17	17
OG0007702	108.0	0.0	1	1	1.0	1.0	2.83	2.83	17	17	17	17
OG0007703	258.0	0.0	1	1	1.0	1.0	2.77	2.77	16	16	16	16
OG0007704	138.0	0.0	1	1	1.0	1.0	2.77	2.77	16	16	16	16
OG0007705	96.0	0.0	1	1	1.0	1.0	2.89	2.89	18	18	18	18
OG0007706	123.0	0.0	1	1	1.0	1.0	2.48	2.48	12	12	12	12
OG0007707	105.0	0.0	1	1	1.0	1.0	2.56	2.56	13	13	13	13
OG0007708	1296.0	0.0	1	1	1.0	1.0	2.94	2.94	19	19	19	19
OG0007709	1296.0	0.0	1	1	1.0	1.0	3.18	3.18	24	24	24	24
OG0007710	1296.0	0.0	1	1	1.0	1.0	2.77	2.77	16	16	16	16
OG0007711	861.0	0.0	1	1	1.0	1.0	2.64	2.64	14	14	14	14
OG0007712	849.0	0.0	1	1	1.0	1.0	2.71	2.71	15	15	15	15
OG0007713	192.0	0.0	1	1	1.0	1.0	2.3	2.3	10	10	10	10
OG0007714	333.0	0.0	1	1	1.0	1.0	2.71	2.71	15	15	15	15
OG0007715	150.0	0.0	1	1	1.0	1.0	2.83	2.83	17	17	17	17
OG0007716	204.0	0.0	1	1	1.0	1.0	3.14	3.14	23	23	23	23
OG0007717	609.0	0.0	1	1	1.0	1.0	3.18	3.18	24	24	24	24
OG0007718	207.0	0.0	1	1	1.0	1.0	3.0	3.0	20	20	20	20
OG0007719	111.0	0.0	1	1	1.0	1.0	3.53	3.53	34	34	34	34
OG0007720	120.0	0.0	1	1	1.0	1.0	3.66	3.66	39	39	39	39
OG0007721	159.0	0.0	1	1	1.0	1.0	3.47	3.47	32	32	32	32
OG0007722	210.0	0.0	1	1	1.0	1.0	3.33	3.33	28	28	28	28
OG0007723	111.0	0.0	1	1	1.0	1.0	2.64	2.64	14	14	14	14
OG0007724	252.0	0.0	1	1	1.0	1.0	2.3	2.3	10	10	10	10
OG0007725	852.0	0.0	1	1	1.0	1.0	2.89	2.89	18	18	18	18
OG0007726	456.0	0.0	1	1	1.0	1.0	2.89	2.89	18	18	18	18
OG0007727	1452.0	0.0	1	1	1.0	1.0	2.71	2.71	15	15	15	15
OG0007728	381.0	1.0	1	1	1.0	NA	2.77	NA	16	0	16	16
OG0007729	156.0	1.0	1	1	1.0	NA	2.83	NA	17	0	17	17
OG0007730	255.0	1.0	1	1	1.0	NA	2.3	NA	10	0	10	10
OG0007731	186.0	1.0	1	1	1.0	NA	2.71	NA	15	0	15	15
OG0007732	1452.0	1.0	1	1	1.0	NA	2.83	NA	17	0	17	17
OG0007733	144.0	1.0	1	1	1.0	NA	2.83	NA	17	0	17	17
OG0007734	186.0	1.0	1	1	1.0	NA	2.83	NA	17	0	17	17
OG0007735	423.0	0.0	1	1	1.0	1.0	3.0	3.0	20	20	20	20
OG0007736	225.0	1.0	1	1	1.0	NA	2.83	NA	17	0	17	17
OG0007737	1380.0	1.0	1	1	1.0	NA	2.08	NA	8	0	8	8
OG0007738	342.0	1.0	1	1	1.0	NA	2.4	NA	11	0	11	11
OG0007739	78.0	1.0	1	1	1.0	NA	2.2	NA	9	0	9	9
OG0007740	132.0	1.0	1	1	1.0	NA	2.3	NA	10	0	10	10
OG0007741	627.0	1.0	1	1	1.0	NA	2.08	NA	8	0	8	8
OG0007742	96.0	1.0	1	1	1.0	NA	2.08	NA	8	0	8	8
OG0007743	102.0	1.0	1	1	1.0	NA	1.61	NA	5	0	5	5
OG0007744	411.0	1.0	1	1	1.0	NA	1.39	NA	4	0	4	4
OG0007745	348.0	1.0	1	1	1.0	NA	0.69	NA	2	0	2	2
OG0007746	129.0	1.0	1	1	1.0	NA	1.39	NA	4	0	4	4
OG0007747	288.0	1.0	1	1	1.0	NA	1.39	NA	4	0	4	4
OG0007748	246.0	1.0	1	1	1.0	NA	1.39	NA	4	0	4	4
OG0007749	186.0	1.0	1	1	1.0	NA	1.39	NA	4	0	4	4
OG0007750	174.0	1.0	1	1	1.0	NA	1.61	NA	5	0	5	5
OG0007751	678.0	1.0	1	1	1.0	NA	NA	NA	1	0	1	1
OG0007752	300.0	1.0	1	1	1.0	NA	NA	NA	1	0	1	1
OG0007753	132.0	0.0	1	1	1.0	1.0	3.18	3.18	24	24	24	24
OG0007754	189.0	0.0	1	1	1.0	1.0	3.18	3.18	24	24	24	24
OG0007755	174.0	0.0	1	1	1.0	1.0	2.94	2.94	19	19	19	19
OG0007756	132.0	0.0	1	1	1.0	1.0	3.64	3.64	38	38	38	38
OG0007757	192.0	0.0	1	1	1.0	1.0	3.66	3.66	39	39	39	39
OG0007758	492.0	0.0	1	1	1.0	1.0	2.94	2.94	19	19	19	19
OG0007759	129.0	0.0	1	1	1.0	1.0	3.22	3.22	25	25	25	25
OG0007760	288.0	0.0	1	1	1.0	1.0	3.22	3.22	25	25	25	25
OG0007761	150.0	0.0	1	1	1.0	1.0	3.14	3.14	23	23	23	23
OG0007762	993.0	0.0	1	1	1.0	1.0	3.04	3.04	21	21	21	21
OG0007763	450.0	1.0	1	1	1.0	NA	2.48	NA	12	0	12	12
OG0007764	93.0	1.0	1	1	1.0	NA	1.95	NA	7	0	7	7
OG0007765	288.0	0.0	1	1	1.0	1.0	2.64	2.64	14	14	14	14
OG0007766	114.0	0.0	1	1	1.0	1.0	3.18	3.18	24	24	24	24
OG0007767	363.0	0.0	1	1	1.0	1.0	3.09	3.09	22	22	22	22
OG0007768	366.0	0.0	1	1	1.0	1.0	3.04	3.04	21	21	21	21
OG0007769	207.0	0.0	1	1	1.0	1.0	3.09	3.09	22	22	22	22
OG0007770	123.0	0.0	1	1	1.0	1.0	2.89	2.89	18	18	18	18
OG0007771	258.0	1.0	1	1	1.0	NA	2.3	NA	10	0	10	10
OG0007772	153.0	0.0	1	1	1.0	1.0	2.94	2.94	19	19	19	19
OG0007773	123.0	0.0	1	1	1.0	1.0	2.77	2.77	16	16	16	16
OG0007774	279.0	0.0	1	1	1.0	1.0	3.0	3.0	20	20	20	20
OG0007775	192.0	0.0	1	1	1.0	1.0	3.04	3.04	21	21	21	21
OG0007776	897.0	0.0	1	1	1.0	1.0	3.0	3.0	20	20	20	20
OG0007777	189.0	0.0	1	1	1.0	1.0	2.83	2.83	17	17	17	17
OG0007778	213.0	0.0	1	1	1.0	1.0	2.77	2.77	16	16	16	16
OG0007779	156.0	0.0	1	1	1.0	1.0	2.83	2.83	17	17	17	17
OG0007780	180.0	1.0	1	1	1.0	NA	3.56	NA	35	0	35	35
OG0007781	141.0	1.0	1	1	1.0	NA	3.58	NA	36	0	36	36
OG0007782	228.0	1.0	1	1	1.0	NA	3.64	NA	38	0	38	38
OG0007783	156.0	1.0	1	1	1.0	NA	3.71	NA	41	0	41	41
OG0007784	192.0	1.0	1	1	1.0	NA	3.76	NA	43	0	43	43
OG0007785	171.0	1.0	1	1	1.0	NA	3.76	NA	43	0	43	43
OG0007786	279.0	0.0	1	1	1.0	1.0	3.87	3.87	48	48	48	48
OG0007787	297.0	0.0	1	1	1.0	1.0	3.71	3.71	41	41	41	41
OG0007788	186.0	0.0	1	1	1.0	1.0	3.69	3.69	40	40	40	40
OG0007789	363.0	0.0	1	1	1.0	1.0	3.64	3.64	38	38	38	38
OG0007790	273.0	0.0	1	1	1.0	1.0	3.5	3.5	33	33	33	33
OG0007791	405.0	0.0	1	1	1.0	1.0	3.56	3.56	35	35	35	35
OG0007792	147.0	0.0	1	1	1.0	1.0	3.56	3.56	35	35	35	35
OG0007793	240.0	0.0	1	1	1.0	1.0	3.56	3.56	35	35	35	35
OG0007794	204.0	0.0	1	1	1.0	1.0	3.4	3.4	30	30	30	30
OG0007795	555.0	1.0	1	1	1.0	NA	2.4	NA	11	0	11	11
OG0007796	258.0	1.0	1	1	1.0	NA	2.4	NA	11	0	11	11
OG0007797	249.0	1.0	1	1	1.0	NA	2.56	NA	13	0	13	13
OG0007798	237.0	1.0	1	1	1.0	NA	2.83	NA	17	0	17	17
OG0007799	141.0	1.0	1	1	1.0	NA	2.4	NA	11	0	11	11
OG0007800	231.0	1.0	1	1	1.0	NA	2.3	NA	10	0	10	10
OG0007801	69.0	1.0	1	1	1.0	NA	NA	NA	1	0	1	1
OG0007802	564.0	0.0	1	1	1.0	1.0	2.77	2.77	16	16	16	16
OG0007803	294.0	0.0	1	1	1.0	1.0	3.04	3.04	21	21	21	21
OG0007804	330.0	0.0	1	1	1.0	1.0	3.0	3.0	20	20	20	20
OG0007805	1119.0	0.0	1	1	1.0	1.0	3.0	3.0	20	20	20	20
OG0007806	1083.0	0.0	1	1	1.0	1.0	2.64	2.64	14	14	14	14
OG0007807	90.0	0.0	1	1	1.0	1.0	3.0	3.0	20	20	20	20
OG0007808	102.0	0.0	1	1	1.0	1.0	2.71	2.71	15	15	15	15
OG0007809	105.0	0.0	1	1	1.0	1.0	3.14	3.14	23	23	23	23
OG0007810	510.0	0.0	1	1	1.0	1.0	2.89	2.89	18	18	18	18
OG0007811	210.0	0.0	1	1	1.0	1.0	2.94	2.94	19	19	19	19
OG0007812	108.0	0.0	1	1	1.0	1.0	3.22	3.22	25	25	25	25
OG0007813	129.0	0.0	1	1	1.0	1.0	2.94	2.94	19	19	19	19
OG0007814	105.0	0.0	1	1	1.0	1.0	3.14	3.14	23	23	23	23
OG0007815	192.0	0.0	1	1	1.0	1.0	3.64	3.64	38	38	38	38
OG0007816	177.0	0.0	1	1	1.0	1.0	3.64	3.64	38	38	38	38
OG0007817	186.0	0.0	1	1	1.0	1.0	3.71	3.71	41	41	41	41
OG0007818	234.0	0.0	1	1	1.0	1.0	3.76	3.76	43	43	43	43
OG0007819	192.0	0.0	1	1	1.0	1.0	3.69	3.69	40	40	40	40
OG0007820	2730.0	0.0	1	1	1.0	1.0	2.94	2.94	19	19	19	19
OG0007821	705.0	0.0	1	1	1.0	1.0	2.83	2.83	17	17	17	17
OG0007822	900.0	0.0	1	1	1.0	1.0	2.89	2.89	18	18	18	18
OG0007823	1566.0	0.0	1	1	1.0	1.0	3.0	3.0	20	20	20	20
OG0007824	549.0	0.0	1	1	1.0	1.0	3.33	3.33	28	28	28	28
OG0007825	684.0	0.0	1	1	1.0	1.0	3.37	3.37	29	29	29	29
OG0007826	621.0	0.0	1	1	1.0	1.0	2.77	2.77	16	16	16	16
OG0007827	168.0	0.0	1	1	1.0	1.0	3.26	3.26	26	26	26	26
OG0007828	126.0	0.0	1	1	1.0	1.0	3.33	3.33	28	28	28	28
OG0007829	105.0	0.0	1	1	1.0	1.0	2.77	2.77	16	16	16	16
OG0007830	108.0	0.0	1	1	1.0	1.0	2.94	2.94	19	19	19	19
OG0007831	99.0	0.0	1	1	1.0	1.0	2.89	2.89	18	18	18	18
OG0007832	267.0	0.0	1	1	1.0	1.0	3.3	3.3	27	27	27	27
OG0007833	144.0	0.0	1	1	1.0	1.0	3.26	3.26	26	26	26	26
OG0007834	99.0	0.0	1	1	1.0	1.0	3.0	3.0	20	20	20	20
OG0007835	165.0	0.0	1	1	1.0	1.0	2.89	2.89	18	18	18	18
OG0007836	1593.0	0.0	1	1	1.0	1.0	2.71	2.71	15	15	15	15
OG0007837	105.0	1.0	1	1	1.0	NA	3.14	NA	23	0	23	23
OG0007838	93.0	0.0	1	1	1.0	1.0	3.04	3.04	21	21	21	21
OG0007839	111.0	0.0	1	1	1.0	1.0	2.64	2.64	14	14	14	14
OG0007840	141.0	0.0	1	1	1.0	1.0	3.18	3.18	24	24	24	24
OG0007841	96.0	0.0	1	1	1.0	1.0	3.18	3.18	24	24	24	24
OG0007842	156.0	0.0	1	1	1.0	1.0	3.22	3.22	25	25	25	25
OG0007843	102.0	1.0	1	1	1.0	NA	3.18	NA	24	0	24	24
OG0007844	108.0	1.0	1	1	1.0	NA	3.18	NA	24	0	24	24
OG0007845	468.0	0.0	1	1	1.0	1.0	2.83	2.83	17	17	17	17
OG0007846	1410.0	0.0	1	1	1.0	1.0	3.0	3.0	20	20	20	20
OG0007847	954.0	0.0	1	1	1.0	1.0	3.0	3.0	20	20	20	20
OG0007848	1182.0	0.0	1	1	1.0	1.0	3.09	3.09	22	22	22	22
OG0007849	1863.0	0.0	1	1	1.0	1.0	3.14	3.14	23	23	23	23
OG0007850	903.0	0.0	1	1	1.0	1.0	3.18	3.18	24	24	24	24
OG0007851	348.0	0.0	1	1	1.0	1.0	2.94	2.94	19	19	19	19
OG0007852	1227.0	0.0	1	1	1.0	1.0	2.94	2.94	19	19	19	19
OG0007853	612.0	0.0	1	1	1.0	1.0	2.83	2.83	17	17	17	17
OG0007854	408.0	1.0	1	1	1.0	NA	3.3	NA	27	0	27	27
OG0007855	108.0	1.0	1	1	1.0	NA	3.66	NA	39	0	39	39
OG0007856	117.0	0.0	1	1	1.0	1.0	3.71	3.71	41	41	41	41
OG0007857	144.0	0.0	1	1	1.0	1.0	2.83	2.83	17	17	17	17
OG0007858	114.0	0.0	1	1	1.0	1.0	3.0	3.0	20	20	20	20
OG0007859	129.0	0.0	1	1	1.0	1.0	3.04	3.04	21	21	21	21
OG0007860	393.0	1.0	1	1	1.0	NA	NA	NA	1	0	1	1
OG0007861	93.0	0.0	1	1	1.0	1.0	3.09	3.09	22	22	22	22
OG0007862	108.0	0.0	1	1	1.0	1.0	2.94	2.94	19	19	19	19
OG0007863	162.0	0.0	1	1	1.0	1.0	3.0	3.0	20	20	20	20
OG0007864	111.0	0.0	1	1	1.0	1.0	2.77	2.77	16	16	16	16
OG0007865	636.0	0.0	1	1	1.0	1.0	3.0	3.0	20	20	20	20
OG0007866	825.0	0.0	1	1	1.0	1.0	3.04	3.04	21	21	21	21
OG0007867	261.0	0.0	1	1	1.0	1.0	3.0	3.0	20	20	20	20
OG0007868	963.0	0.0	1	1	1.0	1.0	3.04	3.04	21	21	21	21
OG0007869	1089.0	0.0	1	1	1.0	1.0	3.04	3.04	21	21	21	21
OG0007870	1200.0	0.0	1	1	1.0	1.0	3.0	3.0	20	20	20	20
OG0007871	999.0	0.0	1	1	1.0	1.0	3.0	3.0	20	20	20	20
OG0007872	975.0	0.0	1	1	1.0	1.0	3.04	3.04	21	21	21	21
OG0007873	741.0	0.0	1	1	1.0	1.0	3.09	3.09	22	22	22	22
OG0007874	912.0	0.0	1	1	1.0	1.0	3.09	3.09	22	22	22	22
OG0007875	2148.0	0.0	1	1	1.0	1.0	2.71	2.71	15	15	15	15
OG0007876	261.0	0.0	1	1	1.0	1.0	2.64	2.64	14	14	14	14
OG0007877	102.0	0.0	1	1	1.0	1.0	3.0	3.0	20	20	20	20
OG0007878	240.0	0.0	1	1	1.0	1.0	3.0	3.0	20	20	20	20
OG0007879	798.0	0.0	1	1	1.0	1.0	3.0	3.0	20	20	20	20
OG0007880	90.0	0.0	1	1	1.0	1.0	3.0	3.0	20	20	20	20
OG0007881	1446.0	0.0	1	1	1.0	1.0	2.64	2.64	14	14	14	14
OG0007882	1068.0	0.0	1	1	1.0	1.0	2.56	2.56	13	13	13	13
OG0007883	111.0	0.0	1	1	1.0	1.0	2.89	2.89	18	18	18	18
OG0007884	189.0	0.0	1	1	1.0	1.0	2.56	2.56	13	13	13	13
OG0007885	504.0	0.0	1	1	1.0	1.0	3.04	3.04	21	21	21	21
OG0007886	303.0	0.0	1	1	1.0	1.0	3.09	3.09	22	22	22	22
OG0007887	252.0	0.0	1	1	1.0	1.0	3.18	3.18	24	24	24	24
OG0007888	168.0	0.0	1	1	1.0	1.0	3.18	3.18	24	24	24	24
OG0007889	246.0	0.0	1	1	1.0	1.0	3.47	3.47	32	32	32	32
OG0007890	165.0	0.0	1	1	1.0	1.0	2.77	2.77	16	16	16	16
OG0007891	90.0	0.0	1	1	1.0	1.0	3.04	3.04	21	21	21	21
OG0007892	117.0	0.0	1	1	1.0	1.0	3.04	3.04	21	21	21	21
OG0007893	168.0	0.0	1	1	1.0	1.0	3.04	3.04	21	21	21	21
OG0007894	117.0	0.0	1	1	1.0	1.0	3.09	3.09	22	22	22	22
OG0007895	276.0	0.0	1	1	1.0	1.0	2.94	2.94	19	19	19	19
OG0007896	201.0	0.0	1	1	1.0	1.0	2.83	2.83	17	17	17	17
OG0007897	138.0	0.0	1	1	1.0	1.0	3.0	3.0	20	20	20	20
OG0007898	144.0	0.0	1	1	1.0	1.0	3.14	3.14	23	23	23	23
OG0007899	222.0	0.0	1	1	1.0	1.0	2.77	2.77	16	16	16	16
OG0007900	105.0	0.0	1	1	1.0	1.0	3.04	3.04	21	21	21	21
OG0007901	405.0	0.0	1	1	1.0	1.0	3.26	3.26	26	26	26	26
OG0007902	174.0	0.0	1	1	1.0	1.0	3.22	3.22	25	25	25	25
OG0007903	336.0	0.0	1	1	1.0	1.0	3.4	3.4	30	30	30	30
OG0007904	159.0	0.0	1	1	1.0	1.0	3.4	3.4	30	30	30	30
OG0007905	102.0	0.0	1	1	1.0	1.0	3.14	3.14	23	23	23	23
OG0007906	99.0	0.0	1	1	1.0	1.0	3.14	3.14	23	23	23	23
OG0007907	456.0	0.0	1	1	1.0	1.0	3.0	3.0	20	20	20	20
OG0007908	162.0	0.0	1	1	1.0	1.0	3.09	3.09	22	22	22	22
OG0007909	237.0	0.0	1	1	1.0	1.0	2.83	2.83	17	17	17	17
OG0007910	3642.0	0.0	1	1	1.0	1.0	3.18	3.18	24	24	24	24
OG0007911	129.0	1.0	1	1	1.0	NA	3.4	NA	30	0	30	30
OG0007912	492.0	0.0	1	1	1.0	1.0	3.22	3.22	25	25	25	25
OG0007913	138.0	0.0	1	1	1.0	1.0	2.94	2.94	19	19	19	19
OG0007914	123.0	1.0	1	1	1.0	NA	2.77	NA	16	0	16	16
OG0007915	369.0	0.0	1	1	1.0	1.0	3.04	3.04	21	21	21	21
OG0007916	183.0	1.0	1	1	1.0	NA	3.33	NA	28	0	28	28
OG0007917	147.0	1.0	1	1	1.0	NA	3.22	NA	25	0	25	25
OG0007918	270.0	1.0	1	1	1.0	NA	3.09	NA	22	0	22	22
OG0007919	759.0	1.0	1	1	1.0	NA	3.09	NA	22	0	22	22
OG0007920	117.0	0.0	1	1	1.0	1.0	2.64	2.64	14	14	14	14
OG0007921	105.0	1.0	1	1	1.0	NA	2.08	NA	8	0	8	8
OG0007922	105.0	1.0	1	1	1.0	NA	2.48	NA	12	0	12	12
OG0007923	219.0	0.0	1	1	1.0	1.0	2.89	2.89	18	18	18	18
OG0007924	168.0	0.0	1	1	1.0	1.0	3.04	3.04	21	21	21	21
OG0007925	393.0	0.0	1	1	1.0	1.0	2.89	2.89	18	18	18	18
OG0007926	159.0	0.0	1	1	1.0	1.0	2.89	2.89	18	18	18	18
OG0007927	234.0	0.0	1	1	1.0	1.0	2.83	2.83	17	17	17	17
OG0007928	183.0	0.0	1	1	1.0	1.0	2.83	2.83	17	17	17	17
OG0007929	381.0	1.0	1	1	1.0	NA	2.83	NA	17	0	17	17
OG0007930	141.0	1.0	1	1	1.0	NA	2.4	NA	11	0	11	11
OG0007931	2148.0	0.0	1	1	1.0	1.0	3.09	3.09	22	22	22	22
OG0007932	693.0	0.0	1	1	1.0	1.0	3.0	3.0	20	20	20	20
OG0007933	591.0	0.0	1	1	1.0	1.0	2.94	2.94	19	19	19	19
OG0007934	1479.0	0.0	1	1	1.0	1.0	3.04	3.04	21	21	21	21
OG0007935	645.0	0.0	1	1	1.0	1.0	3.0	3.0	20	20	20	20
OG0007936	171.0	0.0	1	1	1.0	1.0	3.0	3.0	20	20	20	20
OG0007937	174.0	0.0	1	1	1.0	1.0	3.0	3.0	20	20	20	20
OG0007938	642.0	0.0	1	1	1.0	1.0	2.89	2.89	18	18	18	18
OG0007939	459.0	0.0	1	1	1.0	1.0	3.09	3.09	22	22	22	22
OG0007940	360.0	0.0	1	1	1.0	1.0	3.0	3.0	20	20	20	20
OG0007941	132.0	0.0	1	1	1.0	1.0	2.94	2.94	19	19	19	19
OG0007942	204.0	0.0	1	1	1.0	1.0	2.77	2.77	16	16	16	16
OG0007943	138.0	0.0	1	1	1.0	1.0	2.64	2.64	14	14	14	14
OG0007944	480.0	0.0	1	1	1.0	1.0	3.09	3.09	22	22	22	22
OG0007945	321.0	0.0	1	1	1.0	1.0	3.04	3.04	21	21	21	21
OG0007946	114.0	0.0	1	1	1.0	1.0	3.04	3.04	21	21	21	21
OG0007947	651.0	0.0	1	1	1.0	1.0	3.14	3.14	23	23	23	23
OG0007948	174.0	0.0	1	1	1.0	1.0	3.09	3.09	22	22	22	22
OG0007949	117.0	0.0	1	1	1.0	1.0	3.14	3.14	23	23	23	23
OG0007950	228.0	0.0	1	1	1.0	1.0	2.83	2.83	17	17	17	17
OG0007951	759.0	0.0	1	1	1.0	1.0	2.89	2.89	18	18	18	18
OG0007952	255.0	0.0	1	1	1.0	1.0	3.09	3.09	22	22	22	22
OG0007953	96.0	1.0	1	1	1.0	NA	2.56	NA	13	0	13	13
OG0007954	162.0	1.0	1	1	1.0	NA	2.71	NA	15	0	15	15
OG0007955	180.0	1.0	1	1	1.0	NA	2.83	NA	17	0	17	17
OG0007956	219.0	1.0	1	1	1.0	NA	2.56	NA	13	0	13	13
OG0007957	219.0	1.0	1	1	1.0	NA	2.89	NA	18	0	18	18
OG0007958	405.0	1.0	1	1	1.0	NA	2.89	NA	18	0	18	18
OG0007959	585.0	1.0	1	1	1.0	NA	3.14	NA	23	0	23	23
OG0007960	2376.0	1.0	1	1	1.0	NA	3.37	NA	29	0	29	29
OG0007961	222.0	0.0	1	1	1.0	1.0	3.4	3.4	30	30	30	30
OG0007962	231.0	0.0	1	1	1.0	1.0	3.43	3.43	31	31	31	31
OG0007963	156.0	0.0	1	1	1.0	1.0	3.4	3.4	30	30	30	30
OG0007964	111.0	0.0	1	1	1.0	1.0	3.43	3.43	31	31	31	31
OG0007965	432.0	0.0	1	1	1.0	1.0	3.43	3.43	31	31	31	31
OG0007966	408.0	0.0	1	1	1.0	1.0	3.56	3.56	35	35	35	35
OG0007967	282.0	0.0	1	1	1.0	1.0	3.56	3.56	35	35	35	35
OG0007968	282.0	0.0	1	1	1.0	1.0	3.58	3.58	36	36	36	36
OG0007969	474.0	0.0	1	1	1.0	1.0	3.61	3.61	37	37	37	37
OG0007970	243.0	1.0	1	1	1.0	NA	3.61	NA	37	0	37	37
OG0007971	441.0	1.0	1	1	1.0	NA	3.53	NA	34	0	34	34
OG0007972	333.0	1.0	1	1	1.0	NA	3.37	NA	29	0	29	29
OG0007973	264.0	1.0	1	1	1.0	NA	3.37	NA	29	0	29	29
OG0007974	246.0	1.0	1	1	1.0	NA	3.33	NA	28	0	28	28
OG0007975	465.0	1.0	1	1	1.0	NA	3.26	NA	26	0	26	26
OG0007976	468.0	1.0	1	1	1.0	NA	2.89	NA	18	0	18	18
OG0007977	1416.0	0.0	1	1	1.0	1.0	2.83	2.83	17	17	17	17
OG0007978	510.0	0.0	1	1	1.0	1.0	3.0	3.0	20	20	20	20
OG0007979	1335.0	0.0	1	1	1.0	1.0	3.0	3.0	20	20	20	20
OG0007980	282.0	0.0	1	1	1.0	1.0	2.94	2.94	19	19	19	19
OG0007981	306.0	0.0	1	1	1.0	1.0	2.89	2.89	18	18	18	18
OG0007982	225.0	1.0	1	1	1.0	NA	3.37	NA	29	0	29	29
OG0007983	354.0	1.0	1	1	1.0	NA	3.5	NA	33	0	33	33
OG0007984	258.0	1.0	1	1	1.0	NA	3.5	NA	33	0	33	33
OG0007985	288.0	1.0	1	1	1.0	NA	3.5	NA	33	0	33	33
OG0007986	75.0	1.0	1	1	1.0	NA	3.04	NA	21	0	21	21
OG0007987	201.0	1.0	1	1	1.0	NA	2.3	NA	10	0	10	10
OG0007988	342.0	1.0	1	1	1.0	NA	2.2	NA	9	0	9	9
OG0007989	600.0	1.0	1	1	1.0	NA	2.2	NA	9	0	9	9
OG0007990	882.0	1.0	1	1	1.0	NA	2.2	NA	9	0	9	9
OG0007991	114.0	0.0	1	1	1.0	1.0	2.77	2.77	16	16	16	16
OG0007992	147.0	0.0	1	1	1.0	1.0	2.89	2.89	18	18	18	18
OG0007993	165.0	0.0	1	1	1.0	1.0	3.0	3.0	20	20	20	20
OG0007994	135.0	0.0	1	1	1.0	1.0	2.94	2.94	19	19	19	19
OG0007995	270.0	1.0	1	1	1.0	NA	2.56	NA	13	0	13	13
OG0007996	366.0	1.0	1	1	1.0	NA	2.48	NA	12	0	12	12
OG0007997	240.0	1.0	1	1	1.0	NA	2.48	NA	12	0	12	12
OG0007998	2319.0	0.0	1	1	1.0	1.0	2.83	2.83	17	17	17	17
OG0007999	99.0	0.0	1	1	1.0	1.0	2.89	2.89	18	18	18	18
OG0008000	135.0	0.0	1	1	1.0	1.0	2.94	2.94	19	19	19	19
OG0008001	336.0	1.0	1	1	1.0	NA	2.71	NA	15	0	15	15
OG0008002	3225.0	0.0	1	1	1.0	1.0	2.83	2.83	17	17	17	17
OG0008003	171.0	0.0	1	1	1.0	1.0	2.71	2.71	15	15	15	15
OG0008004	336.0	0.0	1	1	1.0	1.0	3.0	3.0	20	20	20	20
OG0008005	420.0	0.0	1	1	1.0	1.0	3.0	3.0	20	20	20	20
OG0008006	747.0	0.0	1	1	1.0	1.0	2.71	2.71	15	15	15	15
OG0008007	1230.0	0.0	1	1	1.0	1.0	2.77	2.77	16	16	16	16
OG0008008	99.0	0.0	1	1	1.0	1.0	3.14	3.14	23	23	23	23
OG0008009	570.0	0.0	1	1	1.0	1.0	3.26	3.26	26	26	26	26
OG0008010	117.0	0.0	1	1	1.0	1.0	3.14	3.14	23	23	23	23
OG0008011	183.0	0.0	1	1	1.0	1.0	2.83	2.83	17	17	17	17
OG0008012	447.0	0.0	1	1	1.0	1.0	2.94	2.94	19	19	19	19
OG0008013	303.0	0.0	1	1	1.0	1.0	3.09	3.09	22	22	22	22
OG0008014	222.0	0.0	1	1	1.0	1.0	3.0	3.0	20	20	20	20
OG0008015	126.0	0.0	1	1	1.0	1.0	3.04	3.04	21	21	21	21
OG0008016	99.0	0.0	1	1	1.0	1.0	3.14	3.14	23	23	23	23
OG0008017	480.0	0.0	1	1	1.0	1.0	2.89	2.89	18	18	18	18
OG0008018	102.0	0.0	1	1	1.0	1.0	3.09	3.09	22	22	22	22
OG0008019	180.0	0.0	1	1	1.0	1.0	3.04	3.04	21	21	21	21
OG0008020	144.0	0.0	1	1	1.0	1.0	3.4	3.4	30	30	30	30
OG0008021	216.0	0.0	1	1	1.0	1.0	3.4	3.4	30	30	30	30
OG0008022	666.0	0.0	1	1	1.0	1.0	3.43	3.43	31	31	31	31
OG0008023	408.0	0.0	1	1	1.0	1.0	2.94	2.94	19	19	19	19
OG0008024	144.0	0.0	1	1	1.0	1.0	3.0	3.0	20	20	20	20
OG0008025	96.0	0.0	1	1	1.0	1.0	3.0	3.0	20	20	20	20
OG0008026	291.0	0.0	1	1	1.0	1.0	3.0	3.0	20	20	20	20
OG0008027	429.0	0.0	1	1	1.0	1.0	2.48	2.48	12	12	12	12
OG0008028	189.0	0.0	1	1	1.0	1.0	2.77	2.77	16	16	16	16
OG0008029	108.0	0.0	1	1	1.0	1.0	2.94	2.94	19	19	19	19
OG0008030	276.0	0.0	1	1	1.0	1.0	3.18	3.18	24	24	24	24
OG0008031	294.0	0.0	1	1	1.0	1.0	3.18	3.18	24	24	24	24
OG0008032	162.0	0.0	1	1	1.0	1.0	3.18	3.18	24	24	24	24
OG0008033	324.0	1.0	1	1	1.0	NA	2.4	NA	11	0	11	11
OG0008034	264.0	1.0	1	1	1.0	NA	2.4	NA	11	0	11	11
OG0008035	96.0	0.0	1	1	1.0	1.0	2.83	2.83	17	17	17	17
OG0008036	2031.0	1.0	1	1	1.0	NA	2.4	NA	11	0	11	11
OG0008037	1152.0	1.0	1	1	1.0	NA	2.2	NA	9	0	9	9
OG0008038	399.0	1.0	1	1	1.0	NA	2.2	NA	9	0	9	9
OG0008039	210.0	1.0	1	1	1.0	NA	2.08	NA	8	0	8	8
OG0008040	114.0	0.0	1	1	1.0	1.0	2.83	2.83	17	17	17	17
OG0008041	111.0	0.0	1	1	1.0	1.0	2.89	2.89	18	18	18	18
OG0008042	1317.0	0.0	1	1	1.0	1.0	2.89	2.89	18	18	18	18
OG0008043	93.0	0.0	1	1	1.0	1.0	2.89	2.89	18	18	18	18
OG0008044	798.0	0.0	1	1	1.0	1.0	2.71	2.71	15	15	15	15
OG0008045	129.0	0.0	1	1	1.0	1.0	3.14	3.14	23	23	23	23
OG0008046	111.0	0.0	1	1	1.0	1.0	3.09	3.09	22	22	22	22
OG0008047	120.0	0.0	1	1	1.0	1.0	2.77	2.77	16	16	16	16
OG0008048	243.0	0.0	1	1	1.0	1.0	3.18	3.18	24	24	24	24
OG0008049	171.0	0.0	1	1	1.0	1.0	3.56	3.56	35	35	35	35
OG0008050	309.0	0.0	1	1	1.0	1.0	3.53	3.53	34	34	34	34
OG0008051	603.0	0.0	1	1	1.0	1.0	3.04	3.04	21	21	21	21
OG0008052	162.0	0.0	1	1	1.0	1.0	3.09	3.09	22	22	22	22
OG0008053	111.0	0.0	1	1	1.0	1.0	3.14	3.14	23	23	23	23
OG0008054	366.0	0.0	1	1	1.0	1.0	2.89	2.89	18	18	18	18
OG0008055	114.0	0.0	1	1	1.0	1.0	3.18	3.18	24	24	24	24
OG0008056	780.0	0.0	1	1	1.0	1.0	3.09	3.09	22	22	22	22
OG0008057	294.0	1.0	1	1	1.0	NA	2.4	NA	11	0	11	11
OG0008058	303.0	0.0	1	1	1.0	1.0	3.09	3.09	22	22	22	22
OG0008059	138.0	0.0	1	1	1.0	1.0	3.09	3.09	22	22	22	22
OG0008060	132.0	0.0	1	1	1.0	1.0	3.09	3.09	22	22	22	22
OG0008061	141.0	1.0	1	1	1.0	NA	2.4	NA	11	0	11	11
OG0008062	189.0	0.0	1	1	1.0	1.0	2.94	2.94	19	19	19	19
OG0008063	480.0	0.0	1	1	1.0	1.0	3.04	3.04	21	21	21	21
OG0008064	99.0	0.0	1	1	1.0	1.0	3.09	3.09	22	22	22	22
OG0008065	768.0	0.0	1	1	1.0	1.0	2.56	2.56	13	13	13	13
OG0008066	7344.0	0.0	1	1	1.0	1.0	2.83	2.83	17	17	17	17
OG0008067	189.0	0.0	1	1	1.0	1.0	2.56	2.56	13	13	13	13
OG0008068	159.0	0.0	1	1	1.0	1.0	3.04	3.04	21	21	21	21
OG0008069	216.0	0.0	1	1	1.0	1.0	2.83	2.83	17	17	17	17
OG0008070	156.0	0.0	1	1	1.0	1.0	2.4	2.4	11	11	11	11
OG0008071	261.0	0.0	1	1	1.0	1.0	3.22	3.22	25	25	25	25
OG0008072	180.0	0.0	1	1	1.0	1.0	3.09	3.09	22	22	22	22
OG0008073	105.0	0.0	1	1	1.0	1.0	2.83	2.83	17	17	17	17
OG0008074	102.0	0.0	1	1	1.0	1.0	2.94	2.94	19	19	19	19
OG0008075	144.0	0.0	1	1	1.0	1.0	3.0	3.0	20	20	20	20
OG0008076	225.0	0.0	1	1	1.0	1.0	3.0	3.0	20	20	20	20
OG0008077	168.0	0.0	1	1	1.0	1.0	2.89	2.89	18	18	18	18
OG0008078	969.0	0.0	1	1	1.0	1.0	2.89	2.89	18	18	18	18
OG0008079	165.0	0.0	1	1	1.0	1.0	2.94	2.94	19	19	19	19
OG0008080	1092.0	0.0	1	1	1.0	1.0	3.0	3.0	20	20	20	20
OG0008081	1035.0	0.0	1	1	1.0	1.0	3.0	3.0	20	20	20	20
OG0008082	597.0	0.0	1	1	1.0	1.0	2.89	2.89	18	18	18	18
OG0008083	147.0	0.0	1	1	1.0	1.0	2.83	2.83	17	17	17	17
OG0008084	126.0	0.0	1	1	1.0	1.0	2.64	2.64	14	14	14	14
OG0008085	120.0	0.0	1	1	1.0	1.0	2.64	2.64	14	14	14	14
OG0008086	231.0	1.0	1	1	1.0	NA	3.09	NA	22	0	22	22
OG0008087	168.0	1.0	1	1	1.0	NA	2.64	NA	14	0	14	14
OG0008088	606.0	1.0	1	1	1.0	NA	2.64	NA	14	0	14	14
OG0008089	192.0	1.0	1	1	1.0	NA	2.89	NA	18	0	18	18
OG0008090	189.0	1.0	1	1	1.0	NA	2.94	NA	19	0	19	19
OG0008091	162.0	1.0	1	1	1.0	NA	2.83	NA	17	0	17	17
OG0008092	189.0	1.0	1	1	1.0	NA	2.77	NA	16	0	16	16
OG0008093	189.0	1.0	1	1	1.0	NA	2.3	NA	10	0	10	10
OG0008094	165.0	0.0	1	1	1.0	1.0	3.0	3.0	20	20	20	20
OG0008095	486.0	0.0	1	1	1.0	1.0	3.64	3.64	38	38	38	38
OG0008096	435.0	0.0	1	1	1.0	1.0	3.71	3.71	41	41	41	41
OG0008097	396.0	0.0	1	1	1.0	1.0	3.71	3.71	41	41	41	41
OG0008098	582.0	0.0	1	1	1.0	1.0	2.83	2.83	17	17	17	17
OG0008099	699.0	0.0	1	1	1.0	1.0	2.94	2.94	19	19	19	19
OG0008100	105.0	0.0	1	1	1.0	1.0	2.83	2.83	17	17	17	17
OG0008101	774.0	0.0	1	1	1.0	1.0	3.04	3.04	21	21	21	21
OG0008102	762.0	0.0	1	1	1.0	1.0	3.04	3.04	21	21	21	21
OG0008103	270.0	1.0	1	1	1.0	NA	1.79	NA	6	0	6	6
OG0008104	132.0	0.0	1	1	1.0	1.0	3.0	3.0	20	20	20	20
OG0008105	192.0	0.0	1	1	1.0	1.0	2.71	2.71	15	15	15	15
OG0008106	339.0	1.0	1	1	1.0	NA	2.56	NA	13	0	13	13
OG0008107	621.0	0.0	1	1	1.0	1.0	3.04	3.04	21	21	21	21
OG0008108	138.0	1.0	1	1	1.0	NA	2.77	NA	16	0	16	16
OG0008109	165.0	1.0	1	1	1.0	NA	2.08	NA	8	0	8	8
OG0008110	270.0	1.0	1	1	1.0	NA	2.4	NA	11	0	11	11
OG0008111	126.0	0.0	1	1	1.0	1.0	2.94	2.94	19	19	19	19
OG0008112	132.0	0.0	1	1	1.0	1.0	3.04	3.04	21	21	21	21
OG0008113	165.0	0.0	1	1	1.0	1.0	3.22	3.22	25	25	25	25
OG0008114	105.0	1.0	1	1	1.0	NA	3.0	NA	20	0	20	20
OG0008115	216.0	0.0	1	1	1.0	1.0	3.14	3.14	23	23	23	23
OG0008116	108.0	0.0	1	1	1.0	1.0	3.09	3.09	22	22	22	22
OG0008117	312.0	1.0	1	1	1.0	NA	2.48	NA	12	0	12	12
OG0008118	294.0	0.0	1	1	1.0	1.0	3.18	3.18	24	24	24	24
OG0008119	102.0	0.0	1	1	1.0	1.0	3.04	3.04	21	21	21	21
OG0008120	120.0	0.0	1	1	1.0	1.0	3.3	3.3	27	27	27	27
OG0008121	429.0	0.0	1	1	1.0	1.0	3.71	3.71	41	41	41	41
OG0008122	471.0	0.0	1	1	1.0	1.0	3.74	3.74	42	42	42	42
OG0008123	1083.0	0.0	1	1	1.0	1.0	3.18	3.18	24	24	24	24
OG0008124	798.0	0.0	1	1	1.0	1.0	3.26	3.26	26	26	26	26
OG0008125	471.0	0.0	1	1	1.0	1.0	3.26	3.26	26	26	26	26
OG0008126	126.0	0.0	1	1	1.0	1.0	2.89	2.89	18	18	18	18
OG0008127	159.0	0.0	1	1	1.0	1.0	3.33	3.33	28	28	28	28
OG0008128	186.0	0.0	1	1	1.0	1.0	3.26	3.26	26	26	26	26
OG0008129	186.0	0.0	1	1	1.0	1.0	3.04	3.04	21	21	21	21
OG0008130	144.0	0.0	1	1	1.0	1.0	2.71	2.71	15	15	15	15
OG0008131	330.0	0.0	1	1	1.0	1.0	3.04	3.04	21	21	21	21
OG0008132	156.0	0.0	1	1	1.0	1.0	3.18	3.18	24	24	24	24
OG0008133	861.0	0.0	1	1	1.0	1.0	3.04	3.04	21	21	21	21
OG0008134	150.0	0.0	1	1	1.0	1.0	3.0	3.0	20	20	20	20
OG0008135	171.0	0.0	1	1	1.0	1.0	2.71	2.71	15	15	15	15
OG0008136	108.0	0.0	1	1	1.0	1.0	3.0	3.0	20	20	20	20
OG0008137	198.0	0.0	1	1	1.0	1.0	2.94	2.94	19	19	19	19
OG0008138	216.0	0.0	1	1	1.0	1.0	2.83	2.83	17	17	17	17
OG0008139	177.0	0.0	1	1	1.0	1.0	2.94	2.94	19	19	19	19
OG0008140	165.0	0.0	1	1	1.0	1.0	2.89	2.89	18	18	18	18
OG0008141	165.0	1.0	1	1	1.0	NA	1.61	NA	5	0	5	5
OG0008142	162.0	0.0	1	1	1.0	1.0	3.09	3.09	22	22	22	22
OG0008143	102.0	0.0	1	1	1.0	1.0	3.0	3.0	20	20	20	20
OG0008144	810.0	0.0	1	1	1.0	1.0	2.64	2.64	14	14	14	14
OG0008145	852.0	0.0	1	1	1.0	1.0	2.71	2.71	15	15	15	15
OG0008146	441.0	0.0	1	1	1.0	1.0	2.77	2.77	16	16	16	16
OG0008147	525.0	0.0	1	1	1.0	1.0	2.77	2.77	16	16	16	16
OG0008148	3888.0	0.0	1	1	1.0	1.0	2.94	2.94	19	19	19	19
OG0008149	351.0	0.0	1	1	1.0	1.0	2.83	2.83	17	17	17	17
OG0008150	264.0	0.0	1	1	1.0	1.0	2.64	2.64	14	14	14	14
OG0008151	156.0	0.0	1	1	1.0	1.0	2.94	2.94	19	19	19	19
OG0008152	1680.0	0.0	1	1	1.0	1.0	2.89	2.89	18	18	18	18
OG0008153	192.0	0.0	1	1	1.0	1.0	3.09	3.09	22	22	22	22
OG0008154	144.0	0.0	1	1	1.0	1.0	3.33	3.33	28	28	28	28
OG0008155	585.0	0.0	1	1	1.0	1.0	3.5	3.5	33	33	33	33
OG0008156	498.0	0.0	1	1	1.0	1.0	2.3	2.3	10	10	10	10
OG0008157	288.0	0.0	1	1	1.0	1.0	2.4	2.4	11	11	11	11
OG0008158	456.0	0.0	1	1	1.0	1.0	2.4	2.4	11	11	11	11
OG0008159	651.0	0.0	1	1	1.0	1.0	2.2	2.2	9	9	9	9
OG0008160	132.0	0.0	1	1	1.0	1.0	2.2	2.2	9	9	9	9
OG0008161	831.0	0.0	1	1	1.0	1.0	2.2	2.2	9	9	9	9
OG0008162	228.0	0.0	1	1	1.0	1.0	2.3	2.3	10	10	10	10
OG0008163	951.0	0.0	1	1	1.0	1.0	2.4	2.4	11	11	11	11
OG0008164	294.0	0.0	1	1	1.0	1.0	2.48	2.48	12	12	12	12
OG0008165	603.0	0.0	1	1	1.0	1.0	2.56	2.56	13	13	13	13
OG0008166	351.0	0.0	1	1	1.0	1.0	2.64	2.64	14	14	14	14
OG0008167	444.0	0.0	1	1	1.0	1.0	2.64	2.64	14	14	14	14
OG0008168	363.0	0.0	1	1	1.0	1.0	2.56	2.56	13	13	13	13
OG0008169	621.0	0.0	1	1	1.0	1.0	2.64	2.64	14	14	14	14
OG0008170	126.0	0.0	1	1	1.0	1.0	2.56	2.56	13	13	13	13
OG0008171	972.0	0.0	1	1	1.0	1.0	2.64	2.64	14	14	14	14
OG0008172	357.0	0.0	1	1	1.0	1.0	2.77	2.77	16	16	16	16
OG0008173	933.0	0.0	1	1	1.0	1.0	2.83	2.83	17	17	17	17
OG0008174	513.0	0.0	1	1	1.0	1.0	2.77	2.77	16	16	16	16
OG0008175	1341.0	0.0	1	1	1.0	1.0	2.77	2.77	16	16	16	16
OG0008176	687.0	0.0	1	1	1.0	1.0	2.71	2.71	15	15	15	15
OG0008177	765.0	0.0	1	1	1.0	1.0	2.77	2.77	16	16	16	16
OG0008178	381.0	0.0	1	1	1.0	1.0	2.77	2.77	16	16	16	16
OG0008179	624.0	0.0	1	1	1.0	1.0	2.77	2.77	16	16	16	16
OG0008180	1002.0	0.0	1	1	1.0	1.0	2.83	2.83	17	17	17	17
OG0008181	612.0	0.0	1	1	1.0	1.0	2.89	2.89	18	18	18	18
OG0008182	666.0	0.0	1	1	1.0	1.0	2.83	2.83	17	17	17	17
OG0008183	819.0	0.0	1	1	1.0	1.0	2.89	2.89	18	18	18	18
OG0008184	141.0	0.0	1	1	1.0	1.0	2.83	2.83	17	17	17	17
OG0008185	105.0	0.0	1	1	1.0	1.0	2.77	2.77	16	16	16	16
OG0008186	198.0	0.0	1	1	1.0	1.0	3.0	3.0	20	20	20	20
OG0008187	150.0	0.0	1	1	1.0	1.0	2.89	2.89	18	18	18	18
OG0008188	222.0	0.0	1	1	1.0	1.0	2.89	2.89	18	18	18	18
OG0008189	117.0	0.0	1	1	1.0	1.0	2.94	2.94	19	19	19	19
OG0008190	192.0	0.0	1	1	1.0	1.0	2.83	2.83	17	17	17	17
OG0008191	129.0	0.0	1	1	1.0	1.0	3.04	3.04	21	21	21	21
OG0008192	744.0	0.0	1	1	1.0	1.0	3.14	3.14	23	23	23	23
OG0008193	195.0	0.0	1	1	1.0	1.0	2.94	2.94	19	19	19	19
OG0008194	156.0	0.0	1	1	1.0	1.0	2.83	2.83	17	17	17	17
OG0008195	564.0	0.0	1	1	1.0	1.0	2.94	2.94	19	19	19	19
OG0008196	807.0	0.0	1	1	1.0	1.0	2.94	2.94	19	19	19	19
OG0008197	321.0	0.0	1	1	1.0	1.0	3.22	3.22	25	25	25	25
OG0008198	447.0	0.0	1	1	1.0	1.0	3.22	3.22	25	25	25	25
OG0008199	252.0	0.0	1	1	1.0	1.0	3.04	3.04	21	21	21	21
OG0008200	99.0	0.0	1	1	1.0	1.0	3.09	3.09	22	22	22	22
OG0008201	126.0	0.0	1	1	1.0	1.0	2.94	2.94	19	19	19	19
OG0008202	417.0	0.0	1	1	1.0	1.0	3.0	3.0	20	20	20	20
OG0008203	219.0	0.0	1	1	1.0	1.0	3.14	3.14	23	23	23	23
OG0008204	165.0	0.0	1	1	1.0	1.0	3.33	3.33	28	28	28	28
OG0008205	228.0	0.0	1	1	1.0	1.0	3.43	3.43	31	31	31	31
OG0008206	552.0	0.0	1	1	1.0	1.0	3.14	3.14	23	23	23	23
OG0008207	636.0	0.0	1	1	1.0	1.0	3.09	3.09	22	22	22	22
OG0008208	297.0	0.0	1	1	1.0	1.0	3.69	3.69	40	40	40	40
OG0008209	582.0	0.0	1	1	1.0	1.0	3.71	3.71	41	41	41	41
OG0008210	132.0	0.0	1	1	1.0	1.0	2.94	2.94	19	19	19	19
OG0008211	90.0	0.0	1	1	1.0	1.0	2.89	2.89	18	18	18	18
OG0008212	411.0	0.0	1	1	1.0	1.0	2.4	2.4	11	11	11	11
OG0008213	705.0	0.0	1	1	1.0	1.0	3.04	3.04	21	21	21	21
OG0008214	195.0	0.0	1	1	1.0	1.0	2.89	2.89	18	18	18	18
OG0008215	624.0	0.0	1	1	1.0	1.0	2.64	2.64	14	14	14	14
OG0008216	216.0	0.0	1	1	1.0	1.0	3.04	3.04	21	21	21	21
OG0008217	120.0	0.0	1	1	1.0	1.0	3.0	3.0	20	20	20	20
OG0008218	747.0	0.0	1	1	1.0	1.0	3.09	3.09	22	22	22	22
OG0008219	669.0	0.0	1	1	1.0	1.0	2.89	2.89	18	18	18	18
OG0008220	492.0	0.0	1	1	1.0	1.0	2.94	2.94	19	19	19	19
OG0008221	708.0	0.0	1	1	1.0	1.0	3.0	3.0	20	20	20	20
OG0008222	90.0	0.0	1	1	1.0	1.0	3.04	3.04	21	21	21	21
OG0008223	99.0	0.0	1	1	1.0	1.0	3.0	3.0	20	20	20	20
OG0008224	786.0	1.0	1	1	1.0	NA	2.71	NA	15	0	15	15
OG0008225	411.0	0.0	1	1	1.0	1.0	3.09	3.09	22	22	22	22
OG0008226	579.0	0.0	1	1	1.0	1.0	2.94	2.94	19	19	19	19
OG0008227	129.0	0.0	1	1	1.0	1.0	2.94	2.94	19	19	19	19
OG0008228	117.0	0.0	1	1	1.0	1.0	3.0	3.0	20	20	20	20
OG0008229	180.0	0.0	1	1	1.0	1.0	3.04	3.04	21	21	21	21
OG0008230	111.0	1.0	1	1	1.0	NA	2.2	NA	9	0	9	9
OG0008231	123.0	0.0	1	1	1.0	1.0	3.66	3.66	39	39	39	39
OG0008232	2097.0	0.0	1	1	1.0	1.0	2.77	2.77	16	16	16	16
OG0008233	186.0	0.0	1	1	1.0	1.0	2.89	2.89	18	18	18	18
OG0008234	144.0	0.0	1	1	1.0	1.0	2.94	2.94	19	19	19	19
OG0008235	90.0	0.0	1	1	1.0	1.0	2.77	2.77	16	16	16	16
OG0008236	186.0	0.0	1	1	1.0	1.0	3.09	3.09	22	22	22	22
OG0008237	129.0	0.0	1	1	1.0	1.0	3.69	3.69	40	40	40	40
OG0008238	318.0	0.0	1	1	1.0	1.0	3.3	3.3	27	27	27	27
OG0008239	135.0	0.0	1	1	1.0	1.0	2.77	2.77	16	16	16	16
OG0008240	132.0	0.0	1	1	1.0	1.0	3.0	3.0	20	20	20	20
OG0008241	537.0	0.0	1	1	1.0	1.0	3.18	3.18	24	24	24	24
OG0008242	105.0	0.0	1	1	1.0	1.0	2.94	2.94	19	19	19	19
OG0008243	165.0	0.0	1	1	1.0	1.0	2.89	2.89	18	18	18	18
OG0008244	135.0	0.0	1	1	1.0	1.0	2.83	2.83	17	17	17	17
OG0008245	138.0	0.0	1	1	1.0	1.0	2.48	2.48	12	12	12	12
OG0008246	141.0	0.0	1	1	1.0	1.0	3.14	3.14	23	23	23	23
OG0008247	540.0	0.0	1	1	1.0	1.0	3.22	3.22	25	25	25	25
OG0008248	153.0	0.0	1	1	1.0	1.0	3.74	3.74	42	42	42	42
OG0008249	96.0	0.0	1	1	1.0	1.0	3.71	3.71	41	41	41	41
OG0008250	150.0	0.0	1	1	1.0	1.0	3.74	3.74	42	42	42	42
OG0008251	144.0	0.0	1	1	1.0	1.0	3.76	3.76	43	43	43	43
OG0008252	219.0	0.0	1	1	1.0	1.0	3.5	3.5	33	33	33	33
OG0008253	192.0	0.0	1	1	1.0	1.0	3.14	3.14	23	23	23	23
OG0008254	207.0	0.0	1	1	1.0	1.0	2.89	2.89	18	18	18	18
